Waktu Update,Ticker,Kategori,Valuasi,PER (x),PBV (x),Harga (Rp),Harga MA20,Support,Resistance,Change (%),Volume,Vol Breakout,RSI (14D),Momentum,MA Signal,MA Cross,MACD,"Trend MA (5,20,50)",Status Bandar,OBV Trend,Status Gap,Tekanan Bandar,Status BB,Risiko,Pola Candle,Posisi Entry,Likuiditas,Posisi VWAP,Kekuatan A/D,Kelas Transaksi,RVOL (Anomali Vol),Fase Siklus Bandar,Karakter Gorengan,Sinyal Cuci Barang,Streak Harian,Auto Trading Plan,Status Open,Risk/Reward Ratio,Total Score,Rekomendasi,Status Akuisisi,Terakhir Update
15:55,BUMI,Big Cap (Lapis 1),Overvalued (Mahal),38.709675,41999.996,169.0,157,136,196,2.4242424242424243,2614163600,Normal,57,Positif,Uptrend,Bullish,Strong Bullish,Perfect Uptrend (5>20>50),Normal,Akumulasi (Naik),Gap Up (+2.4%),Seimbang / Adu Mekanik,Normal,Tinggi,Doji (Ragu-ragu),Rawan Pucuk (High Risk),> 1 Miliar,Di Atas VWAP (Kuat),Distribusi Pro (Guyuran),Sultan (> 50M/hari),Normal (50-150%),Mark-Up (Fase Pesta),Spesialis Tiang Jemuran (Banting Pucuk),Normal,Naik 3 Hari Beruntun,TP: 183 | CL: 159,Normal,Tidak Ideal (< 1:1),7,BELI,TIDAK ADA,2026-08-03 15:55:01
15:55,BNBR,Big Cap (Lapis 1),Overvalued (Mahal),44.34389,4.393437,98.0,95,80,122,0.0,952873100,Normal,50,Negatif,Uptrend,Bullish,Strong Bullish,Awal Reversal (5>20),Normal,Distribusi (Turun),Normal,Dominan Jual (Guyur),Normal,Tinggi,Normal,Rawan Pucuk (High Risk),> 1 Miliar,Di Atas VWAP (Kuat),Distribusi Pro (Guyuran),Sultan (> 50M/hari),Sepi (< 50%),Accumulation (Kumpul Barang),Normal,Normal,Sideways / Stagnan,TP: 112 | CL: 88,Normal,Menengah (1:1),3,WAIT & SEE,TIDAK ADA,2026-08-03 15:55:01
15:55,BRMS,Big Cap (Lapis 1),Overvalued (Mahal),82.58929,61666.668,555.0,554,472,650,-0.8928571428571428,297123100,Normal,48,Negatif,Uptrend,Death Cross,Strong Bullish,Strong Downtrend (5<20<50),Normal,Distribusi (Turun),Normal,Seimbang / Adu Mekanik,Normal,Tinggi,Doji (Ragu-ragu),Rawan Pucuk (High Risk),> 1 Miliar,Persis di VWAP,Distribusi Pro (Guyuran),Sultan (> 50M/hari),Normal (50-150%),Accumulation (Kumpul Barang),Spesialis Tiang Jemuran (Banting Pucuk),Normal,Turun 1 Hari Beruntun,TP: 605 | CL: 521,Normal,Menengah (1:1),2,WAIT & SEE,TIDAK ADA,2026-08-03 15:55:01
15:55,DEWA,Big Cap (Lapis 1),Fair Value (Wajar),4.162201,2.4069998,466.0,398,296,486,1.3043478260869565,662939000,Normal,69,Positif,Uptrend,Bullish,Strong Bullish,Perfect Uptrend (5>20>50),Normal,Akumulasi (Naik),Gap Up (+3.5%),Dominan Jual (Guyur),Normal,Tinggi,Normal,Rawan Pucuk (High Risk),> 1 Miliar,Di Atas VWAP (Kuat),Distribusi Pro (Guyuran),Sultan (> 50M/hari),Normal (50-150%),Mark-Up (Fase Pesta),Spesialis Tiang Jemuran (Banting Pucuk),Normal,Naik 3 Hari Beruntun,TP: 507 | CL: 438,Normal,Tidak Ideal (< 1:1),7,BELI,TIDAK ADA,2026-08-03 15:55:01
15:55,PADI,Small Cap (Lapis 3),Overvalued (Mahal),0.0,5.615724,70.0,73,60,87,1.4492753623188406,165492000,Normal,46,Positif,Downtrend,Bearish,Strong Bearish,Strong Downtrend (5<20<50),Normal,Distribusi (Turun),Normal,Seimbang / Adu Mekanik,Normal,Tinggi,Normal,Rawan Pucuk (High Risk),> 1 Miliar,Di Bawah VWAP (Lemah),Distribusi Pro (Guyuran),Ritel Aktif (5M - 50M),Sepi (< 50%),Mark-Down (Fase Runtuh),Normal,Normal,Naik 1 Hari Beruntun,TP: 80 | CL: 62,Normal,Ideal (1:2),1,WAIT & SEE,TIDAK ADA,2026-08-03 15:55:01
15:55,TPIA,Big Cap (Lapis 1),Overvalued (Mahal),145.81894,46888.887,2100.0,2026,1770,2370,-2.7777777777777777,223663900,Normal,51,Negatif,Uptrend,Bullish,Strong Bullish,Perfect Uptrend (5>20>50),Normal,Akumulasi (Naik),Normal,Dominan Jual (Guyur),Normal,Tinggi,Normal,Rawan Pucuk (High Risk),> 1 Miliar,Di Bawah VWAP (Lemah),Distribusi Pro (Guyuran),Sultan (> 50M/hari),Sepi (< 50%),Mark-Up (Fase Pesta),Spesialis Tiang Jemuran (Banting Pucuk),Normal,Turun 1 Hari Beruntun,TP: 2298 | CL: 1967,Normal,Tidak Ideal (< 1:1),5,WAIT & SEE,TIDAK ADA,2026-08-03 15:55:01
15:55,BIPI,Mid Cap (Lapis 2),Overvalued (Mahal),0.0,20428.57,143.0,141,115,175,0.7042253521126761,737872700,Normal,49,Positif,Uptrend,Death Cross,Bullish MACD,Strong Downtrend (5<20<50),Normal,Akumulasi (Naik),Gap Up (+2.1%),Dominan Jual (Guyur),Normal,Tinggi,Normal,Rawan Pucuk (High Risk),> 1 Miliar,Di Atas VWAP (Kuat),Distribusi Pro (Guyuran),Sultan (> 50M/hari),Normal (50-150%),Accumulation (Kumpul Barang),Spesialis Tiang Jemuran (Banting Pucuk),Normal,Naik 3 Hari Beruntun,TP: 159 | CL: 131,Normal,Menengah (1:1),5,WAIT & SEE,TIDAK ADA,2026-08-03 15:55:01
15:55,DSSA,Big Cap (Lapis 1),Overvalued (Mahal),33.359653,70416.664,840.0,832,760,985,-1.1764705882352942,192584600,Normal,51,Negatif,Uptrend,Bullish,Bearish MACD,Perfect Uptrend (5>20>50),Normal,Distribusi (Turun),Normal,Dominan Jual (Guyur),Normal,Tinggi,Normal,Rawan Pucuk (High Risk),> 1 Miliar,Persis di VWAP,Distribusi Pro (Guyuran),Sultan (> 50M/hari),Sepi (< 50%),Mark-Up (Fase Pesta),Spesialis Tiang Jemuran (Banting Pucuk),Normal,Turun 1 Hari Beruntun,TP: 916 | CL: 789,Normal,Ideal (1:2),3,WAIT & SEE,TIDAK ADA,2026-08-03 15:55:01
15:55,CUAN,Big Cap (Lapis 1),Overvalued (Mahal),30.673431,221666.67,670.0,660,590,825,0.7518796992481203,142251900,Normal,50,Positif,Uptrend,Bullish,Strong Bullish,Perfect Uptrend (5>20>50),Normal,Distribusi (Turun),Gap Up (+2.3%),Dominan Jual (Guyur),Normal,Tinggi,Normal,Rawan Pucuk (High Risk),> 1 Miliar,Persis di VWAP,Distribusi Pro (Guyuran),Sultan (> 50M/hari),Sepi (< 50%),Mark-Up (Fase Pesta),Spesialis Tiang Jemuran (Banting Pucuk),Normal,Naik 2 Hari Beruntun,TP: 737 | CL: 625,Normal,Ideal (1:2),5,WAIT & SEE,TIDAK ADA,2026-08-03 15:55:01
15:55,BRPT,Big Cap (Lapis 1),Overvalued (Mahal),16.782831,70384.62,1830.0,1728,1495,1925,-0.8130081300813009,90378900,Normal,58,Negatif,Uptrend,Bullish,Strong Bullish,Perfect Uptrend (5>20>50),Normal,Akumulasi (Naik),Gap Up (+2.4%),Dominan Jual (Guyur),Normal,Tinggi,Normal,Rawan Pucuk (High Risk),> 1 Miliar,Di Atas VWAP (Kuat),Akumulasi Pro (Smart Money),Sultan (> 50M/hari),Sepi (< 50%),Mark-Up (Fase Pesta),Spesialis Tiang Jemuran (Banting Pucuk),Normal,Turun 1 Hari Beruntun,TP: 1954 | CL: 1746,Open = High (Tekanan Jual),Tidak Ideal (< 1:1),6,WAIT & SEE,TIDAK ADA,2026-08-03 15:55:01
15:55,BBRI,Big Cap (Lapis 1),Undervalued (Murah),7.735403,1.340112,3010.0,2922,2730,3080,-0.9868421052631579,84542100,Normal,57,Negatif,Uptrend,Bullish,Strong Bullish,Perfect Uptrend (5>20>50),Normal,Akumulasi (Naik),Normal,Seimbang / Adu Mekanik,Normal,Sedang,Normal,Rawan Pucuk (High Risk),> 1 Miliar,Di Atas VWAP (Kuat),Akumulasi Pro (Smart Money),Sultan (> 50M/hari),Sepi (< 50%),Mark-Up (Fase Pesta),Normal,Normal,Turun 1 Hari Beruntun,TP: 3120 | CL: 2936,Open = High (Tekanan Jual),Tidak Ideal (< 1:1),5,WAIT & SEE,TIDAK ADA,2026-08-03 15:55:01
15:55,BUVA,Big Cap (Lapis 1),Overvalued (Mahal),1094.9366,9.881875,865.0,874,770,1015,-1.7045454545454544,202971000,Normal,51,Negatif,Downtrend,Bearish,Bearish MACD,Konsolidasi / Transisi,Normal,Distribusi (Turun),Normal,Seimbang / Adu Mekanik,Normal,Tinggi,Normal,Rawan Pucuk (High Risk),> 1 Miliar,Di Atas VWAP (Kuat),Distribusi Pro (Guyuran),Sultan (> 50M/hari),Normal (50-150%),Distribution (Fase Jualan),Normal,Normal,Turun 1 Hari Beruntun,TP: 965 | CL: 797,Normal,Ideal (1:2),1,WAIT & SEE,TIDAK ADA,2026-08-03 15:55:01
15:55,BULL,Mid Cap (Lapis 2),Overvalued (Mahal),11.995578,31000.0,436.0,381,300,478,-3.9647577092511015,597493700,Tembus MA20,61,Negatif,Uptrend,Bullish,Strong Bullish,Perfect Uptrend (5>20>50),Normal,Distribusi (Turun),Normal,Seimbang / Adu Mekanik,Normal,Tinggi,Normal,Rawan Pucuk (High Risk),> 1 Miliar,Persis di VWAP,Distribusi Pro (Guyuran),Sultan (> 50M/hari),Normal (50-150%),Mark-Up (Fase Pesta),Spesialis Tiang Jemuran (Banting Pucuk),Normal,Turun 1 Hari Beruntun,TP: 480 | CL: 406,Open = High (Tekanan Jual),Tidak Ideal (< 1:1),5,WAIT & SEE,TIDAK ADA,2026-08-03 15:55:01
15:55,COCO,Mid Cap (Lapis 2),Overvalued (Mahal),14.295532,9.005109,104.0,133,102,216,-6.306306306306306,582260300,Normal,37,Negatif,Downtrend,Bearish,Strong Bearish,Strong Downtrend (5<20<50),Normal,Akumulasi (Naik),Normal,Dominan Jual (Guyur),Normal,Tinggi,Normal,Dekat Support (Low Risk),> 1 Miliar,Di Bawah VWAP (Lemah),Distribusi Pro (Guyuran),Sultan (> 50M/hari),Normal (50-150%),Mark-Down (Fase Runtuh),Spesialis Tiang Jemuran (Banting Pucuk),Normal,Turun 1 Hari Beruntun,TP: 123 | CL: 91,Normal,Sangat Menarik (> 1:3),1,WAIT & SEE,TIDAK ADA,2026-08-03 15:55:01
15:55,YELO,Small Cap (Lapis 3),Undervalued (Murah),5.3359203,0.6332712,88.0,77,68,95,3.5294117647058822,75084900,Normal,65,Positif,Uptrend,Bullish,Strong Bullish,Perfect Uptrend (5>20>50),Normal,Akumulasi (Naik),Normal,Seimbang / Adu Mekanik,Breakout Upper,Tinggi,Normal,Rawan Pucuk (High Risk),> 1 Miliar,Di Atas VWAP (Kuat),Akumulasi Pro (Smart Money),Ritel Aktif (5M - 50M),Normal (50-150%),Mark-Up (Fase Pesta),Spesialis Tiang Jemuran (Banting Pucuk),Normal,Naik 1 Hari Beruntun,TP: 97 | CL: 81,Normal,Tidak Ideal (< 1:1),6,WAIT & SEE,TIDAK ADA,2026-08-03 15:55:01
15:55,EPAC,Small Cap (Lapis 3),Fair Value (Wajar),0.0,2.8112812,61.0,66,58,80,-1.6129032258064515,21910700,Normal,42,Negatif,Downtrend,Bearish,Strong Bearish,Konsolidasi / Transisi,Normal,Akumulasi (Naik),Normal,Dominan Jual (Guyur),Normal,Tinggi,Normal,Area Tengah,> 1 Miliar,Persis di VWAP,Distribusi Pro (Guyuran),Gorengan Sepi (< 5M),Sepi (< 50%),Distribution (Fase Jualan),Spesialis Tiang Jemuran (Banting Pucuk),Normal,Turun 1 Hari Beruntun,TP: 67 | CL: 56,Open = High (Tekanan Jual),Sangat Menarik (> 1:3),1,WAIT & SEE,TIDAK ADA,2026-08-03 15:55:01
15:55,MBMA,Big Cap (Lapis 1),Overvalued (Mahal),48.57143,34000.0,510.0,508,474,560,0.9900990099009901,56616800,Normal,51,Positif,Uptrend,Bearish,Strong Bearish,Konsolidasi / Transisi,Normal,Akumulasi (Naik),Gap Up (+3.0%),Seimbang / Adu Mekanik,Normal,Sedang,Normal,Area Tengah,> 1 Miliar,Di Atas VWAP (Kuat),Distribusi Pro (Guyuran),Ritel Aktif (5M - 50M),Normal (50-150%),Mark-Up (Fase Pesta),Spesialis Tiang Jemuran (Banting Pucuk),Normal,Naik 3 Hari Beruntun,TP: 540 | CL: 489,Open = High (Tekanan Jual),Menengah (1:1),5,WAIT & SEE,TIDAK ADA,2026-08-03 15:55:01
15:55,BBRM,Small Cap (Lapis 3),Overvalued (Mahal),8.750935,23400.0,118.0,115,107,127,0.8547008547008548,4929800,Normal,54,Positif,Uptrend,Bearish,Strong Bullish,Konsolidasi / Transisi,Normal,Akumulasi (Naik),Normal,Seimbang / Adu Mekanik,Normal,Sedang,Doji (Ragu-ragu),Rawan Pucuk (High Risk),< 1 Miliar,Di Atas VWAP (Kuat),Distribusi Pro (Guyuran),Gorengan Sepi (< 5M),Normal (50-150%),Mark-Up (Fase Pesta),Spesialis Tiang Jemuran (Banting Pucuk),Jarum Bawah (Sinyal Pantulan Kuat),Naik 3 Hari Beruntun,TP: 128 | CL: 111,Normal,Tidak Ideal (< 1:1),5,WAIT & SEE,TIDAK ADA,2026-08-03 15:55:01
15:55,BMRI,Big Cap (Lapis 1),Undervalued (Murah),6.262454,1.3708446,4170.0,4214,3950,4520,-0.47732696897374705,59825300,Normal,49,Negatif,Downtrend,Bearish,Bearish MACD,Konsolidasi / Transisi,Normal,Distribusi (Turun),Normal,Seimbang / Adu Mekanik,Normal,Sedang,Normal,Area Tengah,> 1 Miliar,Persis di VWAP,Distribusi Pro (Guyuran),Sultan (> 50M/hari),Sepi (< 50%),Distribution (Fase Jualan),Solid (Jarang Dibanting),Normal,Turun 1 Hari Beruntun,TP: 4340 | CL: 4056,Open = High (Tekanan Jual),Ideal (1:2),0,WAIT & SEE,TIDAK ADA,2026-08-03 15:55:01
15:55,LPKR,Mid Cap (Lapis 2),Undervalued (Murah),10.627178,0.14513443,61.0,61,59,67,1.6666666666666667,119444000,Tembus MA20,47,Positif,Downtrend,Bearish,Bullish MACD,Strong Downtrend (5<20<50),Normal,Distribusi (Turun),Normal,Seimbang / Adu Mekanik,Normal,Sedang,Normal,Area Tengah,> 1 Miliar,Persis di VWAP,Distribusi Pro (Guyuran),Ritel Aktif (5M - 50M),Normal (50-150%),Mark-Down (Fase Runtuh),Spesialis Tiang Jemuran (Banting Pucuk),Normal,Naik 1 Hari Beruntun,TP: 65 | CL: 58,Open = Low (Bullish Kuat),Sangat Menarik (> 1:3),3,WAIT & SEE,TIDAK ADA,2026-08-03 15:55:01
15:55,BKSL,Big Cap (Lapis 1),Undervalued (Murah),13.203883,0.74667835,68.0,66,60,75,0.0,70382100,Normal,52,Negatif,Uptrend,Bullish,Strong Bullish,Perfect Uptrend (5>20>50),Normal,Distribusi (Turun),Normal,Dominan Jual (Guyur),Normal,Tinggi,Normal,Rawan Pucuk (High Risk),> 1 Miliar,Di Atas VWAP (Kuat),Distribusi Pro (Guyuran),Ritel Aktif (5M - 50M),Sepi (< 50%),Mark-Up (Fase Pesta),Normal,Normal,Sideways / Stagnan,TP: 73 | CL: 64,Normal,Tidak Ideal (< 1:1),4,WAIT & SEE,TIDAK ADA,2026-08-03 15:55:01
15:55,KIOS,Small Cap (Lapis 3),Overvalued (Mahal),81.739136,0.73359555,94.0,93,85,131,-1.0526315789473684,7388800,Normal,52,Negatif,Uptrend,Bullish,Bearish MACD,Perfect Uptrend (5>20>50),Normal,Akumulasi (Naik),Normal,Dominan Jual (Guyur),Normal,Tinggi,Normal,Rawan Pucuk (High Risk),< 1 Miliar,Persis di VWAP,Distribusi Pro (Guyuran),Gorengan Sepi (< 5M),Sepi (< 50%),Mark-Up (Fase Pesta),Spesialis Tiang Jemuran (Banting Pucuk),Normal,Turun 1 Hari Beruntun,TP: 102 | CL: 88,Normal,Sangat Menarik (> 1:3),4,WAIT & SEE,TIDAK ADA,2026-08-03 15:55:01
15:55,BBCA,Big Cap (Lapis 1),Fair Value (Wajar),13.299,2.9755006,6300.0,6297,6050,6625,-0.3952569169960474,41479600,Normal,53,Negatif,Uptrend,Bullish,Bearish MACD,Perfect Uptrend (5>20>50),Normal,Distribusi (Turun),Normal,Seimbang / Adu Mekanik,Squeeze,Rendah,Doji (Ragu-ragu),Area Tengah,> 1 Miliar,Persis di VWAP,Akumulasi Pro (Smart Money),Sultan (> 50M/hari),Sepi (< 50%),Mark-Up (Fase Pesta),Normal,Normal,Turun 2 Hari Beruntun,TP: 6535 | CL: 6142,Normal,Menengah (1:1),3,WAIT & SEE,TIDAK ADA,2026-08-03 15:55:01
15:55,KOTA,Mid Cap (Lapis 2),Overvalued (Mahal),32.65306,1.3589841,161.0,111,86,185,9.523809523809524,2513001400,Tembus MA20,76,Positif,Uptrend,Bullish,Strong Bullish,Perfect Uptrend (5>20>50),Akumulasi Kuat,Akumulasi (Naik),Normal,Seimbang / Adu Mekanik,Breakout Upper,Tinggi,Normal,Rawan Pucuk (High Risk),> 1 Miliar,Di Atas VWAP (Kuat),Akumulasi Pro (Smart Money),Sultan (> 50M/hari),Anomali Tinggi (150-300%),Mark-Up (Fase Pesta),Spesialis Tiang Jemuran (Banting Pucuk),Normal,Naik 1 Hari Beruntun,TP: 184 | CL: 145,Normal,Tidak Ideal (< 1:1),8,BELI,TIDAK ADA,2026-08-03 15:55:01
15:55,TLKM,Big Cap (Lapis 1),Fair Value (Wajar),15.198251,1.9921638,2700.0,2595,2420,2770,2.6615969581749046,67040100,Normal,58,Positif,Uptrend,Bullish,Strong Bullish,Perfect Uptrend (5>20>50),Normal,Akumulasi (Naik),Normal,Dominan Beli (Hajar Kanan),Normal,Sedang,Marubozu (Strong Bullish),Rawan Pucuk (High Risk),> 1 Miliar,Di Atas VWAP (Kuat),Akumulasi Pro (Smart Money),Sultan (> 50M/hari),Normal (50-150%),Mark-Up (Fase Pesta),Normal,Normal,Naik 1 Hari Beruntun,TP: 2827 | CL: 2615,Open = Low (Bullish Kuat),Tidak Ideal (< 1:1),7,BELI,TIDAK ADA,2026-08-03 15:55:01
15:55,CSMI,Small Cap (Lapis 3),Overvalued (Mahal),0.0,16.964088,77.0,75,70,91,4.054054054054054,37412600,Tembus MA20,52,Positif,Uptrend,Bearish,Bullish MACD,Konsolidasi / Transisi,Normal,Akumulasi (Naik),Normal,Seimbang / Adu Mekanik,Normal,Sedang,Normal,Rawan Pucuk (High Risk),> 1 Miliar,Di Atas VWAP (Kuat),Akumulasi Pro (Smart Money),Gorengan Sepi (< 5M),Anomali Tinggi (150-300%),Mark-Up (Fase Pesta),Spesialis Tiang Jemuran (Banting Pucuk),Normal,Naik 3 Hari Beruntun,TP: 84 | CL: 72,Normal,Ideal (1:2),6,WAIT & SEE,TIDAK ADA,2026-08-03 15:55:01
15:55,MINA,Mid Cap (Lapis 2),Overvalued (Mahal),0.0,10.700657,272.0,277,252,306,0.0,40713300,Normal,47,Negatif,Downtrend,Bearish,Strong Bearish,Strong Downtrend (5<20<50),Normal,Distribusi (Turun),Normal,Seimbang / Adu Mekanik,Normal,Sedang,Doji (Ragu-ragu),Area Tengah,> 1 Miliar,Persis di VWAP,Distribusi Pro (Guyuran),Ritel Aktif (5M - 50M),Sepi (< 50%),Mark-Down (Fase Runtuh),Spesialis Tiang Jemuran (Banting Pucuk),Normal,Sideways / Stagnan,TP: 295 | CL: 256,Normal,Ideal (1:2),0,WAIT & SEE,TIDAK ADA,2026-08-03 15:55:01
15:55,ELTY,Mid Cap (Lapis 2),Overvalued (Mahal),221.42857,0.24308006,31.0,26,21,36,-3.125,34315300,Normal,58,Negatif,Uptrend,Bullish,Strong Bullish,Perfect Uptrend (5>20>50),Normal,Distribusi (Turun),Gap Down (-3.1%),Tidak Ada Transaksi,Normal,Tinggi,Doji (Ragu-ragu),Rawan Pucuk (High Risk),> 1 Miliar,Persis di VWAP,Distribusi Pro (Guyuran),Gorengan Sepi (< 5M),Sepi (< 50%),Mark-Up (Fase Pesta),Solid (Jarang Dibanting),Normal,Turun 1 Hari Beruntun,TP: 33 | CL: 29,Normal,Tidak Ideal (< 1:1),4,WAIT & SEE,TIDAK ADA,2026-08-03 15:55:01
15:55,INET,Mid Cap (Lapis 2),Overvalued (Mahal),100.0,1.4394065,234.0,218,187,254,0.0,182085700,Tembus MA20,58,Negatif,Uptrend,Bullish,Strong Bullish,Perfect Uptrend (5>20>50),Normal,Akumulasi (Naik),Normal,Dominan Jual (Guyur),Normal,Tinggi,Normal,Rawan Pucuk (High Risk),> 1 Miliar,Di Atas VWAP (Kuat),Distribusi Pro (Guyuran),Ritel Aktif (5M - 50M),Normal (50-150%),Mark-Up (Fase Pesta),Spesialis Tiang Jemuran (Banting Pucuk),Normal,Sideways / Stagnan,TP: 257 | CL: 218,Normal,Tidak Ideal (< 1:1),6,WAIT & SEE,TIDAK ADA,2026-08-03 15:55:01
15:55,BUKA,Big Cap (Lapis 1),Undervalued (Murah),6.5395093,0.45354214,119.0,109,93,124,0.847457627118644,67536000,Normal,61,Positif,Uptrend,Bullish,Strong Bullish,Awal Reversal (5>20),Normal,Distribusi (Turun),Normal,Seimbang / Adu Mekanik,Normal,Tinggi,Normal,Rawan Pucuk (High Risk),> 1 Miliar,Persis di VWAP,Distribusi Pro (Guyuran),Ritel Aktif (5M - 50M),Sepi (< 50%),Accumulation (Kumpul Barang),Spesialis Tiang Jemuran (Banting Pucuk),Normal,Naik 3 Hari Beruntun,TP: 128 | CL: 113,Normal,Tidak Ideal (< 1:1),5,WAIT & SEE,TIDAK ADA,2026-08-03 15:55:01
15:55,MAPI,Big Cap (Lapis 1),Fair Value (Wajar),12.754246,2.2561598,1900.0,1529,1360,1940,22.186495176848876,35807400,Normal,81,Positif,Uptrend,Golden Cross,Strong Bullish,Perfect Uptrend (5>20>50),Normal,Akumulasi (Naik),Normal,Dominan Beli (Hajar Kanan),Breakout Upper,Tinggi,Marubozu (Strong Bullish),Rawan Pucuk (High Risk),> 1 Miliar,Di Atas VWAP (Kuat),Akumulasi Pro (Smart Money),Ritel Aktif (5M - 50M),Ledakan Ekstrem (> 300%),Mark-Up (Fase Pesta),Solid (Jarang Dibanting),Normal,Naik 1 Hari Beruntun,TP: 2024 | CL: 1816,Normal,Tidak Ideal (< 1:1),7,BELI,TIDAK ADA,2026-08-03 15:55:01
15:55,ENRG,Big Cap (Lapis 1),Overvalued (Mahal),23.21755,36285.715,1270.0,1336,1105,1610,-1.550387596899225,55446200,Normal,46,Negatif,Downtrend,Bearish,Bearish MACD,Konsolidasi / Transisi,Normal,Distribusi (Turun),Normal,Seimbang / Adu Mekanik,Normal,Tinggi,Normal,Rawan Pucuk (High Risk),> 1 Miliar,Di Bawah VWAP (Lemah),Distribusi Pro (Guyuran),Sultan (> 50M/hari),Sepi (< 50%),Distribution (Fase Jualan),Spesialis Tiang Jemuran (Banting Pucuk),Jarum Bawah (Sinyal Pantulan Kuat),Turun 1 Hari Beruntun,TP: 1405 | CL: 1179,Normal,Ideal (1:2),0,WAIT & SEE,TIDAK ADA,2026-08-03 15:55:01
15:55,TOOL,Small Cap (Lapis 3),Fair Value (Wajar),0.0,0.73609346,65.0,66,61,77,0.0,8318800,Normal,48,Negatif,Downtrend,Bearish,Bearish MACD,Konsolidasi / Transisi,Normal,Distribusi (Turun),Normal,Dominan Beli (Hajar Kanan),Normal,Sedang,Doji (Ragu-ragu),Area Tengah,< 1 Miliar,Persis di VWAP,Distribusi Pro (Guyuran),Gorengan Sepi (< 5M),Sepi (< 50%),Distribution (Fase Jualan),Normal,Jarum Bawah (Sinyal Pantulan Kuat),Sideways / Stagnan,TP: 69 | CL: 61,Normal,Sangat Menarik (> 1:3),1,WAIT & SEE,TIDAK ADA,2026-08-03 15:55:01
15:55,RGAS,Small Cap (Lapis 3),Overvalued (Mahal),0.0,3.3505478,242.0,216,160,256,0.0,0,Normal,74,Negatif,Uptrend,Bullish,Strong Bullish,Perfect Uptrend (5>20>50),Normal,Akumulasi (Naik),Normal,Tidak Ada Transaksi,Breakout Upper,Tinggi,Doji (Ragu-ragu),Rawan Pucuk (High Risk),< 1 Miliar,Di Atas VWAP (Kuat),Akumulasi Pro (Smart Money),Gorengan Sepi (< 5M),Sepi (< 50%),Mark-Up (Fase Pesta),Spesialis Tiang Jemuran (Banting Pucuk),Normal,Sideways / Stagnan,TP: 257 | CL: 231,Normal,Tidak Ideal (< 1:1),5,WAIT & SEE,TIDAK ADA,2026-08-03 15:55:01
15:55,PSAB,Big Cap (Lapis 1),Overvalued (Mahal),2.1413276,18695.652,430.0,421,396,444,-0.9216589861751152,47937500,Normal,55,Negatif,Uptrend,Bullish,Strong Bullish,Perfect Uptrend (5>20>50),Normal,Distribusi (Turun),Normal,Dominan Jual (Guyur),Normal,Sedang,Normal,Area Tengah,> 1 Miliar,Persis di VWAP,Distribusi Pro (Guyuran),Ritel Aktif (5M - 50M),Normal (50-150%),Mark-Up (Fase Pesta),Spesialis Tiang Jemuran (Banting Pucuk),Normal,Turun 1 Hari Beruntun,TP: 451 | CL: 416,Normal,Tidak Ideal (< 1:1),4,WAIT & SEE,TIDAK ADA,2026-08-03 15:55:01
15:55,ESSA,Big Cap (Lapis 1),Overvalued (Mahal),11.588785,24800.0,620.0,602,535,670,-3.125,33259900,Normal,54,Negatif,Uptrend,Bullish,Strong Bullish,Perfect Uptrend (5>20>50),Normal,Akumulasi (Naik),Normal,Dominan Jual (Guyur),Normal,Tinggi,Normal,Rawan Pucuk (High Risk),> 1 Miliar,Persis di VWAP,Distribusi Pro (Guyuran),Ritel Aktif (5M - 50M),Sepi (< 50%),Mark-Up (Fase Pesta),Normal,Normal,Turun 1 Hari Beruntun,TP: 657 | CL: 595,Open = High (Tekanan Jual),Tidak Ideal (< 1:1),5,WAIT & SEE,TIDAK ADA,2026-08-03 15:55:01
15:55,PEGE,Small Cap (Lapis 3),Fair Value (Wajar),0.0,1.8972707,95.0,97,86,127,-1.0416666666666665,18969700,Normal,44,Negatif,Downtrend,Bearish,Bullish MACD,Strong Downtrend (5<20<50),Normal,Distribusi (Turun),Normal,Seimbang / Adu Mekanik,Normal,Tinggi,Normal,Rawan Pucuk (High Risk),> 1 Miliar,Di Atas VWAP (Kuat),Akumulasi Pro (Smart Money),Gorengan Sepi (< 5M),Normal (50-150%),Mark-Down (Fase Runtuh),Normal,Normal,Turun 1 Hari Beruntun,TP: 103 | CL: 89,Open = High (Tekanan Jual),Sangat Menarik (> 1:3),1,WAIT & SEE,TIDAK ADA,2026-08-03 15:55:01
15:55,DEWI,Small Cap (Lapis 3),Fair Value (Wajar),0.0,1.4507648,120.0,119,116,125,0.8403361344537815,30847500,Normal,51,Positif,Uptrend,Bearish,Strong Bearish,Konsolidasi / Transisi,Normal,Distribusi (Turun),Normal,Dominan Beli (Hajar Kanan),Squeeze,Rendah,Marubozu (Strong Bullish),Area Tengah,> 1 Miliar,Di Atas VWAP (Kuat),Akumulasi Pro (Smart Money),Ritel Aktif (5M - 50M),Normal (50-150%),Mark-Up (Fase Pesta),Normal,Normal,Naik 1 Hari Beruntun,TP: 126 | CL: 116,Open = Low (Bullish Kuat),Menengah (1:1),4,WAIT & SEE,TIDAK ADA,2026-08-03 15:55:01
15:55,HOKI,Small Cap (Lapis 3),Fair Value (Wajar),0.0,0.9797695,54.0,53,51,59,0.0,7157800,Normal,49,Negatif,Uptrend,Bullish,Strong Bullish,Awal Reversal (5>20),Normal,Akumulasi (Naik),Normal,Seimbang / Adu Mekanik,Normal,Sedang,Doji (Ragu-ragu),Area Tengah,< 1 Miliar,Di Bawah VWAP (Lemah),Akumulasi Pro (Smart Money),Gorengan Sepi (< 5M),Sepi (< 50%),Accumulation (Kumpul Barang),Spesialis Tiang Jemuran (Banting Pucuk),Normal,Sideways / Stagnan,TP: 57 | CL: 51,Normal,Ideal (1:2),4,WAIT & SEE,TIDAK ADA,2026-08-03 15:55:01
15:55,IRSX,Mid Cap (Lapis 2),Overvalued (Mahal),83.70044,7.7872043,380.0,297,252,394,5.555555555555555,152085800,Tembus MA20,72,Positif,Uptrend,Bullish,Strong Bullish,Perfect Uptrend (5>20>50),Akumulasi Kuat,Akumulasi (Naik),Normal,Seimbang / Adu Mekanik,Breakout Upper,Tinggi,Normal,Rawan Pucuk (High Risk),> 1 Miliar,Di Atas VWAP (Kuat),Akumulasi Pro (Smart Money),Ritel Aktif (5M - 50M),Anomali Tinggi (150-300%),Mark-Up (Fase Pesta),Spesialis Tiang Jemuran (Banting Pucuk),Normal,Naik 3 Hari Beruntun,TP: 418 | CL: 354,Normal,Tidak Ideal (< 1:1),8,BELI,TIDAK ADA,2026-08-03 15:55:01
15:55,RAJA,Big Cap (Lapis 1),Overvalued (Mahal),35.714287,89000.0,885.0,886,784,980,-0.5617977528089888,46192900,Normal,54,Negatif,Downtrend,Bearish,Bearish MACD,Konsolidasi / Transisi,Normal,Akumulasi (Naik),Gap Up (+2.2%),Dominan Jual (Guyur),Normal,Tinggi,Normal,Rawan Pucuk (High Risk),> 1 Miliar,Persis di VWAP,Distribusi Pro (Guyuran),Sultan (> 50M/hari),Sepi (< 50%),Distribution (Fase Jualan),Spesialis Tiang Jemuran (Banting Pucuk),Normal,Turun 1 Hari Beruntun,TP: 957 | CL: 836,Open = High (Tekanan Jual),Tidak Ideal (< 1:1),3,WAIT & SEE,TIDAK ADA,2026-08-03 15:55:01
15:55,ANTM,Big Cap (Lapis 1),Fair Value (Wajar),8.184882,1.7877545,2890.0,2954,2740,3190,0.3472222222222222,32091700,Normal,48,Positif,Downtrend,Bearish,Bearish MACD,Konsolidasi / Transisi,Normal,Akumulasi (Naik),Normal,Dominan Jual (Guyur),Normal,Sedang,Normal,Area Tengah,> 1 Miliar,Persis di VWAP,Distribusi Pro (Guyuran),Sultan (> 50M/hari),Sepi (< 50%),Distribution (Fase Jualan),Normal,Normal,Naik 3 Hari Beruntun,TP: 3030 | CL: 2796,Open = High (Tekanan Jual),Ideal (1:2),2,WAIT & SEE,TIDAK ADA,2026-08-03 15:55:01
15:55,UVCR,Small Cap (Lapis 3),Overvalued (Mahal),42.898552,2.7440436,148.0,142,124,168,0.6802721088435374,14095700,Normal,48,Positif,Uptrend,Bullish,Bullish MACD,Awal Reversal (5>20),Normal,Distribusi (Turun),Normal,Dominan Beli (Hajar Kanan),Normal,Tinggi,Normal,Rawan Pucuk (High Risk),> 1 Miliar,Di Bawah VWAP (Lemah),Distribusi Pro (Guyuran),Gorengan Sepi (< 5M),Sepi (< 50%),Accumulation (Kumpul Barang),Normal,Jarum Bawah (Sinyal Pantulan Kuat),Naik 1 Hari Beruntun,TP: 161 | CL: 138,Normal,Tidak Ideal (< 1:1),5,WAIT & SEE,TIDAK ADA,2026-08-03 15:55:01
15:55,MDIA,Mid Cap (Lapis 2),Overvalued (Mahal),2525.0,8.627686,202.0,104,65,230,5.7591623036649215,1011670400,Tembus MA20,91,Positif,Uptrend,Bullish,Strong Bullish,Perfect Uptrend (5>20>50),Normal,Akumulasi (Naik),Normal,Dominan Jual (Guyur),Breakout Upper,Tinggi,Normal,Rawan Pucuk (High Risk),> 1 Miliar,Di Atas VWAP (Kuat),Akumulasi Pro (Smart Money),Sultan (> 50M/hari),Normal (50-150%),Mark-Up (Fase Pesta),Spesialis Tiang Jemuran (Banting Pucuk),Normal,Naik 3 Hari Beruntun,TP: 234 | CL: 180,Normal,Tidak Ideal (< 1:1),7,BELI,TIDAK ADA,2026-08-03 15:55:01
15:55,BBNI,Big Cap (Lapis 1),Undervalued (Murah),6.4767075,0.81583095,3530.0,3512,3290,3650,0.0,13519100,Normal,52,Negatif,Uptrend,Death Cross,Strong Bullish,Konsolidasi / Transisi,Normal,Distribusi (Turun),Normal,Seimbang / Adu Mekanik,Squeeze,Rendah,Normal,Area Tengah,> 1 Miliar,Persis di VWAP,Distribusi Pro (Guyuran),Sultan (> 50M/hari),Sepi (< 50%),Mark-Up (Fase Pesta),Normal,Normal,Sideways / Stagnan,TP: 3657 | CL: 3445,Open = High (Tekanan Jual),Tidak Ideal (< 1:1),3,WAIT & SEE,TIDAK ADA,2026-08-03 15:55:01
15:55,VKTR,Big Cap (Lapis 1),Overvalued (Mahal),0.0,29.984373,715.0,699,498,900,-2.054794520547945,26454200,Normal,52,Negatif,Uptrend,Bullish,Bearish MACD,Perfect Uptrend (5>20>50),Normal,Distribusi (Turun),Gap Up (+2.1%),Dominan Jual (Guyur),Normal,Tinggi,Normal,Rawan Pucuk (High Risk),> 1 Miliar,Di Bawah VWAP (Lemah),Distribusi Pro (Guyuran),Ritel Aktif (5M - 50M),Sepi (< 50%),Mark-Up (Fase Pesta),Normal,Normal,Turun 1 Hari Beruntun,TP: 798 | CL: 659,Open = High (Tekanan Jual),Tidak Ideal (< 1:1),4,WAIT & SEE,TIDAK ADA,2026-08-03 15:55:01
15:55,RBMS,Small Cap (Lapis 3),Fair Value (Wajar),0.0,0.34672937,64.0,64,55,81,-1.5384615384615385,15465800,Normal,51,Negatif,Downtrend,Death Cross,Bearish MACD,Konsolidasi / Transisi,Normal,Akumulasi (Naik),Normal,Seimbang / Adu Mekanik,Normal,Tinggi,Doji (Ragu-ragu),Rawan Pucuk (High Risk),< 1 Miliar,Persis di VWAP,Distribusi Pro (Guyuran),Gorengan Sepi (< 5M),Sepi (< 50%),Distribution (Fase Jualan),Normal,Normal,Turun 1 Hari Beruntun,TP: 72 | CL: 58,Normal,Ideal (1:2),2,WAIT & SEE,TIDAK ADA,2026-08-03 15:55:01
15:55,SGER,Mid Cap (Lapis 2),Overvalued (Mahal),36.68639,3.317016,496.0,442,390,505,1.639344262295082,25133400,Tembus MA20,71,Positif,Uptrend,Bullish,Strong Bullish,Perfect Uptrend (5>20>50),Normal,Akumulasi (Naik),Normal,Dominan Beli (Hajar Kanan),Breakout Upper,Tinggi,Normal,Rawan Pucuk (High Risk),> 1 Miliar,Di Atas VWAP (Kuat),Akumulasi Pro (Smart Money),Ritel Aktif (5M - 50M),Normal (50-150%),Mark-Up (Fase Pesta),Normal,Normal,Naik 4 Hari Beruntun,TP: 532 | CL: 471,Normal,Tidak Ideal (< 1:1),8,BELI,TIDAK ADA,2026-08-03 15:55:01
15:55,CDIA,Big Cap (Lapis 1),Overvalued (Mahal),64.09002,72777.78,650.0,656,605,790,-0.7633587786259541,24164800,Normal,46,Negatif,Downtrend,Death Cross,Bullish MACD,Strong Downtrend (5<20<50),Normal,Distribusi (Turun),Normal,Dominan Jual (Guyur),Normal,Tinggi,Normal,Area Tengah,> 1 Miliar,Di Bawah VWAP (Lemah),Distribusi Pro (Guyuran),Ritel Aktif (5M - 50M),Sepi (< 50%),Mark-Down (Fase Runtuh),Spesialis Tiang Jemuran (Banting Pucuk),Normal,Turun 1 Hari Beruntun,TP: 708 | CL: 611,Normal,Sangat Menarik (> 1:3),1,WAIT & SEE,TIDAK ADA,2026-08-03 15:55:01
15:55,OMED,Mid Cap (Lapis 2),Fair Value (Wajar),14.876033,2.06958,216.0,207,193,220,-0.9174311926605505,5434000,Normal,57,Negatif,Uptrend,Bullish,Strong Bullish,Perfect Uptrend (5>20>50),Normal,Akumulasi (Naik),Normal,Seimbang / Adu Mekanik,Normal,Sedang,Normal,Rawan Pucuk (High Risk),> 1 Miliar,Di Atas VWAP (Kuat),Akumulasi Pro (Smart Money),Ritel Aktif (5M - 50M),Sepi (< 50%),Mark-Up (Fase Pesta),Solid (Jarang Dibanting),Normal,Turun 1 Hari Beruntun,TP: 230 | CL: 206,Normal,Tidak Ideal (< 1:1),5,WAIT & SEE,TIDAK ADA,2026-08-03 15:55:01
15:55,BEEF,Mid Cap (Lapis 2),Overvalued (Mahal),30.007616,7.778721,394.0,312,202,408,0.5102040816326531,7846800,Normal,83,Positif,Uptrend,Bullish,Strong Bullish,Perfect Uptrend (5>20>50),Normal,Akumulasi (Naik),Normal,Seimbang / Adu Mekanik,Normal,Tinggi,Normal,Rawan Pucuk (High Risk),> 1 Miliar,Di Atas VWAP (Kuat),Akumulasi Pro (Smart Money),Ritel Aktif (5M - 50M),Sepi (< 50%),Mark-Up (Fase Pesta),Spesialis Tiang Jemuran (Banting Pucuk),Normal,Naik 1 Hari Beruntun,TP: 432 | CL: 368,Normal,Tidak Ideal (< 1:1),6,WAIT & SEE,TIDAK ADA,2026-08-03 15:55:01
15:55,MBTO,Small Cap (Lapis 3),Fair Value (Wajar),0.0,0.3718306,121.0,116,103,138,0.0,1013600,Normal,60,Negatif,Uptrend,Bullish,Strong Bullish,Perfect Uptrend (5>20>50),Normal,Akumulasi (Naik),Normal,Dominan Jual (Guyur),Normal,Tinggi,Doji (Ragu-ragu),Rawan Pucuk (High Risk),< 1 Miliar,Persis di VWAP,Distribusi Pro (Guyuran),Gorengan Sepi (< 5M),Sepi (< 50%),Mark-Up (Fase Pesta),Spesialis Tiang Jemuran (Banting Pucuk),Normal,Sideways / Stagnan,TP: 131 | CL: 113,Normal,Tidak Ideal (< 1:1),5,WAIT & SEE,TIDAK ADA,2026-08-03 15:55:01
15:55,AMMN,Big Cap (Lapis 1),Overvalued (Mahal),28.88677,55789.477,4240.0,3897,3350,4410,3.414634146341464,112206600,Tembus MA20,62,Positif,Uptrend,Bullish,Strong Bullish,Perfect Uptrend (5>20>50),Normal,Akumulasi (Naik),Gap Up (+2.4%),Dominan Jual (Guyur),Normal,Tinggi,Normal,Rawan Pucuk (High Risk),> 1 Miliar,Di Atas VWAP (Kuat),Distribusi Pro (Guyuran),Sultan (> 50M/hari),Normal (50-150%),Mark-Up (Fase Pesta),Spesialis Tiang Jemuran (Banting Pucuk),Normal,Naik 3 Hari Beruntun,TP: 4567 | CL: 4021,Normal,Tidak Ideal (< 1:1),8,BELI,TIDAK ADA,2026-08-03 15:55:01
15:55,BBKP,Big Cap (Lapis 1),Fair Value (Wajar),0.0,1.2573051,54.0,52,50,57,3.8461538461538463,96843500,Tembus MA20,56,Positif,Uptrend,Bearish,Strong Bullish,Strong Downtrend (5<20<50),Normal,Akumulasi (Naik),Normal,Seimbang / Adu Mekanik,Normal,Sedang,Normal,Area Tengah,> 1 Miliar,Di Atas VWAP (Kuat),Akumulasi Pro (Smart Money),Gorengan Sepi (< 5M),Normal (50-150%),Accumulation (Kumpul Barang),Normal,Normal,Naik 1 Hari Beruntun,TP: 57 | CL: 51,Open = Low (Bullish Kuat),Tidak Ideal (< 1:1),6,WAIT & SEE,TIDAK ADA,2026-08-03 15:55:01
15:55,BMTR,Mid Cap (Lapis 2),Undervalued (Murah),2.2070312,0.11633557,113.0,115,109,124,-4.23728813559322,41657900,Tembus MA20,44,Negatif,Downtrend,Bearish,Strong Bearish,Strong Downtrend (5<20<50),Normal,Distribusi (Turun),Gap Down (-2.5%),Dominan Jual (Guyur),Normal,Sedang,Normal,Area Tengah,> 1 Miliar,Persis di VWAP,Akumulasi Pro (Smart Money),Gorengan Sepi (< 5M),Normal (50-150%),Mark-Down (Fase Runtuh),Normal,Normal,Turun 1 Hari Beruntun,TP: 119 | CL: 108,Normal,Ideal (1:2),1,WAIT & SEE,TIDAK ADA,2026-08-03 15:55:01
15:55,KOKA,Small Cap (Lapis 3),Overvalued (Mahal),0.0,3.8912754,200.0,189,119,268,3.6269430051813467,39648600,Normal,59,Positif,Uptrend,Bullish,Bearish MACD,Perfect Uptrend (5>20>50),Normal,Akumulasi (Naik),Normal,Seimbang / Adu Mekanik,Normal,Tinggi,Normal,Rawan Pucuk (High Risk),> 1 Miliar,Di Atas VWAP (Kuat),Distribusi Pro (Guyuran),Gorengan Sepi (< 5M),Normal (50-150%),Mark-Up (Fase Pesta),Spesialis Tiang Jemuran (Banting Pucuk),Normal,Naik 1 Hari Beruntun,TP: 236 | CL: 175,Normal,Tidak Ideal (< 1:1),5,WAIT & SEE,TIDAK ADA,2026-08-03 15:55:01
15:55,ERAA,Mid Cap (Lapis 2),Undervalued (Murah),4.791086,0.7095159,428.0,375,336,432,1.9047619047619049,66805400,Normal,76,Positif,Uptrend,Bullish,Strong Bullish,Perfect Uptrend (5>20>50),Normal,Akumulasi (Naik),Normal,Seimbang / Adu Mekanik,Normal,Tinggi,Normal,Rawan Pucuk (High Risk),> 1 Miliar,Di Atas VWAP (Kuat),Akumulasi Pro (Smart Money),Ritel Aktif (5M - 50M),Normal (50-150%),Mark-Up (Fase Pesta),Spesialis Tiang Jemuran (Banting Pucuk),Normal,Naik 3 Hari Beruntun,TP: 452 | CL: 411,Open = Low (Bullish Kuat),Tidak Ideal (< 1:1),6,WAIT & SEE,TIDAK ADA,2026-08-03 15:55:01
15:55,BTEK,Small Cap (Lapis 3),Fair Value (Wajar),0.0,1.7593244,10.0,10,10,12,-9.090909090909092,44807700,Normal,43,Negatif,Downtrend,Bearish,Bearish MACD,Konsolidasi / Transisi,Normal,Distribusi (Turun),Normal,Dominan Jual (Guyur),Normal,Tinggi,Normal,Dekat Support (Low Risk),< 1 Miliar,Di Bawah VWAP (Lemah),Akumulasi Pro (Smart Money),Gorengan Sepi (< 5M),Normal (50-150%),Mark-Down (Fase Runtuh),Spesialis Tiang Jemuran (Banting Pucuk),Normal,Turun 1 Hari Beruntun,TP: 11 | CL: 9,Open = High (Tekanan Jual),Di Area Support,0,WAIT & SEE,TIDAK ADA,2026-08-03 15:55:01
15:55,MTEL,Big Cap (Lapis 1),Fair Value (Wajar),16.82728,1.0928278,454.0,462,444,500,-1.7316017316017316,38385200,Normal,44,Negatif,Downtrend,Bearish,Bullish MACD,Strong Downtrend (5<20<50),Normal,Akumulasi (Naik),Normal,Seimbang / Adu Mekanik,Normal,Sedang,Normal,Dekat Support (Low Risk),> 1 Miliar,Persis di VWAP,Akumulasi Pro (Smart Money),Ritel Aktif (5M - 50M),Normal (50-150%),Mark-Down (Fase Runtuh),Solid (Jarang Dibanting),Normal,Turun 1 Hari Beruntun,TP: 467 | CL: 445,Open = High (Tekanan Jual),Sangat Menarik (> 1:3),2,WAIT & SEE,TIDAK ADA,2026-08-03 15:55:01
15:55,SMIL,Mid Cap (Lapis 2),Overvalued (Mahal),49.75,4.518568,396.0,342,282,404,-1.0,24434400,Normal,81,Negatif,Uptrend,Bullish,Strong Bullish,Perfect Uptrend (5>20>50),Normal,Akumulasi (Naik),Normal,Seimbang / Adu Mekanik,Normal,Tinggi,Doji (Ragu-ragu),Rawan Pucuk (High Risk),> 1 Miliar,Di Atas VWAP (Kuat),Akumulasi Pro (Smart Money),Ritel Aktif (5M - 50M),Normal (50-150%),Mark-Up (Fase Pesta),Normal,Normal,Turun 1 Hari Beruntun,TP: 428 | CL: 374,Normal,Tidak Ideal (< 1:1),5,WAIT & SEE,TIDAK ADA,2026-08-03 15:55:01
15:55,MSKY,Small Cap (Lapis 3),Fair Value (Wajar),0.0,0.85008436,65.0,60,56,71,-1.5151515151515151,112119900,Tembus MA20,60,Negatif,Uptrend,Golden Cross,Bullish MACD,Awal Reversal (5>20),Distribusi Kuat,Akumulasi (Naik),Normal,Seimbang / Adu Mekanik,Breakout Upper,Sedang,Normal,Rawan Pucuk (High Risk),> 1 Miliar,Persis di VWAP,Akumulasi Pro (Smart Money),Gorengan Sepi (< 5M),Anomali Tinggi (150-300%),Accumulation (Kumpul Barang),Normal,Normal,Turun 1 Hari Beruntun,TP: 70 | CL: 61,Normal,Tidak Ideal (< 1:1),6,WAIT & SEE,TIDAK ADA,2026-08-03 15:55:01
15:55,AYLS,Small Cap (Lapis 3),Overvalued (Mahal),0.0,4.5378556,171.0,152,141,190,11.76470588235294,30718500,Tembus MA20,65,Positif,Uptrend,Golden Cross,Strong Bullish,Perfect Uptrend (5>20>50),Akumulasi Kuat,Akumulasi (Naik),Normal,Seimbang / Adu Mekanik,Breakout Upper,Tinggi,Normal,Rawan Pucuk (High Risk),> 1 Miliar,Persis di VWAP,Distribusi Pro (Guyuran),Gorengan Sepi (< 5M),Ledakan Ekstrem (> 300%),Mark-Up (Fase Pesta),Spesialis Tiang Jemuran (Banting Pucuk),Normal,Naik 3 Hari Beruntun,TP: 187 | CL: 160,Normal,Tidak Ideal (< 1:1),8,BELI,TIDAK ADA,2026-08-03 15:55:01
15:55,DMAS,Mid Cap (Lapis 2),Undervalued (Murah),5.6085467,1.0719051,147.0,139,136,150,-0.6756756756756757,67986800,Tembus MA20,69,Negatif,Uptrend,Bullish,Strong Bullish,Perfect Uptrend (5>20>50),Normal,Akumulasi (Naik),Normal,Seimbang / Adu Mekanik,Breakout Upper,Sedang,Normal,Area Tengah,> 1 Miliar,Di Atas VWAP (Kuat),Akumulasi Pro (Smart Money),Ritel Aktif (5M - 50M),Normal (50-150%),Mark-Up (Fase Pesta),Normal,Normal,Turun 1 Hari Beruntun,TP: 151 | CL: 143,Open = High (Tekanan Jual),Tidak Ideal (< 1:1),6,WAIT & SEE,TIDAK ADA,2026-08-03 15:55:01
15:55,MARK,Mid Cap (Lapis 2),Overvalued (Mahal),13.80721,4.177772,1080.0,1031,950,1140,0.9345794392523363,18389500,Normal,62,Positif,Uptrend,Golden Cross,Strong Bullish,Perfect Uptrend (5>20>50),Normal,Akumulasi (Naik),Normal,Dominan Beli (Hajar Kanan),Normal,Tinggi,Normal,Rawan Pucuk (High Risk),> 1 Miliar,Di Atas VWAP (Kuat),Akumulasi Pro (Smart Money),Ritel Aktif (5M - 50M),Normal (50-150%),Mark-Up (Fase Pesta),Normal,Normal,Naik 1 Hari Beruntun,TP: 1153 | CL: 1030,Normal,Tidak Ideal (< 1:1),7,BELI,TIDAK ADA,2026-08-03 15:55:01
15:55,ESIP,Small Cap (Lapis 3),Overvalued (Mahal),44.147156,1.493466,132.0,130,118,151,1.5384615384615385,74602700,Tembus MA20,51,Positif,Uptrend,Bearish,Strong Bearish,Konsolidasi / Transisi,Normal,Akumulasi (Naik),Normal,Seimbang / Adu Mekanik,Normal,Sedang,Normal,Rawan Pucuk (High Risk),> 1 Miliar,Di Atas VWAP (Kuat),Distribusi Pro (Guyuran),Ritel Aktif (5M - 50M),Normal (50-150%),Mark-Up (Fase Pesta),Spesialis Tiang Jemuran (Banting Pucuk),Normal,Naik 3 Hari Beruntun,TP: 144 | CL: 123,Normal,Menengah (1:1),5,WAIT & SEE,TIDAK ADA,2026-08-03 15:55:01
15:55,KPIG,Mid Cap (Lapis 2),Undervalued (Murah),11.286089,0.29827246,86.0,82,73,90,3.614457831325301,140365600,Tembus MA20,55,Positif,Uptrend,Bearish,Bullish MACD,Strong Downtrend (5<20<50),Normal,Akumulasi (Naik),Normal,Dominan Beli (Hajar Kanan),Normal,Tinggi,Normal,Rawan Pucuk (High Risk),> 1 Miliar,Di Atas VWAP (Kuat),Akumulasi Pro (Smart Money),Ritel Aktif (5M - 50M),Normal (50-150%),Accumulation (Kumpul Barang),Normal,Normal,Naik 3 Hari Beruntun,TP: 93 | CL: 81,Normal,Tidak Ideal (< 1:1),7,BELI,TIDAK ADA,2026-08-03 15:55:01
15:55,PNLF,Mid Cap (Lapis 2),Undervalued (Murah),3.4482758,0.23157318,228.0,224,212,236,0.0,9297400,Normal,57,Negatif,Uptrend,Bullish,Strong Bullish,Perfect Uptrend (5>20>50),Normal,Distribusi (Turun),Normal,Seimbang / Adu Mekanik,Normal,Sedang,Doji (Ragu-ragu),Area Tengah,> 1 Miliar,Persis di VWAP,Distribusi Pro (Guyuran),Gorengan Sepi (< 5M),Sepi (< 50%),Mark-Up (Fase Pesta),Normal,Normal,Sideways / Stagnan,TP: 237 | CL: 221,Normal,Tidak Ideal (< 1:1),4,WAIT & SEE,TIDAK ADA,2026-08-03 15:55:01
15:55,EMTK,Big Cap (Lapis 1),Undervalued (Murah),11.265164,0.8623849,520.0,521,492,570,-1.8867924528301887,38059600,Tembus MA20,46,Negatif,Downtrend,Bearish,Bullish MACD,Strong Downtrend (5<20<50),Normal,Distribusi (Turun),Normal,Dominan Beli (Hajar Kanan),Normal,Sedang,Doji (Ragu-ragu),Area Tengah,> 1 Miliar,Persis di VWAP,Akumulasi Pro (Smart Money),Ritel Aktif (5M - 50M),Normal (50-150%),Mark-Down (Fase Runtuh),Spesialis Tiang Jemuran (Banting Pucuk),Jarum Bawah (Sinyal Pantulan Kuat),Turun 1 Hari Beruntun,TP: 556 | CL: 496,Normal,Ideal (1:2),3,WAIT & SEE,TIDAK ADA,2026-08-03 15:55:01
15:55,ENZO,Small Cap (Lapis 3),Undervalued (Murah),13.642843,0.8677408,67.0,66,60,74,1.5151515151515151,16078500,Normal,51,Positif,Uptrend,Bearish,Bullish MACD,Konsolidasi / Transisi,Normal,Akumulasi (Naik),Normal,Seimbang / Adu Mekanik,Normal,Sedang,Doji (Ragu-ragu),Rawan Pucuk (High Risk),> 1 Miliar,Persis di VWAP,Distribusi Pro (Guyuran),Gorengan Sepi (< 5M),Normal (50-150%),Mark-Up (Fase Pesta),Spesialis Tiang Jemuran (Banting Pucuk),Normal,Naik 1 Hari Beruntun,TP: 73 | CL: 63,Normal,Menengah (1:1),5,WAIT & SEE,TIDAK ADA,2026-08-03 15:55:01
15:55,GOTO,Big Cap (Lapis 1),Fair Value (Wajar),0.0,1.6695606,50.0,50,50,50,0.0,39422300,Normal,0,Negatif,Downtrend,Bearish,Bullish MACD,Konsolidasi / Transisi,Normal,Netral,Normal,Tidak Ada Transaksi,Squeeze,Rendah,Doji (Ragu-ragu),Dekat Support (Low Risk),> 1 Miliar,Persis di VWAP,Netral,Gorengan Sepi (< 5M),Normal (50-150%),Sideways,Solid (Jarang Dibanting),Normal,Sideways / Stagnan,TP: 51 | CL: 49,Normal,Di Area Support,1,WAIT & SEE,TIDAK ADA,2026-08-03 15:55:01
15:55,PTRO,Big Cap (Lapis 1),Overvalued (Mahal),89.51798,180000.0,4690.0,4325,3830,5200,-0.42462845010615713,19199300,Normal,61,Negatif,Uptrend,Bullish,Strong Bullish,Perfect Uptrend (5>20>50),Normal,Distribusi (Turun),Normal,Dominan Jual (Guyur),Normal,Tinggi,Normal,Rawan Pucuk (High Risk),> 1 Miliar,Persis di VWAP,Distribusi Pro (Guyuran),Sultan (> 50M/hari),Sepi (< 50%),Mark-Up (Fase Pesta),Spesialis Tiang Jemuran (Banting Pucuk),Normal,Turun 1 Hari Beruntun,TP: 5063 | CL: 4440,Normal,Tidak Ideal (< 1:1),4,WAIT & SEE,TIDAK ADA,2026-08-03 15:55:01
15:55,KIJA,Mid Cap (Lapis 2),Undervalued (Murah),5.7855124,0.4046625,123.0,129,120,146,-5.384615384615385,77051500,Normal,44,Negatif,Downtrend,Bearish,Strong Bearish,Konsolidasi / Transisi,Normal,Distribusi (Turun),Gap Down (-2.3%),Seimbang / Adu Mekanik,Normal,Tinggi,Normal,Dekat Support (Low Risk),> 1 Miliar,Di Bawah VWAP (Lemah),Akumulasi Pro (Smart Money),Ritel Aktif (5M - 50M),Normal (50-150%),Distribution (Fase Jualan),Normal,Normal,Turun 1 Hari Beruntun,TP: 132 | CL: 116,Open = High (Tekanan Jual),Sangat Menarik (> 1:3),0,WAIT & SEE,TIDAK ADA,2026-08-03 15:55:01
15:55,BREN,Big Cap (Lapis 1),Overvalued (Mahal),157.43861,654000.0,3270.0,3394,3130,3920,-2.3880597014925375,14993000,Normal,44,Negatif,Downtrend,Bearish,Strong Bearish,Strong Downtrend (5<20<50),Normal,Distribusi (Turun),Normal,Dominan Jual (Guyur),Normal,Tinggi,Normal,Area Tengah,> 1 Miliar,Di Bawah VWAP (Lemah),Akumulasi Pro (Smart Money),Sultan (> 50M/hari),Sepi (< 50%),Mark-Down (Fase Runtuh),Spesialis Tiang Jemuran (Banting Pucuk),Normal,Turun 1 Hari Beruntun,TP: 3542 | CL: 3088,Normal,Sangat Menarik (> 1:3),0,WAIT & SEE,TIDAK ADA,2026-08-03 15:55:01
15:55,SCMA,Big Cap (Lapis 1),Fair Value (Wajar),14.010988,1.8929025,202.0,205,192,218,-2.8846153846153846,29614600,Normal,48,Negatif,Downtrend,Bearish,Strong Bearish,Konsolidasi / Transisi,Normal,Distribusi (Turun),Normal,Dominan Jual (Guyur),Normal,Sedang,Normal,Area Tengah,> 1 Miliar,Persis di VWAP,Distribusi Pro (Guyuran),Ritel Aktif (5M - 50M),Normal (50-150%),Distribution (Fase Jualan),Normal,Normal,Turun 1 Hari Beruntun,TP: 214 | CL: 193,Normal,Ideal (1:2),0,WAIT & SEE,TIDAK ADA,2026-08-03 15:55:01
15:55,PACK,Mid Cap (Lapis 2),Overvalued (Mahal),11.865259,3.4561539,236.0,222,200,250,-4.838709677419355,158493600,Tembus MA20,53,Negatif,Uptrend,Bullish,Bullish MACD,Awal Reversal (5>20),Normal,Akumulasi (Naik),Normal,Seimbang / Adu Mekanik,Normal,Tinggi,Normal,Rawan Pucuk (High Risk),> 1 Miliar,Persis di VWAP,Akumulasi Pro (Smart Money),Ritel Aktif (5M - 50M),Normal (50-150%),Accumulation (Kumpul Barang),Normal,Normal,Turun 1 Hari Beruntun,TP: 263 | CL: 217,Normal,Tidak Ideal (< 1:1),6,WAIT & SEE,TIDAK ADA,2026-08-03 15:55:01
15:55,LEAD,Small Cap (Lapis 3),Overvalued (Mahal),0.0,12111.111,109.0,101,92,118,-1.8018018018018018,65975500,Tembus MA20,59,Negatif,Uptrend,Bullish,Strong Bullish,Perfect Uptrend (5>20>50),Normal,Akumulasi (Naik),Gap Down (-5.4%),Seimbang / Adu Mekanik,Normal,Tinggi,Normal,Rawan Pucuk (High Risk),> 1 Miliar,Persis di VWAP,Akumulasi Pro (Smart Money),Gorengan Sepi (< 5M),Anomali Tinggi (150-300%),Mark-Up (Fase Pesta),Spesialis Tiang Jemuran (Banting Pucuk),Normal,Turun 1 Hari Beruntun,TP: 119 | CL: 101,Normal,Tidak Ideal (< 1:1),6,WAIT & SEE,TIDAK ADA,2026-08-03 15:55:01
15:55,NCKL,Big Cap (Lapis 1),Undervalued (Murah),5.952006,1.4239197,945.0,846,777,955,5.58659217877095,82905700,Tembus MA20,68,Positif,Uptrend,Bullish,Strong Bullish,Perfect Uptrend (5>20>50),Normal,Akumulasi (Naik),Gap Up (+3.9%),Dominan Beli (Hajar Kanan),Breakout Upper,Tinggi,Normal,Rawan Pucuk (High Risk),> 1 Miliar,Di Atas VWAP (Kuat),Akumulasi Pro (Smart Money),Ritel Aktif (5M - 50M),Anomali Tinggi (150-300%),Mark-Up (Fase Pesta),Normal,Normal,Naik 5 Hari Beruntun,TP: 1005 | CL: 905,Normal,Tidak Ideal (< 1:1),9,BELI,TIDAK ADA,2026-08-03 15:55:01
15:55,AYAM,Mid Cap (Lapis 2),Overvalued (Mahal),850.9804,8.108209,434.0,382,344,458,2.843601895734597,64623500,Tembus MA20,82,Positif,Uptrend,Bullish,Strong Bullish,Perfect Uptrend (5>20>50),Normal,Akumulasi (Naik),Gap Up (+3.8%),Dominan Jual (Guyur),Normal,Tinggi,Normal,Rawan Pucuk (High Risk),> 1 Miliar,Di Atas VWAP (Kuat),Akumulasi Pro (Smart Money),Ritel Aktif (5M - 50M),Normal (50-150%),Mark-Up (Fase Pesta),Spesialis Tiang Jemuran (Banting Pucuk),Normal,Naik 3 Hari Beruntun,TP: 458 | CL: 417,Normal,Tidak Ideal (< 1:1),8,BELI,TIDAK ADA,2026-08-03 15:55:01
15:55,ASPR,Small Cap (Lapis 3),Fair Value (Wajar),0.0,2.2744272,149.0,149,126,168,0.6756756756756757,54348600,Tembus MA20,44,Positif,Downtrend,Bearish,Bullish MACD,Strong Downtrend (5<20<50),Normal,Akumulasi (Naik),Gap Down (-12.8%),Dominan Beli (Hajar Kanan),Normal,Sedang,Normal,Rawan Pucuk (High Risk),> 1 Miliar,Di Atas VWAP (Kuat),Distribusi Pro (Guyuran),Gorengan Sepi (< 5M),Normal (50-150%),Mark-Down (Fase Runtuh),Spesialis Tiang Jemuran (Banting Pucuk),Normal,Naik 1 Hari Beruntun,TP: 166 | CL: 137,Normal,Tidak Ideal (< 1:1),5,WAIT & SEE,TIDAK ADA,2026-08-03 15:55:01
15:55,WMPP,Small Cap (Lapis 3),Fair Value (Wajar),0.0,1.7789637,24.0,20,18,24,4.3478260869565215,19697100,Normal,58,Positif,Uptrend,Bullish,Strong Bullish,Awal Reversal (5>20),Normal,Akumulasi (Naik),Gap Up (+4.3%),Tidak Ada Transaksi,Normal,Tinggi,Doji (Ragu-ragu),Rawan Pucuk (High Risk),< 1 Miliar,Di Atas VWAP (Kuat),Distribusi Pro (Guyuran),Gorengan Sepi (< 5M),Sepi (< 50%),Accumulation (Kumpul Barang),Spesialis Tiang Jemuran (Banting Pucuk),Normal,Naik 1 Hari Beruntun,TP: 26 | CL: 22,Normal,Tidak Ideal (< 1:1),7,BELI,TIDAK ADA,2026-08-03 15:55:01
15:55,TOWR,Big Cap (Lapis 1),Undervalued (Murah),5.7971015,0.8632764,400.0,394,362,424,-0.9900990099009901,44255500,Tembus MA20,55,Negatif,Uptrend,Bullish,Strong Bullish,Perfect Uptrend (5>20>50),Normal,Distribusi (Turun),Normal,Dominan Beli (Hajar Kanan),Normal,Tinggi,Hammer (Potensi Reversal),Rawan Pucuk (High Risk),> 1 Miliar,Persis di VWAP,Akumulasi Pro (Smart Money),Ritel Aktif (5M - 50M),Normal (50-150%),Mark-Up (Fase Pesta),Normal,Jarum Bawah (Sinyal Pantulan Kuat),Turun 1 Hari Beruntun,TP: 421 | CL: 386,Open = High (Tekanan Jual),Tidak Ideal (< 1:1),6,WAIT & SEE,TIDAK ADA,2026-08-03 15:55:01
15:55,MDKA,Big Cap (Lapis 1),Overvalued (Mahal),1426.3158,77428.57,2720.0,2663,2480,2930,0.0,9283500,Normal,54,Negatif,Uptrend,Golden Cross,Strong Bullish,Perfect Uptrend (5>20>50),Normal,Akumulasi (Naik),Gap Up (+2.9%),Dominan Jual (Guyur),Normal,Sedang,Normal,Area Tengah,> 1 Miliar,Di Atas VWAP (Kuat),Distribusi Pro (Guyuran),Sultan (> 50M/hari),Sepi (< 50%),Mark-Up (Fase Pesta),Spesialis Tiang Jemuran (Banting Pucuk),Normal,Sideways / Stagnan,TP: 2867 | CL: 2621,Open = High (Tekanan Jual),Tidak Ideal (< 1:1),6,WAIT & SEE,TIDAK ADA,2026-08-03 15:55:01
15:55,ASII,Big Cap (Lapis 1),Undervalued (Murah),6.465874,0.8735156,5075.0,4976,4730,5300,-0.49019607843137253,21268300,Normal,56,Negatif,Uptrend,Bullish,Strong Bullish,Perfect Uptrend (5>20>50),Normal,Akumulasi (Naik),Gap Up (+3.4%),Dominan Jual (Guyur),Normal,Sedang,Normal,Area Tengah,> 1 Miliar,Di Atas VWAP (Kuat),Akumulasi Pro (Smart Money),Sultan (> 50M/hari),Sepi (< 50%),Mark-Up (Fase Pesta),Spesialis Tiang Jemuran (Banting Pucuk),Normal,Turun 1 Hari Beruntun,TP: 5310 | CL: 4917,Open = High (Tekanan Jual),Tidak Ideal (< 1:1),6,WAIT & SEE,TIDAK ADA,2026-08-03 15:55:01
15:55,LCKM,Small Cap (Lapis 3),Overvalued (Mahal),71.899734,0.799384,109.0,109,103,128,0.0,0,Normal,48,Negatif,Downtrend,Bullish,Bullish MACD,Awal Reversal (5>20),Normal,Akumulasi (Naik),Normal,Tidak Ada Transaksi,Normal,Sedang,Doji (Ragu-ragu),Area Tengah,< 1 Miliar,Di Bawah VWAP (Lemah),Akumulasi Pro (Smart Money),Gorengan Sepi (< 5M),Sepi (< 50%),Mark-Down (Fase Runtuh),Spesialis Tiang Jemuran (Banting Pucuk),Normal,Sideways / Stagnan,TP: 119 | CL: 102,Normal,Sangat Menarik (> 1:3),3,WAIT & SEE,TIDAK ADA,2026-08-03 15:55:01
15:55,KLBF,Big Cap (Lapis 1),Undervalued (Murah),9.224398,1.3687916,735.0,726,690,775,1.3793103448275863,90879400,Tembus MA20,51,Positif,Uptrend,Bearish,Bullish MACD,Strong Downtrend (5<20<50),Normal,Akumulasi (Naik),Normal,Dominan Beli (Hajar Kanan),Normal,Sedang,Normal,Area Tengah,> 1 Miliar,Di Atas VWAP (Kuat),Akumulasi Pro (Smart Money),Sultan (> 50M/hari),Normal (50-150%),Accumulation (Kumpul Barang),Spesialis Tiang Jemuran (Banting Pucuk),Normal,Naik 2 Hari Beruntun,TP: 770 | CL: 711,Normal,Tidak Ideal (< 1:1),7,BELI,TIDAK ADA,2026-08-03 15:55:01
15:55,JGLE,Mid Cap (Lapis 2),Fair Value (Wajar),0.0,1.390532,67.0,57,50,79,4.6875,1353445000,Tembus MA20,63,Positif,Uptrend,Bullish,Strong Bullish,Perfect Uptrend (5>20>50),Normal,Akumulasi (Naik),Normal,Seimbang / Adu Mekanik,Normal,Tinggi,Normal,Rawan Pucuk (High Risk),> 1 Miliar,Di Atas VWAP (Kuat),Distribusi Pro (Guyuran),Ritel Aktif (5M - 50M),Normal (50-150%),Mark-Up (Fase Pesta),Normal,Normal,Naik 1 Hari Beruntun,TP: 76 | CL: 60,Normal,Tidak Ideal (< 1:1),7,BELI,TIDAK ADA,2026-08-03 15:55:01
15:55,PPRE,Mid Cap (Lapis 2),Fair Value (Wajar),0.0,1.1464097,103.0,107,96,122,0.0,12010000,Normal,47,Negatif,Downtrend,Bearish,Bearish MACD,Konsolidasi / Transisi,Normal,Distribusi (Turun),Normal,Dominan Jual (Guyur),Normal,Tinggi,Doji (Ragu-ragu),Area Tengah,> 1 Miliar,Persis di VWAP,Distribusi Pro (Guyuran),Gorengan Sepi (< 5M),Sepi (< 50%),Distribution (Fase Jualan),Spesialis Tiang Jemuran (Banting Pucuk),Normal,Sideways / Stagnan,TP: 113 | CL: 96,Normal,Ideal (1:2),0,WAIT & SEE,TIDAK ADA,2026-08-03 15:55:01
15:55,GIAA,Big Cap (Lapis 1),Fair Value (Wajar),0.0,0.0,54.0,53,51,56,0.0,45413700,Tembus MA20,51,Negatif,Uptrend,Bullish,Bullish MACD,Awal Reversal (5>20),Normal,Distribusi (Turun),Normal,Seimbang / Adu Mekanik,Squeeze,Rendah,Doji (Ragu-ragu),Area Tengah,> 1 Miliar,Persis di VWAP,Distribusi Pro (Guyuran),Gorengan Sepi (< 5M),Normal (50-150%),Accumulation (Kumpul Barang),Normal,Normal,Sideways / Stagnan,TP: 56 | CL: 52,Normal,Tidak Ideal (< 1:1),5,WAIT & SEE,TIDAK ADA,2026-08-03 15:55:01
15:55,AMRT,Big Cap (Lapis 1),Overvalued (Mahal),15.624999,3.0908763,1325.0,1366,1295,1440,0.0,31019600,Normal,45,Negatif,Downtrend,Bearish,Strong Bearish,Konsolidasi / Transisi,Normal,Akumulasi (Naik),Gap Up (+2.6%),Seimbang / Adu Mekanik,Normal,Sedang,Normal,Dekat Support (Low Risk),> 1 Miliar,Persis di VWAP,Akumulasi Pro (Smart Money),Ritel Aktif (5M - 50M),Normal (50-150%),Distribution (Fase Jualan),Normal,Normal,Sideways / Stagnan,TP: 1395 | CL: 1277,Open = High (Tekanan Jual),Sangat Menarik (> 1:3),2,WAIT & SEE,TIDAK ADA,2026-08-03 15:55:01
15:55,FUJI,Small Cap (Lapis 3),Overvalued (Mahal),35.789474,1.438788,204.0,205,187,226,0.9900990099009901,210900,Normal,42,Positif,Downtrend,Bearish,Bullish MACD,Strong Downtrend (5<20<50),Normal,Akumulasi (Naik),Normal,Seimbang / Adu Mekanik,Normal,Sedang,Normal,Area Tengah,< 1 Miliar,Persis di VWAP,Akumulasi Pro (Smart Money),Gorengan Sepi (< 5M),Sepi (< 50%),Mark-Down (Fase Runtuh),Spesialis Tiang Jemuran (Banting Pucuk),Normal,Naik 1 Hari Beruntun,TP: 221 | CL: 192,Open = Low (Bullish Kuat),Menengah (1:1),3,WAIT & SEE,TIDAK ADA,2026-08-03 15:55:01
15:55,SUPA,Big Cap (Lapis 1),Overvalued (Mahal),77.51938,2.5099037,600.0,587,535,625,-0.8264462809917356,6430300,Normal,50,Negatif,Uptrend,Bullish,Bullish MACD,Awal Reversal (5>20),Normal,Distribusi (Turun),Normal,Dominan Jual (Guyur),Normal,Sedang,Normal,Rawan Pucuk (High Risk),> 1 Miliar,Persis di VWAP,Distribusi Pro (Guyuran),Ritel Aktif (5M - 50M),Sepi (< 50%),Accumulation (Kumpul Barang),Normal,Normal,Turun 2 Hari Beruntun,TP: 639 | CL: 573,Normal,Tidak Ideal (< 1:1),3,WAIT & SEE,TIDAK ADA,2026-08-03 15:55:01
15:55,PWON,Big Cap (Lapis 1),Undervalued (Murah),5.6497173,0.5481012,260.0,263,248,280,-2.2556390977443606,60807900,Tembus MA20,49,Negatif,Downtrend,Death Cross,Bearish MACD,Konsolidasi / Transisi,Normal,Distribusi (Turun),Normal,Seimbang / Adu Mekanik,Normal,Sedang,Normal,Area Tengah,> 1 Miliar,Di Bawah VWAP (Lemah),Distribusi Pro (Guyuran),Ritel Aktif (5M - 50M),Normal (50-150%),Distribution (Fase Jualan),Spesialis Tiang Jemuran (Banting Pucuk),Normal,Turun 1 Hari Beruntun,TP: 272 | CL: 252,Open = High (Tekanan Jual),Ideal (1:2),1,WAIT & SEE,TIDAK ADA,2026-08-03 15:55:01
15:55,BWPT,Mid Cap (Lapis 2),Undervalued (Murah),7.58214,1.0044643,90.0,78,72,96,1.1235955056179776,626051600,Tembus MA20,66,Positif,Uptrend,Bullish,Strong Bullish,Perfect Uptrend (5>20>50),Normal,Akumulasi (Naik),Normal,Seimbang / Adu Mekanik,Breakout Upper,Tinggi,Doji (Ragu-ragu),Rawan Pucuk (High Risk),> 1 Miliar,Di Atas VWAP (Kuat),Akumulasi Pro (Smart Money),Ritel Aktif (5M - 50M),Anomali Tinggi (150-300%),Mark-Up (Fase Pesta),Normal,Normal,Naik 3 Hari Beruntun,TP: 97 | CL: 85,Normal,Tidak Ideal (< 1:1),7,BELI,TIDAK ADA,2026-08-03 15:55:01
15:55,PGAS,Big Cap (Lapis 1),Overvalued (Mahal),8.319514,12863.248,1510.0,1493,1390,1580,0.6666666666666667,11600600,Normal,51,Positif,Uptrend,Bullish,Bullish MACD,Awal Reversal (5>20),Normal,Distribusi (Turun),Gap Up (+3.3%),Dominan Jual (Guyur),Normal,Sedang,Normal,Area Tengah,> 1 Miliar,Persis di VWAP,Distribusi Pro (Guyuran),Ritel Aktif (5M - 50M),Sepi (< 50%),Accumulation (Kumpul Barang),Spesialis Tiang Jemuran (Banting Pucuk),Normal,Naik 1 Hari Beruntun,TP: 1563 | CL: 1474,Open = High (Tekanan Jual),Tidak Ideal (< 1:1),6,WAIT & SEE,TIDAK ADA,2026-08-03 15:55:01
15:55,MEDC,Big Cap (Lapis 1),Overvalued (Mahal),11.822794,14662.921,1300.0,1253,1090,1425,1.1673151750972763,52781900,Normal,57,Positif,Uptrend,Bullish,Strong Bullish,Perfect Uptrend (5>20>50),Normal,Distribusi (Turun),Normal,Dominan Beli (Hajar Kanan),Normal,Tinggi,Normal,Rawan Pucuk (High Risk),> 1 Miliar,Di Atas VWAP (Kuat),Distribusi Pro (Guyuran),Sultan (> 50M/hari),Normal (50-150%),Mark-Up (Fase Pesta),Solid (Jarang Dibanting),Normal,Naik 1 Hari Beruntun,TP: 1391 | CL: 1238,Normal,Tidak Ideal (< 1:1),6,WAIT & SEE,TIDAK ADA,2026-08-03 15:55:01
15:55,KOCI,Small Cap (Lapis 3),Overvalued (Mahal),0.0,3.0775926,99.0,100,95,111,0.0,3235200,Normal,49,Negatif,Downtrend,Bearish,Bearish MACD,Konsolidasi / Transisi,Normal,Akumulasi (Naik),Normal,Seimbang / Adu Mekanik,Normal,Sedang,Doji (Ragu-ragu),Area Tengah,< 1 Miliar,Persis di VWAP,Distribusi Pro (Guyuran),Gorengan Sepi (< 5M),Sepi (< 50%),Distribution (Fase Jualan),Spesialis Tiang Jemuran (Banting Pucuk),Jarum Bawah (Sinyal Pantulan Kuat),Sideways / Stagnan,TP: 106 | CL: 94,Normal,Sangat Menarik (> 1:3),1,WAIT & SEE,TIDAK ADA,2026-08-03 15:55:01
15:55,HOPE,Small Cap (Lapis 3),Overvalued (Mahal),0.0,6.567842,214.0,181,124,224,0.9433962264150944,35592300,Normal,70,Positif,Uptrend,Bullish,Strong Bullish,Perfect Uptrend (5>20>50),Normal,Akumulasi (Naik),Normal,Dominan Beli (Hajar Kanan),Normal,Tinggi,Doji (Ragu-ragu),Rawan Pucuk (High Risk),> 1 Miliar,Di Atas VWAP (Kuat),Akumulasi Pro (Smart Money),Ritel Aktif (5M - 50M),Normal (50-150%),Mark-Up (Fase Pesta),Spesialis Tiang Jemuran (Banting Pucuk),Jarum Bawah (Sinyal Pantulan Kuat),Naik 7 Hari Beruntun,TP: 250 | CL: 190,Normal,Tidak Ideal (< 1:1),7,BELI,TIDAK ADA,2026-08-03 15:55:01
15:55,BAIK,Small Cap (Lapis 3),Overvalued (Mahal),0.0,6.4904413,770.0,707,640,785,-0.6451612903225806,14469800,Normal,68,Negatif,Uptrend,Bullish,Strong Bullish,Perfect Uptrend (5>20>50),Normal,Akumulasi (Naik),Normal,Seimbang / Adu Mekanik,Normal,Tinggi,Normal,Rawan Pucuk (High Risk),> 1 Miliar,Di Atas VWAP (Kuat),Akumulasi Pro (Smart Money),Ritel Aktif (5M - 50M),Normal (50-150%),Mark-Up (Fase Pesta),Solid (Jarang Dibanting),Normal,Turun 2 Hari Beruntun,TP: 813 | CL: 741,Open = High (Tekanan Jual),Tidak Ideal (< 1:1),5,WAIT & SEE,TIDAK ADA,2026-08-03 15:55:01
15:55,WIRG,Small Cap (Lapis 3),Undervalued (Murah),9.233177,0.8316301,60.0,54,50,63,5.263157894736842,151149300,Tembus MA20,63,Positif,Uptrend,Bullish,Strong Bullish,Awal Reversal (5>20),Akumulasi Kuat,Akumulasi (Naik),Normal,Seimbang / Adu Mekanik,Normal,Tinggi,Normal,Rawan Pucuk (High Risk),> 1 Miliar,Di Atas VWAP (Kuat),Akumulasi Pro (Smart Money),Gorengan Sepi (< 5M),Anomali Tinggi (150-300%),Accumulation (Kumpul Barang),Spesialis Tiang Jemuran (Banting Pucuk),Normal,Naik 2 Hari Beruntun,TP: 65 | CL: 56,Open = Low (Bullish Kuat),Tidak Ideal (< 1:1),8,BELI,TIDAK ADA,2026-08-03 15:55:01
15:55,CYBR,Mid Cap (Lapis 2),Overvalued (Mahal),632.1839,29.055944,555.0,572,535,620,1.834862385321101,25981700,Tembus MA20,40,Positif,Downtrend,Bearish,Strong Bearish,Strong Downtrend (5<20<50),Normal,Akumulasi (Naik),Normal,Seimbang / Adu Mekanik,Normal,Sedang,Doji (Ragu-ragu),Area Tengah,> 1 Miliar,Persis di VWAP,Distribusi Pro (Guyuran),Ritel Aktif (5M - 50M),Normal (50-150%),Mark-Down (Fase Runtuh),Normal,Jarum Bawah (Sinyal Pantulan Kuat),Naik 1 Hari Beruntun,TP: 586 | CL: 533,Normal,Sangat Menarik (> 1:3),3,WAIT & SEE,TIDAK ADA,2026-08-03 15:55:01
15:55,MMIX,Mid Cap (Lapis 2),Overvalued (Mahal),5.150977,18.5422,725.0,709,470,880,-1.3605442176870748,15999800,Normal,54,Negatif,Uptrend,Bullish,Bearish MACD,Perfect Uptrend (5>20>50),Normal,Akumulasi (Naik),Normal,Dominan Jual (Guyur),Normal,Tinggi,Normal,Rawan Pucuk (High Risk),> 1 Miliar,Persis di VWAP,Akumulasi Pro (Smart Money),Ritel Aktif (5M - 50M),Normal (50-150%),Mark-Up (Fase Pesta),Spesialis Tiang Jemuran (Banting Pucuk),Normal,Turun 1 Hari Beruntun,TP: 842 | CL: 646,Open = High (Tekanan Jual),Tidak Ideal (< 1:1),4,WAIT & SEE,TIDAK ADA,2026-08-03 15:55:01
15:55,SRSN,Small Cap (Lapis 3),Undervalued (Murah),4.304429,0.4745758,69.0,66,61,73,-2.8169014084507045,37081600,Normal,56,Negatif,Uptrend,Golden Cross,Strong Bullish,Perfect Uptrend (5>20>50),Normal,Akumulasi (Naik),Normal,Dominan Jual (Guyur),Normal,Sedang,Normal,Rawan Pucuk (High Risk),> 1 Miliar,Di Atas VWAP (Kuat),Akumulasi Pro (Smart Money),Gorengan Sepi (< 5M),Normal (50-150%),Mark-Up (Fase Pesta),Normal,Normal,Turun 1 Hari Beruntun,TP: 74 | CL: 65,Normal,Tidak Ideal (< 1:1),5,WAIT & SEE,TIDAK ADA,2026-08-03 15:55:01
15:55,BSDE,Big Cap (Lapis 1),Undervalued (Murah),4.693471,0.26356572,565.0,569,540,615,-0.8771929824561403,9552600,Normal,46,Negatif,Downtrend,Bearish,Bullish MACD,Strong Downtrend (5<20<50),Normal,Distribusi (Turun),Normal,Dominan Jual (Guyur),Normal,Sedang,Normal,Area Tengah,> 1 Miliar,Persis di VWAP,Distribusi Pro (Guyuran),Ritel Aktif (5M - 50M),Normal (50-150%),Mark-Down (Fase Runtuh),Spesialis Tiang Jemuran (Banting Pucuk),Normal,Turun 2 Hari Beruntun,TP: 595 | CL: 545,Normal,Ideal (1:2),1,WAIT & SEE,TIDAK ADA,2026-08-03 15:55:01
15:55,MSIN,Big Cap (Lapis 1),Overvalued (Mahal),23.058823,3.475886,392.0,435,372,520,-2.0,16872200,Normal,34,Negatif,Downtrend,Bearish,Strong Bearish,Strong Downtrend (5<20<50),Normal,Akumulasi (Naik),Normal,Dominan Jual (Guyur),Normal,Tinggi,Normal,Area Tengah,> 1 Miliar,Di Bawah VWAP (Lemah),Distribusi Pro (Guyuran),Ritel Aktif (5M - 50M),Sepi (< 50%),Mark-Down (Fase Runtuh),Normal,Normal,Turun 1 Hari Beruntun,TP: 422 | CL: 371,Normal,Sangat Menarik (> 1:3),1,WAIT & SEE,TIDAK ADA,2026-08-03 15:55:01
15:55,RATU,Big Cap (Lapis 1),Overvalued (Mahal),58.421764,258750.0,5175.0,5120,4700,5600,0.48543689320388345,5510600,Normal,54,Positif,Uptrend,Bearish,Bearish MACD,Konsolidasi / Transisi,Normal,Akumulasi (Naik),Normal,Seimbang / Adu Mekanik,Normal,Sedang,Normal,Rawan Pucuk (High Risk),> 1 Miliar,Di Atas VWAP (Kuat),Distribusi Pro (Guyuran),Sultan (> 50M/hari),Normal (50-150%),Mark-Up (Fase Pesta),Spesialis Tiang Jemuran (Banting Pucuk),Normal,Naik 3 Hari Beruntun,TP: 5542 | CL: 4930,Normal,Tidak Ideal (< 1:1),4,WAIT & SEE,TIDAK ADA,2026-08-03 15:55:01
15:55,RSCH,Small Cap (Lapis 3),Overvalued (Mahal),0.0,6.919835,330.0,285,254,342,2.484472049689441,23934500,Normal,67,Positif,Uptrend,Bullish,Strong Bullish,Awal Reversal (5>20),Normal,Akumulasi (Naik),Normal,Seimbang / Adu Mekanik,Breakout Upper,Tinggi,Normal,Rawan Pucuk (High Risk),> 1 Miliar,Di Atas VWAP (Kuat),Akumulasi Pro (Smart Money),Ritel Aktif (5M - 50M),Normal (50-150%),Accumulation (Kumpul Barang),Normal,Normal,Naik 6 Hari Beruntun,TP: 355 | CL: 312,Normal,Tidak Ideal (< 1:1),6,WAIT & SEE,TIDAK ADA,2026-08-03 15:55:01
15:55,HUMI,Mid Cap (Lapis 2),Overvalued (Mahal),258.18182,17750.0,142.0,128,108,148,3.64963503649635,100263300,Tembus MA20,61,Positif,Uptrend,Bullish,Strong Bullish,Perfect Uptrend (5>20>50),Akumulasi Kuat,Akumulasi (Naik),Normal,Seimbang / Adu Mekanik,Normal,Tinggi,Normal,Rawan Pucuk (High Risk),> 1 Miliar,Di Atas VWAP (Kuat),Akumulasi Pro (Smart Money),Ritel Aktif (5M - 50M),Anomali Tinggi (150-300%),Mark-Up (Fase Pesta),Spesialis Tiang Jemuran (Banting Pucuk),Normal,Naik 3 Hari Beruntun,TP: 155 | CL: 133,Normal,Tidak Ideal (< 1:1),8,BELI,TIDAK ADA,2026-08-03 15:55:01
15:55,CMNT,Big Cap (Lapis 1),Overvalued (Mahal),258.2237,5.41286,785.0,794,750,835,-1.875,16388700,Normal,45,Negatif,Downtrend,Bullish,Strong Bullish,Perfect Uptrend (5>20>50),Normal,Distribusi (Turun),Normal,Dominan Jual (Guyur),Squeeze,Rendah,Normal,Area Tengah,> 1 Miliar,Di Bawah VWAP (Lemah),Distribusi Pro (Guyuran),Ritel Aktif (5M - 50M),Normal (50-150%),Distribution (Fase Jualan),Normal,Normal,Turun 2 Hari Beruntun,TP: 821 | CL: 760,Open = High (Tekanan Jual),Menengah (1:1),2,WAIT & SEE,TIDAK ADA,2026-08-03 15:55:01
15:55,SMLE,Small Cap (Lapis 3),Overvalued (Mahal),0.0,3.6574967,163.0,139,101,165,3.821656050955414,2056200,Normal,72,Positif,Uptrend,Bullish,Strong Bullish,Perfect Uptrend (5>20>50),Normal,Distribusi (Turun),Normal,Dominan Beli (Hajar Kanan),Normal,Tinggi,Normal,Rawan Pucuk (High Risk),< 1 Miliar,Di Atas VWAP (Kuat),Akumulasi Pro (Smart Money),Gorengan Sepi (< 5M),Sepi (< 50%),Mark-Up (Fase Pesta),Normal,Normal,Naik 1 Hari Beruntun,TP: 178 | CL: 152,Normal,Tidak Ideal (< 1:1),6,WAIT & SEE,TIDAK ADA,2026-08-03 15:55:01
15:55,NICL,Mid Cap (Lapis 2),Overvalued (Mahal),18.174665,5.5055056,462.0,498,458,555,-2.941176470588235,11424800,Normal,37,Negatif,Downtrend,Bearish,Strong Bearish,Strong Downtrend (5<20<50),Normal,Distribusi (Turun),Normal,Dominan Jual (Guyur),Normal,Sedang,Normal,Dekat Support (Low Risk),> 1 Miliar,Di Bawah VWAP (Lemah),Akumulasi Pro (Smart Money),Ritel Aktif (5M - 50M),Normal (50-150%),Mark-Down (Fase Runtuh),Normal,Normal,Turun 2 Hari Beruntun,TP: 500 | CL: 436,Normal,Sangat Menarik (> 1:3),0,WAIT & SEE,TIDAK ADA,2026-08-03 15:55:01
15:55,BBTN,Big Cap (Lapis 1),Undervalued (Murah),4.059858,0.45214814,1215.0,1216,1155,1285,0.0,5065000,Normal,51,Negatif,Downtrend,Bearish,Bearish MACD,Konsolidasi / Transisi,Normal,Akumulasi (Naik),Normal,Dominan Beli (Hajar Kanan),Normal,Sedang,Doji (Ragu-ragu),Area Tengah,> 1 Miliar,Persis di VWAP,Akumulasi Pro (Smart Money),Ritel Aktif (5M - 50M),Sepi (< 50%),Distribution (Fase Jualan),Normal,Jarum Bawah (Sinyal Pantulan Kuat),Sideways / Stagnan,TP: 1264 | CL: 1182,Normal,Menengah (1:1),3,WAIT & SEE,TIDAK ADA,2026-08-03 15:55:01
15:55,VTNY,Small Cap (Lapis 3),Overvalued (Mahal),161.53847,0.94705504,64.0,62,56,72,1.5873015873015872,12260000,Normal,54,Positif,Uptrend,Bullish,Bearish MACD,Perfect Uptrend (5>20>50),Normal,Distribusi (Turun),Normal,Seimbang / Adu Mekanik,Normal,Tinggi,Normal,Rawan Pucuk (High Risk),< 1 Miliar,Persis di VWAP,Distribusi Pro (Guyuran),Gorengan Sepi (< 5M),Normal (50-150%),Mark-Up (Fase Pesta),Normal,Normal,Naik 1 Hari Beruntun,TP: 71 | CL: 59,Open = Low (Bullish Kuat),Menengah (1:1),4,WAIT & SEE,TIDAK ADA,2026-08-03 15:55:01
15:55,SLIS,Small Cap (Lapis 3),Fair Value (Wajar),0.0,0.4911554,63.0,61,57,71,0.0,5772900,Normal,53,Negatif,Uptrend,Bullish,Strong Bullish,Awal Reversal (5>20),Normal,Distribusi (Turun),Normal,Seimbang / Adu Mekanik,Normal,Sedang,Doji (Ragu-ragu),Rawan Pucuk (High Risk),< 1 Miliar,Di Atas VWAP (Kuat),Distribusi Pro (Guyuran),Gorengan Sepi (< 5M),Sepi (< 50%),Accumulation (Kumpul Barang),Normal,Normal,Sideways / Stagnan,TP: 68 | CL: 59,Normal,Menengah (1:1),4,WAIT & SEE,TIDAK ADA,2026-08-03 15:55:01
15:55,PYFA,Mid Cap (Lapis 2),Overvalued (Mahal),0.0,3.2175934,206.0,207,197,234,-1.9047619047619049,7622700,Normal,48,Negatif,Downtrend,Bearish,Bullish MACD,Konsolidasi / Transisi,Normal,Distribusi (Turun),Normal,Dominan Jual (Guyur),Normal,Sedang,Normal,Area Tengah,> 1 Miliar,Persis di VWAP,Distribusi Pro (Guyuran),Gorengan Sepi (< 5M),Normal (50-150%),Distribution (Fase Jualan),Spesialis Tiang Jemuran (Banting Pucuk),Normal,Turun 1 Hari Beruntun,TP: 222 | CL: 194,Normal,Sangat Menarik (> 1:3),1,WAIT & SEE,TIDAK ADA,2026-08-03 15:55:01
15:55,ACES,Mid Cap (Lapis 2),Undervalued (Murah),8.745341,0.94693655,354.0,350,330,368,-1.6666666666666667,12942300,Normal,56,Negatif,Uptrend,Bullish,Bearish MACD,Perfect Uptrend (5>20>50),Normal,Akumulasi (Naik),Normal,Dominan Jual (Guyur),Squeeze,Rendah,Normal,Area Tengah,> 1 Miliar,Persis di VWAP,Akumulasi Pro (Smart Money),Gorengan Sepi (< 5M),Normal (50-150%),Mark-Up (Fase Pesta),Normal,Normal,Turun 1 Hari Beruntun,TP: 366 | CL: 345,Normal,Tidak Ideal (< 1:1),4,WAIT & SEE,TIDAK ADA,2026-08-03 15:55:01
15:55,IBOS,Small Cap (Lapis 3),Overvalued (Mahal),246.15385,1.5066622,64.0,67,60,76,0.0,2212100,Normal,35,Negatif,Downtrend,Bearish,Bullish MACD,Strong Downtrend (5<20<50),Normal,Distribusi (Turun),Normal,Dominan Beli (Hajar Kanan),Normal,Tinggi,Doji (Ragu-ragu),Area Tengah,< 1 Miliar,Persis di VWAP,Distribusi Pro (Guyuran),Gorengan Sepi (< 5M),Sepi (< 50%),Mark-Down (Fase Runtuh),Normal,Jarum Bawah (Sinyal Pantulan Kuat),Sideways / Stagnan,TP: 71 | CL: 59,Normal,Sangat Menarik (> 1:3),2,WAIT & SEE,TIDAK ADA,2026-08-03 15:55:01
15:55,BAPA,Small Cap (Lapis 3),Fair Value (Wajar),0.0,0.9885739,172.0,241,150,496,2.9940119760479043,9783100,Normal,37,Positif,Downtrend,Bearish,Strong Bearish,Strong Downtrend (5<20<50),Normal,Akumulasi (Naik),Normal,Dominan Beli (Hajar Kanan),Normal,Tinggi,Normal,Rawan Pucuk (High Risk),> 1 Miliar,Di Atas VWAP (Kuat),Distribusi Pro (Guyuran),Gorengan Sepi (< 5M),Sepi (< 50%),Mark-Down (Fase Runtuh),Spesialis Tiang Jemuran (Banting Pucuk),Jarum Bawah (Sinyal Pantulan Kuat),Naik 2 Hari Beruntun,TP: 211 | CL: 146,Normal,Sangat Menarik (> 1:3),3,WAIT & SEE,TIDAK ADA,2026-08-03 15:55:01
15:55,INDO,Small Cap (Lapis 3),Fair Value (Wajar),16.779171,0.6884655,174.0,171,160,180,-1.1363636363636365,21478400,Normal,57,Negatif,Uptrend,Bullish,Strong Bullish,Perfect Uptrend (5>20>50),Normal,Akumulasi (Naik),Normal,Dominan Jual (Guyur),Squeeze,Rendah,Normal,Area Tengah,> 1 Miliar,Persis di VWAP,Distribusi Pro (Guyuran),Ritel Aktif (5M - 50M),Normal (50-150%),Mark-Up (Fase Pesta),Spesialis Tiang Jemuran (Banting Pucuk),Normal,Turun 1 Hari Beruntun,TP: 181 | CL: 168,Normal,Tidak Ideal (< 1:1),5,WAIT & SEE,TIDAK ADA,2026-08-03 15:55:01
15:55,NTBK,Small Cap (Lapis 3),Overvalued (Mahal),410.71426,2.6681361,92.0,94,70,113,-1.0752688172043012,30586800,Normal,55,Negatif,Downtrend,Death Cross,Bearish MACD,Konsolidasi / Transisi,Normal,Akumulasi (Naik),Gap Down (-2.2%),Seimbang / Adu Mekanik,Normal,Tinggi,Normal,Rawan Pucuk (High Risk),> 1 Miliar,Di Bawah VWAP (Lemah),Akumulasi Pro (Smart Money),Ritel Aktif (5M - 50M),Sepi (< 50%),Distribution (Fase Jualan),Normal,Normal,Turun 2 Hari Beruntun,TP: 103 | CL: 84,Normal,Tidak Ideal (< 1:1),2,WAIT & SEE,TIDAK ADA,2026-08-03 15:55:01
15:55,TINS,Big Cap (Lapis 1),Fair Value (Wajar),7.538794,2.8197963,3770.0,3522,3260,3940,-0.7894736842105263,34052800,Normal,61,Negatif,Uptrend,Bullish,Strong Bullish,Perfect Uptrend (5>20>50),Normal,Akumulasi (Naik),Normal,Dominan Jual (Guyur),Normal,Sedang,Normal,Rawan Pucuk (High Risk),> 1 Miliar,Di Atas VWAP (Kuat),Distribusi Pro (Guyuran),Sultan (> 50M/hari),Normal (50-150%),Mark-Up (Fase Pesta),Spesialis Tiang Jemuran (Banting Pucuk),Normal,Turun 1 Hari Beruntun,TP: 4003 | CL: 3614,Normal,Tidak Ideal (< 1:1),5,WAIT & SEE,TIDAK ADA,2026-08-03 15:55:01
15:55,GPRA,Small Cap (Lapis 3),Undervalued (Murah),8.547718,0.32259277,103.0,101,96,110,0.9803921568627451,74618800,Tembus MA20,52,Positif,Uptrend,Bullish,Strong Bullish,Perfect Uptrend (5>20>50),Normal,Akumulasi (Naik),Normal,Seimbang / Adu Mekanik,Normal,Sedang,Normal,Area Tengah,> 1 Miliar,Persis di VWAP,Akumulasi Pro (Smart Money),Ritel Aktif (5M - 50M),Normal (50-150%),Mark-Up (Fase Pesta),Spesialis Tiang Jemuran (Banting Pucuk),Normal,Naik 1 Hari Beruntun,TP: 110 | CL: 97,Normal,Menengah (1:1),7,BELI,TIDAK ADA,2026-08-03 15:55:01
15:55,PMUI,Small Cap (Lapis 3),Fair Value (Wajar),0.0,1.3907815,97.0,85,79,110,2.1052631578947367,20571500,Tembus MA20,72,Positif,Uptrend,Bullish,Strong Bullish,Perfect Uptrend (5>20>50),Normal,Akumulasi (Naik),Normal,Seimbang / Adu Mekanik,Breakout Upper,Tinggi,Doji (Ragu-ragu),Rawan Pucuk (High Risk),> 1 Miliar,Di Atas VWAP (Kuat),Distribusi Pro (Guyuran),Gorengan Sepi (< 5M),Normal (50-150%),Mark-Up (Fase Pesta),Spesialis Tiang Jemuran (Banting Pucuk),Normal,Naik 2 Hari Beruntun,TP: 105 | CL: 91,Normal,Tidak Ideal (< 1:1),7,BELI,TIDAK ADA,2026-08-03 15:55:01
15:55,DGWG,Mid Cap (Lapis 2),Fair Value (Wajar),6.904762,1.544673,290.0,283,272,306,2.112676056338028,10121900,Tembus MA20,53,Positif,Uptrend,Bearish,Bullish MACD,Strong Downtrend (5<20<50),Normal,Akumulasi (Naik),Normal,Dominan Beli (Hajar Kanan),Squeeze,Rendah,Normal,Area Tengah,> 1 Miliar,Di Atas VWAP (Kuat),Akumulasi Pro (Smart Money),Gorengan Sepi (< 5M),Normal (50-150%),Accumulation (Kumpul Barang),Normal,Normal,Naik 3 Hari Beruntun,TP: 299 | CL: 283,Open = Low (Bullish Kuat),Tidak Ideal (< 1:1),7,BELI,TIDAK ADA,2026-08-03 15:55:01
15:55,FOLK,Small Cap (Lapis 3),Overvalued (Mahal),209.90099,5.6391973,212.0,210,185,250,0.9523809523809524,3315800,Normal,51,Positif,Uptrend,Bearish,Bearish MACD,Konsolidasi / Transisi,Normal,Distribusi (Turun),Normal,Dominan Beli (Hajar Kanan),Normal,Tinggi,Normal,Rawan Pucuk (High Risk),< 1 Miliar,Di Atas VWAP (Kuat),Akumulasi Pro (Smart Money),Gorengan Sepi (< 5M),Normal (50-150%),Mark-Up (Fase Pesta),Solid (Jarang Dibanting),Normal,Naik 2 Hari Beruntun,TP: 234 | CL: 197,Normal,Menengah (1:1),4,WAIT & SEE,TIDAK ADA,2026-08-03 15:55:01
15:55,BCIP,Small Cap (Lapis 3),Undervalued (Murah),3.409091,0.17645526,63.0,61,56,68,-1.5625,31705500,Tembus MA20,56,Negatif,Uptrend,Bullish,Strong Bullish,Perfect Uptrend (5>20>50),Normal,Distribusi (Turun),Normal,Seimbang / Adu Mekanik,Normal,Sedang,Normal,Rawan Pucuk (High Risk),> 1 Miliar,Persis di VWAP,Distribusi Pro (Guyuran),Gorengan Sepi (< 5M),Anomali Tinggi (150-300%),Mark-Up (Fase Pesta),Spesialis Tiang Jemuran (Banting Pucuk),Normal,Turun 1 Hari Beruntun,TP: 67 | CL: 60,Normal,Tidak Ideal (< 1:1),5,WAIT & SEE,TIDAK ADA,2026-08-03 15:55:01
15:55,ARCI,Big Cap (Lapis 1),Overvalued (Mahal),12.120871,67187.5,1070.0,1049,920,1170,-0.46511627906976744,14362800,Normal,52,Negatif,Uptrend,Bullish,Strong Bullish,Perfect Uptrend (5>20>50),Normal,Akumulasi (Naik),Normal,Dominan Jual (Guyur),Normal,Tinggi,Normal,Rawan Pucuk (High Risk),> 1 Miliar,Persis di VWAP,Distribusi Pro (Guyuran),Ritel Aktif (5M - 50M),Sepi (< 50%),Mark-Up (Fase Pesta),Spesialis Tiang Jemuran (Banting Pucuk),Normal,Turun 1 Hari Beruntun,TP: 1147 | CL: 1018,Normal,Tidak Ideal (< 1:1),5,WAIT & SEE,TIDAK ADA,2026-08-03 15:55:01
15:55,DEFI,Small Cap (Lapis 3),Fair Value (Wajar),0.0,2.6658618,106.0,106,100,118,0.9523809523809524,11035700,Normal,46,Positif,Downtrend,Bearish,Bullish MACD,Strong Downtrend (5<20<50),Normal,Akumulasi (Naik),Normal,Seimbang / Adu Mekanik,Normal,Sedang,Normal,Area Tengah,> 1 Miliar,Persis di VWAP,Distribusi Pro (Guyuran),Gorengan Sepi (< 5M),Normal (50-150%),Mark-Down (Fase Runtuh),Spesialis Tiang Jemuran (Banting Pucuk),Normal,Naik 2 Hari Beruntun,TP: 114 | CL: 100,Normal,Ideal (1:2),3,WAIT & SEE,TIDAK ADA,2026-08-03 15:55:01
15:55,PADA,Small Cap (Lapis 3),Overvalued (Mahal),0.0,3.8790557,151.0,120,102,163,4.861111111111112,65050000,Tembus MA20,71,Positif,Uptrend,Bullish,Strong Bullish,Perfect Uptrend (5>20>50),Normal,Akumulasi (Naik),Gap Up (+2.1%),Seimbang / Adu Mekanik,Breakout Upper,Tinggi,Normal,Rawan Pucuk (High Risk),> 1 Miliar,Di Atas VWAP (Kuat),Distribusi Pro (Guyuran),Ritel Aktif (5M - 50M),Normal (50-150%),Mark-Up (Fase Pesta),Spesialis Tiang Jemuran (Banting Pucuk),Normal,Naik 4 Hari Beruntun,TP: 170 | CL: 138,Normal,Tidak Ideal (< 1:1),8,BELI,TIDAK ADA,2026-08-03 15:55:01
15:55,INCO,Big Cap (Lapis 1),Overvalued (Mahal),19.653202,19866.92,5225.0,4862,4460,5450,-0.9478672985781991,7493400,Normal,61,Negatif,Uptrend,Bullish,Strong Bullish,Perfect Uptrend (5>20>50),Normal,Akumulasi (Naik),Gap Up (+3.3%),Dominan Jual (Guyur),Normal,Tinggi,Normal,Rawan Pucuk (High Risk),> 1 Miliar,Di Atas VWAP (Kuat),Akumulasi Pro (Smart Money),Sultan (> 50M/hari),Sepi (< 50%),Mark-Up (Fase Pesta),Spesialis Tiang Jemuran (Banting Pucuk),Normal,Turun 1 Hari Beruntun,TP: 5547 | CL: 5010,Open = High (Tekanan Jual),Tidak Ideal (< 1:1),6,WAIT & SEE,TIDAK ADA,2026-08-03 15:55:01
15:55,HMSP,Big Cap (Lapis 1),Fair Value (Wajar),12.538122,2.828919,740.0,705,655,745,0.6802721088435374,12681200,Tembus MA20,69,Positif,Uptrend,Bullish,Strong Bullish,Perfect Uptrend (5>20>50),Normal,Akumulasi (Naik),Normal,Seimbang / Adu Mekanik,Normal,Sedang,Doji (Ragu-ragu),Rawan Pucuk (High Risk),> 1 Miliar,Di Atas VWAP (Kuat),Akumulasi Pro (Smart Money),Ritel Aktif (5M - 50M),Normal (50-150%),Mark-Up (Fase Pesta),Spesialis Tiang Jemuran (Banting Pucuk),Jarum Bawah (Sinyal Pantulan Kuat),Naik 3 Hari Beruntun,TP: 767 | CL: 721,Normal,Tidak Ideal (< 1:1),7,BELI,TIDAK ADA,2026-08-03 15:55:01
15:55,FUTR,Mid Cap (Lapis 2),Overvalued (Mahal),0.0,11.949496,318.0,250,210,336,13.571428571428571,137042400,Tembus MA20,72,Positif,Uptrend,Bullish,Strong Bullish,Perfect Uptrend (5>20>50),Akumulasi Kuat,Akumulasi (Naik),Normal,Seimbang / Adu Mekanik,Breakout Upper,Tinggi,Normal,Rawan Pucuk (High Risk),> 1 Miliar,Di Atas VWAP (Kuat),Akumulasi Pro (Smart Money),Ritel Aktif (5M - 50M),Anomali Tinggi (150-300%),Mark-Up (Fase Pesta),Spesialis Tiang Jemuran (Banting Pucuk),Normal,Naik 1 Hari Beruntun,TP: 358 | CL: 290,Open = Low (Bullish Kuat),Tidak Ideal (< 1:1),8,BELI,TIDAK ADA,2026-08-03 15:55:01
15:55,GULA,Small Cap (Lapis 3),Overvalued (Mahal),0.0,6.1210933,815.0,723,605,870,3.1645569620253164,17817300,Normal,64,Positif,Uptrend,Bullish,Strong Bullish,Perfect Uptrend (5>20>50),Normal,Akumulasi (Naik),Normal,Dominan Beli (Hajar Kanan),Normal,Tinggi,Marubozu (Strong Bullish),Rawan Pucuk (High Risk),> 1 Miliar,Di Atas VWAP (Kuat),Akumulasi Pro (Smart Money),Ritel Aktif (5M - 50M),Sepi (< 50%),Mark-Up (Fase Pesta),Solid (Jarang Dibanting),Normal,Naik 1 Hari Beruntun,TP: 905 | CL: 754,Normal,Tidak Ideal (< 1:1),7,BELI,TIDAK ADA,2026-08-03 15:55:01
15:55,IATA,Mid Cap (Lapis 2),Overvalued (Mahal),51.381218,31000.0,92.0,61,55,99,21.052631578947366,2974434700,Tembus MA20,82,Positif,Uptrend,Bullish,Strong Bullish,Awal Reversal (5>20),Akumulasi Kuat,Akumulasi (Naik),Gap Up (+6.6%),Seimbang / Adu Mekanik,Breakout Upper,Tinggi,Normal,Rawan Pucuk (High Risk),> 1 Miliar,Di Atas VWAP (Kuat),Akumulasi Pro (Smart Money),Sultan (> 50M/hari),Ledakan Ekstrem (> 300%),Accumulation (Kumpul Barang),Spesialis Tiang Jemuran (Banting Pucuk),Normal,Naik 2 Hari Beruntun,TP: 100 | CL: 86,Normal,Tidak Ideal (< 1:1),9,BELI,TIDAK ADA,2026-08-03 15:55:01
15:55,KRYA,Small Cap (Lapis 3),Overvalued (Mahal),0.0,4.6275225,61.0,59,56,67,3.389830508474576,30217100,Normal,57,Positif,Uptrend,Bearish,Strong Bullish,Konsolidasi / Transisi,Normal,Akumulasi (Naik),Normal,Seimbang / Adu Mekanik,Squeeze,Rendah,Normal,Area Tengah,> 1 Miliar,Di Atas VWAP (Kuat),Distribusi Pro (Guyuran),Gorengan Sepi (< 5M),Normal (50-150%),Mark-Up (Fase Pesta),Spesialis Tiang Jemuran (Banting Pucuk),Normal,Naik 1 Hari Beruntun,TP: 66 | CL: 57,Open = Low (Bullish Kuat),Menengah (1:1),5,WAIT & SEE,TIDAK ADA,2026-08-03 15:55:01
15:55,JPFA,Big Cap (Lapis 1),Undervalued (Murah),4.9209695,1.2283851,2170.0,2078,1950,2250,0.9302325581395349,11484900,Tembus MA20,60,Positif,Uptrend,Bullish,Strong Bullish,Awal Reversal (5>20),Normal,Akumulasi (Naik),Gap Up (+4.7%),Seimbang / Adu Mekanik,Normal,Sedang,Normal,Rawan Pucuk (High Risk),> 1 Miliar,Di Atas VWAP (Kuat),Distribusi Pro (Guyuran),Ritel Aktif (5M - 50M),Normal (50-150%),Accumulation (Kumpul Barang),Spesialis Tiang Jemuran (Banting Pucuk),Normal,Naik 1 Hari Beruntun,TP: 2276 | CL: 2099,Open = High (Tekanan Jual),Tidak Ideal (< 1:1),8,BELI,TIDAK ADA,2026-08-03 15:55:01
15:55,CBRE,Mid Cap (Lapis 2),Overvalued (Mahal),0.0,58.095154,685.0,710,650,820,0.7352941176470588,7442300,Normal,46,Positif,Downtrend,Bearish,Strong Bearish,Konsolidasi / Transisi,Normal,Distribusi (Turun),Normal,Dominan Jual (Guyur),Normal,Tinggi,Doji (Ragu-ragu),Area Tengah,> 1 Miliar,Persis di VWAP,Distribusi Pro (Guyuran),Ritel Aktif (5M - 50M),Sepi (< 50%),Distribution (Fase Jualan),Normal,Normal,Naik 1 Hari Beruntun,TP: 748 | CL: 642,Normal,Sangat Menarik (> 1:3),1,WAIT & SEE,TIDAK ADA,2026-08-03 15:55:01
15:55,DOOH,Mid Cap (Lapis 2),Overvalued (Mahal),79.518074,8.21483,262.0,165,110,280,5.64516129032258,197468000,Tembus MA20,84,Positif,Uptrend,Bullish,Strong Bullish,Perfect Uptrend (5>20>50),Normal,Akumulasi (Naik),Gap Up (+2.4%),Seimbang / Adu Mekanik,Normal,Tinggi,Normal,Rawan Pucuk (High Risk),> 1 Miliar,Di Atas VWAP (Kuat),Distribusi Pro (Guyuran),Sultan (> 50M/hari),Normal (50-150%),Mark-Up (Fase Pesta),Normal,Normal,Naik 4 Hari Beruntun,TP: 297 | CL: 238,Normal,Tidak Ideal (< 1:1),8,BELI,TIDAK ADA,2026-08-03 15:55:01
15:55,DILD,Mid Cap (Lapis 2),Fair Value (Wajar),21.586716,0.2144314,117.0,115,111,122,0.0,7832500,Normal,55,Negatif,Uptrend,Bullish,Strong Bullish,Perfect Uptrend (5>20>50),Normal,Akumulasi (Naik),Normal,Dominan Beli (Hajar Kanan),Squeeze,Rendah,Doji (Ragu-ragu),Area Tengah,< 1 Miliar,Di Atas VWAP (Kuat),Akumulasi Pro (Smart Money),Gorengan Sepi (< 5M),Normal (50-150%),Mark-Up (Fase Pesta),Spesialis Tiang Jemuran (Banting Pucuk),Jarum Bawah (Sinyal Pantulan Kuat),Sideways / Stagnan,TP: 121 | CL: 114,Normal,Tidak Ideal (< 1:1),6,WAIT & SEE,TIDAK ADA,2026-08-03 15:55:01
15:55,KJEN,Small Cap (Lapis 3),Fair Value (Wajar),0.0,1.1374651,143.0,127,109,162,-3.3783783783783785,8654200,Normal,62,Negatif,Uptrend,Bullish,Strong Bullish,Perfect Uptrend (5>20>50),Normal,Akumulasi (Naik),Gap Up (+4.7%),Dominan Jual (Guyur),Normal,Tinggi,Normal,Rawan Pucuk (High Risk),> 1 Miliar,Persis di VWAP,Akumulasi Pro (Smart Money),Ritel Aktif (5M - 50M),Sepi (< 50%),Mark-Up (Fase Pesta),Spesialis Tiang Jemuran (Banting Pucuk),Normal,Turun 2 Hari Beruntun,TP: 160 | CL: 131,Open = High (Tekanan Jual),Tidak Ideal (< 1:1),6,WAIT & SEE,TIDAK ADA,2026-08-03 15:55:01
15:55,MSJA,Mid Cap (Lapis 2),Overvalued (Mahal),20.184425,26266.668,394.0,406,390,424,0.5102040816326531,11685800,Normal,42,Positif,Downtrend,Bearish,Strong Bearish,Strong Downtrend (5<20<50),Normal,Akumulasi (Naik),Normal,Seimbang / Adu Mekanik,Squeeze,Rendah,Doji (Ragu-ragu),Dekat Support (Low Risk),> 1 Miliar,Di Bawah VWAP (Lemah),Distribusi Pro (Guyuran),Ritel Aktif (5M - 50M),Normal (50-150%),Mark-Down (Fase Runtuh),Solid (Jarang Dibanting),Normal,Naik 1 Hari Beruntun,TP: 411 | CL: 382,Normal,Sangat Menarik (> 1:3),2,WAIT & SEE,TIDAK ADA,2026-08-03 15:55:01
15:55,UNIQ,Small Cap (Lapis 3),Undervalued (Murah),13.038417,0.7696642,112.0,108,100,115,0.9009009009009009,523000,Normal,59,Positif,Uptrend,Bullish,Strong Bullish,Perfect Uptrend (5>20>50),Normal,Akumulasi (Naik),Normal,Seimbang / Adu Mekanik,Normal,Sedang,Doji (Ragu-ragu),Rawan Pucuk (High Risk),< 1 Miliar,Di Atas VWAP (Kuat),Distribusi Pro (Guyuran),Gorengan Sepi (< 5M),Sepi (< 50%),Mark-Up (Fase Pesta),Spesialis Tiang Jemuran (Banting Pucuk),Normal,Naik 3 Hari Beruntun,TP: 120 | CL: 106,Normal,Tidak Ideal (< 1:1),6,WAIT & SEE,TIDAK ADA,2026-08-03 15:55:01
15:55,MPPA,Mid Cap (Lapis 2),Fair Value (Wajar),0.0,-146.41743,47.0,47,46,52,0.0,5569300,Normal,49,Negatif,Downtrend,Bullish,Bearish MACD,Perfect Uptrend (5>20>50),Normal,Distribusi (Turun),Normal,Tidak Ada Transaksi,Normal,Sedang,Doji (Ragu-ragu),Dekat Support (Low Risk),< 1 Miliar,Di Bawah VWAP (Lemah),Distribusi Pro (Guyuran),Gorengan Sepi (< 5M),Sepi (< 50%),Distribution (Fase Jualan),Normal,Normal,Sideways / Stagnan,TP: 48 | CL: 45,Normal,Sangat Menarik (> 1:3),1,WAIT & SEE,TIDAK ADA,2026-08-03 15:55:01
15:55,WBSA,Mid Cap (Lapis 2),Fair Value (Wajar),0.0,0.0,620.0,624,580,670,-1.5873015873015872,12091500,Normal,43,Negatif,Downtrend,Bearish,Bullish MACD,Strong Downtrend (5<20<50),Normal,Akumulasi (Naik),Normal,Dominan Jual (Guyur),Normal,Sedang,Normal,Area Tengah,> 1 Miliar,Di Atas VWAP (Kuat),Akumulasi Pro (Smart Money),Ritel Aktif (5M - 50M),Normal (50-150%),Mark-Down (Fase Runtuh),Spesialis Tiang Jemuran (Banting Pucuk),Normal,Turun 1 Hari Beruntun,TP: 665 | CL: 589,Normal,Menengah (1:1),2,WAIT & SEE,TIDAK ADA,2026-08-03 15:55:01
15:55,WIFI,Big Cap (Lapis 1),Fair Value (Wajar),19.438976,1.4046701,1975.0,1902,1605,2150,-1.25,9226700,Normal,57,Negatif,Uptrend,Bullish,Strong Bullish,Perfect Uptrend (5>20>50),Normal,Distribusi (Turun),Normal,Dominan Jual (Guyur),Normal,Tinggi,Normal,Rawan Pucuk (High Risk),> 1 Miliar,Persis di VWAP,Distribusi Pro (Guyuran),Ritel Aktif (5M - 50M),Normal (50-150%),Mark-Up (Fase Pesta),Spesialis Tiang Jemuran (Banting Pucuk),Normal,Turun 1 Hari Beruntun,TP: 2120 | CL: 1877,Normal,Tidak Ideal (< 1:1),4,WAIT & SEE,TIDAK ADA,2026-08-03 15:55:01
15:55,GTSI,Mid Cap (Lapis 2),Overvalued (Mahal),0.0,52333.332,157.0,141,120,168,2.6143790849673203,99082800,Tembus MA20,59,Positif,Uptrend,Bullish,Strong Bullish,Perfect Uptrend (5>20>50),Akumulasi Kuat,Akumulasi (Naik),Normal,Seimbang / Adu Mekanik,Normal,Tinggi,Normal,Rawan Pucuk (High Risk),> 1 Miliar,Di Atas VWAP (Kuat),Akumulasi Pro (Smart Money),Ritel Aktif (5M - 50M),Anomali Tinggi (150-300%),Mark-Up (Fase Pesta),Spesialis Tiang Jemuran (Banting Pucuk),Normal,Naik 3 Hari Beruntun,TP: 173 | CL: 145,Normal,Tidak Ideal (< 1:1),8,BELI,TIDAK ADA,2026-08-03 15:55:01
15:55,OASA,Mid Cap (Lapis 2),Overvalued (Mahal),0.0,3.7742972,320.0,314,242,380,-1.2345679012345678,9768700,Normal,53,Negatif,Uptrend,Bullish,Bearish MACD,Perfect Uptrend (5>20>50),Normal,Akumulasi (Naik),Normal,Dominan Jual (Guyur),Normal,Tinggi,Normal,Rawan Pucuk (High Risk),> 1 Miliar,Persis di VWAP,Distribusi Pro (Guyuran),Ritel Aktif (5M - 50M),Sepi (< 50%),Mark-Up (Fase Pesta),Solid (Jarang Dibanting),Normal,Turun 1 Hari Beruntun,TP: 350 | CL: 299,Normal,Tidak Ideal (< 1:1),4,WAIT & SEE,TIDAK ADA,2026-08-03 15:55:01
15:55,MEDS,Small Cap (Lapis 3),Fair Value (Wajar),0.0,2.4422379,77.0,78,68,97,1.3157894736842104,39336000,Normal,50,Positif,Downtrend,Bearish,Strong Bearish,Konsolidasi / Transisi,Normal,Akumulasi (Naik),Normal,Seimbang / Adu Mekanik,Normal,Tinggi,Doji (Ragu-ragu),Rawan Pucuk (High Risk),> 1 Miliar,Persis di VWAP,Distribusi Pro (Guyuran),Gorengan Sepi (< 5M),Normal (50-150%),Distribution (Fase Jualan),Spesialis Tiang Jemuran (Banting Pucuk),Normal,Naik 2 Hari Beruntun,TP: 83 | CL: 72,Normal,Ideal (1:2),2,WAIT & SEE,TIDAK ADA,2026-08-03 15:55:01
15:55,MIDI,Mid Cap (Lapis 2),Fair Value (Wajar),10.47081,2.0068436,278.0,285,272,296,-2.112676056338028,3136700,Normal,45,Negatif,Downtrend,Bearish,Strong Bearish,Konsolidasi / Transisi,Normal,Akumulasi (Naik),Normal,Dominan Jual (Guyur),Squeeze,Rendah,Normal,Dekat Support (Low Risk),< 1 Miliar,Di Bawah VWAP (Lemah),Distribusi Pro (Guyuran),Gorengan Sepi (< 5M),Sepi (< 50%),Distribution (Fase Jualan),Normal,Normal,Turun 2 Hari Beruntun,TP: 293 | CL: 268,Normal,Sangat Menarik (> 1:3),1,WAIT & SEE,TIDAK ADA,2026-08-03 15:55:01
15:55,ADRO,Big Cap (Lapis 1),Overvalued (Mahal),8.020615,14647.059,2480.0,2469,2270,2590,0.8130081300813009,13003400,Normal,54,Positif,Uptrend,Bullish,Bearish MACD,Perfect Uptrend (5>20>50),Normal,Distribusi (Turun),Normal,Seimbang / Adu Mekanik,Normal,Sedang,Normal,Area Tengah,> 1 Miliar,Persis di VWAP,Akumulasi Pro (Smart Money),Sultan (> 50M/hari),Sepi (< 50%),Mark-Up (Fase Pesta),Normal,Normal,Naik 1 Hari Beruntun,TP: 2577 | CL: 2415,Normal,Tidak Ideal (< 1:1),4,WAIT & SEE,TIDAK ADA,2026-08-03 15:55:01
15:55,UNVR,Big Cap (Lapis 1),Overvalued (Mahal),17.81885,10.10335,1745.0,1708,1655,1775,-0.5698005698005698,6166400,Normal,58,Negatif,Uptrend,Bullish,Strong Bullish,Perfect Uptrend (5>20>50),Normal,Akumulasi (Naik),Normal,Dominan Jual (Guyur),Squeeze,Rendah,Normal,Area Tengah,> 1 Miliar,Di Atas VWAP (Kuat),Akumulasi Pro (Smart Money),Ritel Aktif (5M - 50M),Sepi (< 50%),Mark-Up (Fase Pesta),Normal,Normal,Turun 1 Hari Beruntun,TP: 1798 | CL: 1709,Normal,Tidak Ideal (< 1:1),5,WAIT & SEE,TIDAK ADA,2026-08-03 15:55:01
15:55,KETR,Mid Cap (Lapis 2),Undervalued (Murah),9.443594,1.3025417,555.0,542,500,610,0.0,11555600,Normal,53,Negatif,Uptrend,Bullish,Strong Bullish,Awal Reversal (5>20),Normal,Akumulasi (Naik),Normal,Dominan Jual (Guyur),Normal,Tinggi,Normal,Rawan Pucuk (High Risk),> 1 Miliar,Persis di VWAP,Akumulasi Pro (Smart Money),Ritel Aktif (5M - 50M),Normal (50-150%),Accumulation (Kumpul Barang),Normal,Normal,Sideways / Stagnan,TP: 600 | CL: 524,Normal,Menengah (1:1),5,WAIT & SEE,TIDAK ADA,2026-08-03 15:55:01
15:55,HATM,Mid Cap (Lapis 2),Overvalued (Mahal),97.985344,2.8352332,535.0,465,388,595,0.9433962264150944,15024600,Normal,66,Positif,Uptrend,Bullish,Strong Bullish,Perfect Uptrend (5>20>50),Normal,Akumulasi (Naik),Normal,Dominan Beli (Hajar Kanan),Normal,Tinggi,Normal,Rawan Pucuk (High Risk),> 1 Miliar,Di Atas VWAP (Kuat),Akumulasi Pro (Smart Money),Ritel Aktif (5M - 50M),Normal (50-150%),Mark-Up (Fase Pesta),Solid (Jarang Dibanting),Jarum Bawah (Sinyal Pantulan Kuat),Naik 1 Hari Beruntun,TP: 592 | CL: 497,Normal,Tidak Ideal (< 1:1),7,BELI,TIDAK ADA,2026-08-03 15:55:01
15:55,UNTD,Small Cap (Lapis 3),Fair Value (Wajar),0.0,0.96926224,80.0,77,68,86,0.0,6624500,Normal,62,Negatif,Uptrend,Bullish,Strong Bullish,Perfect Uptrend (5>20>50),Normal,Akumulasi (Naik),Normal,Seimbang / Adu Mekanik,Normal,Sedang,Normal,Rawan Pucuk (High Risk),< 1 Miliar,Persis di VWAP,Distribusi Pro (Guyuran),Gorengan Sepi (< 5M),Normal (50-150%),Mark-Up (Fase Pesta),Spesialis Tiang Jemuran (Banting Pucuk),Normal,Sideways / Stagnan,TP: 86 | CL: 75,Open = High (Tekanan Jual),Tidak Ideal (< 1:1),5,WAIT & SEE,TIDAK ADA,2026-08-03 15:55:01
15:55,ELSA,Mid Cap (Lapis 2),Undervalued (Murah),6.300268,0.9486402,705.0,659,560,720,1.4388489208633095,38544000,Tembus MA20,65,Positif,Uptrend,Bullish,Strong Bullish,Perfect Uptrend (5>20>50),Normal,Akumulasi (Naik),Normal,Seimbang / Adu Mekanik,Normal,Tinggi,Normal,Rawan Pucuk (High Risk),> 1 Miliar,Di Atas VWAP (Kuat),Akumulasi Pro (Smart Money),Ritel Aktif (5M - 50M),Normal (50-150%),Mark-Up (Fase Pesta),Solid (Jarang Dibanting),Normal,Naik 3 Hari Beruntun,TP: 741 | CL: 680,Normal,Tidak Ideal (< 1:1),7,BELI,TIDAK ADA,2026-08-03 15:55:01
15:55,NPGF,Small Cap (Lapis 3),Overvalued (Mahal),2950.0,0.79281896,59.0,58,54,63,-1.6666666666666667,29052600,Tembus MA20,49,Negatif,Uptrend,Bullish,Strong Bullish,Awal Reversal (5>20),Normal,Distribusi (Turun),Normal,Seimbang / Adu Mekanik,Normal,Sedang,Normal,Area Tengah,> 1 Miliar,Di Bawah VWAP (Lemah),Akumulasi Pro (Smart Money),Gorengan Sepi (< 5M),Normal (50-150%),Accumulation (Kumpul Barang),Spesialis Tiang Jemuran (Banting Pucuk),Normal,Turun 2 Hari Beruntun,TP: 64 | CL: 55,Normal,Tidak Ideal (< 1:1),4,WAIT & SEE,TIDAK ADA,2026-08-03 15:55:01
15:55,BIPP,Small Cap (Lapis 3),Fair Value (Wajar),0.0,0.39440817,63.0,65,54,78,3.278688524590164,9180300,Normal,50,Positif,Downtrend,Bearish,Bearish MACD,Konsolidasi / Transisi,Normal,Distribusi (Turun),Normal,Seimbang / Adu Mekanik,Normal,Tinggi,Normal,Rawan Pucuk (High Risk),< 1 Miliar,Di Atas VWAP (Kuat),Distribusi Pro (Guyuran),Gorengan Sepi (< 5M),Normal (50-150%),Distribution (Fase Jualan),Spesialis Tiang Jemuran (Banting Pucuk),Normal,Naik 1 Hari Beruntun,TP: 69 | CL: 58,Open = Low (Bullish Kuat),Ideal (1:2),1,WAIT & SEE,TIDAK ADA,2026-08-03 15:55:01
15:55,ICON,Small Cap (Lapis 3),Fair Value (Wajar),0.0,0.7548836,106.0,105,96,115,-0.9345794392523363,1596200,Normal,49,Negatif,Uptrend,Bullish,Bullish MACD,Perfect Uptrend (5>20>50),Normal,Akumulasi (Naik),Normal,Dominan Jual (Guyur),Squeeze,Rendah,Normal,Rawan Pucuk (High Risk),< 1 Miliar,Persis di VWAP,Akumulasi Pro (Smart Money),Gorengan Sepi (< 5M),Sepi (< 50%),Mark-Up (Fase Pesta),Spesialis Tiang Jemuran (Banting Pucuk),Normal,Turun 1 Hari Beruntun,TP: 113 | CL: 101,Normal,Tidak Ideal (< 1:1),4,WAIT & SEE,TIDAK ADA,2026-08-03 15:55:01
15:55,INDY,Big Cap (Lapis 1),Overvalued (Mahal),65.031685,10260.869,2360.0,2362,1915,2730,-10.26615969581749,47896300,Tembus MA20,49,Negatif,Downtrend,Bullish,Strong Bullish,Perfect Uptrend (5>20>50),Normal,Distribusi (Turun),Normal,Dominan Jual (Guyur),Normal,Tinggi,Normal,Rawan Pucuk (High Risk),> 1 Miliar,Di Bawah VWAP (Lemah),Distribusi Pro (Guyuran),Sultan (> 50M/hari),Normal (50-150%),Distribution (Fase Jualan),Normal,Normal,Turun 1 Hari Beruntun,TP: 2617 | CL: 2188,Open = High (Tekanan Jual),Tidak Ideal (< 1:1),3,WAIT & SEE,TIDAK ADA,2026-08-03 15:55:01
15:55,SEMA,Small Cap (Lapis 3),Undervalued (Murah),5.666533,0.8196993,99.0,94,88,110,1.0204081632653061,411900,Normal,60,Positif,Uptrend,Bullish,Strong Bullish,Awal Reversal (5>20),Normal,Akumulasi (Naik),Normal,Seimbang / Adu Mekanik,Normal,Sedang,Doji (Ragu-ragu),Rawan Pucuk (High Risk),< 1 Miliar,Persis di VWAP,Distribusi Pro (Guyuran),Gorengan Sepi (< 5M),Sepi (< 50%),Accumulation (Kumpul Barang),Spesialis Tiang Jemuran (Banting Pucuk),Normal,Naik 3 Hari Beruntun,TP: 106 | CL: 94,Normal,Menengah (1:1),6,WAIT & SEE,TIDAK ADA,2026-08-03 15:55:01
15:55,SSMS,Mid Cap (Lapis 2),Overvalued (Mahal),7.066381,3.6161082,990.0,910,750,1020,-1.0,8628800,Normal,69,Negatif,Uptrend,Bullish,Strong Bullish,Perfect Uptrend (5>20>50),Normal,Akumulasi (Naik),Normal,Seimbang / Adu Mekanik,Normal,Tinggi,Normal,Rawan Pucuk (High Risk),> 1 Miliar,Di Atas VWAP (Kuat),Akumulasi Pro (Smart Money),Ritel Aktif (5M - 50M),Normal (50-150%),Mark-Up (Fase Pesta),Normal,Normal,Turun 1 Hari Beruntun,TP: 1059 | CL: 943,Open = High (Tekanan Jual),Tidak Ideal (< 1:1),5,WAIT & SEE,TIDAK ADA,2026-08-03 15:55:01
15:55,SDMU,Small Cap (Lapis 3),Fair Value (Wajar),0.0,2.2722638,78.0,80,73,88,0.0,2397900,Normal,45,Negatif,Downtrend,Bearish,Strong Bearish,Konsolidasi / Transisi,Normal,Akumulasi (Naik),Normal,Seimbang / Adu Mekanik,Normal,Sedang,Doji (Ragu-ragu),Area Tengah,< 1 Miliar,Di Bawah VWAP (Lemah),Distribusi Pro (Guyuran),Gorengan Sepi (< 5M),Sepi (< 50%),Distribution (Fase Jualan),Spesialis Tiang Jemuran (Banting Pucuk),Normal,Sideways / Stagnan,TP: 84 | CL: 74,Normal,Ideal (1:2),1,WAIT & SEE,TIDAK ADA,2026-08-03 15:55:01
15:55,PIPA,Small Cap (Lapis 3),Fair Value (Wajar),0.0,0.6403757,119.0,120,111,133,-0.8333333333333334,17155900,Normal,51,Negatif,Downtrend,Bearish,Bearish MACD,Konsolidasi / Transisi,Normal,Akumulasi (Naik),Normal,Dominan Jual (Guyur),Normal,Tinggi,Normal,Area Tengah,> 1 Miliar,Persis di VWAP,Distribusi Pro (Guyuran),Gorengan Sepi (< 5M),Sepi (< 50%),Distribution (Fase Jualan),Spesialis Tiang Jemuran (Banting Pucuk),Normal,Turun 1 Hari Beruntun,TP: 128 | CL: 112,Normal,Ideal (1:2),2,WAIT & SEE,TIDAK ADA,2026-08-03 15:55:01
15:55,EMDE,Small Cap (Lapis 3),Fair Value (Wajar),0.0,0.13182986,71.0,69,65,78,2.898550724637681,39544600,Tembus MA20,56,Positif,Uptrend,Bearish,Bearish MACD,Konsolidasi / Transisi,Distribusi Kuat,Akumulasi (Naik),Gap Up (+5.8%),Dominan Jual (Guyur),Normal,Sedang,Normal,Area Tengah,> 1 Miliar,Persis di VWAP,Distribusi Pro (Guyuran),Gorengan Sepi (< 5M),Anomali Tinggi (150-300%),Mark-Up (Fase Pesta),Spesialis Tiang Jemuran (Banting Pucuk),Normal,Naik 1 Hari Beruntun,TP: 76 | CL: 67,Normal,Menengah (1:1),6,WAIT & SEE,TIDAK ADA,2026-08-03 15:55:01
15:55,BDKR,Small Cap (Lapis 3),Overvalued (Mahal),29.454546,0.98415035,162.0,149,142,165,4.516129032258064,29584500,Tembus MA20,67,Positif,Uptrend,Bullish,Strong Bullish,Perfect Uptrend (5>20>50),Akumulasi Kuat,Akumulasi (Naik),Normal,Seimbang / Adu Mekanik,Breakout Upper,Sedang,Normal,Rawan Pucuk (High Risk),> 1 Miliar,Di Atas VWAP (Kuat),Akumulasi Pro (Smart Money),Gorengan Sepi (< 5M),Anomali Tinggi (150-300%),Mark-Up (Fase Pesta),Normal,Normal,Naik 1 Hari Beruntun,TP: 169 | CL: 156,Open = Low (Bullish Kuat),Tidak Ideal (< 1:1),8,BELI,TIDAK ADA,2026-08-03 15:55:01
15:55,DFAM,Small Cap (Lapis 3),Overvalued (Mahal),0.0,25.335775,82.0,82,72,103,2.5,5080100,Normal,46,Positif,Downtrend,Bearish,Bullish MACD,Strong Downtrend (5<20<50),Normal,Akumulasi (Naik),Normal,Seimbang / Adu Mekanik,Normal,Sedang,Normal,Rawan Pucuk (High Risk),< 1 Miliar,Di Atas VWAP (Kuat),Distribusi Pro (Guyuran),Gorengan Sepi (< 5M),Sepi (< 50%),Mark-Down (Fase Runtuh),Spesialis Tiang Jemuran (Banting Pucuk),Normal,Naik 3 Hari Beruntun,TP: 89 | CL: 76,Normal,Ideal (1:2),3,WAIT & SEE,TIDAK ADA,2026-08-03 15:55:01
15:55,MGNA,Small Cap (Lapis 3),Overvalued (Mahal),3.136972,14.025071,113.0,96,86,163,-1.7391304347826086,8056000,Normal,63,Negatif,Uptrend,Bullish,Strong Bullish,Perfect Uptrend (5>20>50),Normal,Akumulasi (Naik),Gap Up (+3.5%),Dominan Jual (Guyur),Normal,Tinggi,Normal,Rawan Pucuk (High Risk),< 1 Miliar,Di Bawah VWAP (Lemah),Akumulasi Pro (Smart Money),Ritel Aktif (5M - 50M),Sepi (< 50%),Mark-Up (Fase Pesta),Spesialis Tiang Jemuran (Banting Pucuk),Normal,Turun 2 Hari Beruntun,TP: 127 | CL: 103,Open = High (Tekanan Jual),Ideal (1:2),6,WAIT & SEE,TIDAK ADA,2026-08-03 15:55:01
15:55,GSMF,Mid Cap (Lapis 2),Fair Value (Wajar),18.125,0.5336899,87.0,86,80,113,-1.1363636363636365,1223300,Normal,51,Negatif,Uptrend,Bullish,Strong Bullish,Perfect Uptrend (5>20>50),Normal,Distribusi (Turun),Normal,Seimbang / Adu Mekanik,Normal,Sedang,Normal,Area Tengah,< 1 Miliar,Persis di VWAP,Akumulasi Pro (Smart Money),Gorengan Sepi (< 5M),Sepi (< 50%),Mark-Up (Fase Pesta),Normal,Normal,Turun 1 Hari Beruntun,TP: 95 | CL: 81,Normal,Sangat Menarik (> 1:3),4,WAIT & SEE,TIDAK ADA,2026-08-03 15:55:01
15:55,PGEO,Big Cap (Lapis 1),Overvalued (Mahal),16.027159,21145.834,1015.0,999,875,1050,0.49504950495049505,3987600,Normal,59,Positif,Uptrend,Bullish,Bearish MACD,Perfect Uptrend (5>20>50),Normal,Akumulasi (Naik),Normal,Seimbang / Adu Mekanik,Normal,Sedang,Normal,Rawan Pucuk (High Risk),> 1 Miliar,Persis di VWAP,Akumulasi Pro (Smart Money),Ritel Aktif (5M - 50M),Sepi (< 50%),Mark-Up (Fase Pesta),Normal,Normal,Naik 1 Hari Beruntun,TP: 1062 | CL: 983,Open = High (Tekanan Jual),Tidak Ideal (< 1:1),5,WAIT & SEE,TIDAK ADA,2026-08-03 15:55:01
15:55,OILS,Small Cap (Lapis 3),Fair Value (Wajar),0.0,1.0527531,228.0,221,182,280,-1.7241379310344827,5964700,Normal,55,Negatif,Uptrend,Bullish,Strong Bullish,Perfect Uptrend (5>20>50),Normal,Akumulasi (Naik),Normal,Dominan Beli (Hajar Kanan),Normal,Tinggi,Doji (Ragu-ragu),Rawan Pucuk (High Risk),> 1 Miliar,Di Bawah VWAP (Lemah),Akumulasi Pro (Smart Money),Gorengan Sepi (< 5M),Sepi (< 50%),Mark-Up (Fase Pesta),Normal,Jarum Bawah (Sinyal Pantulan Kuat),Turun 1 Hari Beruntun,TP: 253 | CL: 211,Normal,Menengah (1:1),6,WAIT & SEE,TIDAK ADA,2026-08-03 15:55:01
15:55,OPMS,Small Cap (Lapis 3),Fair Value (Wajar),0.0,1.3023276,118.0,103,97,138,-9.230769230769232,72687000,Tembus MA20,63,Negatif,Uptrend,Bullish,Strong Bullish,Perfect Uptrend (5>20>50),Normal,Akumulasi (Naik),Normal,Dominan Jual (Guyur),Normal,Tinggi,Normal,Rawan Pucuk (High Risk),> 1 Miliar,Di Atas VWAP (Kuat),Distribusi Pro (Guyuran),Ritel Aktif (5M - 50M),Normal (50-150%),Mark-Up (Fase Pesta),Spesialis Tiang Jemuran (Banting Pucuk),Normal,Turun 1 Hari Beruntun,TP: 134 | CL: 107,Open = High (Tekanan Jual),Tidak Ideal (< 1:1),6,WAIT & SEE,TIDAK ADA,2026-08-03 15:55:01
15:55,RMKE,Mid Cap (Lapis 2),Overvalued (Mahal),36.964287,4.616568,414.0,433,390,514,-0.9569377990430622,57001000,Normal,42,Negatif,Downtrend,Bearish,Strong Bearish,Strong Downtrend (5<20<50),Normal,Distribusi (Turun),Normal,Dominan Jual (Guyur),Normal,Tinggi,Normal,Area Tengah,> 1 Miliar,Persis di VWAP,Distribusi Pro (Guyuran),Ritel Aktif (5M - 50M),Normal (50-150%),Mark-Down (Fase Runtuh),Spesialis Tiang Jemuran (Banting Pucuk),Normal,Turun 1 Hari Beruntun,TP: 455 | CL: 386,Normal,Sangat Menarik (> 1:3),0,WAIT & SEE,TIDAK ADA,2026-08-03 15:55:01
15:55,SNLK,Small Cap (Lapis 3),Fair Value (Wajar),0.0,0.6315831,226.0,221,214,238,2.727272727272727,14193400,Tembus MA20,53,Positif,Uptrend,Bullish,Bullish MACD,Awal Reversal (5>20),Normal,Akumulasi (Naik),Normal,Dominan Beli (Hajar Kanan),Squeeze,Rendah,Normal,Area Tengah,> 1 Miliar,Di Atas VWAP (Kuat),Akumulasi Pro (Smart Money),Gorengan Sepi (< 5M),Normal (50-150%),Accumulation (Kumpul Barang),Normal,Normal,Naik 1 Hari Beruntun,TP: 241 | CL: 216,Normal,Menengah (1:1),8,BELI,TIDAK ADA,2026-08-03 15:55:01
15:55,PSKT,Mid Cap (Lapis 2),Overvalued (Mahal),0.0,7.072136,220.0,204,186,230,-1.7857142857142856,6330300,Normal,61,Negatif,Uptrend,Bullish,Strong Bullish,Perfect Uptrend (5>20>50),Normal,Akumulasi (Naik),Normal,Seimbang / Adu Mekanik,Normal,Tinggi,Normal,Rawan Pucuk (High Risk),> 1 Miliar,Persis di VWAP,Akumulasi Pro (Smart Money),Gorengan Sepi (< 5M),Normal (50-150%),Mark-Up (Fase Pesta),Normal,Normal,Turun 1 Hari Beruntun,TP: 238 | CL: 207,Open = High (Tekanan Jual),Tidak Ideal (< 1:1),5,WAIT & SEE,TIDAK ADA,2026-08-03 15:55:01
15:55,KAQI,Small Cap (Lapis 3),Fair Value (Wajar),0.0,1.5733534,95.0,89,81,99,-2.0618556701030926,46025600,Normal,58,Negatif,Uptrend,Bullish,Strong Bullish,Perfect Uptrend (5>20>50),Normal,Akumulasi (Naik),Normal,Dominan Jual (Guyur),Normal,Tinggi,Normal,Rawan Pucuk (High Risk),> 1 Miliar,Di Atas VWAP (Kuat),Akumulasi Pro (Smart Money),Ritel Aktif (5M - 50M),Normal (50-150%),Mark-Up (Fase Pesta),Solid (Jarang Dibanting),Normal,Turun 1 Hari Beruntun,TP: 102 | CL: 90,Open = High (Tekanan Jual),Tidak Ideal (< 1:1),5,WAIT & SEE,TIDAK ADA,2026-08-03 15:55:01
15:55,DKHH,Small Cap (Lapis 3),Fair Value (Wajar),0.0,0.7745838,63.0,63,59,72,1.6129032258064515,7810700,Normal,52,Positif,Downtrend,Death Cross,Bearish MACD,Konsolidasi / Transisi,Normal,Distribusi (Turun),Normal,Seimbang / Adu Mekanik,Normal,Sedang,Doji (Ragu-ragu),Area Tengah,< 1 Miliar,Persis di VWAP,Distribusi Pro (Guyuran),Gorengan Sepi (< 5M),Normal (50-150%),Sideways,Spesialis Tiang Jemuran (Banting Pucuk),Normal,Naik 1 Hari Beruntun,TP: 67 | CL: 60,Normal,Ideal (1:2),2,WAIT & SEE,TIDAK ADA,2026-08-03 15:55:01
15:55,PTBA,Big Cap (Lapis 1),Undervalued (Murah),8.0,1.1351343,2320.0,2383,2310,2460,0.0,10772700,Normal,38,Negatif,Downtrend,Bearish,Strong Bearish,Strong Downtrend (5<20<50),Normal,Distribusi (Turun),Normal,Seimbang / Adu Mekanik,Squeeze,Rendah,Normal,Dekat Support (Low Risk),> 1 Miliar,Persis di VWAP,Distribusi Pro (Guyuran),Ritel Aktif (5M - 50M),Normal (50-150%),Mark-Down (Fase Runtuh),Normal,Normal,Sideways / Stagnan,TP: 2382 | CL: 2278,Open = High (Tekanan Jual),Sangat Menarik (> 1:3),0,WAIT & SEE,TIDAK ADA,2026-08-03 15:55:01
15:55,SIDO,Big Cap (Lapis 1),Overvalued (Mahal),9.112089,3.1804833,354.0,374,350,390,-2.209944751381215,58385200,Tembus MA20,29,Negatif,Downtrend,Bearish,Strong Bearish,Strong Downtrend (5<20<50),Distribusi Kuat,Distribusi (Turun),Normal,Seimbang / Adu Mekanik,Normal,Sedang,Normal,Dekat Support (Low Risk),> 1 Miliar,Di Bawah VWAP (Lemah),Distribusi Pro (Guyuran),Ritel Aktif (5M - 50M),Anomali Tinggi (150-300%),Mark-Down (Fase Runtuh),Normal,Normal,Turun 2 Hari Beruntun,TP: 363 | CL: 347,Normal,Sangat Menarik (> 1:3),1,WAIT & SEE,TIDAK ADA,2026-08-03 15:55:01
15:55,SMGR,Mid Cap (Lapis 2),Overvalued (Mahal),43.35685,0.22814122,1475.0,1469,1405,1550,1.0273972602739725,7313900,Normal,48,Positif,Uptrend,Bearish,Bullish MACD,Strong Downtrend (5<20<50),Normal,Distribusi (Turun),Normal,Seimbang / Adu Mekanik,Normal,Sedang,Normal,Area Tengah,> 1 Miliar,Persis di VWAP,Distribusi Pro (Guyuran),Ritel Aktif (5M - 50M),Normal (50-150%),Accumulation (Kumpul Barang),Spesialis Tiang Jemuran (Banting Pucuk),Normal,Naik 2 Hari Beruntun,TP: 1543 | CL: 1429,Normal,Menengah (1:1),3,WAIT & SEE,TIDAK ADA,2026-08-03 15:55:01
15:55,ADMR,Big Cap (Lapis 1),Overvalued (Mahal),11.636958,37375.0,1495.0,1491,1385,1625,-1.3201320132013201,12004700,Normal,50,Negatif,Uptrend,Bearish,Strong Bullish,Konsolidasi / Transisi,Normal,Distribusi (Turun),Normal,Dominan Jual (Guyur),Normal,Sedang,Normal,Area Tengah,> 1 Miliar,Persis di VWAP,Distribusi Pro (Guyuran),Ritel Aktif (5M - 50M),Sepi (< 50%),Mark-Up (Fase Pesta),Spesialis Tiang Jemuran (Banting Pucuk),Normal,Turun 1 Hari Beruntun,TP: 1583 | CL: 1436,Open = High (Tekanan Jual),Menengah (1:1),2,WAIT & SEE,TIDAK ADA,2026-08-03 15:55:01
15:55,CITY,Small Cap (Lapis 3),Overvalued (Mahal),39.40092,1.0289799,171.0,168,160,194,0.5882352941176471,436900,Normal,55,Positif,Uptrend,Golden Cross,Bearish MACD,Perfect Uptrend (5>20>50),Normal,Akumulasi (Naik),Normal,Dominan Jual (Guyur),Normal,Sedang,Doji (Ragu-ragu),Area Tengah,< 1 Miliar,Di Bawah VWAP (Lemah),Distribusi Pro (Guyuran),Gorengan Sepi (< 5M),Sepi (< 50%),Mark-Up (Fase Pesta),Spesialis Tiang Jemuran (Banting Pucuk),Normal,Naik 2 Hari Beruntun,TP: 184 | CL: 162,Normal,Ideal (1:2),5,WAIT & SEE,TIDAK ADA,2026-08-03 15:55:01
15:55,HAJJ,Small Cap (Lapis 3),Fair Value (Wajar),0.0,1.2174501,108.0,103,98,114,1.8867924528301887,6467100,Normal,56,Positif,Uptrend,Bullish,Strong Bullish,Awal Reversal (5>20),Normal,Akumulasi (Naik),Normal,Dominan Beli (Hajar Kanan),Normal,Sedang,Hammer (Potensi Reversal),Rawan Pucuk (High Risk),< 1 Miliar,Di Atas VWAP (Kuat),Akumulasi Pro (Smart Money),Gorengan Sepi (< 5M),Normal (50-150%),Accumulation (Kumpul Barang),Normal,Jarum Bawah (Sinyal Pantulan Kuat),Naik 3 Hari Beruntun,TP: 114 | CL: 103,Normal,Tidak Ideal (< 1:1),7,BELI,TIDAK ADA,2026-08-03 15:55:01
15:55,LAJU,Small Cap (Lapis 3),Fair Value (Wajar),0.0,1.0618739,67.0,66,62,78,1.5151515151515151,33750300,Normal,53,Positif,Uptrend,Bearish,Bearish MACD,Konsolidasi / Transisi,Normal,Akumulasi (Naik),Normal,Seimbang / Adu Mekanik,Normal,Sedang,Doji (Ragu-ragu),Area Tengah,> 1 Miliar,Di Atas VWAP (Kuat),Distribusi Pro (Guyuran),Gorengan Sepi (< 5M),Anomali Tinggi (150-300%),Mark-Up (Fase Pesta),Spesialis Tiang Jemuran (Banting Pucuk),Normal,Naik 3 Hari Beruntun,TP: 73 | CL: 62,Normal,Ideal (1:2),4,WAIT & SEE,TIDAK ADA,2026-08-03 15:55:01
15:55,DPUM,Small Cap (Lapis 3),Fair Value (Wajar),0.0,1.1877049,100.0,98,91,109,2.0408163265306123,21418300,Tembus MA20,45,Positif,Uptrend,Bearish,Bullish MACD,Strong Downtrend (5<20<50),Normal,Akumulasi (Naik),Normal,Seimbang / Adu Mekanik,Squeeze,Rendah,Normal,Area Tengah,> 1 Miliar,Di Atas VWAP (Kuat),Akumulasi Pro (Smart Money),Gorengan Sepi (< 5M),Anomali Tinggi (150-300%),Accumulation (Kumpul Barang),Spesialis Tiang Jemuran (Banting Pucuk),Normal,Naik 3 Hari Beruntun,TP: 108 | CL: 94,Normal,Menengah (1:1),5,WAIT & SEE,TIDAK ADA,2026-08-03 15:55:01
15:55,CPIN,Big Cap (Lapis 1),Fair Value (Wajar),7.8629875,1.5036633,3200.0,3157,3030,3370,-2.735562310030395,8676300,Normal,49,Negatif,Uptrend,Bullish,Bullish MACD,Awal Reversal (5>20),Normal,Akumulasi (Naik),Gap Up (+2.4%),Dominan Jual (Guyur),Normal,Sedang,Normal,Area Tengah,> 1 Miliar,Persis di VWAP,Akumulasi Pro (Smart Money),Ritel Aktif (5M - 50M),Normal (50-150%),Accumulation (Kumpul Barang),Solid (Jarang Dibanting),Normal,Turun 1 Hari Beruntun,TP: 3335 | CL: 3110,Open = High (Tekanan Jual),Menengah (1:1),5,WAIT & SEE,TIDAK ADA,2026-08-03 15:55:01
15:55,IMPC,Big Cap (Lapis 1),Overvalued (Mahal),109.53058,28.23357,1540.0,1494,1360,1645,-0.3236245954692557,7379900,Normal,51,Negatif,Uptrend,Bullish,Bullish MACD,Awal Reversal (5>20),Normal,Akumulasi (Naik),Normal,Dominan Jual (Guyur),Normal,Sedang,Normal,Rawan Pucuk (High Risk),> 1 Miliar,Persis di VWAP,Distribusi Pro (Guyuran),Ritel Aktif (5M - 50M),Normal (50-150%),Accumulation (Kumpul Barang),Spesialis Tiang Jemuran (Banting Pucuk),Normal,Turun 1 Hari Beruntun,TP: 1642 | CL: 1471,Normal,Tidak Ideal (< 1:1),5,WAIT & SEE,TIDAK ADA,2026-08-03 15:55:01
15:55,GMFI,Mid Cap (Lapis 2),Overvalued (Mahal),3.1952662,53999.996,53.0,53,51,56,-1.8518518518518516,42682300,Normal,48,Negatif,Downtrend,Bullish,Strong Bullish,Perfect Uptrend (5>20>50),Normal,Distribusi (Turun),Normal,Seimbang / Adu Mekanik,Normal,Sedang,Normal,Area Tengah,> 1 Miliar,Di Bawah VWAP (Lemah),Akumulasi Pro (Smart Money),Gorengan Sepi (< 5M),Sepi (< 50%),Distribution (Fase Jualan),Solid (Jarang Dibanting),Normal,Turun 3 Hari Beruntun,TP: 56 | CL: 50,Open = High (Tekanan Jual),Ideal (1:2),2,WAIT & SEE,TIDAK ADA,2026-08-03 15:55:01
15:55,CTRA,Big Cap (Lapis 1),Undervalued (Murah),4.228252,0.43347973,580.0,564,530,605,0.8695652173913043,8152700,Normal,57,Positif,Uptrend,Bullish,Strong Bullish,Perfect Uptrend (5>20>50),Normal,Akumulasi (Naik),Normal,Seimbang / Adu Mekanik,Normal,Sedang,Normal,Area Tengah,> 1 Miliar,Di Atas VWAP (Kuat),Distribusi Pro (Guyuran),Gorengan Sepi (< 5M),Normal (50-150%),Mark-Up (Fase Pesta),Normal,Normal,Naik 1 Hari Beruntun,TP: 606 | CL: 562,Normal,Tidak Ideal (< 1:1),6,WAIT & SEE,TIDAK ADA,2026-08-03 15:55:01
15:55,EMAS,Big Cap (Lapis 1),Overvalued (Mahal),0.0,266000.0,6650.0,5928,5450,6700,0.7575757575757576,10848700,Normal,65,Positif,Uptrend,Bullish,Strong Bullish,Awal Reversal (5>20),Normal,Akumulasi (Naik),Normal,Seimbang / Adu Mekanik,Breakout Upper,Tinggi,Normal,Rawan Pucuk (High Risk),> 1 Miliar,Di Atas VWAP (Kuat),Akumulasi Pro (Smart Money),Sultan (> 50M/hari),Sepi (< 50%),Accumulation (Kumpul Barang),Spesialis Tiang Jemuran (Banting Pucuk),Normal,Naik 4 Hari Beruntun,TP: 7041 | CL: 6389,Normal,Tidak Ideal (< 1:1),6,WAIT & SEE,TIDAK ADA,2026-08-03 15:55:01
15:55,ANDI,Small Cap (Lapis 3),Fair Value (Wajar),0.0,1.2610341,16.0,17,16,19,-5.88235294117647,2202200,Normal,35,Negatif,Downtrend,Bearish,Strong Bearish,Konsolidasi / Transisi,Normal,Distribusi (Turun),Normal,Dominan Jual (Guyur),Bottom Rebound,Tinggi,Normal,Dekat Support (Low Risk),< 1 Miliar,Di Bawah VWAP (Lemah),Distribusi Pro (Guyuran),Gorengan Sepi (< 5M),Normal (50-150%),Distribution (Fase Jualan),Normal,Normal,Turun 1 Hari Beruntun,TP: 17 | CL: 15,Open = High (Tekanan Jual),Di Area Support,0,WAIT & SEE,TIDAK ADA,2026-08-03 15:55:01
15:55,YOII,Small Cap (Lapis 3),Fair Value (Wajar),0.0,1.312664,84.0,85,80,93,0.0,3307200,Normal,46,Negatif,Downtrend,Bearish,Strong Bearish,Konsolidasi / Transisi,Normal,Akumulasi (Naik),Normal,Seimbang / Adu Mekanik,Normal,Sedang,Normal,Area Tengah,< 1 Miliar,Persis di VWAP,Akumulasi Pro (Smart Money),Gorengan Sepi (< 5M),Normal (50-150%),Distribution (Fase Jualan),Spesialis Tiang Jemuran (Banting Pucuk),Normal,Sideways / Stagnan,TP: 89 | CL: 80,Normal,Ideal (1:2),1,WAIT & SEE,TIDAK ADA,2026-08-03 15:55:01
15:55,SMRA,Mid Cap (Lapis 2),Undervalued (Murah),7.266038,0.4405323,318.0,307,276,344,-2.4539877300613497,14286700,Normal,58,Negatif,Uptrend,Bullish,Strong Bullish,Perfect Uptrend (5>20>50),Normal,Akumulasi (Naik),Normal,Seimbang / Adu Mekanik,Normal,Tinggi,Normal,Rawan Pucuk (High Risk),> 1 Miliar,Di Bawah VWAP (Lemah),Distribusi Pro (Guyuran),Gorengan Sepi (< 5M),Normal (50-150%),Mark-Up (Fase Pesta),Normal,Normal,Turun 1 Hari Beruntun,TP: 334 | CL: 306,Normal,Tidak Ideal (< 1:1),5,WAIT & SEE,TIDAK ADA,2026-08-03 15:55:01
15:55,APLN,Mid Cap (Lapis 2),Undervalued (Murah),7.122177,0.23812704,123.0,129,105,148,-0.8064516129032258,16461600,Normal,46,Negatif,Downtrend,Bearish,Strong Bearish,Konsolidasi / Transisi,Normal,Distribusi (Turun),Normal,Seimbang / Adu Mekanik,Normal,Tinggi,Normal,Rawan Pucuk (High Risk),> 1 Miliar,Persis di VWAP,Distribusi Pro (Guyuran),Gorengan Sepi (< 5M),Sepi (< 50%),Distribution (Fase Jualan),Spesialis Tiang Jemuran (Banting Pucuk),Normal,Turun 1 Hari Beruntun,TP: 134 | CL: 115,Open = High (Tekanan Jual),Menengah (1:1),0,WAIT & SEE,TIDAK ADA,2026-08-03 15:55:01
15:55,BRIS,Big Cap (Lapis 1),Fair Value (Wajar),10.532475,1.6354939,1800.0,1804,1715,1945,-1.098901098901099,4732400,Normal,50,Negatif,Downtrend,Bearish,Bearish MACD,Strong Downtrend (5<20<50),Normal,Distribusi (Turun),Normal,Dominan Jual (Guyur),Normal,Sedang,Normal,Area Tengah,> 1 Miliar,Persis di VWAP,Distribusi Pro (Guyuran),Ritel Aktif (5M - 50M),Sepi (< 50%),Mark-Down (Fase Runtuh),Normal,Normal,Turun 1 Hari Beruntun,TP: 1883 | CL: 1744,Normal,Ideal (1:2),0,WAIT & SEE,TIDAK ADA,2026-08-03 15:55:01
15:55,ISAT,Big Cap (Lapis 1),Fair Value (Wajar),8.319324,1.6800082,1935.0,1900,1810,1980,1.8421052631578945,13004500,Normal,54,Positif,Uptrend,Bullish,Strong Bullish,Perfect Uptrend (5>20>50),Normal,Akumulasi (Naik),Normal,Dominan Beli (Hajar Kanan),Squeeze,Rendah,Normal,Area Tengah,> 1 Miliar,Persis di VWAP,Distribusi Pro (Guyuran),Ritel Aktif (5M - 50M),Normal (50-150%),Mark-Up (Fase Pesta),Spesialis Tiang Jemuran (Banting Pucuk),Normal,Naik 1 Hari Beruntun,TP: 2029 | CL: 1872,Normal,Tidak Ideal (< 1:1),7,BELI,TIDAK ADA,2026-08-03 15:55:01
15:55,SMDR,Mid Cap (Lapis 2),Overvalued (Mahal),5.527916,8823.529,300.0,287,266,306,0.0,13500800,Tembus MA20,60,Negatif,Uptrend,Bullish,Strong Bullish,Perfect Uptrend (5>20>50),Normal,Akumulasi (Naik),Normal,Dominan Jual (Guyur),Normal,Sedang,Normal,Rawan Pucuk (High Risk),> 1 Miliar,Persis di VWAP,Distribusi Pro (Guyuran),Gorengan Sepi (< 5M),Normal (50-150%),Mark-Up (Fase Pesta),Spesialis Tiang Jemuran (Banting Pucuk),Normal,Sideways / Stagnan,TP: 313 | CL: 291,Normal,Tidak Ideal (< 1:1),6,WAIT & SEE,TIDAK ADA,2026-08-03 15:55:01
15:55,MLPL,Mid Cap (Lapis 2),Fair Value (Wajar),0.0,0.29905143,96.0,89,80,109,-1.0309278350515463,22101100,Normal,63,Negatif,Uptrend,Bullish,Strong Bullish,Perfect Uptrend (5>20>50),Normal,Akumulasi (Naik),Gap Up (+2.1%),Dominan Jual (Guyur),Normal,Tinggi,Normal,Rawan Pucuk (High Risk),> 1 Miliar,Persis di VWAP,Distribusi Pro (Guyuran),Gorengan Sepi (< 5M),Sepi (< 50%),Mark-Up (Fase Pesta),Spesialis Tiang Jemuran (Banting Pucuk),Normal,Turun 1 Hari Beruntun,TP: 105 | CL: 89,Normal,Tidak Ideal (< 1:1),6,WAIT & SEE,TIDAK ADA,2026-08-03 15:55:01
15:55,SQMI,Mid Cap (Lapis 2),Overvalued (Mahal),0.0,8.68764,67.0,64,51,83,0.0,11291900,Normal,59,Negatif,Uptrend,Bullish,Bearish MACD,Perfect Uptrend (5>20>50),Normal,Distribusi (Turun),Gap Up (+3.0%),Seimbang / Adu Mekanik,Normal,Tinggi,Normal,Rawan Pucuk (High Risk),< 1 Miliar,Persis di VWAP,Distribusi Pro (Guyuran),Gorengan Sepi (< 5M),Sepi (< 50%),Mark-Up (Fase Pesta),Normal,Normal,Sideways / Stagnan,TP: 77 | CL: 60,Open = High (Tekanan Jual),Menengah (1:1),4,WAIT & SEE,TIDAK ADA,2026-08-03 15:55:01
15:55,TAXI,Small Cap (Lapis 3),Overvalued (Mahal),0.0,4.027927,15.0,12,12,15,7.142857142857142,26781400,Normal,62,Positif,Uptrend,Bullish,Strong Bullish,Awal Reversal (5>20),Normal,Akumulasi (Naik),Gap Up (+7.1%),Tidak Ada Transaksi,Breakout Upper,Tinggi,Doji (Ragu-ragu),Rawan Pucuk (High Risk),< 1 Miliar,Di Atas VWAP (Kuat),Distribusi Pro (Guyuran),Gorengan Sepi (< 5M),Normal (50-150%),Accumulation (Kumpul Barang),Spesialis Tiang Jemuran (Banting Pucuk),Normal,Naik 2 Hari Beruntun,TP: 16 | CL: 14,Normal,Tidak Ideal (< 1:1),7,BELI,TIDAK ADA,2026-08-03 15:55:01
15:55,TAPG,Big Cap (Lapis 1),Overvalued (Mahal),8.919382,3.1579022,1820.0,1644,1500,1830,4.0,10602800,Normal,74,Positif,Uptrend,Bullish,Strong Bullish,Perfect Uptrend (5>20>50),Normal,Akumulasi (Naik),Normal,Dominan Beli (Hajar Kanan),Normal,Tinggi,Normal,Rawan Pucuk (High Risk),> 1 Miliar,Di Atas VWAP (Kuat),Distribusi Pro (Guyuran),Ritel Aktif (5M - 50M),Normal (50-150%),Mark-Up (Fase Pesta),Spesialis Tiang Jemuran (Banting Pucuk),Normal,Naik 1 Hari Beruntun,TP: 1910 | CL: 1760,Normal,Tidak Ideal (< 1:1),7,BELI,TIDAK ADA,2026-08-03 15:55:01
15:55,BSML,Small Cap (Lapis 3),Overvalued (Mahal),157.52802,7.266833,520.0,519,494,535,-0.9523809523809524,10428100,Normal,59,Negatif,Uptrend,Bearish,Bearish MACD,Konsolidasi / Transisi,Normal,Distribusi (Turun),Normal,Seimbang / Adu Mekanik,Squeeze,Rendah,Normal,Area Tengah,> 1 Miliar,Persis di VWAP,Distribusi Pro (Guyuran),Ritel Aktif (5M - 50M),Normal (50-150%),Mark-Up (Fase Pesta),Normal,Normal,Turun 1 Hari Beruntun,TP: 548 | CL: 500,Open = High (Tekanan Jual),Tidak Ideal (< 1:1),2,WAIT & SEE,TIDAK ADA,2026-08-03 15:55:01
15:55,NZIA,Small Cap (Lapis 3),Overvalued (Mahal),107.22433,0.6707897,141.0,143,131,156,0.0,3253500,Normal,46,Negatif,Downtrend,Bearish,Bullish MACD,Strong Downtrend (5<20<50),Normal,Distribusi (Turun),Normal,Seimbang / Adu Mekanik,Normal,Sedang,Normal,Area Tengah,< 1 Miliar,Di Atas VWAP (Kuat),Distribusi Pro (Guyuran),Gorengan Sepi (< 5M),Normal (50-150%),Mark-Down (Fase Runtuh),Spesialis Tiang Jemuran (Banting Pucuk),Normal,Sideways / Stagnan,TP: 150 | CL: 134,Open = High (Tekanan Jual),Menengah (1:1),1,WAIT & SEE,TIDAK ADA,2026-08-03 15:55:01
15:55,PRIM,Small Cap (Lapis 3),Fair Value (Wajar),0.0,0.3856954,108.0,98,89,118,5.88235294117647,30116700,Tembus MA20,69,Positif,Uptrend,Bullish,Strong Bullish,Perfect Uptrend (5>20>50),Akumulasi Kuat,Akumulasi (Naik),Normal,Seimbang / Adu Mekanik,Normal,Tinggi,Normal,Rawan Pucuk (High Risk),> 1 Miliar,Di Atas VWAP (Kuat),Distribusi Pro (Guyuran),Gorengan Sepi (< 5M),Anomali Tinggi (150-300%),Mark-Up (Fase Pesta),Spesialis Tiang Jemuran (Banting Pucuk),Normal,Naik 1 Hari Beruntun,TP: 116 | CL: 102,Normal,Tidak Ideal (< 1:1),8,BELI,TIDAK ADA,2026-08-03 15:55:01
15:55,KEEN,Mid Cap (Lapis 2),Overvalued (Mahal),24.151257,18229.166,875.0,850,815,890,0.0,7364600,Normal,57,Negatif,Uptrend,Golden Cross,Strong Bullish,Perfect Uptrend (5>20>50),Normal,Akumulasi (Naik),Normal,Seimbang / Adu Mekanik,Normal,Sedang,Normal,Area Tengah,> 1 Miliar,Di Atas VWAP (Kuat),Distribusi Pro (Guyuran),Ritel Aktif (5M - 50M),Normal (50-150%),Mark-Up (Fase Pesta),Normal,Normal,Sideways / Stagnan,TP: 910 | CL: 851,Normal,Tidak Ideal (< 1:1),5,WAIT & SEE,TIDAK ADA,2026-08-03 15:55:01
15:55,MIKA,Big Cap (Lapis 1),Overvalued (Mahal),18.014017,3.4695158,1820.0,1735,1655,1830,3.1161473087818696,3849000,Normal,64,Positif,Uptrend,Bullish,Strong Bullish,Perfect Uptrend (5>20>50),Normal,Akumulasi (Naik),Normal,Dominan Beli (Hajar Kanan),Squeeze,Rendah,Marubozu (Strong Bullish),Area Tengah,> 1 Miliar,Di Atas VWAP (Kuat),Distribusi Pro (Guyuran),Ritel Aktif (5M - 50M),Normal (50-150%),Mark-Up (Fase Pesta),Spesialis Tiang Jemuran (Banting Pucuk),Normal,Naik 3 Hari Beruntun,TP: 1920 | CL: 1752,Normal,Tidak Ideal (< 1:1),7,BELI,TIDAK ADA,2026-08-03 15:55:01
15:55,MPOW,Small Cap (Lapis 3),Fair Value (Wajar),16.27129,0.87756705,107.0,98,88,111,0.9433962264150944,1858100,Normal,65,Positif,Uptrend,Bullish,Strong Bullish,Awal Reversal (5>20),Normal,Akumulasi (Naik),Normal,Seimbang / Adu Mekanik,Normal,Tinggi,Normal,Rawan Pucuk (High Risk),< 1 Miliar,Di Atas VWAP (Kuat),Akumulasi Pro (Smart Money),Gorengan Sepi (< 5M),Sepi (< 50%),Accumulation (Kumpul Barang),Spesialis Tiang Jemuran (Banting Pucuk),Normal,Naik 3 Hari Beruntun,TP: 115 | CL: 101,Normal,Tidak Ideal (< 1:1),6,WAIT & SEE,TIDAK ADA,2026-08-03 15:55:01
15:55,MNCN,Mid Cap (Lapis 2),Undervalued (Murah),2.106141,0.12029932,202.0,207,199,222,-3.8095238095238098,29441900,Normal,45,Negatif,Downtrend,Bearish,Strong Bearish,Konsolidasi / Transisi,Normal,Distribusi (Turun),Normal,Dominan Jual (Guyur),Normal,Sedang,Normal,Dekat Support (Low Risk),> 1 Miliar,Di Bawah VWAP (Lemah),Akumulasi Pro (Smart Money),Ritel Aktif (5M - 50M),Normal (50-150%),Distribution (Fase Jualan),Solid (Jarang Dibanting),Normal,Turun 1 Hari Beruntun,TP: 211 | CL: 195,Open = High (Tekanan Jual),Sangat Menarik (> 1:3),0,WAIT & SEE,TIDAK ADA,2026-08-03 15:55:01
15:55,BSBK,Mid Cap (Lapis 2),Fair Value (Wajar),18.4669,0.6043536,53.0,52,50,58,1.9230769230769231,22472900,Normal,57,Positif,Uptrend,Golden Cross,Strong Bullish,Perfect Uptrend (5>20>50),Normal,Akumulasi (Naik),Normal,Dominan Beli (Hajar Kanan),Squeeze,Rendah,Normal,Area Tengah,> 1 Miliar,Di Atas VWAP (Kuat),Akumulasi Pro (Smart Money),Gorengan Sepi (< 5M),Sepi (< 50%),Mark-Up (Fase Pesta),Spesialis Tiang Jemuran (Banting Pucuk),Normal,Naik 1 Hari Beruntun,TP: 56 | CL: 50,Normal,Ideal (1:2),7,BELI,TIDAK ADA,2026-08-03 15:55:01
15:55,BABY,Small Cap (Lapis 3),Fair Value (Wajar),0.0,1.1215974,193.0,184,164,224,1.0471204188481675,837600,Normal,56,Positif,Uptrend,Bullish,Strong Bullish,Perfect Uptrend (5>20>50),Normal,Akumulasi (Naik),Normal,Dominan Beli (Hajar Kanan),Normal,Tinggi,Normal,Rawan Pucuk (High Risk),< 1 Miliar,Di Bawah VWAP (Lemah),Distribusi Pro (Guyuran),Gorengan Sepi (< 5M),Sepi (< 50%),Mark-Up (Fase Pesta),Spesialis Tiang Jemuran (Banting Pucuk),Normal,Naik 3 Hari Beruntun,TP: 216 | CL: 177,Normal,Menengah (1:1),7,BELI,TIDAK ADA,2026-08-03 15:55:01
15:55,TOSK,Small Cap (Lapis 3),Fair Value (Wajar),0.0,1.912947,69.0,65,59,70,1.4705882352941175,17994000,Tembus MA20,68,Positif,Uptrend,Bullish,Strong Bullish,Perfect Uptrend (5>20>50),Normal,Akumulasi (Naik),Normal,Seimbang / Adu Mekanik,Normal,Tinggi,Doji (Ragu-ragu),Rawan Pucuk (High Risk),> 1 Miliar,Di Atas VWAP (Kuat),Distribusi Pro (Guyuran),Gorengan Sepi (< 5M),Anomali Tinggi (150-300%),Mark-Up (Fase Pesta),Normal,Jarum Bawah (Sinyal Pantulan Kuat),Naik 1 Hari Beruntun,TP: 73 | CL: 66,Normal,Tidak Ideal (< 1:1),7,BELI,TIDAK ADA,2026-08-03 15:55:01
15:55,HRTA,Mid Cap (Lapis 2),Fair Value (Wajar),6.7111645,2.3191473,1840.0,1870,1680,2060,-0.8086253369272237,11437000,Tembus MA20,44,Negatif,Downtrend,Death Cross,Bullish MACD,Strong Downtrend (5<20<50),Normal,Distribusi (Turun),Normal,Seimbang / Adu Mekanik,Normal,Tinggi,Normal,Area Tengah,> 1 Miliar,Di Bawah VWAP (Lemah),Distribusi Pro (Guyuran),Ritel Aktif (5M - 50M),Normal (50-150%),Mark-Down (Fase Runtuh),Normal,Normal,Turun 2 Hari Beruntun,TP: 1964 | CL: 1757,Normal,Menengah (1:1),2,WAIT & SEE,TIDAK ADA,2026-08-03 15:55:01
15:55,COIN,Mid Cap (Lapis 2),Overvalued (Mahal),0.0,6.212712,655.0,690,600,905,0.0,6605900,Normal,42,Negatif,Downtrend,Bearish,Strong Bearish,Strong Downtrend (5<20<50),Normal,Distribusi (Turun),Gap Up (+3.1%),Dominan Jual (Guyur),Normal,Tinggi,Normal,Area Tengah,> 1 Miliar,Di Bawah VWAP (Lemah),Distribusi Pro (Guyuran),Ritel Aktif (5M - 50M),Sepi (< 50%),Mark-Down (Fase Runtuh),Spesialis Tiang Jemuran (Banting Pucuk),Normal,Sideways / Stagnan,TP: 735 | CL: 601,Open = High (Tekanan Jual),Sangat Menarik (> 1:3),1,WAIT & SEE,TIDAK ADA,2026-08-03 15:55:01
15:55,MIRA,Small Cap (Lapis 3),Fair Value (Wajar),0.0,0.5763531,21.0,20,17,24,-8.695652173913043,2312300,Normal,52,Negatif,Uptrend,Bullish,Strong Bullish,Perfect Uptrend (5>20>50),Normal,Akumulasi (Naik),Gap Down (-4.3%),Dominan Jual (Guyur),Normal,Tinggi,Normal,Rawan Pucuk (High Risk),< 1 Miliar,Di Bawah VWAP (Lemah),Distribusi Pro (Guyuran),Gorengan Sepi (< 5M),Normal (50-150%),Mark-Up (Fase Pesta),Normal,Normal,Turun 1 Hari Beruntun,TP: 23 | CL: 19,Open = High (Tekanan Jual),Tidak Ideal (< 1:1),5,WAIT & SEE,TIDAK ADA,2026-08-03 15:55:01
15:55,MSIE,Small Cap (Lapis 3),Fair Value (Wajar),0.0,1.2085991,94.0,86,76,103,-2.083333333333333,8343300,Tembus MA20,54,Negatif,Uptrend,Bullish,Bullish MACD,Awal Reversal (5>20),Normal,Akumulasi (Naik),Normal,Seimbang / Adu Mekanik,Normal,Tinggi,Normal,Rawan Pucuk (High Risk),< 1 Miliar,Persis di VWAP,Akumulasi Pro (Smart Money),Gorengan Sepi (< 5M),Normal (50-150%),Accumulation (Kumpul Barang),Normal,Normal,Turun 2 Hari Beruntun,TP: 102 | CL: 88,Normal,Tidak Ideal (< 1:1),6,WAIT & SEE,TIDAK ADA,2026-08-03 15:55:01
15:55,BELL,Small Cap (Lapis 3),Overvalued (Mahal),1830.7693,3.5929952,120.0,114,104,139,5.263157894736842,81546400,Tembus MA20,57,Positif,Uptrend,Bearish,Strong Bullish,Konsolidasi / Transisi,Normal,Akumulasi (Naik),Gap Up (+3.5%),Seimbang / Adu Mekanik,Normal,Tinggi,Normal,Rawan Pucuk (High Risk),> 1 Miliar,Di Atas VWAP (Kuat),Akumulasi Pro (Smart Money),Ritel Aktif (5M - 50M),Normal (50-150%),Mark-Up (Fase Pesta),Normal,Normal,Naik 1 Hari Beruntun,TP: 133 | CL: 111,Normal,Menengah (1:1),7,BELI,TIDAK ADA,2026-08-03 15:55:01
15:55,WMUU,Small Cap (Lapis 3),Fair Value (Wajar),0.0,0.93792635,55.0,51,50,64,3.7735849056603774,124989000,Normal,60,Positif,Uptrend,Bullish,Strong Bullish,Awal Reversal (5>20),Normal,Akumulasi (Naik),Normal,Dominan Beli (Hajar Kanan),Normal,Tinggi,Normal,Rawan Pucuk (High Risk),> 1 Miliar,Di Atas VWAP (Kuat),Distribusi Pro (Guyuran),Ritel Aktif (5M - 50M),Sepi (< 50%),Accumulation (Kumpul Barang),Normal,Normal,Naik 2 Hari Beruntun,TP: 60 | CL: 51,Normal,Ideal (1:2),7,BELI,TIDAK ADA,2026-08-03 15:55:01
15:55,WINR,Small Cap (Lapis 3),Undervalued (Murah),0.023132263,0.29791883,21.0,20,19,24,5.0,11621300,Normal,50,Positif,Uptrend,Bearish,Bullish MACD,Strong Downtrend (5<20<50),Normal,Akumulasi (Naik),Gap Up (+5.0%),Tidak Ada Transaksi,Normal,Tinggi,Doji (Ragu-ragu),Rawan Pucuk (High Risk),< 1 Miliar,Di Atas VWAP (Kuat),Distribusi Pro (Guyuran),Gorengan Sepi (< 5M),Sepi (< 50%),Accumulation (Kumpul Barang),Normal,Normal,Naik 1 Hari Beruntun,TP: 22 | CL: 20,Normal,Ideal (1:2),5,WAIT & SEE,TIDAK ADA,2026-08-03 15:55:01
15:55,BHIT,Mid Cap (Lapis 2),Undervalued (Murah),4.244482,0.13068752,25.0,25,25,28,-3.8461538461538463,16079300,Tembus MA20,44,Negatif,Downtrend,Bearish,Bullish MACD,Strong Downtrend (5<20<50),Normal,Akumulasi (Naik),Normal,Dominan Jual (Guyur),Normal,Sedang,Normal,Dekat Support (Low Risk),< 1 Miliar,Di Bawah VWAP (Lemah),Distribusi Pro (Guyuran),Gorengan Sepi (< 5M),Normal (50-150%),Mark-Down (Fase Runtuh),Normal,Normal,Turun 1 Hari Beruntun,TP: 26 | CL: 23,Open = High (Tekanan Jual),Di Area Support,3,WAIT & SEE,TIDAK ADA,2026-08-03 15:55:01
15:55,KREN,Small Cap (Lapis 3),Overvalued (Mahal),0.0,108.333336,13.0,12,11,15,0.0,37782200,Tembus MA20,51,Negatif,Uptrend,Bullish,Strong Bullish,Awal Reversal (5>20),Normal,Distribusi (Turun),Normal,Tidak Ada Transaksi,Normal,Tinggi,Doji (Ragu-ragu),Rawan Pucuk (High Risk),< 1 Miliar,Di Bawah VWAP (Lemah),Distribusi Pro (Guyuran),Gorengan Sepi (< 5M),Normal (50-150%),Accumulation (Kumpul Barang),Normal,Normal,Sideways / Stagnan,TP: 14 | CL: 12,Normal,Menengah (1:1),5,WAIT & SEE,TIDAK ADA,2026-08-03 15:55:01
15:55,ISAP,Small Cap (Lapis 3),Fair Value (Wajar),0.0,0.55867225,24.0,24,22,28,-4.0,9196500,Normal,48,Negatif,Downtrend,Bullish,Strong Bullish,Perfect Uptrend (5>20>50),Normal,Distribusi (Turun),Normal,Seimbang / Adu Mekanik,Normal,Tinggi,Normal,Area Tengah,< 1 Miliar,Di Bawah VWAP (Lemah),Akumulasi Pro (Smart Money),Gorengan Sepi (< 5M),Normal (50-150%),Distribution (Fase Jualan),Normal,Normal,Turun 1 Hari Beruntun,TP: 26 | CL: 22,Open = High (Tekanan Jual),Ideal (1:2),2,WAIT & SEE,TIDAK ADA,2026-08-03 15:55:01
15:55,FILM,Big Cap (Lapis 1),Overvalued (Mahal),0.0,3.790645,1085.0,1351,975,1750,2.358490566037736,7389900,Normal,30,Positif,Downtrend,Bearish,Strong Bearish,Strong Downtrend (5<20<50),Normal,Akumulasi (Naik),Normal,Seimbang / Adu Mekanik,Normal,Tinggi,Normal,Rawan Pucuk (High Risk),> 1 Miliar,Di Atas VWAP (Kuat),Distribusi Pro (Guyuran),Ritel Aktif (5M - 50M),Normal (50-150%),Mark-Down (Fase Runtuh),Normal,Normal,Naik 1 Hari Beruntun,TP: 1239 | CL: 982,Normal,Sangat Menarik (> 1:3),2,WAIT & SEE,TIDAK ADA,2026-08-03 15:55:01
15:55,SSIA,Mid Cap (Lapis 2),Overvalued (Mahal),373.3184,1.3904792,1660.0,1621,1455,1865,0.6060606060606061,9344100,Normal,54,Positif,Uptrend,Bullish,Bearish MACD,Perfect Uptrend (5>20>50),Normal,Akumulasi (Naik),Normal,Dominan Jual (Guyur),Normal,Tinggi,Normal,Rawan Pucuk (High Risk),> 1 Miliar,Di Atas VWAP (Kuat),Distribusi Pro (Guyuran),Ritel Aktif (5M - 50M),Sepi (< 50%),Mark-Up (Fase Pesta),Spesialis Tiang Jemuran (Banting Pucuk),Normal,Naik 3 Hari Beruntun,TP: 1801 | CL: 1565,Normal,Menengah (1:1),5,WAIT & SEE,TIDAK ADA,2026-08-03 15:55:01
15:55,BJTM,Mid Cap (Lapis 2),Undervalued (Murah),4.7273726,0.5933891,515.0,517,500,535,-0.9615384615384616,7519300,Tembus MA20,48,Negatif,Downtrend,Bearish,Bearish MACD,Konsolidasi / Transisi,Normal,Distribusi (Turun),Normal,Seimbang / Adu Mekanik,Squeeze,Rendah,Normal,Dekat Support (Low Risk),> 1 Miliar,Persis di VWAP,Akumulasi Pro (Smart Money),Gorengan Sepi (< 5M),Normal (50-150%),Distribution (Fase Jualan),Normal,Normal,Turun 1 Hari Beruntun,TP: 530 | CL: 505,Normal,Menengah (1:1),1,WAIT & SEE,TIDAK ADA,2026-08-03 15:55:01
15:55,LAND,Small Cap (Lapis 3),Overvalued (Mahal),106.75675,0.48042133,79.0,74,53,90,5.333333333333334,73825300,Normal,60,Positif,Uptrend,Bullish,Bearish MACD,Perfect Uptrend (5>20>50),Normal,Akumulasi (Naik),Normal,Seimbang / Adu Mekanik,Normal,Tinggi,Normal,Rawan Pucuk (High Risk),> 1 Miliar,Di Atas VWAP (Kuat),Distribusi Pro (Guyuran),Ritel Aktif (5M - 50M),Normal (50-150%),Mark-Up (Fase Pesta),Spesialis Tiang Jemuran (Banting Pucuk),Normal,Naik 1 Hari Beruntun,TP: 89 | CL: 72,Normal,Tidak Ideal (< 1:1),5,WAIT & SEE,TIDAK ADA,2026-08-03 15:55:01
15:55,AADI,Big Cap (Lapis 1),Overvalued (Mahal),5.569183,20515.695,9150.0,8712,7950,9375,-0.8130081300813009,3088800,Normal,64,Negatif,Uptrend,Bullish,Strong Bullish,Perfect Uptrend (5>20>50),Normal,Distribusi (Turun),Normal,Dominan Jual (Guyur),Normal,Tinggi,Normal,Rawan Pucuk (High Risk),> 1 Miliar,Persis di VWAP,Akumulasi Pro (Smart Money),Sultan (> 50M/hari),Sepi (< 50%),Mark-Up (Fase Pesta),Normal,Normal,Turun 2 Hari Beruntun,TP: 9583 | CL: 8860,Open = High (Tekanan Jual),Tidak Ideal (< 1:1),4,WAIT & SEE,TIDAK ADA,2026-08-03 15:55:01
15:55,AKRA,Big Cap (Lapis 1),Fair Value (Wajar),10.420448,2.1926105,1440.0,1350,1236,1468,1.76678445229682,20051000,Normal,67,Positif,Uptrend,Bullish,Strong Bullish,Perfect Uptrend (5>20>50),Normal,Akumulasi (Naik),Normal,Dominan Beli (Hajar Kanan),Normal,Tinggi,Normal,Rawan Pucuk (High Risk),> 1 Miliar,Di Atas VWAP (Kuat),Akumulasi Pro (Smart Money),Ritel Aktif (5M - 50M),Normal (50-150%),Mark-Up (Fase Pesta),Normal,Jarum Bawah (Sinyal Pantulan Kuat),Naik 2 Hari Beruntun,TP: 1517 | CL: 1388,Normal,Tidak Ideal (< 1:1),7,BELI,TIDAK ADA,2026-08-03 15:55:01
15:55,VERN,Small Cap (Lapis 3),Fair Value (Wajar),0.0,1.8541688,206.0,187,136,222,4.568527918781726,6288300,Normal,68,Positif,Uptrend,Bullish,Bearish MACD,Perfect Uptrend (5>20>50),Normal,Akumulasi (Naik),Normal,Dominan Beli (Hajar Kanan),Normal,Tinggi,Normal,Rawan Pucuk (High Risk),> 1 Miliar,Di Atas VWAP (Kuat),Akumulasi Pro (Smart Money),Gorengan Sepi (< 5M),Anomali Tinggi (150-300%),Mark-Up (Fase Pesta),Normal,Normal,Naik 1 Hari Beruntun,TP: 225 | CL: 193,Open = Low (Bullish Kuat),Tidak Ideal (< 1:1),6,WAIT & SEE,TIDAK ADA,2026-08-03 15:55:01
15:55,BBYB,Mid Cap (Lapis 2),Undervalued (Murah),6.3627257,0.80152225,254.0,240,208,270,-3.787878787878788,22131300,Normal,56,Negatif,Uptrend,Bullish,Strong Bullish,Perfect Uptrend (5>20>50),Normal,Distribusi (Turun),Normal,Dominan Jual (Guyur),Normal,Tinggi,Normal,Rawan Pucuk (High Risk),> 1 Miliar,Di Atas VWAP (Kuat),Akumulasi Pro (Smart Money),Ritel Aktif (5M - 50M),Normal (50-150%),Mark-Up (Fase Pesta),Normal,Normal,Turun 1 Hari Beruntun,TP: 276 | CL: 239,Open = High (Tekanan Jual),Tidak Ideal (< 1:1),4,WAIT & SEE,TIDAK ADA,2026-08-03 15:55:01
15:55,BFIN,Big Cap (Lapis 1),Undervalued (Murah),8.381958,1.2195746,905.0,805,745,940,-1.092896174863388,16753100,Normal,73,Negatif,Uptrend,Bullish,Strong Bullish,Perfect Uptrend (5>20>50),Normal,Akumulasi (Naik),Normal,Dominan Jual (Guyur),Normal,Tinggi,Normal,Rawan Pucuk (High Risk),> 1 Miliar,Di Atas VWAP (Kuat),Akumulasi Pro (Smart Money),Ritel Aktif (5M - 50M),Normal (50-150%),Mark-Up (Fase Pesta),Spesialis Tiang Jemuran (Banting Pucuk),Normal,Turun 2 Hari Beruntun,TP: 962 | CL: 866,Normal,Tidak Ideal (< 1:1),5,WAIT & SEE,TIDAK ADA,2026-08-03 15:55:01
15:55,NAYZ,Small Cap (Lapis 3),Fair Value (Wajar),0.0,2.2448428,58.0,57,54,66,-3.3333333333333335,23807100,Tembus MA20,50,Negatif,Uptrend,Bearish,Bullish MACD,Strong Downtrend (5<20<50),Normal,Akumulasi (Naik),Gap Up (+8.3%),Dominan Jual (Guyur),Normal,Sedang,Normal,Area Tengah,> 1 Miliar,Persis di VWAP,Akumulasi Pro (Smart Money),Gorengan Sepi (< 5M),Normal (50-150%),Accumulation (Kumpul Barang),Normal,Normal,Turun 1 Hari Beruntun,TP: 63 | CL: 54,Open = High (Tekanan Jual),Ideal (1:2),5,WAIT & SEE,TIDAK ADA,2026-08-03 15:55:01
15:55,ASHA,Small Cap (Lapis 3),Fair Value (Wajar),0.0,2.8823981,60.0,57,53,67,7.142857142857142,257416000,Tembus MA20,57,Positif,Uptrend,Bearish,Bullish MACD,Konsolidasi / Transisi,Akumulasi Kuat,Akumulasi (Naik),Gap Up (+3.6%),Seimbang / Adu Mekanik,Normal,Sedang,Normal,Rawan Pucuk (High Risk),> 1 Miliar,Persis di VWAP,Distribusi Pro (Guyuran),Gorengan Sepi (< 5M),Ledakan Ekstrem (> 300%),Mark-Up (Fase Pesta),Spesialis Tiang Jemuran (Banting Pucuk),Normal,Naik 1 Hari Beruntun,TP: 64 | CL: 56,Normal,Menengah (1:1),8,BELI,TIDAK ADA,2026-08-03 15:55:01
15:55,GPSO,Small Cap (Lapis 3),Overvalued (Mahal),0.0,4.8123345,304.0,305,264,372,0.0,57189200,Tembus MA20,46,Negatif,Downtrend,Bearish,Bullish MACD,Strong Downtrend (5<20<50),Normal,Akumulasi (Naik),Normal,Dominan Jual (Guyur),Normal,Tinggi,Normal,Rawan Pucuk (High Risk),> 1 Miliar,Di Atas VWAP (Kuat),Akumulasi Pro (Smart Money),Ritel Aktif (5M - 50M),Normal (50-150%),Mark-Down (Fase Runtuh),Normal,Normal,Sideways / Stagnan,TP: 348 | CL: 274,Normal,Ideal (1:2),3,WAIT & SEE,TIDAK ADA,2026-08-03 15:55:01
15:55,DSNG,Big Cap (Lapis 1),Undervalued (Murah),7.6503935,1.2294726,1390.0,1250,1120,1405,4.119850187265917,8771800,Tembus MA20,67,Positif,Uptrend,Bullish,Strong Bullish,Perfect Uptrend (5>20>50),Normal,Akumulasi (Naik),Normal,Dominan Beli (Hajar Kanan),Normal,Tinggi,Normal,Rawan Pucuk (High Risk),> 1 Miliar,Di Atas VWAP (Kuat),Akumulasi Pro (Smart Money),Ritel Aktif (5M - 50M),Normal (50-150%),Mark-Up (Fase Pesta),Solid (Jarang Dibanting),Normal,Naik 1 Hari Beruntun,TP: 1473 | CL: 1334,Normal,Tidak Ideal (< 1:1),8,BELI,TIDAK ADA,2026-08-03 15:55:01
15:55,KUAS,Small Cap (Lapis 3),Fair Value (Wajar),16.917984,0.69601,92.0,91,86,103,1.098901098901099,8737000,Normal,51,Positif,Uptrend,Bearish,Bullish MACD,Konsolidasi / Transisi,Normal,Akumulasi (Naik),Normal,Seimbang / Adu Mekanik,Squeeze,Rendah,Normal,Area Tengah,< 1 Miliar,Persis di VWAP,Akumulasi Pro (Smart Money),Gorengan Sepi (< 5M),Normal (50-150%),Mark-Up (Fase Pesta),Normal,Normal,Naik 3 Hari Beruntun,TP: 97 | CL: 88,Open = Low (Bullish Kuat),Ideal (1:2),5,WAIT & SEE,TIDAK ADA,2026-08-03 15:55:01
15:55,GRPM,Small Cap (Lapis 3),Overvalued (Mahal),0.0,4.9781938,234.0,240,198,306,2.631578947368421,395700,Normal,47,Positif,Downtrend,Bearish,Strong Bearish,Strong Downtrend (5<20<50),Normal,Akumulasi (Naik),Gap Up (+9.6%),Dominan Jual (Guyur),Normal,Tinggi,Normal,Rawan Pucuk (High Risk),< 1 Miliar,Di Atas VWAP (Kuat),Akumulasi Pro (Smart Money),Gorengan Sepi (< 5M),Sepi (< 50%),Mark-Down (Fase Runtuh),Normal,Normal,Naik 2 Hari Beruntun,TP: 262 | CL: 215,Open = High (Tekanan Jual),Ideal (1:2),3,WAIT & SEE,TIDAK ADA,2026-08-03 15:55:01
15:55,BEER,Small Cap (Lapis 3),Fair Value (Wajar),0.0,1.2825774,75.0,78,73,89,-1.3157894736842104,1974400,Normal,38,Negatif,Downtrend,Bearish,Bullish MACD,Strong Downtrend (5<20<50),Normal,Distribusi (Turun),Normal,Seimbang / Adu Mekanik,Bottom Rebound,Sedang,Doji (Ragu-ragu),Dekat Support (Low Risk),< 1 Miliar,Di Bawah VWAP (Lemah),Distribusi Pro (Guyuran),Gorengan Sepi (< 5M),Sepi (< 50%),Mark-Down (Fase Runtuh),Spesialis Tiang Jemuran (Banting Pucuk),Normal,Turun 1 Hari Beruntun,TP: 80 | CL: 71,Normal,Sangat Menarik (> 1:3),1,WAIT & SEE,TIDAK ADA,2026-08-03 15:55:01
15:55,SRTG,Big Cap (Lapis 1),Undervalued (Murah),1.2771947,0.3713225,1755.0,1690,1520,1800,-1.680672268907563,1628300,Normal,62,Negatif,Uptrend,Bullish,Strong Bullish,Perfect Uptrend (5>20>50),Normal,Akumulasi (Naik),Normal,Dominan Jual (Guyur),Normal,Tinggi,Normal,Rawan Pucuk (High Risk),> 1 Miliar,Persis di VWAP,Distribusi Pro (Guyuran),Ritel Aktif (5M - 50M),Sepi (< 50%),Mark-Up (Fase Pesta),Normal,Normal,Turun 1 Hari Beruntun,TP: 1833 | CL: 1702,Open = High (Tekanan Jual),Tidak Ideal (< 1:1),5,WAIT & SEE,TIDAK ADA,2026-08-03 15:55:01
15:55,GZCO,Mid Cap (Lapis 2),Undervalued (Murah),11.034048,0.8592964,175.0,151,134,202,-0.5681818181818182,80165100,Tembus MA20,69,Negatif,Uptrend,Bullish,Strong Bullish,Perfect Uptrend (5>20>50),Akumulasi Kuat,Akumulasi (Naik),Normal,Seimbang / Adu Mekanik,Breakout Upper,Tinggi,Normal,Rawan Pucuk (High Risk),> 1 Miliar,Persis di VWAP,Distribusi Pro (Guyuran),Ritel Aktif (5M - 50M),Anomali Tinggi (150-300%),Mark-Up (Fase Pesta),Spesialis Tiang Jemuran (Banting Pucuk),Normal,Turun 1 Hari Beruntun,TP: 190 | CL: 164,Normal,Tidak Ideal (< 1:1),7,BELI,TIDAK ADA,2026-08-03 15:55:01
15:55,IOTF,Small Cap (Lapis 3),Fair Value (Wajar),0.0,1.7881845,54.0,52,50,62,1.8867924528301887,5537300,Normal,56,Positif,Uptrend,Bearish,Bullish MACD,Strong Downtrend (5<20<50),Normal,Akumulasi (Naik),Normal,Dominan Beli (Hajar Kanan),Squeeze,Rendah,Normal,Area Tengah,< 1 Miliar,Di Atas VWAP (Kuat),Akumulasi Pro (Smart Money),Gorengan Sepi (< 5M),Sepi (< 50%),Accumulation (Kumpul Barang),Spesialis Tiang Jemuran (Banting Pucuk),Normal,Naik 2 Hari Beruntun,TP: 57 | CL: 51,Normal,Ideal (1:2),6,WAIT & SEE,TIDAK ADA,2026-08-03 15:55:01
15:55,CNMA,Mid Cap (Lapis 2),Fair Value (Wajar),10.2422905,2.0721464,93.0,91,87,96,2.197802197802198,31009600,Tembus MA20,57,Positif,Uptrend,Bearish,Strong Bullish,Konsolidasi / Transisi,Normal,Akumulasi (Naik),Normal,Seimbang / Adu Mekanik,Squeeze,Rendah,Normal,Area Tengah,> 1 Miliar,Di Atas VWAP (Kuat),Distribusi Pro (Guyuran),Gorengan Sepi (< 5M),Anomali Tinggi (150-300%),Mark-Up (Fase Pesta),Spesialis Tiang Jemuran (Banting Pucuk),Normal,Naik 2 Hari Beruntun,TP: 97 | CL: 89,Normal,Tidak Ideal (< 1:1),6,WAIT & SEE,TIDAK ADA,2026-08-03 15:55:01
15:55,MCOR,Mid Cap (Lapis 2),Undervalued (Murah),8.635795,0.35962412,69.0,67,66,71,0.0,1894900,Normal,58,Negatif,Uptrend,Bullish,Strong Bullish,Perfect Uptrend (5>20>50),Normal,Akumulasi (Naik),Normal,Dominan Beli (Hajar Kanan),Squeeze,Rendah,Marubozu (Strong Bullish),Area Tengah,< 1 Miliar,Di Atas VWAP (Kuat),Akumulasi Pro (Smart Money),Gorengan Sepi (< 5M),Normal (50-150%),Mark-Up (Fase Pesta),Spesialis Tiang Jemuran (Banting Pucuk),Normal,Sideways / Stagnan,TP: 71 | CL: 67,Open = Low (Bullish Kuat),Tidak Ideal (< 1:1),6,WAIT & SEE,TIDAK ADA,2026-08-03 15:55:01
15:55,RICY,Small Cap (Lapis 3),Fair Value (Wajar),0.0,0.19890504,80.0,77,74,93,2.564102564102564,3206000,Normal,55,Positif,Uptrend,Bullish,Strong Bullish,Perfect Uptrend (5>20>50),Normal,Akumulasi (Naik),Normal,Dominan Beli (Hajar Kanan),Squeeze,Rendah,Normal,Area Tengah,< 1 Miliar,Di Bawah VWAP (Lemah),Distribusi Pro (Guyuran),Gorengan Sepi (< 5M),Sepi (< 50%),Mark-Up (Fase Pesta),Spesialis Tiang Jemuran (Banting Pucuk),Normal,Naik 1 Hari Beruntun,TP: 87 | CL: 75,Normal,Ideal (1:2),7,BELI,TIDAK ADA,2026-08-03 15:55:01
15:55,APEX,Small Cap (Lapis 3),Overvalued (Mahal),6.828466,8300.0,166.0,142,120,169,10.666666666666668,64945100,Tembus MA20,70,Positif,Uptrend,Bullish,Strong Bullish,Perfect Uptrend (5>20>50),Akumulasi Kuat,Akumulasi (Naik),Normal,Dominan Beli (Hajar Kanan),Breakout Upper,Tinggi,Marubozu (Strong Bullish),Rawan Pucuk (High Risk),> 1 Miliar,Di Atas VWAP (Kuat),Akumulasi Pro (Smart Money),Gorengan Sepi (< 5M),Anomali Tinggi (150-300%),Mark-Up (Fase Pesta),Spesialis Tiang Jemuran (Banting Pucuk),Normal,Naik 3 Hari Beruntun,TP: 179 | CL: 156,Open = Low (Bullish Kuat),Tidak Ideal (< 1:1),9,BELI,TIDAK ADA,2026-08-03 15:55:01
15:55,MEJA,Small Cap (Lapis 3),Overvalued (Mahal),0.0,3.271883,93.0,88,78,105,-2.1052631578947367,9118400,Normal,54,Negatif,Uptrend,Bullish,Strong Bullish,Perfect Uptrend (5>20>50),Normal,Distribusi (Turun),Normal,Dominan Jual (Guyur),Normal,Tinggi,Normal,Rawan Pucuk (High Risk),< 1 Miliar,Di Bawah VWAP (Lemah),Akumulasi Pro (Smart Money),Gorengan Sepi (< 5M),Sepi (< 50%),Mark-Up (Fase Pesta),Spesialis Tiang Jemuran (Banting Pucuk),Normal,Turun 1 Hari Beruntun,TP: 103 | CL: 85,Normal,Tidak Ideal (< 1:1),4,WAIT & SEE,TIDAK ADA,2026-08-03 15:55:01
15:55,WIDI,Small Cap (Lapis 3),Fair Value (Wajar),0.0,0.8987832,26.0,26,24,31,0.0,3077700,Normal,48,Negatif,Downtrend,Bearish,Bearish MACD,Konsolidasi / Transisi,Normal,Akumulasi (Naik),Gap Down (-3.8%),Dominan Beli (Hajar Kanan),Normal,Tinggi,Normal,Area Tengah,< 1 Miliar,Di Atas VWAP (Kuat),Akumulasi Pro (Smart Money),Gorengan Sepi (< 5M),Sepi (< 50%),Distribution (Fase Jualan),Solid (Jarang Dibanting),Normal,Sideways / Stagnan,TP: 28 | CL: 24,Normal,Ideal (1:2),2,WAIT & SEE,TIDAK ADA,2026-08-03 15:55:01
15:55,FIRE,Small Cap (Lapis 3),Fair Value (Wajar),0.0,0.6630241,108.0,106,100,118,0.9345794392523363,2251100,Normal,52,Positif,Uptrend,Bearish,Strong Bullish,Konsolidasi / Transisi,Normal,Akumulasi (Naik),Normal,Seimbang / Adu Mekanik,Normal,Sedang,Normal,Area Tengah,< 1 Miliar,Di Atas VWAP (Kuat),Distribusi Pro (Guyuran),Gorengan Sepi (< 5M),Normal (50-150%),Mark-Up (Fase Pesta),Spesialis Tiang Jemuran (Banting Pucuk),Normal,Naik 2 Hari Beruntun,TP: 114 | CL: 103,Normal,Menengah (1:1),5,WAIT & SEE,TIDAK ADA,2026-08-03 15:55:01
15:55,AVIA,Big Cap (Lapis 1),Fair Value (Wajar),10.78399,1.9445505,326.0,324,310,344,0.6172839506172839,4984400,Normal,51,Positif,Uptrend,Bearish,Bearish MACD,Konsolidasi / Transisi,Normal,Akumulasi (Naik),Normal,Seimbang / Adu Mekanik,Normal,Sedang,Normal,Area Tengah,> 1 Miliar,Di Atas VWAP (Kuat),Akumulasi Pro (Smart Money),Gorengan Sepi (< 5M),Sepi (< 50%),Mark-Up (Fase Pesta),Normal,Normal,Naik 2 Hari Beruntun,TP: 341 | CL: 315,Normal,Menengah (1:1),4,WAIT & SEE,TIDAK ADA,2026-08-03 15:55:01
15:55,ACRO,Small Cap (Lapis 3),Fair Value (Wajar),0.0,1.1778108,61.0,61,59,67,0.0,16782400,Tembus MA20,51,Negatif,Downtrend,Bearish,Bearish MACD,Konsolidasi / Transisi,Normal,Distribusi (Turun),Normal,Seimbang / Adu Mekanik,Squeeze,Rendah,Doji (Ragu-ragu),Area Tengah,> 1 Miliar,Persis di VWAP,Distribusi Pro (Guyuran),Gorengan Sepi (< 5M),Normal (50-150%),Distribution (Fase Jualan),Spesialis Tiang Jemuran (Banting Pucuk),Normal,Sideways / Stagnan,TP: 65 | CL: 58,Normal,Sangat Menarik (> 1:3),2,WAIT & SEE,TIDAK ADA,2026-08-03 15:55:01
15:55,IKAI,Small Cap (Lapis 3),Fair Value (Wajar),0.0,0.47490555,22.0,19,16,24,10.0,9081100,Normal,60,Positif,Uptrend,Bullish,Strong Bullish,Perfect Uptrend (5>20>50),Normal,Distribusi (Turun),Gap Up (+10.0%),Tidak Ada Transaksi,Normal,Tinggi,Doji (Ragu-ragu),Rawan Pucuk (High Risk),< 1 Miliar,Di Atas VWAP (Kuat),Distribusi Pro (Guyuran),Gorengan Sepi (< 5M),Normal (50-150%),Mark-Up (Fase Pesta),Solid (Jarang Dibanting),Normal,Naik 1 Hari Beruntun,TP: 23 | CL: 20,Normal,Tidak Ideal (< 1:1),6,WAIT & SEE,TIDAK ADA,2026-08-03 15:55:01
15:55,HRUM,Big Cap (Lapis 1),Overvalued (Mahal),15.594368,12323.943,880.0,804,720,900,5.389221556886228,23063500,Tembus MA20,66,Positif,Uptrend,Bullish,Strong Bullish,Perfect Uptrend (5>20>50),Akumulasi Kuat,Akumulasi (Naik),Gap Up (+3.0%),Seimbang / Adu Mekanik,Normal,Tinggi,Normal,Rawan Pucuk (High Risk),> 1 Miliar,Di Atas VWAP (Kuat),Akumulasi Pro (Smart Money),Ritel Aktif (5M - 50M),Anomali Tinggi (150-300%),Mark-Up (Fase Pesta),Normal,Normal,Naik 3 Hari Beruntun,TP: 930 | CL: 846,Normal,Tidak Ideal (< 1:1),9,BELI,TIDAK ADA,2026-08-03 15:55:01
15:55,AGRO,Mid Cap (Lapis 2),Fair Value (Wajar),0.0,1.2280805,146.0,146,139,156,-0.6802721088435374,1901600,Normal,49,Negatif,Downtrend,Bearish,Bullish MACD,Strong Downtrend (5<20<50),Normal,Akumulasi (Naik),Normal,Dominan Jual (Guyur),Normal,Sedang,Normal,Area Tengah,< 1 Miliar,Persis di VWAP,Distribusi Pro (Guyuran),Gorengan Sepi (< 5M),Sepi (< 50%),Mark-Down (Fase Runtuh),Spesialis Tiang Jemuran (Banting Pucuk),Normal,Turun 1 Hari Beruntun,TP: 153 | CL: 141,Open = High (Tekanan Jual),Menengah (1:1),2,WAIT & SEE,TIDAK ADA,2026-08-03 15:55:01
15:55,KBAG,Small Cap (Lapis 3),Fair Value (Wajar),0.0,0.908059,44.0,41,37,46,2.3255813953488373,598900,Normal,58,Positif,Uptrend,Bullish,Strong Bullish,Perfect Uptrend (5>20>50),Normal,Akumulasi (Naik),Normal,Dominan Beli (Hajar Kanan),Normal,Tinggi,Marubozu (Strong Bullish),Rawan Pucuk (High Risk),< 1 Miliar,Di Atas VWAP (Kuat),Akumulasi Pro (Smart Money),Gorengan Sepi (< 5M),Sepi (< 50%),Mark-Up (Fase Pesta),Normal,Normal,Naik 3 Hari Beruntun,TP: 47 | CL: 42,Open = Low (Bullish Kuat),Tidak Ideal (< 1:1),7,BELI,TIDAK ADA,2026-08-03 15:55:01
15:55,BEKS,Mid Cap (Lapis 2),Fair Value (Wajar),16.153847,0.57458687,21.0,21,20,22,0.0,14470500,Tembus MA20,49,Negatif,Downtrend,Bearish,Bullish MACD,Konsolidasi / Transisi,Normal,Akumulasi (Naik),Normal,Tidak Ada Transaksi,Normal,Sedang,Doji (Ragu-ragu),Area Tengah,< 1 Miliar,Di Bawah VWAP (Lemah),Distribusi Pro (Guyuran),Gorengan Sepi (< 5M),Normal (50-150%),Sideways,Normal,Normal,Sideways / Stagnan,TP: 22 | CL: 20,Normal,Menengah (1:1),3,WAIT & SEE,TIDAK ADA,2026-08-03 15:55:01
15:55,BJBR,Mid Cap (Lapis 2),Undervalued (Murah),7.1376944,0.51415086,790.0,777,755,795,0.0,1054600,Normal,57,Negatif,Uptrend,Bullish,Strong Bullish,Perfect Uptrend (5>20>50),Normal,Akumulasi (Naik),Normal,Seimbang / Adu Mekanik,Squeeze,Rendah,Doji (Ragu-ragu),Area Tengah,< 1 Miliar,Persis di VWAP,Akumulasi Pro (Smart Money),Gorengan Sepi (< 5M),Normal (50-150%),Mark-Up (Fase Pesta),Spesialis Tiang Jemuran (Banting Pucuk),Normal,Sideways / Stagnan,TP: 809 | CL: 777,Normal,Tidak Ideal (< 1:1),5,WAIT & SEE,TIDAK ADA,2026-08-03 15:55:01
15:55,HEAL,Big Cap (Lapis 1),Overvalued (Mahal),30.671297,2.1519754,800.0,854,760,935,0.0,5362700,Normal,40,Negatif,Downtrend,Bearish,Strong Bearish,Strong Downtrend (5<20<50),Normal,Distribusi (Turun),Normal,Seimbang / Adu Mekanik,Normal,Tinggi,Normal,Area Tengah,> 1 Miliar,Di Atas VWAP (Kuat),Distribusi Pro (Guyuran),Ritel Aktif (5M - 50M),Sepi (< 50%),Mark-Down (Fase Runtuh),Normal,Normal,Sideways / Stagnan,TP: 845 | CL: 770,Open = High (Tekanan Jual),Sangat Menarik (> 1:3),0,WAIT & SEE,TIDAK ADA,2026-08-03 15:55:01
15:55,LSIP,Mid Cap (Lapis 2),Undervalued (Murah),5.2160153,0.6870488,1450.0,1343,1240,1470,1.3986013986013985,10130600,Tembus MA20,73,Positif,Uptrend,Bullish,Strong Bullish,Perfect Uptrend (5>20>50),Normal,Akumulasi (Naik),Normal,Seimbang / Adu Mekanik,Normal,Tinggi,Normal,Rawan Pucuk (High Risk),> 1 Miliar,Di Atas VWAP (Kuat),Distribusi Pro (Guyuran),Ritel Aktif (5M - 50M),Normal (50-150%),Mark-Up (Fase Pesta),Spesialis Tiang Jemuran (Banting Pucuk),Normal,Naik 1 Hari Beruntun,TP: 1508 | CL: 1411,Normal,Tidak Ideal (< 1:1),7,BELI,TIDAK ADA,2026-08-03 15:55:01
15:55,SIMP,Mid Cap (Lapis 2),Undervalued (Murah),4.508259,0.4410511,595.0,561,520,615,-3.2520325203252036,13098800,Tembus MA20,62,Negatif,Uptrend,Bullish,Strong Bullish,Perfect Uptrend (5>20>50),Normal,Akumulasi (Naik),Normal,Dominan Jual (Guyur),Normal,Tinggi,Normal,Rawan Pucuk (High Risk),> 1 Miliar,Persis di VWAP,Akumulasi Pro (Smart Money),Ritel Aktif (5M - 50M),Normal (50-150%),Mark-Up (Fase Pesta),Solid (Jarang Dibanting),Normal,Turun 1 Hari Beruntun,TP: 623 | CL: 576,Open = High (Tekanan Jual),Tidak Ideal (< 1:1),6,WAIT & SEE,TIDAK ADA,2026-08-03 15:55:01
15:55,NANO,Small Cap (Lapis 3),Undervalued (Murah),11.119632,0.73985255,29.0,28,20,39,0.0,21951700,Normal,52,Negatif,Uptrend,Bullish,Bearish MACD,Perfect Uptrend (5>20>50),Normal,Distribusi (Turun),Gap Up (+3.4%),Seimbang / Adu Mekanik,Normal,Tinggi,Normal,Rawan Pucuk (High Risk),< 1 Miliar,Di Bawah VWAP (Lemah),Distribusi Pro (Guyuran),Gorengan Sepi (< 5M),Sepi (< 50%),Mark-Up (Fase Pesta),Normal,Normal,Sideways / Stagnan,TP: 34 | CL: 25,Open = High (Tekanan Jual),Menengah (1:1),4,WAIT & SEE,TIDAK ADA,2026-08-03 15:55:01
15:55,PART,Small Cap (Lapis 3),Fair Value (Wajar),0.0,1.4462751,101.0,103,98,114,-0.9803921568627451,2459400,Normal,46,Negatif,Downtrend,Bearish,Bearish MACD,Konsolidasi / Transisi,Normal,Distribusi (Turun),Normal,Seimbang / Adu Mekanik,Normal,Sedang,Normal,Area Tengah,< 1 Miliar,Di Bawah VWAP (Lemah),Distribusi Pro (Guyuran),Gorengan Sepi (< 5M),Normal (50-150%),Distribution (Fase Jualan),Spesialis Tiang Jemuran (Banting Pucuk),Normal,Turun 2 Hari Beruntun,TP: 106 | CL: 97,Normal,Sangat Menarik (> 1:3),0,WAIT & SEE,TIDAK ADA,2026-08-03 15:55:01
15:55,IDEA,Small Cap (Lapis 3),Overvalued (Mahal),30.136986,1.1164868,66.0,62,55,69,6.451612903225806,5315200,Tembus MA20,59,Positif,Uptrend,Bearish,Strong Bullish,Konsolidasi / Transisi,Normal,Akumulasi (Naik),Normal,Dominan Beli (Hajar Kanan),Normal,Sedang,Normal,Rawan Pucuk (High Risk),< 1 Miliar,Di Atas VWAP (Kuat),Akumulasi Pro (Smart Money),Gorengan Sepi (< 5M),Anomali Tinggi (150-300%),Mark-Up (Fase Pesta),Normal,Normal,Naik 3 Hari Beruntun,TP: 71 | CL: 62,Normal,Tidak Ideal (< 1:1),7,BELI,TIDAK ADA,2026-08-03 15:55:01
15:55,PSDN,Small Cap (Lapis 3),Overvalued (Mahal),21.913044,13.077322,126.0,117,105,160,-3.816793893129771,10425800,Normal,57,Negatif,Uptrend,Bullish,Strong Bullish,Perfect Uptrend (5>20>50),Normal,Akumulasi (Naik),Normal,Seimbang / Adu Mekanik,Normal,Tinggi,Normal,Rawan Pucuk (High Risk),> 1 Miliar,Di Bawah VWAP (Lemah),Distribusi Pro (Guyuran),Gorengan Sepi (< 5M),Sepi (< 50%),Mark-Up (Fase Pesta),Spesialis Tiang Jemuran (Banting Pucuk),Normal,Turun 1 Hari Beruntun,TP: 147 | CL: 112,Open = High (Tekanan Jual),Ideal (1:2),5,WAIT & SEE,TIDAK ADA,2026-08-03 15:55:01
15:55,KBLV,Small Cap (Lapis 3),Overvalued (Mahal),129.0,0.16620883,128.0,111,78,163,-3.0303030303030303,12632700,Normal,60,Negatif,Uptrend,Bullish,Strong Bullish,Perfect Uptrend (5>20>50),Normal,Akumulasi (Naik),Normal,Dominan Jual (Guyur),Normal,Tinggi,Normal,Rawan Pucuk (High Risk),> 1 Miliar,Persis di VWAP,Akumulasi Pro (Smart Money),Gorengan Sepi (< 5M),Sepi (< 50%),Mark-Up (Fase Pesta),Spesialis Tiang Jemuran (Banting Pucuk),Normal,Turun 1 Hari Beruntun,TP: 152 | CL: 111,Normal,Tidak Ideal (< 1:1),5,WAIT & SEE,TIDAK ADA,2026-08-03 15:55:01
15:55,PTMP,Small Cap (Lapis 3),Fair Value (Wajar),0.0,1.1883653,63.0,62,56,77,1.6129032258064515,17312800,Normal,55,Positif,Uptrend,Death Cross,Bearish MACD,Konsolidasi / Transisi,Normal,Distribusi (Turun),Normal,Seimbang / Adu Mekanik,Normal,Sedang,Normal,Rawan Pucuk (High Risk),> 1 Miliar,Persis di VWAP,Distribusi Pro (Guyuran),Gorengan Sepi (< 5M),Sepi (< 50%),Mark-Up (Fase Pesta),Spesialis Tiang Jemuran (Banting Pucuk),Normal,Naik 1 Hari Beruntun,TP: 69 | CL: 58,Open = Low (Bullish Kuat),Ideal (1:2),3,WAIT & SEE,TIDAK ADA,2026-08-03 15:55:01
15:55,PBRX,Small Cap (Lapis 3),Overvalued (Mahal),0.0,6749.9995,27.0,26,26,28,3.8461538461538463,3226600,Normal,50,Positif,Uptrend,Bearish,Bullish MACD,Strong Downtrend (5<20<50),Normal,Distribusi (Turun),Normal,Dominan Beli (Hajar Kanan),Normal,Sedang,Marubozu (Strong Bullish),Area Tengah,< 1 Miliar,Di Atas VWAP (Kuat),Akumulasi Pro (Smart Money),Gorengan Sepi (< 5M),Normal (50-150%),Accumulation (Kumpul Barang),Normal,Normal,Naik 1 Hari Beruntun,TP: 28 | CL: 26,Open = Low (Bullish Kuat),Menengah (1:1),4,WAIT & SEE,TIDAK ADA,2026-08-03 15:55:01
15:55,INDF,Big Cap (Lapis 1),Undervalued (Murah),5.766109,0.8148329,7175.0,6820,6575,7200,2.867383512544803,8640200,Tembus MA20,74,Positif,Uptrend,Bullish,Strong Bullish,Perfect Uptrend (5>20>50),Normal,Akumulasi (Naik),Gap Up (+2.2%),Dominan Beli (Hajar Kanan),Squeeze,Rendah,Normal,Area Tengah,> 1 Miliar,Di Atas VWAP (Kuat),Akumulasi Pro (Smart Money),Sultan (> 50M/hari),Normal (50-150%),Mark-Up (Fase Pesta),Normal,Jarum Bawah (Sinyal Pantulan Kuat),Naik 4 Hari Beruntun,TP: 7362 | CL: 7050,Normal,Tidak Ideal (< 1:1),9,BELI,TIDAK ADA,2026-08-03 15:55:01
15:55,MYOR,Big Cap (Lapis 1),Fair Value (Wajar),10.814332,1.9432046,1660.0,1732,1650,1850,-1.483679525222552,6146800,Tembus MA20,40,Negatif,Downtrend,Bearish,Strong Bearish,Strong Downtrend (5<20<50),Normal,Distribusi (Turun),Normal,Dominan Jual (Guyur),Squeeze,Rendah,Normal,Dekat Support (Low Risk),> 1 Miliar,Di Bawah VWAP (Lemah),Distribusi Pro (Guyuran),Ritel Aktif (5M - 50M),Normal (50-150%),Mark-Down (Fase Runtuh),Solid (Jarang Dibanting),Normal,Turun 3 Hari Beruntun,TP: 1732 | CL: 1611,Normal,Sangat Menarik (> 1:3),1,WAIT & SEE,TIDAK ADA,2026-08-03 15:55:01
15:55,STRK,Small Cap (Lapis 3),Overvalued (Mahal),0.0,5.954596,64.0,68,63,76,1.5873015873015872,9093100,Normal,40,Positif,Downtrend,Bearish,Strong Bearish,Strong Downtrend (5<20<50),Normal,Distribusi (Turun),Normal,Dominan Jual (Guyur),Bottom Rebound,Sedang,Doji (Ragu-ragu),Dekat Support (Low Risk),< 1 Miliar,Di Bawah VWAP (Lemah),Distribusi Pro (Guyuran),Gorengan Sepi (< 5M),Normal (50-150%),Mark-Down (Fase Runtuh),Spesialis Tiang Jemuran (Banting Pucuk),Normal,Naik 1 Hari Beruntun,TP: 69 | CL: 60,Normal,Sangat Menarik (> 1:3),1,WAIT & SEE,TIDAK ADA,2026-08-03 15:55:01
15:55,ASRI,Mid Cap (Lapis 2),Undervalued (Murah),7.7377048,0.20125014,118.0,120,107,132,0.8547008547008548,6122300,Normal,51,Positif,Downtrend,Bearish,Bearish MACD,Konsolidasi / Transisi,Normal,Distribusi (Turun),Normal,Dominan Beli (Hajar Kanan),Normal,Sedang,Normal,Rawan Pucuk (High Risk),< 1 Miliar,Persis di VWAP,Distribusi Pro (Guyuran),Gorengan Sepi (< 5M),Normal (50-150%),Distribution (Fase Jualan),Spesialis Tiang Jemuran (Banting Pucuk),Normal,Naik 1 Hari Beruntun,TP: 124 | CL: 114,Normal,Menengah (1:1),3,WAIT & SEE,TIDAK ADA,2026-08-03 15:55:01
15:55,TOBA,Mid Cap (Lapis 2),Overvalued (Mahal),0.0,20818.182,458.0,449,374,515,-1.7167381974248928,3511600,Normal,55,Negatif,Uptrend,Bullish,Bearish MACD,Perfect Uptrend (5>20>50),Normal,Distribusi (Turun),Normal,Dominan Jual (Guyur),Normal,Tinggi,Normal,Rawan Pucuk (High Risk),> 1 Miliar,Persis di VWAP,Distribusi Pro (Guyuran),Gorengan Sepi (< 5M),Sepi (< 50%),Mark-Up (Fase Pesta),Spesialis Tiang Jemuran (Banting Pucuk),Normal,Turun 1 Hari Beruntun,TP: 489 | CL: 437,Open = High (Tekanan Jual),Tidak Ideal (< 1:1),3,WAIT & SEE,TIDAK ADA,2026-08-03 15:55:01
15:55,PPRO,Mid Cap (Lapis 2),Fair Value (Wajar),0.0,-0.24590994,17.0,17,15,19,6.25,4100300,Normal,52,Positif,Downtrend,Bearish,Strong Bearish,Konsolidasi / Transisi,Normal,Distribusi (Turun),Normal,Dominan Beli (Hajar Kanan),Normal,Tinggi,Marubozu (Strong Bullish),Rawan Pucuk (High Risk),< 1 Miliar,Di Atas VWAP (Kuat),Akumulasi Pro (Smart Money),Gorengan Sepi (< 5M),Sepi (< 50%),Sideways,Solid (Jarang Dibanting),Normal,Naik 1 Hari Beruntun,TP: 17 | CL: 16,Open = Low (Bullish Kuat),Menengah (1:1),3,WAIT & SEE,TIDAK ADA,2026-08-03 15:55:01
15:55,PANI,Big Cap (Lapis 1),Overvalued (Mahal),43.49193,3.8868546,6225.0,6113,5750,6675,-0.4,3511700,Normal,49,Negatif,Uptrend,Golden Cross,Bullish MACD,Awal Reversal (5>20),Normal,Akumulasi (Naik),Normal,Dominan Jual (Guyur),Normal,Sedang,Normal,Area Tengah,> 1 Miliar,Di Atas VWAP (Kuat),Distribusi Pro (Guyuran),Ritel Aktif (5M - 50M),Normal (50-150%),Accumulation (Kumpul Barang),Spesialis Tiang Jemuran (Banting Pucuk),Normal,Turun 1 Hari Beruntun,TP: 6616 | CL: 5964,Normal,Tidak Ideal (< 1:1),4,WAIT & SEE,TIDAK ADA,2026-08-03 15:55:01
15:55,HOMI,Small Cap (Lapis 3),Fair Value (Wajar),0.0,2.0943654,177.0,179,171,192,0.0,633600,Normal,40,Negatif,Downtrend,Bearish,Bullish MACD,Strong Downtrend (5<20<50),Normal,Akumulasi (Naik),Normal,Seimbang / Adu Mekanik,Squeeze,Rendah,Doji (Ragu-ragu),Area Tengah,< 1 Miliar,Persis di VWAP,Akumulasi Pro (Smart Money),Gorengan Sepi (< 5M),Sepi (< 50%),Mark-Down (Fase Runtuh),Normal,Normal,Sideways / Stagnan,TP: 185 | CL: 171,Normal,Ideal (1:2),2,WAIT & SEE,TIDAK ADA,2026-08-03 15:55:01
15:55,LABA,Small Cap (Lapis 3),Undervalued (Murah),3.3449578,1.1164956,94.0,92,88,108,-1.0526315789473684,4548700,Normal,52,Negatif,Uptrend,Bullish,Strong Bullish,Perfect Uptrend (5>20>50),Normal,Akumulasi (Naik),Normal,Seimbang / Adu Mekanik,Normal,Sedang,Doji (Ragu-ragu),Area Tengah,< 1 Miliar,Di Bawah VWAP (Lemah),Distribusi Pro (Guyuran),Gorengan Sepi (< 5M),Sepi (< 50%),Mark-Up (Fase Pesta),Spesialis Tiang Jemuran (Banting Pucuk),Normal,Turun 1 Hari Beruntun,TP: 102 | CL: 88,Normal,Ideal (1:2),5,WAIT & SEE,TIDAK ADA,2026-08-03 15:55:01
15:55,MGRO,Mid Cap (Lapis 2),Overvalued (Mahal),0.0,7.2384505,675.0,675,655,710,-4.929577464788732,3067000,Normal,49,Negatif,Downtrend,Bullish,Strong Bullish,Perfect Uptrend (5>20>50),Normal,Distribusi (Turun),Normal,Dominan Jual (Guyur),Squeeze,Rendah,Normal,Area Tengah,> 1 Miliar,Di Bawah VWAP (Lemah),Distribusi Pro (Guyuran),Gorengan Sepi (< 5M),Normal (50-150%),Distribution (Fase Jualan),Normal,Normal,Turun 1 Hari Beruntun,TP: 703 | CL: 655,Open = High (Tekanan Jual),Ideal (1:2),2,WAIT & SEE,TIDAK ADA,2026-08-03 15:55:01
15:55,BLTA,Small Cap (Lapis 3),Overvalued (Mahal),13.14741,11000.0,33.0,33,31,36,0.0,2039300,Normal,48,Negatif,Downtrend,Bearish,Strong Bearish,Strong Downtrend (5<20<50),Normal,Distribusi (Turun),Normal,Tidak Ada Transaksi,Normal,Sedang,Doji (Ragu-ragu),Area Tengah,< 1 Miliar,Di Atas VWAP (Kuat),Distribusi Pro (Guyuran),Gorengan Sepi (< 5M),Normal (50-150%),Mark-Down (Fase Runtuh),Solid (Jarang Dibanting),Normal,Sideways / Stagnan,TP: 34 | CL: 31,Normal,Ideal (1:2),0,WAIT & SEE,TIDAK ADA,2026-08-03 15:55:01
15:55,ICBP,Big Cap (Lapis 1),Fair Value (Wajar),9.183791,1.5379686,7200.0,6861,6575,7200,3.225806451612903,3962700,Tembus MA20,68,Positif,Uptrend,Bullish,Strong Bullish,Perfect Uptrend (5>20>50),Normal,Akumulasi (Naik),Gap Up (+2.2%),Dominan Beli (Hajar Kanan),Normal,Sedang,Normal,Area Tengah,> 1 Miliar,Di Atas VWAP (Kuat),Akumulasi Pro (Smart Money),Ritel Aktif (5M - 50M),Normal (50-150%),Mark-Up (Fase Pesta),Solid (Jarang Dibanting),Normal,Naik 1 Hari Beruntun,TP: 7408 | CL: 7060,Normal,Tidak Ideal (< 1:1),9,BELI,TIDAK ADA,2026-08-03 15:55:01
15:55,CTTH,Small Cap (Lapis 3),Fair Value (Wajar),0.0,1.0469865,131.0,123,105,153,4.8,18731800,Normal,52,Positif,Uptrend,Bullish,Bullish MACD,Awal Reversal (5>20),Normal,Akumulasi (Naik),Normal,Seimbang / Adu Mekanik,Normal,Tinggi,Normal,Rawan Pucuk (High Risk),> 1 Miliar,Di Atas VWAP (Kuat),Distribusi Pro (Guyuran),Gorengan Sepi (< 5M),Normal (50-150%),Accumulation (Kumpul Barang),Spesialis Tiang Jemuran (Banting Pucuk),Normal,Naik 1 Hari Beruntun,TP: 153 | CL: 115,Normal,Tidak Ideal (< 1:1),6,WAIT & SEE,TIDAK ADA,2026-08-03 15:55:01
15:55,FLMC,Small Cap (Lapis 3),Overvalued (Mahal),4.401463,4.1610503,71.0,63,52,86,-2.73972602739726,3259400,Normal,48,Negatif,Uptrend,Bullish,Bullish MACD,Awal Reversal (5>20),Normal,Distribusi (Turun),Normal,Seimbang / Adu Mekanik,Normal,Tinggi,Normal,Rawan Pucuk (High Risk),< 1 Miliar,Di Bawah VWAP (Lemah),Distribusi Pro (Guyuran),Gorengan Sepi (< 5M),Sepi (< 50%),Accumulation (Kumpul Barang),Solid (Jarang Dibanting),Normal,Turun 3 Hari Beruntun,TP: 78 | CL: 65,Normal,Tidak Ideal (< 1:1),3,WAIT & SEE,TIDAK ADA,2026-08-03 15:55:01
15:55,ADHI,Mid Cap (Lapis 2),Fair Value (Wajar),0.0,0.4592859,156.0,161,148,175,-1.8867924528301887,4752300,Normal,42,Negatif,Downtrend,Bearish,Strong Bearish,Konsolidasi / Transisi,Normal,Distribusi (Turun),Normal,Dominan Jual (Guyur),Bottom Rebound,Sedang,Normal,Area Tengah,< 1 Miliar,Di Bawah VWAP (Lemah),Distribusi Pro (Guyuran),Gorengan Sepi (< 5M),Normal (50-150%),Distribution (Fase Jualan),Normal,Normal,Turun 1 Hari Beruntun,TP: 164 | CL: 150,Open = High (Tekanan Jual),Ideal (1:2),0,WAIT & SEE,TIDAK ADA,2026-08-03 15:55:01
15:55,BAPI,Small Cap (Lapis 3),Fair Value (Wajar),0.0,0.2813454,20.0,16,14,21,-4.761904761904762,7015200,Normal,62,Negatif,Uptrend,Bullish,Strong Bullish,Awal Reversal (5>20),Normal,Akumulasi (Naik),Gap Down (-9.5%),Dominan Beli (Hajar Kanan),Normal,Tinggi,Marubozu (Strong Bullish),Rawan Pucuk (High Risk),< 1 Miliar,Di Atas VWAP (Kuat),Akumulasi Pro (Smart Money),Gorengan Sepi (< 5M),Sepi (< 50%),Accumulation (Kumpul Barang),Spesialis Tiang Jemuran (Banting Pucuk),Normal,Turun 1 Hari Beruntun,TP: 21 | CL: 18,Open = Low (Bullish Kuat),Tidak Ideal (< 1:1),6,WAIT & SEE,TIDAK ADA,2026-08-03 15:55:01
15:55,JSMR,Big Cap (Lapis 1),Undervalued (Murah),5.672173,0.5363915,2740.0,2721,2660,2800,0.0,2058100,Normal,51,Negatif,Uptrend,Bearish,Bullish MACD,Strong Downtrend (5<20<50),Normal,Akumulasi (Naik),Normal,Dominan Beli (Hajar Kanan),Squeeze,Rendah,Normal,Area Tengah,> 1 Miliar,Persis di VWAP,Akumulasi Pro (Smart Money),Gorengan Sepi (< 5M),Normal (50-150%),Accumulation (Kumpul Barang),Spesialis Tiang Jemuran (Banting Pucuk),Normal,Sideways / Stagnan,TP: 2817 | CL: 2688,Open = Low (Bullish Kuat),Tidak Ideal (< 1:1),5,WAIT & SEE,TIDAK ADA,2026-08-03 15:55:01
15:55,KOPI,Small Cap (Lapis 3),Overvalued (Mahal),88.124214,2.1238723,212.0,198,174,260,0.0,1234200,Normal,57,Negatif,Uptrend,Bullish,Strong Bullish,Perfect Uptrend (5>20>50),Normal,Akumulasi (Naik),Gap Up (+2.8%),Seimbang / Adu Mekanik,Normal,Tinggi,Normal,Rawan Pucuk (High Risk),< 1 Miliar,Di Bawah VWAP (Lemah),Distribusi Pro (Guyuran),Gorengan Sepi (< 5M),Sepi (< 50%),Mark-Up (Fase Pesta),Spesialis Tiang Jemuran (Banting Pucuk),Normal,Sideways / Stagnan,TP: 246 | CL: 189,Open = High (Tekanan Jual),Menengah (1:1),6,WAIT & SEE,TIDAK ADA,2026-08-03 15:55:01
15:55,SMGA,Small Cap (Lapis 3),Fair Value (Wajar),0.0,1.4331634,70.0,69,62,79,-1.4084507042253522,2905300,Normal,51,Negatif,Uptrend,Bearish,Strong Bullish,Konsolidasi / Transisi,Normal,Distribusi (Turun),Normal,Seimbang / Adu Mekanik,Normal,Tinggi,Normal,Rawan Pucuk (High Risk),< 1 Miliar,Di Atas VWAP (Kuat),Distribusi Pro (Guyuran),Gorengan Sepi (< 5M),Sepi (< 50%),Mark-Up (Fase Pesta),Normal,Normal,Turun 1 Hari Beruntun,TP: 76 | CL: 65,Open = High (Tekanan Jual),Menengah (1:1),3,WAIT & SEE,TIDAK ADA,2026-08-03 15:55:01
15:55,CGAS,Small Cap (Lapis 3),Undervalued (Murah),11.679389,1.0247343,153.0,151,143,171,-1.2903225806451613,2062600,Normal,52,Negatif,Uptrend,Bullish,Strong Bullish,Perfect Uptrend (5>20>50),Normal,Distribusi (Turun),Normal,Dominan Jual (Guyur),Normal,Sedang,Normal,Area Tengah,< 1 Miliar,Persis di VWAP,Distribusi Pro (Guyuran),Gorengan Sepi (< 5M),Normal (50-150%),Mark-Up (Fase Pesta),Spesialis Tiang Jemuran (Banting Pucuk),Normal,Turun 1 Hari Beruntun,TP: 163 | CL: 146,Normal,Ideal (1:2),4,WAIT & SEE,TIDAK ADA,2026-08-03 15:55:01
15:55,PLAN,Small Cap (Lapis 3),Fair Value (Wajar),0.0,0.63206923,38.0,37,34,41,-2.564102564102564,1475000,Normal,50,Negatif,Uptrend,Bullish,Strong Bullish,Perfect Uptrend (5>20>50),Normal,Akumulasi (Naik),Gap Down (-2.6%),Seimbang / Adu Mekanik,Normal,Sedang,Doji (Ragu-ragu),Rawan Pucuk (High Risk),< 1 Miliar,Di Bawah VWAP (Lemah),Distribusi Pro (Guyuran),Gorengan Sepi (< 5M),Sepi (< 50%),Mark-Up (Fase Pesta),Normal,Normal,Turun 1 Hari Beruntun,TP: 41 | CL: 35,Normal,Tidak Ideal (< 1:1),4,WAIT & SEE,TIDAK ADA,2026-08-03 15:55:01
15:55,BMBL,Small Cap (Lapis 3),Fair Value (Wajar),0.0,0.5079033,33.0,31,29,34,0.0,627000,Normal,55,Negatif,Uptrend,Bullish,Strong Bullish,Awal Reversal (5>20),Normal,Akumulasi (Naik),Gap Down (-6.1%),Seimbang / Adu Mekanik,Normal,Sedang,Normal,Rawan Pucuk (High Risk),< 1 Miliar,Di Atas VWAP (Kuat),Akumulasi Pro (Smart Money),Gorengan Sepi (< 5M),Sepi (< 50%),Accumulation (Kumpul Barang),Normal,Normal,Sideways / Stagnan,TP: 36 | CL: 30,Open = Low (Bullish Kuat),Tidak Ideal (< 1:1),5,WAIT & SEE,TIDAK ADA,2026-08-03 15:55:01
15:55,LAPD,Small Cap (Lapis 3),Fair Value (Wajar),0.0,-10.616785,63.0,65,59,84,1.6129032258064515,8248400,Normal,46,Positif,Downtrend,Bearish,Strong Bearish,Konsolidasi / Transisi,Normal,Akumulasi (Naik),Normal,Seimbang / Adu Mekanik,Normal,Tinggi,Doji (Ragu-ragu),Area Tengah,< 1 Miliar,Di Atas VWAP (Kuat),Distribusi Pro (Guyuran),Gorengan Sepi (< 5M),Sepi (< 50%),Distribution (Fase Jualan),Spesialis Tiang Jemuran (Banting Pucuk),Jarum Bawah (Sinyal Pantulan Kuat),Naik 1 Hari Beruntun,TP: 69 | CL: 59,Normal,Sangat Menarik (> 1:3),2,WAIT & SEE,TIDAK ADA,2026-08-03 15:55:01
15:55,FORE,Mid Cap (Lapis 2),Overvalued (Mahal),60.95482,8.644034,715.0,634,595,725,3.6231884057971016,22431200,Tembus MA20,63,Positif,Uptrend,Bullish,Strong Bullish,Awal Reversal (5>20),Akumulasi Kuat,Akumulasi (Naik),Normal,Dominan Beli (Hajar Kanan),Breakout Upper,Tinggi,Normal,Rawan Pucuk (High Risk),> 1 Miliar,Di Atas VWAP (Kuat),Akumulasi Pro (Smart Money),Ritel Aktif (5M - 50M),Anomali Tinggi (150-300%),Accumulation (Kumpul Barang),Normal,Normal,Naik 3 Hari Beruntun,TP: 768 | CL: 679,Normal,Tidak Ideal (< 1:1),9,BELI,TIDAK ADA,2026-08-03 15:55:01
15:55,SOCI,Mid Cap (Lapis 2),Overvalued (Mahal),16.002949,7482.759,434.0,385,304,454,-0.45871559633027525,10296100,Normal,68,Negatif,Uptrend,Bullish,Strong Bullish,Perfect Uptrend (5>20>50),Normal,Distribusi (Turun),Normal,Seimbang / Adu Mekanik,Normal,Tinggi,Normal,Rawan Pucuk (High Risk),> 1 Miliar,Persis di VWAP,Akumulasi Pro (Smart Money),Ritel Aktif (5M - 50M),Normal (50-150%),Mark-Up (Fase Pesta),Normal,Jarum Bawah (Sinyal Pantulan Kuat),Turun 2 Hari Beruntun,TP: 468 | CL: 411,Normal,Tidak Ideal (< 1:1),4,WAIT & SEE,TIDAK ADA,2026-08-03 15:55:01
15:55,BCIC,Mid Cap (Lapis 2),Fair Value (Wajar),0.0,0.5865942,127.0,123,112,150,0.7936507936507936,1454600,Normal,54,Positif,Uptrend,Bullish,Strong Bullish,Perfect Uptrend (5>20>50),Normal,Akumulasi (Naik),Normal,Seimbang / Adu Mekanik,Normal,Sedang,Normal,Rawan Pucuk (High Risk),< 1 Miliar,Di Bawah VWAP (Lemah),Distribusi Pro (Guyuran),Gorengan Sepi (< 5M),Sepi (< 50%),Mark-Up (Fase Pesta),Spesialis Tiang Jemuran (Banting Pucuk),Normal,Naik 2 Hari Beruntun,TP: 143 | CL: 115,Normal,Ideal (1:2),6,WAIT & SEE,TIDAK ADA,2026-08-03 15:55:01
15:55,PURA,Small Cap (Lapis 3),Fair Value (Wajar),22.805805,0.39949155,33.0,30,29,33,3.125,7602100,Tembus MA20,58,Positif,Uptrend,Golden Cross,Strong Bullish,Awal Reversal (5>20),Normal,Akumulasi (Naik),Normal,Dominan Beli (Hajar Kanan),Breakout Upper,Sedang,Marubozu (Strong Bullish),Rawan Pucuk (High Risk),< 1 Miliar,Di Atas VWAP (Kuat),Akumulasi Pro (Smart Money),Gorengan Sepi (< 5M),Normal (50-150%),Accumulation (Kumpul Barang),Normal,Normal,Naik 3 Hari Beruntun,TP: 34 | CL: 31,Open = Low (Bullish Kuat),Tidak Ideal (< 1:1),8,BELI,TIDAK ADA,2026-08-03 15:55:01
15:55,TRIN,Mid Cap (Lapis 2),Overvalued (Mahal),109.790215,2.350757,314.0,331,290,386,-1.257861635220126,6063200,Normal,40,Negatif,Downtrend,Bearish,Bullish MACD,Strong Downtrend (5<20<50),Normal,Distribusi (Turun),Normal,Dominan Jual (Guyur),Normal,Tinggi,Normal,Area Tengah,> 1 Miliar,Di Bawah VWAP (Lemah),Distribusi Pro (Guyuran),Gorengan Sepi (< 5M),Normal (50-150%),Mark-Down (Fase Runtuh),Normal,Normal,Turun 2 Hari Beruntun,TP: 349 | CL: 290,Normal,Sangat Menarik (> 1:3),1,WAIT & SEE,TIDAK ADA,2026-08-03 15:55:01
15:55,CLEO,Mid Cap (Lapis 2),Overvalued (Mahal),23.558588,4.05515,382.0,380,370,394,-1.0362694300518136,5783900,Tembus MA20,52,Negatif,Uptrend,Bullish,Strong Bullish,Perfect Uptrend (5>20>50),Normal,Akumulasi (Naik),Normal,Seimbang / Adu Mekanik,Squeeze,Rendah,Normal,Area Tengah,> 1 Miliar,Persis di VWAP,Akumulasi Pro (Smart Money),Gorengan Sepi (< 5M),Normal (50-150%),Mark-Up (Fase Pesta),Normal,Normal,Turun 1 Hari Beruntun,TP: 391 | CL: 375,Open = High (Tekanan Jual),Menengah (1:1),6,WAIT & SEE,TIDAK ADA,2026-08-03 15:55:01
15:55,AREA,Small Cap (Lapis 3),Fair Value (Wajar),0.0,2.9469547,282.0,265,222,326,0.0,534500,Normal,58,Negatif,Uptrend,Bullish,Strong Bullish,Perfect Uptrend (5>20>50),Normal,Distribusi (Turun),Normal,Dominan Jual (Guyur),Normal,Tinggi,Doji (Ragu-ragu),Rawan Pucuk (High Risk),< 1 Miliar,Di Atas VWAP (Kuat),Distribusi Pro (Guyuran),Gorengan Sepi (< 5M),Normal (50-150%),Mark-Up (Fase Pesta),Normal,Normal,Sideways / Stagnan,TP: 323 | CL: 254,Normal,Tidak Ideal (< 1:1),4,WAIT & SEE,TIDAK ADA,2026-08-03 15:55:01
15:55,DKFT,Mid Cap (Lapis 2),Fair Value (Wajar),5.5096416,2.419275,660.0,646,605,680,0.0,9432500,Tembus MA20,52,Negatif,Uptrend,Bullish,Strong Bullish,Awal Reversal (5>20),Normal,Akumulasi (Naik),Normal,Seimbang / Adu Mekanik,Normal,Sedang,Doji (Ragu-ragu),Area Tengah,> 1 Miliar,Persis di VWAP,Akumulasi Pro (Smart Money),Ritel Aktif (5M - 50M),Normal (50-150%),Accumulation (Kumpul Barang),Spesialis Tiang Jemuran (Banting Pucuk),Normal,Sideways / Stagnan,TP: 698 | CL: 634,Normal,Tidak Ideal (< 1:1),6,WAIT & SEE,TIDAK ADA,2026-08-03 15:55:01
15:55,SAME,Mid Cap (Lapis 2),Overvalued (Mahal),260.86957,1.3483691,300.0,303,292,336,1.3513513513513513,456700,Normal,44,Positif,Downtrend,Bearish,Strong Bearish,Strong Downtrend (5<20<50),Normal,Distribusi (Turun),Normal,Dominan Beli (Hajar Kanan),Normal,Sedang,Marubozu (Strong Bullish),Dekat Support (Low Risk),< 1 Miliar,Persis di VWAP,Distribusi Pro (Guyuran),Gorengan Sepi (< 5M),Normal (50-150%),Mark-Down (Fase Runtuh),Normal,Normal,Naik 1 Hari Beruntun,TP: 310 | CL: 292,Open = Low (Bullish Kuat),Sangat Menarik (> 1:3),2,WAIT & SEE,TIDAK ADA,2026-08-03 15:55:01
15:55,NSSS,Big Cap (Lapis 1),Overvalued (Mahal),35.80335,11.488997,1010.0,814,595,1190,-8.597285067873303,18714100,Tembus MA20,72,Negatif,Uptrend,Bullish,Strong Bullish,Perfect Uptrend (5>20>50),Normal,Akumulasi (Naik),Normal,Dominan Jual (Guyur),Normal,Tinggi,Normal,Rawan Pucuk (High Risk),> 1 Miliar,Di Bawah VWAP (Lemah),Akumulasi Pro (Smart Money),Ritel Aktif (5M - 50M),Normal (50-150%),Mark-Up (Fase Pesta),Normal,Normal,Turun 1 Hari Beruntun,TP: 1124 | CL: 933,Normal,Tidak Ideal (< 1:1),6,WAIT & SEE,TIDAK ADA,2026-08-03 15:55:01
15:55,IPTV,Mid Cap (Lapis 2),Fair Value (Wajar),0.0,0.21804881,31.0,31,29,34,0.0,2393200,Normal,44,Negatif,Downtrend,Bearish,Bullish MACD,Strong Downtrend (5<20<50),Normal,Akumulasi (Naik),Normal,Dominan Jual (Guyur),Normal,Tinggi,Doji (Ragu-ragu),Area Tengah,< 1 Miliar,Persis di VWAP,Akumulasi Pro (Smart Money),Gorengan Sepi (< 5M),Normal (50-150%),Mark-Down (Fase Runtuh),Normal,Normal,Sideways / Stagnan,TP: 32 | CL: 29,Normal,Ideal (1:2),2,WAIT & SEE,TIDAK ADA,2026-08-03 15:55:01
15:55,BATR,Small Cap (Lapis 3),Fair Value (Wajar),0.0,1.7828693,94.0,89,82,105,2.1739130434782608,527300,Normal,62,Positif,Uptrend,Bullish,Strong Bullish,Perfect Uptrend (5>20>50),Normal,Akumulasi (Naik),Normal,Dominan Beli (Hajar Kanan),Normal,Sedang,Normal,Rawan Pucuk (High Risk),< 1 Miliar,Persis di VWAP,Distribusi Pro (Guyuran),Gorengan Sepi (< 5M),Sepi (< 50%),Mark-Up (Fase Pesta),Normal,Normal,Naik 3 Hari Beruntun,TP: 102 | CL: 88,Normal,Tidak Ideal (< 1:1),7,BELI,TIDAK ADA,2026-08-03 15:55:01
15:55,ASSA,Mid Cap (Lapis 2),Undervalued (Murah),5.3428316,0.9673675,600.0,605,560,650,-1.639344262295082,5195200,Normal,48,Negatif,Downtrend,Bearish,Strong Bearish,Konsolidasi / Transisi,Normal,Distribusi (Turun),Normal,Seimbang / Adu Mekanik,Normal,Sedang,Normal,Area Tengah,> 1 Miliar,Persis di VWAP,Distribusi Pro (Guyuran),Gorengan Sepi (< 5M),Normal (50-150%),Distribution (Fase Jualan),Spesialis Tiang Jemuran (Banting Pucuk),Normal,Turun 1 Hari Beruntun,TP: 634 | CL: 577,Open = High (Tekanan Jual),Menengah (1:1),0,WAIT & SEE,TIDAK ADA,2026-08-03 15:55:01
15:55,ERAL,Mid Cap (Lapis 2),Undervalued (Murah),9.353173,0.8823647,308.0,289,276,314,0.6535947712418301,3120700,Normal,65,Positif,Uptrend,Bullish,Strong Bullish,Perfect Uptrend (5>20>50),Normal,Akumulasi (Naik),Normal,Seimbang / Adu Mekanik,Breakout Upper,Sedang,Normal,Rawan Pucuk (High Risk),< 1 Miliar,Di Atas VWAP (Kuat),Distribusi Pro (Guyuran),Gorengan Sepi (< 5M),Normal (50-150%),Mark-Up (Fase Pesta),Normal,Normal,Naik 4 Hari Beruntun,TP: 323 | CL: 297,Normal,Tidak Ideal (< 1:1),6,WAIT & SEE,TIDAK ADA,2026-08-03 15:55:01
15:55,IKAN,Small Cap (Lapis 3),Overvalued (Mahal),43.877552,0.96529424,85.0,82,72,96,1.1904761904761905,21012900,Normal,57,Positif,Uptrend,Bullish,Bearish MACD,Perfect Uptrend (5>20>50),Normal,Akumulasi (Naik),Gap Up (+4.8%),Dominan Jual (Guyur),Normal,Tinggi,Normal,Rawan Pucuk (High Risk),> 1 Miliar,Persis di VWAP,Distribusi Pro (Guyuran),Gorengan Sepi (< 5M),Anomali Tinggi (150-300%),Mark-Up (Fase Pesta),Spesialis Tiang Jemuran (Banting Pucuk),Normal,Naik 1 Hari Beruntun,TP: 92 | CL: 79,Normal,Tidak Ideal (< 1:1),6,WAIT & SEE,TIDAK ADA,2026-08-03 15:55:01
15:55,LOPI,Small Cap (Lapis 3),Fair Value (Wajar),0.0,1.1708126,66.0,59,53,72,6.451612903225806,2412600,Normal,57,Positif,Uptrend,Bullish,Strong Bullish,Awal Reversal (5>20),Normal,Distribusi (Turun),Normal,Dominan Beli (Hajar Kanan),Normal,Tinggi,Normal,Rawan Pucuk (High Risk),< 1 Miliar,Di Atas VWAP (Kuat),Akumulasi Pro (Smart Money),Gorengan Sepi (< 5M),Sepi (< 50%),Accumulation (Kumpul Barang),Normal,Normal,Naik 1 Hari Beruntun,TP: 72 | CL: 61,Open = Low (Bullish Kuat),Tidak Ideal (< 1:1),6,WAIT & SEE,TIDAK ADA,2026-08-03 15:55:01
15:55,KRAS,Mid Cap (Lapis 2),Overvalued (Mahal),0.6214596,6277.778,226.0,226,204,250,0.8928571428571428,1467200,Normal,53,Positif,Downtrend,Bearish,Bearish MACD,Konsolidasi / Transisi,Normal,Akumulasi (Naik),Normal,Seimbang / Adu Mekanik,Normal,Tinggi,Normal,Rawan Pucuk (High Risk),< 1 Miliar,Di Atas VWAP (Kuat),Distribusi Pro (Guyuran),Gorengan Sepi (< 5M),Sepi (< 50%),Distribution (Fase Jualan),Normal,Normal,Naik 3 Hari Beruntun,TP: 245 | CL: 213,Normal,Menengah (1:1),3,WAIT & SEE,TIDAK ADA,2026-08-03 15:55:01
15:55,MPIX,Small Cap (Lapis 3),Fair Value (Wajar),0.0,0.94780105,95.0,94,87,105,-1.0416666666666665,2472000,Normal,54,Negatif,Uptrend,Bullish,Bearish MACD,Perfect Uptrend (5>20>50),Normal,Akumulasi (Naik),Gap Up (+2.1%),Dominan Jual (Guyur),Squeeze,Rendah,Normal,Area Tengah,< 1 Miliar,Di Bawah VWAP (Lemah),Distribusi Pro (Guyuran),Gorengan Sepi (< 5M),Sepi (< 50%),Mark-Up (Fase Pesta),Spesialis Tiang Jemuran (Banting Pucuk),Normal,Turun 1 Hari Beruntun,TP: 102 | CL: 90,Open = High (Tekanan Jual),Menengah (1:1),5,WAIT & SEE,TIDAK ADA,2026-08-03 15:55:01
15:55,VIVA,Small Cap (Lapis 3),Overvalued (Mahal),0.5451529,7.784735,46.0,36,31,46,9.523809523809524,29347600,Tembus MA20,70,Positif,Uptrend,Bullish,Strong Bullish,Perfect Uptrend (5>20>50),Normal,Akumulasi (Naik),Gap Up (+9.5%),Tidak Ada Transaksi,Breakout Upper,Tinggi,Doji (Ragu-ragu),Rawan Pucuk (High Risk),> 1 Miliar,Di Atas VWAP (Kuat),Akumulasi Pro (Smart Money),Gorengan Sepi (< 5M),Normal (50-150%),Mark-Up (Fase Pesta),Normal,Normal,Naik 3 Hari Beruntun,TP: 49 | CL: 43,Normal,Tidak Ideal (< 1:1),8,BELI,TIDAK ADA,2026-08-03 15:55:01
15:55,FAST,Mid Cap (Lapis 2),Overvalued (Mahal),0.0,5.4990644,342.0,288,260,380,-2.840909090909091,7535200,Tembus MA20,69,Negatif,Uptrend,Bullish,Strong Bullish,Perfect Uptrend (5>20>50),Normal,Akumulasi (Naik),Gap Up (+2.3%),Dominan Jual (Guyur),Breakout Upper,Tinggi,Normal,Rawan Pucuk (High Risk),> 1 Miliar,Di Atas VWAP (Kuat),Distribusi Pro (Guyuran),Gorengan Sepi (< 5M),Normal (50-150%),Mark-Up (Fase Pesta),Normal,Normal,Turun 1 Hari Beruntun,TP: 377 | CL: 318,Normal,Tidak Ideal (< 1:1),7,BELI,TIDAK ADA,2026-08-03 15:55:01
15:55,AHAP,Small Cap (Lapis 3),Fair Value (Wajar),0.0,2.4049532,94.0,94,86,115,2.1739130434782608,20773300,Normal,53,Positif,Downtrend,Bearish,Bearish MACD,Konsolidasi / Transisi,Normal,Akumulasi (Naik),Gap Up (+4.3%),Dominan Jual (Guyur),Normal,Sedang,Normal,Area Tengah,> 1 Miliar,Di Atas VWAP (Kuat),Distribusi Pro (Guyuran),Gorengan Sepi (< 5M),Normal (50-150%),Distribution (Fase Jualan),Normal,Normal,Naik 3 Hari Beruntun,TP: 101 | CL: 89,Normal,Ideal (1:2),4,WAIT & SEE,TIDAK ADA,2026-08-03 15:55:01
15:55,TCPI,Big Cap (Lapis 1),Overvalued (Mahal),175.46584,10.622397,4520.0,5712,4510,7150,-10.495049504950495,2027000,Normal,21,Negatif,Downtrend,Bearish,Bullish MACD,Strong Downtrend (5<20<50),Normal,Distribusi (Turun),Normal,Dominan Jual (Guyur),Normal,Tinggi,Normal,Dekat Support (Low Risk),> 1 Miliar,Di Bawah VWAP (Lemah),Distribusi Pro (Guyuran),Ritel Aktif (5M - 50M),Normal (50-150%),Mark-Down (Fase Runtuh),Solid (Jarang Dibanting),Normal,Turun 2 Hari Beruntun,TP: 4980 | CL: 4213,Open = High (Tekanan Jual),Sangat Menarik (> 1:3),1,WAIT & SEE,TIDAK ADA,2026-08-03 15:55:01
15:55,UNTR,Big Cap (Lapis 1),Undervalued (Murah),11.24225,0.88457257,23800.0,25343,23425,27650,-0.6263048016701461,2966100,Normal,40,Negatif,Downtrend,Bearish,Bearish MACD,Konsolidasi / Transisi,Normal,Distribusi (Turun),Gap Up (+4.0%),Dominan Jual (Guyur),Normal,Tinggi,Normal,Dekat Support (Low Risk),> 1 Miliar,Di Bawah VWAP (Lemah),Distribusi Pro (Guyuran),Sultan (> 50M/hari),Normal (50-150%),Distribution (Fase Jualan),Normal,Normal,Turun 6 Hari Beruntun,TP: 24828 | CL: 23114,Open = High (Tekanan Jual),Sangat Menarik (> 1:3),1,WAIT & SEE,TIDAK ADA,2026-08-03 15:55:01
15:55,BANK,Mid Cap (Lapis 2),Overvalued (Mahal),49.285717,1.1682836,276.0,285,266,314,-1.4285714285714286,3032600,Normal,43,Negatif,Downtrend,Bearish,Bullish MACD,Konsolidasi / Transisi,Normal,Distribusi (Turun),Normal,Dominan Jual (Guyur),Normal,Sedang,Normal,Area Tengah,< 1 Miliar,Di Bawah VWAP (Lemah),Distribusi Pro (Guyuran),Gorengan Sepi (< 5M),Normal (50-150%),Distribution (Fase Jualan),Normal,Normal,Turun 1 Hari Beruntun,TP: 295 | CL: 262,Normal,Sangat Menarik (> 1:3),1,WAIT & SEE,TIDAK ADA,2026-08-03 15:55:01
15:55,MAIN,Mid Cap (Lapis 2),Undervalued (Murah),3.2763462,0.5148629,665.0,692,645,735,-1.4814814814814816,1696800,Normal,41,Negatif,Downtrend,Bullish,Bearish MACD,Awal Reversal (5>20),Normal,Distribusi (Turun),Normal,Dominan Jual (Guyur),Normal,Sedang,Normal,Area Tengah,> 1 Miliar,Di Bawah VWAP (Lemah),Distribusi Pro (Guyuran),Gorengan Sepi (< 5M),Normal (50-150%),Mark-Down (Fase Runtuh),Normal,Normal,Turun 2 Hari Beruntun,TP: 700 | CL: 641,Normal,Sangat Menarik (> 1:3),1,WAIT & SEE,TIDAK ADA,2026-08-03 15:55:01
15:55,POLA,Small Cap (Lapis 3),Overvalued (Mahal),77.63158,0.8883402,59.0,58,54,68,1.7241379310344827,2026900,Normal,52,Positif,Uptrend,Bearish,Strong Bearish,Konsolidasi / Transisi,Normal,Akumulasi (Naik),Normal,Dominan Beli (Hajar Kanan),Normal,Sedang,Normal,Area Tengah,< 1 Miliar,Di Atas VWAP (Kuat),Akumulasi Pro (Smart Money),Gorengan Sepi (< 5M),Sepi (< 50%),Mark-Up (Fase Pesta),Spesialis Tiang Jemuran (Banting Pucuk),Normal,Naik 3 Hari Beruntun,TP: 64 | CL: 55,Normal,Ideal (1:2),5,WAIT & SEE,TIDAK ADA,2026-08-03 15:55:01
15:55,BGTG,Mid Cap (Lapis 2),Undervalued (Murah),12.10856,0.745554,116.0,110,105,117,1.7543859649122806,4770700,Tembus MA20,59,Positif,Uptrend,Golden Cross,Strong Bullish,Perfect Uptrend (5>20>50),Normal,Akumulasi (Naik),Normal,Seimbang / Adu Mekanik,Normal,Sedang,Doji (Ragu-ragu),Rawan Pucuk (High Risk),< 1 Miliar,Di Atas VWAP (Kuat),Akumulasi Pro (Smart Money),Gorengan Sepi (< 5M),Normal (50-150%),Mark-Up (Fase Pesta),Normal,Jarum Bawah (Sinyal Pantulan Kuat),Naik 3 Hari Beruntun,TP: 122 | CL: 111,Normal,Tidak Ideal (< 1:1),7,BELI,TIDAK ADA,2026-08-03 15:55:01
15:55,TRON,Small Cap (Lapis 3),Fair Value (Wajar),0.0,1.7892348,108.0,106,94,137,-0.9174311926605505,7880300,Normal,53,Negatif,Uptrend,Bullish,Bearish MACD,Perfect Uptrend (5>20>50),Normal,Distribusi (Turun),Normal,Dominan Jual (Guyur),Normal,Tinggi,Normal,Rawan Pucuk (High Risk),< 1 Miliar,Di Bawah VWAP (Lemah),Distribusi Pro (Guyuran),Gorengan Sepi (< 5M),Sepi (< 50%),Mark-Up (Fase Pesta),Spesialis Tiang Jemuran (Banting Pucuk),Normal,Turun 2 Hari Beruntun,TP: 125 | CL: 96,Open = High (Tekanan Jual),Ideal (1:2),3,WAIT & SEE,TIDAK ADA,2026-08-03 15:55:01
15:55,STAA,Big Cap (Lapis 1),Fair Value (Wajar),7.5674562,1.8766282,1105.0,1041,980,1110,2.314814814814815,5302300,Tembus MA20,67,Positif,Uptrend,Bullish,Strong Bullish,Perfect Uptrend (5>20>50),Normal,Akumulasi (Naik),Normal,Dominan Beli (Hajar Kanan),Normal,Sedang,Normal,Rawan Pucuk (High Risk),> 1 Miliar,Di Atas VWAP (Kuat),Akumulasi Pro (Smart Money),Ritel Aktif (5M - 50M),Normal (50-150%),Mark-Up (Fase Pesta),Solid (Jarang Dibanting),Normal,Naik 1 Hari Beruntun,TP: 1147 | CL: 1076,Normal,Tidak Ideal (< 1:1),8,BELI,TIDAK ADA,2026-08-03 15:55:01
15:55,BNGA,Big Cap (Lapis 1),Undervalued (Murah),6.049573,0.70289415,1645.0,1617,1540,1665,-0.30303030303030304,534600,Normal,60,Negatif,Uptrend,Bullish,Strong Bullish,Perfect Uptrend (5>20>50),Normal,Distribusi (Turun),Normal,Seimbang / Adu Mekanik,Squeeze,Rendah,Normal,Area Tengah,< 1 Miliar,Persis di VWAP,Distribusi Pro (Guyuran),Gorengan Sepi (< 5M),Sepi (< 50%),Mark-Up (Fase Pesta),Normal,Normal,Turun 1 Hari Beruntun,TP: 1679 | CL: 1622,Open = High (Tekanan Jual),Tidak Ideal (< 1:1),4,WAIT & SEE,TIDAK ADA,2026-08-03 15:55:01
15:55,NIKL,Small Cap (Lapis 3),Overvalued (Mahal),16.753023,8818.182,194.0,187,175,204,-1.0204081632653061,2635200,Normal,51,Negatif,Uptrend,Golden Cross,Bullish MACD,Awal Reversal (5>20),Normal,Akumulasi (Naik),Normal,Dominan Jual (Guyur),Normal,Sedang,Normal,Rawan Pucuk (High Risk),< 1 Miliar,Di Atas VWAP (Kuat),Distribusi Pro (Guyuran),Gorengan Sepi (< 5M),Normal (50-150%),Accumulation (Kumpul Barang),Spesialis Tiang Jemuran (Banting Pucuk),Normal,Turun 1 Hari Beruntun,TP: 208 | CL: 184,Normal,Tidak Ideal (< 1:1),5,WAIT & SEE,TIDAK ADA,2026-08-03 15:55:01
15:55,MAPA,Big Cap (Lapis 1),Fair Value (Wajar),9.927931,2.1015794,670.0,615,580,705,3.076923076923077,68253300,Tembus MA20,66,Positif,Uptrend,Bullish,Strong Bullish,Perfect Uptrend (5>20>50),Akumulasi Kuat,Akumulasi (Naik),Normal,Seimbang / Adu Mekanik,Breakout Upper,Sedang,Normal,Rawan Pucuk (High Risk),> 1 Miliar,Di Atas VWAP (Kuat),Akumulasi Pro (Smart Money),Ritel Aktif (5M - 50M),Ledakan Ekstrem (> 300%),Mark-Up (Fase Pesta),Solid (Jarang Dibanting),Normal,Naik 5 Hari Beruntun,TP: 715 | CL: 639,Normal,Tidak Ideal (< 1:1),8,BELI,TIDAK ADA,2026-08-03 15:55:01
15:55,SPRE,Small Cap (Lapis 3),Fair Value (Wajar),0.0,1.47417,93.0,84,70,99,0.0,1809900,Normal,62,Negatif,Uptrend,Bullish,Strong Bullish,Perfect Uptrend (5>20>50),Normal,Akumulasi (Naik),Normal,Dominan Beli (Hajar Kanan),Normal,Tinggi,Doji (Ragu-ragu),Rawan Pucuk (High Risk),< 1 Miliar,Di Atas VWAP (Kuat),Akumulasi Pro (Smart Money),Gorengan Sepi (< 5M),Normal (50-150%),Mark-Up (Fase Pesta),Normal,Jarum Bawah (Sinyal Pantulan Kuat),Sideways / Stagnan,TP: 105 | CL: 84,Normal,Tidak Ideal (< 1:1),6,WAIT & SEE,TIDAK ADA,2026-08-03 15:55:01
15:55,MKAP,Mid Cap (Lapis 2),Overvalued (Mahal),771.5232,11.486886,1165.0,1166,1145,1205,0.43103448275862066,48500,Normal,55,Positif,Downtrend,Bearish,Bearish MACD,Konsolidasi / Transisi,Normal,Distribusi (Turun),Normal,Dominan Beli (Hajar Kanan),Squeeze,Rendah,Marubozu (Strong Bullish),Dekat Support (Low Risk),< 1 Miliar,Persis di VWAP,Distribusi Pro (Guyuran),Gorengan Sepi (< 5M),Normal (50-150%),Distribution (Fase Jualan),Normal,Normal,Naik 1 Hari Beruntun,TP: 1172 | CL: 1160,Open = Low (Bullish Kuat),Ideal (1:2),3,WAIT & SEE,TIDAK ADA,2026-08-03 15:55:01
15:55,EXCL,Big Cap (Lapis 1),Fair Value (Wajar),0.0,1.5487803,2480.0,2501,2350,2660,1.639344262295082,4110400,Normal,47,Positif,Downtrend,Bearish,Strong Bearish,Strong Downtrend (5<20<50),Normal,Akumulasi (Naik),Normal,Seimbang / Adu Mekanik,Normal,Sedang,Normal,Area Tengah,> 1 Miliar,Di Atas VWAP (Kuat),Akumulasi Pro (Smart Money),Ritel Aktif (5M - 50M),Normal (50-150%),Mark-Down (Fase Runtuh),Normal,Normal,Naik 1 Hari Beruntun,TP: 2604 | CL: 2397,Normal,Menengah (1:1),2,WAIT & SEE,TIDAK ADA,2026-08-03 15:55:01
15:55,CFIN,Mid Cap (Lapis 2),Undervalued (Murah),5.92643,0.2436787,348.0,335,322,348,1.1627906976744187,1314800,Normal,68,Positif,Uptrend,Bullish,Bearish MACD,Perfect Uptrend (5>20>50),Normal,Akumulasi (Naik),Normal,Dominan Beli (Hajar Kanan),Squeeze,Rendah,Doji (Ragu-ragu),Area Tengah,< 1 Miliar,Di Atas VWAP (Kuat),Akumulasi Pro (Smart Money),Gorengan Sepi (< 5M),Normal (50-150%),Mark-Up (Fase Pesta),Solid (Jarang Dibanting),Jarum Bawah (Sinyal Pantulan Kuat),Naik 4 Hari Beruntun,TP: 357 | CL: 342,Normal,Tidak Ideal (< 1:1),6,WAIT & SEE,TIDAK ADA,2026-08-03 15:55:01
15:55,WEHA,Small Cap (Lapis 3),Undervalued (Murah),6.423718,0.5848808,104.0,102,99,113,-0.9523809523809524,8629100,Tembus MA20,50,Negatif,Uptrend,Bullish,Bullish MACD,Awal Reversal (5>20),Normal,Akumulasi (Naik),Normal,Dominan Jual (Guyur),Squeeze,Rendah,Normal,Area Tengah,< 1 Miliar,Di Bawah VWAP (Lemah),Distribusi Pro (Guyuran),Gorengan Sepi (< 5M),Normal (50-150%),Accumulation (Kumpul Barang),Spesialis Tiang Jemuran (Banting Pucuk),Normal,Turun 1 Hari Beruntun,TP: 110 | CL: 99,Normal,Ideal (1:2),5,WAIT & SEE,TIDAK ADA,2026-08-03 15:55:01
15:55,JAST,Small Cap (Lapis 3),Fair Value (Wajar),0.0,1.5191728,83.0,84,76,103,-1.1904761904761905,1570100,Normal,50,Negatif,Downtrend,Bearish,Bearish MACD,Konsolidasi / Transisi,Normal,Distribusi (Turun),Normal,Seimbang / Adu Mekanik,Normal,Tinggi,Normal,Area Tengah,< 1 Miliar,Persis di VWAP,Akumulasi Pro (Smart Money),Gorengan Sepi (< 5M),Sepi (< 50%),Distribution (Fase Jualan),Spesialis Tiang Jemuran (Banting Pucuk),Normal,Turun 1 Hari Beruntun,TP: 87 | CL: 79,Normal,Ideal (1:2),0,WAIT & SEE,TIDAK ADA,2026-08-03 15:55:01
15:55,TRJA,Small Cap (Lapis 3),Undervalued (Murah),3.4549305,0.43080026,111.0,111,105,122,-0.8928571428571428,375000,Normal,49,Negatif,Downtrend,Bearish,Bullish MACD,Konsolidasi / Transisi,Normal,Akumulasi (Naik),Normal,Seimbang / Adu Mekanik,Squeeze,Rendah,Normal,Area Tengah,< 1 Miliar,Persis di VWAP,Akumulasi Pro (Smart Money),Gorengan Sepi (< 5M),Sepi (< 50%),Distribution (Fase Jualan),Spesialis Tiang Jemuran (Banting Pucuk),Normal,Turun 1 Hari Beruntun,TP: 120 | CL: 105,Open = High (Tekanan Jual),Ideal (1:2),2,WAIT & SEE,TIDAK ADA,2026-08-03 15:55:01
15:55,DYAN,Small Cap (Lapis 3),Undervalued (Murah),7.9069767,0.48982036,85.0,80,75,90,1.1904761904761905,5001500,Tembus MA20,62,Positif,Uptrend,Bullish,Strong Bullish,Perfect Uptrend (5>20>50),Normal,Akumulasi (Naik),Normal,Seimbang / Adu Mekanik,Breakout Upper,Sedang,Doji (Ragu-ragu),Rawan Pucuk (High Risk),< 1 Miliar,Di Atas VWAP (Kuat),Distribusi Pro (Guyuran),Gorengan Sepi (< 5M),Normal (50-150%),Mark-Up (Fase Pesta),Normal,Normal,Naik 2 Hari Beruntun,TP: 90 | CL: 81,Normal,Tidak Ideal (< 1:1),7,BELI,TIDAK ADA,2026-08-03 15:55:01
15:55,JARR,Big Cap (Lapis 1),Overvalued (Mahal),70.87343,9.02642,1905.0,1881,1775,2100,-1.2953367875647668,1207100,Normal,53,Negatif,Uptrend,Bullish,Bearish MACD,Perfect Uptrend (5>20>50),Normal,Akumulasi (Naik),Normal,Dominan Jual (Guyur),Normal,Sedang,Normal,Area Tengah,> 1 Miliar,Di Bawah VWAP (Lemah),Distribusi Pro (Guyuran),Gorengan Sepi (< 5M),Normal (50-150%),Mark-Up (Fase Pesta),Spesialis Tiang Jemuran (Banting Pucuk),Normal,Turun 1 Hari Beruntun,TP: 2027 | CL: 1823,Normal,Ideal (1:2),4,WAIT & SEE,TIDAK ADA,2026-08-03 15:55:01
15:55,DGIK,Small Cap (Lapis 3),Undervalued (Murah),12.138728,0.8804047,126.0,129,120,148,-1.5625,1269600,Normal,44,Negatif,Downtrend,Bearish,Bearish MACD,Konsolidasi / Transisi,Normal,Distribusi (Turun),Normal,Dominan Jual (Guyur),Normal,Sedang,Normal,Area Tengah,< 1 Miliar,Di Bawah VWAP (Lemah),Distribusi Pro (Guyuran),Gorengan Sepi (< 5M),Normal (50-150%),Distribution (Fase Jualan),Spesialis Tiang Jemuran (Banting Pucuk),Normal,Turun 1 Hari Beruntun,TP: 132 | CL: 121,Normal,Sangat Menarik (> 1:3),0,WAIT & SEE,TIDAK ADA,2026-08-03 15:55:01
15:55,ASLC,Small Cap (Lapis 3),Overvalued (Mahal),25.498009,1.0813917,64.0,63,59,69,0.0,2526000,Normal,52,Negatif,Uptrend,Bullish,Strong Bullish,Perfect Uptrend (5>20>50),Normal,Akumulasi (Naik),Normal,Dominan Beli (Hajar Kanan),Normal,Tinggi,Doji (Ragu-ragu),Area Tengah,< 1 Miliar,Persis di VWAP,Akumulasi Pro (Smart Money),Gorengan Sepi (< 5M),Sepi (< 50%),Mark-Up (Fase Pesta),Solid (Jarang Dibanting),Jarum Bawah (Sinyal Pantulan Kuat),Sideways / Stagnan,TP: 69 | CL: 60,Normal,Menengah (1:1),6,WAIT & SEE,TIDAK ADA,2026-08-03 15:55:01
15:55,HBAT,Small Cap (Lapis 3),Fair Value (Wajar),0.0,2.8213086,220.0,259,212,300,-1.7857142857142856,240900,Normal,26,Negatif,Downtrend,Bearish,Bullish MACD,Strong Downtrend (5<20<50),Normal,Akumulasi (Naik),Normal,Dominan Jual (Guyur),Normal,Tinggi,Normal,Area Tengah,< 1 Miliar,Di Bawah VWAP (Lemah),Akumulasi Pro (Smart Money),Gorengan Sepi (< 5M),Sepi (< 50%),Mark-Down (Fase Runtuh),Normal,Normal,Turun 1 Hari Beruntun,TP: 244 | CL: 203,Normal,Sangat Menarik (> 1:3),2,WAIT & SEE,TIDAK ADA,2026-08-03 15:55:01
15:55,ESTA,Small Cap (Lapis 3),Fair Value (Wajar),0.0,2.588168,191.0,181,168,204,-2.5510204081632653,538300,Normal,55,Negatif,Uptrend,Bullish,Strong Bullish,Awal Reversal (5>20),Normal,Akumulasi (Naik),Normal,Seimbang / Adu Mekanik,Normal,Sedang,Normal,Rawan Pucuk (High Risk),< 1 Miliar,Di Atas VWAP (Kuat),Akumulasi Pro (Smart Money),Gorengan Sepi (< 5M),Normal (50-150%),Accumulation (Kumpul Barang),Spesialis Tiang Jemuran (Banting Pucuk),Normal,Turun 1 Hari Beruntun,TP: 211 | CL: 177,Normal,Tidak Ideal (< 1:1),5,WAIT & SEE,TIDAK ADA,2026-08-03 15:55:01
15:55,WOWS,Small Cap (Lapis 3),Fair Value (Wajar),0.0,0.26962432,59.0,59,55,66,3.508771929824561,15176100,Normal,50,Positif,Downtrend,Bearish,Strong Bearish,Konsolidasi / Transisi,Normal,Distribusi (Turun),Normal,Dominan Beli (Hajar Kanan),Normal,Sedang,Normal,Area Tengah,< 1 Miliar,Di Atas VWAP (Kuat),Akumulasi Pro (Smart Money),Gorengan Sepi (< 5M),Normal (50-150%),Sideways,Spesialis Tiang Jemuran (Banting Pucuk),Normal,Naik 1 Hari Beruntun,TP: 62 | CL: 56,Normal,Ideal (1:2),2,WAIT & SEE,TIDAK ADA,2026-08-03 15:55:01
15:55,MAHA,Mid Cap (Lapis 2),Undervalued (Murah),6.4017663,1.2033294,146.0,140,133,153,0.6896551724137931,3761400,Normal,69,Positif,Uptrend,Bullish,Strong Bullish,Perfect Uptrend (5>20>50),Normal,Akumulasi (Naik),Normal,Seimbang / Adu Mekanik,Squeeze,Rendah,Doji (Ragu-ragu),Area Tengah,< 1 Miliar,Di Atas VWAP (Kuat),Distribusi Pro (Guyuran),Gorengan Sepi (< 5M),Normal (50-150%),Mark-Up (Fase Pesta),Normal,Normal,Naik 3 Hari Beruntun,TP: 152 | CL: 141,Normal,Tidak Ideal (< 1:1),6,WAIT & SEE,TIDAK ADA,2026-08-03 15:55:01
15:55,BTPS,Mid Cap (Lapis 2),Undervalued (Murah),6.3690214,0.750965,995.0,1005,960,1060,0.5050505050505051,913500,Normal,50,Positif,Downtrend,Bearish,Strong Bearish,Konsolidasi / Transisi,Normal,Akumulasi (Naik),Normal,Dominan Jual (Guyur),Normal,Sedang,Doji (Ragu-ragu),Area Tengah,< 1 Miliar,Di Atas VWAP (Kuat),Distribusi Pro (Guyuran),Gorengan Sepi (< 5M),Sepi (< 50%),Distribution (Fase Jualan),Spesialis Tiang Jemuran (Banting Pucuk),Normal,Naik 1 Hari Beruntun,TP: 1031 | CL: 970,Normal,Ideal (1:2),2,WAIT & SEE,TIDAK ADA,2026-08-03 15:55:01
15:55,TRUS,Small Cap (Lapis 3),Fair Value (Wajar),15.233141,0.79414266,410.0,437,380,580,-0.48543689320388345,125500,Normal,51,Negatif,Downtrend,Bearish,Bearish MACD,Konsolidasi / Transisi,Normal,Distribusi (Turun),Normal,Seimbang / Adu Mekanik,Normal,Tinggi,Normal,Area Tengah,< 1 Miliar,Di Bawah VWAP (Lemah),Akumulasi Pro (Smart Money),Gorengan Sepi (< 5M),Normal (50-150%),Distribution (Fase Jualan),Spesialis Tiang Jemuran (Banting Pucuk),Normal,Turun 3 Hari Beruntun,TP: 453 | CL: 381,Normal,Sangat Menarik (> 1:3),1,WAIT & SEE,TIDAK ADA,2026-08-03 15:55:01
15:55,INKP,Big Cap (Lapis 1),Overvalued (Mahal),5.4595704,6626.2705,8475.0,7735,7050,8825,0.8928571428571428,8492100,Tembus MA20,69,Positif,Uptrend,Bullish,Strong Bullish,Perfect Uptrend (5>20>50),Distribusi Kuat,Akumulasi (Naik),Gap Up (+3.6%),Dominan Jual (Guyur),Normal,Tinggi,Normal,Rawan Pucuk (High Risk),> 1 Miliar,Di Atas VWAP (Kuat),Distribusi Pro (Guyuran),Ritel Aktif (5M - 50M),Anomali Tinggi (150-300%),Mark-Up (Fase Pesta),Normal,Normal,Naik 3 Hari Beruntun,TP: 8954 | CL: 8155,Normal,Tidak Ideal (< 1:1),8,BELI,TIDAK ADA,2026-08-03 15:55:01
15:55,HALO,Small Cap (Lapis 3),Fair Value (Wajar),0.0,1.7522211,71.0,66,60,77,0.0,4475400,Normal,61,Negatif,Uptrend,Bullish,Strong Bullish,Perfect Uptrend (5>20>50),Normal,Akumulasi (Naik),Normal,Seimbang / Adu Mekanik,Normal,Sedang,Normal,Rawan Pucuk (High Risk),< 1 Miliar,Di Atas VWAP (Kuat),Distribusi Pro (Guyuran),Gorengan Sepi (< 5M),Sepi (< 50%),Mark-Up (Fase Pesta),Spesialis Tiang Jemuran (Banting Pucuk),Normal,Sideways / Stagnan,TP: 76 | CL: 67,Open = High (Tekanan Jual),Tidak Ideal (< 1:1),5,WAIT & SEE,TIDAK ADA,2026-08-03 15:55:01
15:55,RLCO,Big Cap (Lapis 1),Overvalued (Mahal),366.30038,51.28889,5025.0,4012,2900,5675,-4.285714285714286,901700,Normal,69,Negatif,Uptrend,Bullish,Strong Bullish,Perfect Uptrend (5>20>50),Normal,Akumulasi (Naik),Normal,Dominan Jual (Guyur),Normal,Tinggi,Normal,Rawan Pucuk (High Risk),> 1 Miliar,Di Bawah VWAP (Lemah),Akumulasi Pro (Smart Money),Ritel Aktif (5M - 50M),Sepi (< 50%),Mark-Up (Fase Pesta),Spesialis Tiang Jemuran (Banting Pucuk),Normal,Turun 2 Hari Beruntun,TP: 5700 | CL: 4575,Normal,Tidak Ideal (< 1:1),5,WAIT & SEE,TIDAK ADA,2026-08-03 15:55:01
15:55,TKIM,Big Cap (Lapis 1),Overvalued (Mahal),4.7224717,7289.528,7125.0,5953,5250,7200,9.615384615384617,10556000,Tembus MA20,73,Positif,Uptrend,Bullish,Strong Bullish,Perfect Uptrend (5>20>50),Akumulasi Kuat,Akumulasi (Naik),Gap Up (+5.4%),Dominan Beli (Hajar Kanan),Breakout Upper,Tinggi,Normal,Rawan Pucuk (High Risk),> 1 Miliar,Di Atas VWAP (Kuat),Akumulasi Pro (Smart Money),Ritel Aktif (5M - 50M),Anomali Tinggi (150-300%),Mark-Up (Fase Pesta),Normal,Normal,Naik 3 Hari Beruntun,TP: 7588 | CL: 6816,Normal,Tidak Ideal (< 1:1),10,BELI,TIDAK ADA,2026-08-03 15:55:01
15:55,IPCM,Mid Cap (Lapis 2),Undervalued (Murah),8.11749,1.181491,304.0,313,300,328,-1.2987012987012987,1143400,Tembus MA20,41,Negatif,Downtrend,Bearish,Bearish MACD,Konsolidasi / Transisi,Normal,Distribusi (Turun),Normal,Seimbang / Adu Mekanik,Squeeze,Rendah,Normal,Dekat Support (Low Risk),< 1 Miliar,Persis di VWAP,Distribusi Pro (Guyuran),Gorengan Sepi (< 5M),Normal (50-150%),Distribution (Fase Jualan),Normal,Normal,Turun 1 Hari Beruntun,TP: 314 | CL: 297,Open = High (Tekanan Jual),Sangat Menarik (> 1:3),1,WAIT & SEE,TIDAK ADA,2026-08-03 15:55:01
15:55,GOLF,Mid Cap (Lapis 2),Overvalued (Mahal),59.17603,0.38390046,158.0,164,154,176,-1.25,1142900,Normal,40,Negatif,Downtrend,Bearish,Strong Bearish,Konsolidasi / Transisi,Normal,Akumulasi (Naik),Normal,Dominan Jual (Guyur),Normal,Sedang,Normal,Dekat Support (Low Risk),< 1 Miliar,Di Bawah VWAP (Lemah),Distribusi Pro (Guyuran),Gorengan Sepi (< 5M),Sepi (< 50%),Distribution (Fase Jualan),Normal,Normal,Turun 1 Hari Beruntun,TP: 168 | CL: 151,Open = High (Tekanan Jual),Sangat Menarik (> 1:3),1,WAIT & SEE,TIDAK ADA,2026-08-03 15:55:01
15:55,CHEM,Small Cap (Lapis 3),Fair Value (Wajar),0.0,0.9528556,65.0,64,60,72,1.5625,4780200,Normal,52,Positif,Uptrend,Bearish,Bearish MACD,Konsolidasi / Transisi,Normal,Akumulasi (Naik),Normal,Dominan Beli (Hajar Kanan),Normal,Sedang,Marubozu (Strong Bullish),Area Tengah,< 1 Miliar,Persis di VWAP,Distribusi Pro (Guyuran),Gorengan Sepi (< 5M),Sepi (< 50%),Mark-Up (Fase Pesta),Spesialis Tiang Jemuran (Banting Pucuk),Normal,Naik 1 Hari Beruntun,TP: 70 | CL: 61,Open = Low (Bullish Kuat),Menengah (1:1),5,WAIT & SEE,TIDAK ADA,2026-08-03 15:55:01
15:55,WAPO,Small Cap (Lapis 3),Fair Value (Wajar),0.0,2.4853325,122.0,118,108,126,0.8264462809917356,120700,Normal,59,Positif,Uptrend,Bullish,Strong Bullish,Perfect Uptrend (5>20>50),Normal,Distribusi (Turun),Normal,Seimbang / Adu Mekanik,Normal,Sedang,Normal,Rawan Pucuk (High Risk),< 1 Miliar,Di Atas VWAP (Kuat),Akumulasi Pro (Smart Money),Gorengan Sepi (< 5M),Sepi (< 50%),Mark-Up (Fase Pesta),Normal,Normal,Naik 1 Hari Beruntun,TP: 128 | CL: 117,Open = High (Tekanan Jual),Tidak Ideal (< 1:1),5,WAIT & SEE,TIDAK ADA,2026-08-03 15:55:01
15:55,FPNI,Mid Cap (Lapis 2),Overvalued (Mahal),17.585089,24111.111,434.0,332,290,505,6.896551724137931,48729200,Tembus MA20,78,Positif,Uptrend,Bullish,Strong Bullish,Awal Reversal (5>20),Distribusi Kuat,Akumulasi (Naik),Gap Up (+24.4%),Dominan Jual (Guyur),Breakout Upper,Tinggi,Normal,Rawan Pucuk (High Risk),> 1 Miliar,Di Atas VWAP (Kuat),Distribusi Pro (Guyuran),Ritel Aktif (5M - 50M),Ledakan Ekstrem (> 300%),Accumulation (Kumpul Barang),Normal,Normal,Naik 5 Hari Beruntun,TP: 472 | CL: 408,Open = High (Tekanan Jual),Tidak Ideal (< 1:1),8,BELI,TIDAK ADA,2026-08-03 15:55:01
15:55,TOTL,Mid Cap (Lapis 2),Fair Value (Wajar),7.6614256,2.718443,1145.0,1067,1030,1165,0.43859649122807015,2009800,Tembus MA20,74,Positif,Uptrend,Bullish,Strong Bullish,Perfect Uptrend (5>20>50),Normal,Akumulasi (Naik),Normal,Dominan Beli (Hajar Kanan),Breakout Upper,Sedang,Normal,Rawan Pucuk (High Risk),> 1 Miliar,Di Atas VWAP (Kuat),Akumulasi Pro (Smart Money),Gorengan Sepi (< 5M),Normal (50-150%),Mark-Up (Fase Pesta),Normal,Jarum Bawah (Sinyal Pantulan Kuat),Naik 1 Hari Beruntun,TP: 1179 | CL: 1121,Normal,Tidak Ideal (< 1:1),8,BELI,TIDAK ADA,2026-08-03 15:55:01
15:55,MUTU,Small Cap (Lapis 3),Fair Value (Wajar),0.0,1.4055711,110.0,109,104,113,0.9174311926605505,5541800,Tembus MA20,52,Positif,Uptrend,Bearish,Strong Bearish,Konsolidasi / Transisi,Normal,Akumulasi (Naik),Normal,Seimbang / Adu Mekanik,Squeeze,Rendah,Normal,Area Tengah,< 1 Miliar,Di Atas VWAP (Kuat),Akumulasi Pro (Smart Money),Gorengan Sepi (< 5M),Anomali Tinggi (150-300%),Mark-Up (Fase Pesta),Solid (Jarang Dibanting),Normal,Naik 1 Hari Beruntun,TP: 114 | CL: 106,Normal,Tidak Ideal (< 1:1),5,WAIT & SEE,TIDAK ADA,2026-08-03 15:55:01
15:55,MOLI,Small Cap (Lapis 3),Undervalued (Murah),7.434526,0.56180614,264.0,250,230,274,0.0,2473900,Normal,61,Negatif,Uptrend,Bullish,Strong Bullish,Perfect Uptrend (5>20>50),Normal,Akumulasi (Naik),Gap Up (+2.3%),Seimbang / Adu Mekanik,Normal,Tinggi,Hammer (Potensi Reversal),Rawan Pucuk (High Risk),< 1 Miliar,Persis di VWAP,Akumulasi Pro (Smart Money),Gorengan Sepi (< 5M),Normal (50-150%),Mark-Up (Fase Pesta),Normal,Jarum Bawah (Sinyal Pantulan Kuat),Sideways / Stagnan,TP: 283 | CL: 250,Open = High (Tekanan Jual),Tidak Ideal (< 1:1),6,WAIT & SEE,TIDAK ADA,2026-08-03 15:55:01
15:55,BRRC,Small Cap (Lapis 3),Fair Value (Wajar),0.0,0.6400467,57.0,58,54,67,0.0,1686600,Normal,44,Negatif,Downtrend,Bearish,Strong Bearish,Konsolidasi / Transisi,Normal,Akumulasi (Naik),Normal,Dominan Beli (Hajar Kanan),Normal,Sedang,Doji (Ragu-ragu),Area Tengah,< 1 Miliar,Persis di VWAP,Akumulasi Pro (Smart Money),Gorengan Sepi (< 5M),Sepi (< 50%),Distribution (Fase Jualan),Spesialis Tiang Jemuran (Banting Pucuk),Jarum Bawah (Sinyal Pantulan Kuat),Sideways / Stagnan,TP: 60 | CL: 54,Normal,Sangat Menarik (> 1:3),2,WAIT & SEE,TIDAK ADA,2026-08-03 15:55:01
15:55,TMPO,Small Cap (Lapis 3),Overvalued (Mahal),31.11111,0.6367776,138.0,106,99,143,22.123893805309734,66825100,Tembus MA20,75,Positif,Uptrend,Bullish,Strong Bullish,Perfect Uptrend (5>20>50),Akumulasi Kuat,Akumulasi (Naik),Normal,Dominan Beli (Hajar Kanan),Breakout Upper,Tinggi,Normal,Rawan Pucuk (High Risk),> 1 Miliar,Di Atas VWAP (Kuat),Akumulasi Pro (Smart Money),Gorengan Sepi (< 5M),Ledakan Ekstrem (> 300%),Mark-Up (Fase Pesta),Spesialis Tiang Jemuran (Banting Pucuk),Normal,Naik 3 Hari Beruntun,TP: 148 | CL: 130,Normal,Tidak Ideal (< 1:1),9,BELI,TIDAK ADA,2026-08-03 15:55:01
15:55,BKSW,Mid Cap (Lapis 2),Fair Value (Wajar),0.0,0.39780235,53.0,52,50,55,0.0,615900,Normal,59,Negatif,Uptrend,Bullish,Strong Bullish,Perfect Uptrend (5>20>50),Normal,Netral,Normal,Seimbang / Adu Mekanik,Squeeze,Rendah,Doji (Ragu-ragu),Area Tengah,< 1 Miliar,Persis di VWAP,Netral,Gorengan Sepi (< 5M),Sepi (< 50%),Mark-Up (Fase Pesta),Normal,Normal,Sideways / Stagnan,TP: 55 | CL: 51,Normal,Tidak Ideal (< 1:1),4,WAIT & SEE,TIDAK ADA,2026-08-03 15:55:01
15:55,ERTX,Small Cap (Lapis 3),Overvalued (Mahal),195999.98,8521.739,196.0,160,137,232,12.0,20295200,Tembus MA20,74,Positif,Uptrend,Bullish,Strong Bullish,Perfect Uptrend (5>20>50),Akumulasi Kuat,Akumulasi (Naik),Normal,Seimbang / Adu Mekanik,Breakout Upper,Tinggi,Normal,Rawan Pucuk (High Risk),> 1 Miliar,Di Atas VWAP (Kuat),Distribusi Pro (Guyuran),Gorengan Sepi (< 5M),Anomali Tinggi (150-300%),Mark-Up (Fase Pesta),Spesialis Tiang Jemuran (Banting Pucuk),Normal,Naik 3 Hari Beruntun,TP: 218 | CL: 180,Open = Low (Bullish Kuat),Tidak Ideal (< 1:1),8,BELI,TIDAK ADA,2026-08-03 15:55:01
15:55,BOLA,Small Cap (Lapis 3),Fair Value (Wajar),22.733814,1.2809911,155.0,160,146,170,-4.320987654320987,514500,Normal,45,Negatif,Downtrend,Bullish,Bearish MACD,Perfect Uptrend (5>20>50),Normal,Distribusi (Turun),Normal,Dominan Jual (Guyur),Normal,Sedang,Normal,Area Tengah,< 1 Miliar,Di Bawah VWAP (Lemah),Akumulasi Pro (Smart Money),Gorengan Sepi (< 5M),Normal (50-150%),Distribution (Fase Jualan),Normal,Normal,Turun 1 Hari Beruntun,TP: 162 | CL: 150,Normal,Ideal (1:2),1,WAIT & SEE,TIDAK ADA,2026-08-03 15:55:01
15:55,TMAS,Mid Cap (Lapis 2),Fair Value (Wajar),10.166667,2.1417036,122.0,119,112,126,0.8264462809917356,1283200,Normal,59,Positif,Uptrend,Bullish,Strong Bullish,Perfect Uptrend (5>20>50),Normal,Akumulasi (Naik),Normal,Dominan Beli (Hajar Kanan),Normal,Sedang,Normal,Area Tengah,< 1 Miliar,Persis di VWAP,Distribusi Pro (Guyuran),Gorengan Sepi (< 5M),Sepi (< 50%),Mark-Up (Fase Pesta),Normal,Normal,Naik 1 Hari Beruntun,TP: 127 | CL: 118,Normal,Tidak Ideal (< 1:1),7,BELI,TIDAK ADA,2026-08-03 15:55:01
15:55,TBLA,Mid Cap (Lapis 2),Undervalued (Murah),4.1322317,0.3912563,620.0,633,600,665,0.0,3114700,Tembus MA20,47,Negatif,Downtrend,Death Cross,Bearish MACD,Konsolidasi / Transisi,Normal,Distribusi (Turun),Normal,Dominan Beli (Hajar Kanan),Normal,Sedang,Doji (Ragu-ragu),Area Tengah,> 1 Miliar,Di Bawah VWAP (Lemah),Distribusi Pro (Guyuran),Gorengan Sepi (< 5M),Normal (50-150%),Distribution (Fase Jualan),Normal,Jarum Bawah (Sinyal Pantulan Kuat),Sideways / Stagnan,TP: 645 | CL: 602,Normal,Ideal (1:2),2,WAIT & SEE,TIDAK ADA,2026-08-03 15:55:01
15:55,RMKO,Small Cap (Lapis 3),Fair Value (Wajar),0.0,2.2835724,290.0,323,276,390,-2.684563758389262,2388800,Normal,41,Negatif,Downtrend,Bearish,Strong Bearish,Konsolidasi / Transisi,Normal,Distribusi (Turun),Normal,Dominan Jual (Guyur),Normal,Tinggi,Normal,Area Tengah,< 1 Miliar,Persis di VWAP,Distribusi Pro (Guyuran),Gorengan Sepi (< 5M),Sepi (< 50%),Distribution (Fase Jualan),Spesialis Tiang Jemuran (Banting Pucuk),Normal,Turun 1 Hari Beruntun,TP: 323 | CL: 267,Open = High (Tekanan Jual),Sangat Menarik (> 1:3),0,WAIT & SEE,TIDAK ADA,2026-08-03 15:55:01
15:55,WTON,Small Cap (Lapis 3),Fair Value (Wajar),16.593887,0.18250981,76.0,74,69,78,-1.2987012987012987,4838300,Tembus MA20,55,Negatif,Uptrend,Bullish,Strong Bullish,Perfect Uptrend (5>20>50),Normal,Distribusi (Turun),Normal,Seimbang / Adu Mekanik,Normal,Sedang,Normal,Rawan Pucuk (High Risk),< 1 Miliar,Persis di VWAP,Akumulasi Pro (Smart Money),Gorengan Sepi (< 5M),Anomali Tinggi (150-300%),Mark-Up (Fase Pesta),Normal,Normal,Turun 1 Hari Beruntun,TP: 79 | CL: 73,Normal,Tidak Ideal (< 1:1),5,WAIT & SEE,TIDAK ADA,2026-08-03 15:55:01
15:55,ARTO,Big Cap (Lapis 1),Overvalued (Mahal),50.81556,1.8657978,1215.0,1230,950,1435,-0.4098360655737705,1989700,Normal,53,Negatif,Downtrend,Bearish,Bearish MACD,Konsolidasi / Transisi,Normal,Distribusi (Turun),Normal,Seimbang / Adu Mekanik,Normal,Tinggi,Normal,Rawan Pucuk (High Risk),> 1 Miliar,Di Atas VWAP (Kuat),Distribusi Pro (Guyuran),Ritel Aktif (5M - 50M),Sepi (< 50%),Distribution (Fase Jualan),Normal,Normal,Turun 2 Hari Beruntun,TP: 1331 | CL: 1137,Normal,Tidak Ideal (< 1:1),1,WAIT & SEE,TIDAK ADA,2026-08-03 15:55:01
15:55,MPMX,Mid Cap (Lapis 2),Undervalued (Murah),9.302543,0.7096792,995.0,987,965,1010,-1.4851485148514851,2073500,Normal,58,Negatif,Uptrend,Bullish,Bearish MACD,Perfect Uptrend (5>20>50),Normal,Akumulasi (Naik),Normal,Dominan Jual (Guyur),Squeeze,Rendah,Normal,Area Tengah,> 1 Miliar,Persis di VWAP,Akumulasi Pro (Smart Money),Gorengan Sepi (< 5M),Normal (50-150%),Mark-Up (Fase Pesta),Solid (Jarang Dibanting),Normal,Turun 1 Hari Beruntun,TP: 1013 | CL: 982,Open = High (Tekanan Jual),Tidak Ideal (< 1:1),4,WAIT & SEE,TIDAK ADA,2026-08-03 15:55:01
15:55,DSFI,Small Cap (Lapis 3),Undervalued (Murah),8.842015,0.5302227,83.0,77,66,92,3.75,4972800,Normal,64,Positif,Uptrend,Bullish,Strong Bullish,Perfect Uptrend (5>20>50),Normal,Akumulasi (Naik),Normal,Seimbang / Adu Mekanik,Normal,Tinggi,Normal,Rawan Pucuk (High Risk),< 1 Miliar,Di Atas VWAP (Kuat),Distribusi Pro (Guyuran),Gorengan Sepi (< 5M),Normal (50-150%),Mark-Up (Fase Pesta),Spesialis Tiang Jemuran (Banting Pucuk),Normal,Naik 1 Hari Beruntun,TP: 90 | CL: 78,Open = Low (Bullish Kuat),Tidak Ideal (< 1:1),6,WAIT & SEE,TIDAK ADA,2026-08-03 15:55:01
15:55,KLAS,Small Cap (Lapis 3),Fair Value (Wajar),0.0,1.0173216,74.0,70,65,78,-1.3333333333333335,2798200,Normal,60,Negatif,Uptrend,Bullish,Strong Bullish,Perfect Uptrend (5>20>50),Normal,Akumulasi (Naik),Normal,Seimbang / Adu Mekanik,Normal,Tinggi,Normal,Rawan Pucuk (High Risk),< 1 Miliar,Persis di VWAP,Akumulasi Pro (Smart Money),Gorengan Sepi (< 5M),Sepi (< 50%),Mark-Up (Fase Pesta),Spesialis Tiang Jemuran (Banting Pucuk),Normal,Turun 1 Hari Beruntun,TP: 78 | CL: 70,Open = High (Tekanan Jual),Tidak Ideal (< 1:1),5,WAIT & SEE,TIDAK ADA,2026-08-03 15:55:01
15:55,GJTL,Mid Cap (Lapis 2),Undervalued (Murah),2.877147,0.43813893,1315.0,1157,1095,1315,7.346938775510205,14781600,Tembus MA20,78,Positif,Uptrend,Bullish,Strong Bullish,Perfect Uptrend (5>20>50),Akumulasi Kuat,Akumulasi (Naik),Normal,Dominan Beli (Hajar Kanan),Breakout Upper,Tinggi,Marubozu (Strong Bullish),Rawan Pucuk (High Risk),> 1 Miliar,Di Atas VWAP (Kuat),Akumulasi Pro (Smart Money),Ritel Aktif (5M - 50M),Anomali Tinggi (150-300%),Mark-Up (Fase Pesta),Normal,Normal,Naik 1 Hari Beruntun,TP: 1363 | CL: 1282,Normal,Tidak Ideal (< 1:1),9,BELI,TIDAK ADA,2026-08-03 15:55:01
15:55,MHKI,Small Cap (Lapis 3),Undervalued (Murah),14.425162,1.0255857,133.0,132,118,155,-0.7462686567164178,2624100,Normal,52,Negatif,Uptrend,Bullish,Bearish MACD,Perfect Uptrend (5>20>50),Normal,Distribusi (Turun),Normal,Seimbang / Adu Mekanik,Normal,Tinggi,Normal,Rawan Pucuk (High Risk),< 1 Miliar,Persis di VWAP,Akumulasi Pro (Smart Money),Gorengan Sepi (< 5M),Normal (50-150%),Mark-Up (Fase Pesta),Spesialis Tiang Jemuran (Banting Pucuk),Jarum Bawah (Sinyal Pantulan Kuat),Turun 1 Hari Beruntun,TP: 143 | CL: 126,Normal,Menengah (1:1),3,WAIT & SEE,TIDAK ADA,2026-08-03 15:55:01
15:55,MANG,Small Cap (Lapis 3),Fair Value (Wajar),0.0,1.1098148,39.0,39,36,45,0.0,2331100,Normal,44,Negatif,Downtrend,Bullish,Bullish MACD,Awal Reversal (5>20),Normal,Distribusi (Turun),Gap Up (+2.6%),Seimbang / Adu Mekanik,Normal,Tinggi,Normal,Area Tengah,< 1 Miliar,Di Bawah VWAP (Lemah),Distribusi Pro (Guyuran),Gorengan Sepi (< 5M),Sepi (< 50%),Mark-Down (Fase Runtuh),Solid (Jarang Dibanting),Normal,Sideways / Stagnan,TP: 42 | CL: 36,Open = High (Tekanan Jual),Ideal (1:2),3,WAIT & SEE,TIDAK ADA,2026-08-03 15:55:01
15:55,VAST,Small Cap (Lapis 3),Fair Value (Wajar),0.0,0.885929,116.0,115,110,121,-0.8547008547008548,1029000,Normal,50,Negatif,Uptrend,Death Cross,Bullish MACD,Strong Downtrend (5<20<50),Normal,Distribusi (Turun),Normal,Dominan Jual (Guyur),Squeeze,Rendah,Normal,Area Tengah,< 1 Miliar,Persis di VWAP,Distribusi Pro (Guyuran),Gorengan Sepi (< 5M),Normal (50-150%),Accumulation (Kumpul Barang),Normal,Normal,Turun 1 Hari Beruntun,TP: 121 | CL: 112,Normal,Tidak Ideal (< 1:1),2,WAIT & SEE,TIDAK ADA,2026-08-03 15:55:01
15:55,BDMN,Big Cap (Lapis 1),Undervalued (Murah),9.51006,0.75944626,4150.0,4111,3790,4350,-1.1904761904761905,2186100,Tembus MA20,53,Negatif,Uptrend,Bullish,Strong Bullish,Awal Reversal (5>20),Normal,Distribusi (Turun),Normal,Dominan Jual (Guyur),Normal,Sedang,Normal,Area Tengah,> 1 Miliar,Persis di VWAP,Distribusi Pro (Guyuran),Ritel Aktif (5M - 50M),Anomali Tinggi (150-300%),Accumulation (Kumpul Barang),Spesialis Tiang Jemuran (Banting Pucuk),Normal,Turun 1 Hari Beruntun,TP: 4313 | CL: 4040,Normal,Tidak Ideal (< 1:1),5,WAIT & SEE,TIDAK ADA,2026-08-03 15:55:01
15:55,BAUT,Small Cap (Lapis 3),Fair Value (Wajar),0.0,0.85440874,30.0,28,26,31,3.4482758620689653,6049600,Tembus MA20,60,Positif,Uptrend,Bullish,Strong Bullish,Perfect Uptrend (5>20>50),Akumulasi Kuat,Akumulasi (Naik),Normal,Dominan Beli (Hajar Kanan),Normal,Tinggi,Marubozu (Strong Bullish),Rawan Pucuk (High Risk),< 1 Miliar,Di Atas VWAP (Kuat),Akumulasi Pro (Smart Money),Gorengan Sepi (< 5M),Anomali Tinggi (150-300%),Mark-Up (Fase Pesta),Normal,Normal,Naik 1 Hari Beruntun,TP: 31 | CL: 28,Open = Low (Bullish Kuat),Tidak Ideal (< 1:1),9,BELI,TIDAK ADA,2026-08-03 15:55:01
15:55,IRRA,Small Cap (Lapis 3),Undervalued (Murah),8.779343,0.95819795,374.0,374,362,404,-0.5319148936170213,528500,Normal,51,Negatif,Downtrend,Bullish,Strong Bullish,Perfect Uptrend (5>20>50),Normal,Akumulasi (Naik),Normal,Dominan Jual (Guyur),Squeeze,Rendah,Normal,Area Tengah,< 1 Miliar,Persis di VWAP,Distribusi Pro (Guyuran),Gorengan Sepi (< 5M),Normal (50-150%),Sideways,Normal,Normal,Turun 1 Hari Beruntun,TP: 385 | CL: 366,Normal,Ideal (1:2),4,WAIT & SEE,TIDAK ADA,2026-08-03 15:55:01
15:55,CPRO,Mid Cap (Lapis 2),Undervalued (Murah),8.196721,0.7862995,50.0,50,50,53,-1.9607843137254901,60912100,Tembus MA20,46,Negatif,Downtrend,Death Cross,Bullish MACD,Strong Downtrend (5<20<50),Normal,Distribusi (Turun),Normal,Dominan Jual (Guyur),Squeeze,Rendah,Normal,Dekat Support (Low Risk),> 1 Miliar,Persis di VWAP,Distribusi Pro (Guyuran),Gorengan Sepi (< 5M),Normal (50-150%),Mark-Down (Fase Runtuh),Normal,Normal,Turun 1 Hari Beruntun,TP: 51 | CL: 48,Open = High (Tekanan Jual),Di Area Support,2,WAIT & SEE,TIDAK ADA,2026-08-03 15:55:01
15:55,PAMG,Small Cap (Lapis 3),Fair Value (Wajar),0.0,0.40760174,56.0,55,50,70,0.0,5054800,Normal,52,Negatif,Uptrend,Bullish,Strong Bullish,Perfect Uptrend (5>20>50),Normal,Distribusi (Turun),Normal,Dominan Jual (Guyur),Normal,Tinggi,Doji (Ragu-ragu),Rawan Pucuk (High Risk),< 1 Miliar,Di Bawah VWAP (Lemah),Distribusi Pro (Guyuran),Gorengan Sepi (< 5M),Sepi (< 50%),Mark-Up (Fase Pesta),Spesialis Tiang Jemuran (Banting Pucuk),Normal,Sideways / Stagnan,TP: 64 | CL: 50,Normal,Ideal (1:2),4,WAIT & SEE,TIDAK ADA,2026-08-03 15:55:01
15:55,SOLA,Small Cap (Lapis 3),Fair Value (Wajar),0.0,1.4684287,91.0,103,89,119,-5.208333333333334,17655500,Tembus MA20,28,Negatif,Downtrend,Bearish,Strong Bearish,Konsolidasi / Transisi,Distribusi Kuat,Distribusi (Turun),Normal,Dominan Jual (Guyur),Normal,Tinggi,Normal,Dekat Support (Low Risk),> 1 Miliar,Di Bawah VWAP (Lemah),Distribusi Pro (Guyuran),Gorengan Sepi (< 5M),Anomali Tinggi (150-300%),Distribution (Fase Jualan),Spesialis Tiang Jemuran (Banting Pucuk),Normal,Turun 4 Hari Beruntun,TP: 100 | CL: 84,Normal,Sangat Menarik (> 1:3),1,WAIT & SEE,TIDAK ADA,2026-08-03 15:55:01
15:55,JATI,Small Cap (Lapis 3),Fair Value (Wajar),0.0,1.6505339,96.0,93,88,102,1.0526315789473684,9090000,Normal,54,Positif,Uptrend,Bullish,Strong Bullish,Awal Reversal (5>20),Normal,Distribusi (Turun),Normal,Seimbang / Adu Mekanik,Normal,Sedang,Doji (Ragu-ragu),Area Tengah,< 1 Miliar,Persis di VWAP,Distribusi Pro (Guyuran),Gorengan Sepi (< 5M),Normal (50-150%),Accumulation (Kumpul Barang),Normal,Jarum Bawah (Sinyal Pantulan Kuat),Naik 1 Hari Beruntun,TP: 100 | CL: 92,Normal,Tidak Ideal (< 1:1),5,WAIT & SEE,TIDAK ADA,2026-08-03 15:55:01
15:55,CASH,Small Cap (Lapis 3),Overvalued (Mahal),0.0,8.02284,220.0,212,173,266,-5.172413793103448,3169300,Normal,54,Negatif,Uptrend,Bullish,Strong Bullish,Perfect Uptrend (5>20>50),Normal,Distribusi (Turun),Gap Up (+2.6%),Dominan Jual (Guyur),Normal,Tinggi,Normal,Rawan Pucuk (High Risk),< 1 Miliar,Di Bawah VWAP (Lemah),Distribusi Pro (Guyuran),Gorengan Sepi (< 5M),Normal (50-150%),Mark-Up (Fase Pesta),Normal,Normal,Turun 2 Hari Beruntun,TP: 253 | CL: 197,Open = High (Tekanan Jual),Tidak Ideal (< 1:1),5,WAIT & SEE,TIDAK ADA,2026-08-03 15:55:01
15:55,ASPI,Small Cap (Lapis 3),Overvalued (Mahal),0.0,5.6846166,402.0,447,390,600,0.5,1275400,Tembus MA20,47,Positif,Downtrend,Bearish,Strong Bearish,Konsolidasi / Transisi,Normal,Akumulasi (Naik),Gap Up (+5.0%),Dominan Jual (Guyur),Normal,Tinggi,Normal,Area Tengah,< 1 Miliar,Persis di VWAP,Distribusi Pro (Guyuran),Gorengan Sepi (< 5M),Anomali Tinggi (150-300%),Distribution (Fase Jualan),Normal,Normal,Naik 2 Hari Beruntun,TP: 444 | CL: 373,Normal,Sangat Menarik (> 1:3),4,WAIT & SEE,TIDAK ADA,2026-08-03 15:55:01
15:55,NAIK,Small Cap (Lapis 3),Undervalued (Murah),10.875,1.3082117,87.0,86,82,97,0.0,1553800,Normal,53,Negatif,Uptrend,Bearish,Bearish MACD,Konsolidasi / Transisi,Normal,Akumulasi (Naik),Normal,Seimbang / Adu Mekanik,Normal,Sedang,Doji (Ragu-ragu),Area Tengah,< 1 Miliar,Persis di VWAP,Akumulasi Pro (Smart Money),Gorengan Sepi (< 5M),Normal (50-150%),Mark-Up (Fase Pesta),Spesialis Tiang Jemuran (Banting Pucuk),Normal,Sideways / Stagnan,TP: 90 | CL: 84,Normal,Ideal (1:2),3,WAIT & SEE,TIDAK ADA,2026-08-03 15:55:01
15:55,OKAS,Small Cap (Lapis 3),Overvalued (Mahal),0.0,14428.571,101.0,100,95,109,-0.9803921568627451,907600,Normal,50,Negatif,Uptrend,Bullish,Strong Bullish,Perfect Uptrend (5>20>50),Normal,Akumulasi (Naik),Normal,Seimbang / Adu Mekanik,Squeeze,Rendah,Normal,Area Tengah,< 1 Miliar,Persis di VWAP,Akumulasi Pro (Smart Money),Gorengan Sepi (< 5M),Sepi (< 50%),Mark-Up (Fase Pesta),Normal,Normal,Turun 1 Hari Beruntun,TP: 107 | CL: 96,Open = High (Tekanan Jual),Menengah (1:1),4,WAIT & SEE,TIDAK ADA,2026-08-03 15:55:01
15:55,BOBA,Small Cap (Lapis 3),Fair Value (Wajar),13.4386425,1.558303,228.0,239,214,264,0.0,514300,Normal,37,Negatif,Downtrend,Bearish,Bullish MACD,Strong Downtrend (5<20<50),Normal,Akumulasi (Naik),Normal,Dominan Jual (Guyur),Normal,Tinggi,Normal,Area Tengah,< 1 Miliar,Di Bawah VWAP (Lemah),Distribusi Pro (Guyuran),Gorengan Sepi (< 5M),Normal (50-150%),Mark-Down (Fase Runtuh),Spesialis Tiang Jemuran (Banting Pucuk),Normal,Sideways / Stagnan,TP: 248 | CL: 214,Normal,Ideal (1:2),2,WAIT & SEE,TIDAK ADA,2026-08-03 15:55:01
15:55,TAMU,Small Cap (Lapis 3),Fair Value (Wajar),0.0,0.0,21.0,19,18,22,0.0,2326600,Normal,54,Negatif,Uptrend,Bullish,Strong Bullish,Perfect Uptrend (5>20>50),Normal,Akumulasi (Naik),Normal,Tidak Ada Transaksi,Normal,Tinggi,Doji (Ragu-ragu),Rawan Pucuk (High Risk),< 1 Miliar,Di Atas VWAP (Kuat),Distribusi Pro (Guyuran),Gorengan Sepi (< 5M),Sepi (< 50%),Mark-Up (Fase Pesta),Normal,Normal,Sideways / Stagnan,TP: 22 | CL: 20,Normal,Tidak Ideal (< 1:1),5,WAIT & SEE,TIDAK ADA,2026-08-03 15:55:01
15:55,OLIV,Small Cap (Lapis 3),Overvalued (Mahal),54.764515,2.561213,50.0,50,47,53,-1.9607843137254901,3872800,Tembus MA20,48,Negatif,Downtrend,Bullish,Bullish MACD,Awal Reversal (5>20),Normal,Akumulasi (Naik),Normal,Seimbang / Adu Mekanik,Squeeze,Rendah,Normal,Area Tengah,< 1 Miliar,Persis di VWAP,Akumulasi Pro (Smart Money),Gorengan Sepi (< 5M),Normal (50-150%),Mark-Down (Fase Runtuh),Normal,Normal,Turun 1 Hari Beruntun,TP: 54 | CL: 47,Open = High (Tekanan Jual),Menengah (1:1),4,WAIT & SEE,TIDAK ADA,2026-08-03 15:55:01
15:55,PKPK,Mid Cap (Lapis 2),Overvalued (Mahal),86.04701,17.337952,3990.0,3592,3040,4070,1.5267175572519083,1332400,Normal,76,Positif,Uptrend,Bullish,Strong Bullish,Perfect Uptrend (5>20>50),Normal,Akumulasi (Naik),Normal,Seimbang / Adu Mekanik,Normal,Tinggi,Normal,Rawan Pucuk (High Risk),> 1 Miliar,Di Atas VWAP (Kuat),Akumulasi Pro (Smart Money),Gorengan Sepi (< 5M),Normal (50-150%),Mark-Up (Fase Pesta),Normal,Normal,Naik 5 Hari Beruntun,TP: 4262 | CL: 3808,Normal,Tidak Ideal (< 1:1),6,WAIT & SEE,TIDAK ADA,2026-08-03 15:55:01
15:55,NISP,Big Cap (Lapis 1),Undervalued (Murah),5.751242,0.661097,1285.0,1233,1180,1310,-0.3875968992248062,1504500,Normal,65,Negatif,Uptrend,Bullish,Strong Bullish,Perfect Uptrend (5>20>50),Normal,Akumulasi (Naik),Normal,Dominan Jual (Guyur),Normal,Sedang,Normal,Area Tengah,> 1 Miliar,Persis di VWAP,Akumulasi Pro (Smart Money),Gorengan Sepi (< 5M),Normal (50-150%),Mark-Up (Fase Pesta),Spesialis Tiang Jemuran (Banting Pucuk),Normal,Turun 1 Hari Beruntun,TP: 1325 | CL: 1257,Normal,Tidak Ideal (< 1:1),5,WAIT & SEE,TIDAK ADA,2026-08-03 15:55:01
15:55,TAMA,Small Cap (Lapis 3),Overvalued (Mahal),0.0,9.262774,244.0,194,147,268,-3.937007874015748,20203500,Tembus MA20,66,Negatif,Uptrend,Bullish,Strong Bullish,Perfect Uptrend (5>20>50),Normal,Distribusi (Turun),Normal,Seimbang / Adu Mekanik,Normal,Tinggi,Normal,Rawan Pucuk (High Risk),> 1 Miliar,Di Atas VWAP (Kuat),Distribusi Pro (Guyuran),Gorengan Sepi (< 5M),Normal (50-150%),Mark-Up (Fase Pesta),Spesialis Tiang Jemuran (Banting Pucuk),Normal,Turun 1 Hari Beruntun,TP: 282 | CL: 218,Normal,Tidak Ideal (< 1:1),5,WAIT & SEE,TIDAK ADA,2026-08-03 15:55:01
15:55,RUIS,Small Cap (Lapis 3),Undervalued (Murah),12.171838,0.2780409,204.0,201,175,224,-1.9230769230769231,277400,Normal,57,Negatif,Uptrend,Bullish,Bearish MACD,Perfect Uptrend (5>20>50),Normal,Akumulasi (Naik),Gap Down (-3.8%),Seimbang / Adu Mekanik,Normal,Sedang,Normal,Rawan Pucuk (High Risk),< 1 Miliar,Persis di VWAP,Akumulasi Pro (Smart Money),Gorengan Sepi (< 5M),Sepi (< 50%),Mark-Up (Fase Pesta),Normal,Normal,Turun 1 Hari Beruntun,TP: 218 | CL: 194,Open = Low (Bullish Kuat),Tidak Ideal (< 1:1),4,WAIT & SEE,TIDAK ADA,2026-08-03 15:55:01
15:55,AISA,Small Cap (Lapis 3),Fair Value (Wajar),17.0697,0.9649793,120.0,111,99,141,1.694915254237288,8518500,Normal,62,Positif,Uptrend,Bullish,Strong Bullish,Perfect Uptrend (5>20>50),Normal,Akumulasi (Naik),Normal,Seimbang / Adu Mekanik,Normal,Tinggi,Normal,Rawan Pucuk (High Risk),> 1 Miliar,Di Bawah VWAP (Lemah),Distribusi Pro (Guyuran),Ritel Aktif (5M - 50M),Sepi (< 50%),Mark-Up (Fase Pesta),Spesialis Tiang Jemuran (Banting Pucuk),Normal,Naik 1 Hari Beruntun,TP: 132 | CL: 111,Open = Low (Bullish Kuat),Menengah (1:1),6,WAIT & SEE,TIDAK ADA,2026-08-03 15:55:01
15:55,TPMA,Mid Cap (Lapis 2),Overvalued (Mahal),7.0454893,12105.264,460.0,448,436,476,-1.2875536480686696,3742100,Tembus MA20,58,Negatif,Uptrend,Bullish,Strong Bullish,Perfect Uptrend (5>20>50),Normal,Akumulasi (Naik),Normal,Seimbang / Adu Mekanik,Squeeze,Rendah,Normal,Area Tengah,> 1 Miliar,Persis di VWAP,Akumulasi Pro (Smart Money),Gorengan Sepi (< 5M),Anomali Tinggi (150-300%),Mark-Up (Fase Pesta),Normal,Normal,Turun 1 Hari Beruntun,TP: 477 | CL: 448,Normal,Tidak Ideal (< 1:1),6,WAIT & SEE,TIDAK ADA,2026-08-03 15:55:01
15:55,MERI,Small Cap (Lapis 3),Fair Value (Wajar),0.0,2.439425,104.0,102,99,107,0.9708737864077669,1074200,Normal,50,Positif,Uptrend,Bearish,Bullish MACD,Strong Downtrend (5<20<50),Normal,Akumulasi (Naik),Normal,Dominan Beli (Hajar Kanan),Squeeze,Rendah,Doji (Ragu-ragu),Area Tengah,< 1 Miliar,Di Atas VWAP (Kuat),Akumulasi Pro (Smart Money),Gorengan Sepi (< 5M),Normal (50-150%),Accumulation (Kumpul Barang),Spesialis Tiang Jemuran (Banting Pucuk),Jarum Bawah (Sinyal Pantulan Kuat),Naik 2 Hari Beruntun,TP: 108 | CL: 100,Normal,Tidak Ideal (< 1:1),5,WAIT & SEE,TIDAK ADA,2026-08-03 15:55:01
15:55,ISEA,Small Cap (Lapis 3),Fair Value (Wajar),0.0,0.6028042,82.0,78,64,94,2.5,9151100,Normal,62,Positif,Uptrend,Bullish,Bearish MACD,Perfect Uptrend (5>20>50),Normal,Akumulasi (Naik),Gap Up (+2.5%),Seimbang / Adu Mekanik,Normal,Tinggi,Doji (Ragu-ragu),Rawan Pucuk (High Risk),< 1 Miliar,Persis di VWAP,Distribusi Pro (Guyuran),Gorengan Sepi (< 5M),Anomali Tinggi (150-300%),Mark-Up (Fase Pesta),Spesialis Tiang Jemuran (Banting Pucuk),Normal,Naik 2 Hari Beruntun,TP: 89 | CL: 77,Normal,Tidak Ideal (< 1:1),6,WAIT & SEE,TIDAK ADA,2026-08-03 15:55:01
15:55,KKES,Small Cap (Lapis 3),Fair Value (Wajar),0.0,1.5937026,66.0,65,50,78,0.0,2990200,Normal,61,Negatif,Uptrend,Bullish,Bearish MACD,Perfect Uptrend (5>20>50),Normal,Distribusi (Turun),Gap Down (-3.0%),Dominan Beli (Hajar Kanan),Normal,Tinggi,Marubozu (Strong Bullish),Rawan Pucuk (High Risk),< 1 Miliar,Di Bawah VWAP (Lemah),Akumulasi Pro (Smart Money),Gorengan Sepi (< 5M),Normal (50-150%),Mark-Up (Fase Pesta),Solid (Jarang Dibanting),Normal,Sideways / Stagnan,TP: 71 | CL: 62,Open = Low (Bullish Kuat),Tidak Ideal (< 1:1),4,WAIT & SEE,TIDAK ADA,2026-08-03 15:55:01
15:55,LPPS,Small Cap (Lapis 3),Fair Value (Wajar),15.340908,0.29991892,81.0,76,64,92,1.25,2841400,Normal,61,Positif,Uptrend,Bullish,Strong Bullish,Perfect Uptrend (5>20>50),Normal,Akumulasi (Naik),Normal,Dominan Jual (Guyur),Normal,Tinggi,Doji (Ragu-ragu),Rawan Pucuk (High Risk),< 1 Miliar,Persis di VWAP,Distribusi Pro (Guyuran),Gorengan Sepi (< 5M),Sepi (< 50%),Mark-Up (Fase Pesta),Spesialis Tiang Jemuran (Banting Pucuk),Normal,Naik 2 Hari Beruntun,TP: 92 | CL: 73,Normal,Tidak Ideal (< 1:1),6,WAIT & SEE,TIDAK ADA,2026-08-03 15:55:01
15:55,SATU,Small Cap (Lapis 3),Overvalued (Mahal),0.0,8.30114,260.0,269,258,276,-0.7633587786259541,114900,Normal,32,Negatif,Downtrend,Bearish,Strong Bearish,Konsolidasi / Transisi,Normal,Distribusi (Turun),Normal,Dominan Jual (Guyur),Squeeze,Rendah,Normal,Dekat Support (Low Risk),< 1 Miliar,Persis di VWAP,Distribusi Pro (Guyuran),Gorengan Sepi (< 5M),Normal (50-150%),Distribution (Fase Jualan),Normal,Normal,Turun 1 Hari Beruntun,TP: 265 | CL: 256,Normal,Sangat Menarik (> 1:3),0,WAIT & SEE,TIDAK ADA,2026-08-03 15:55:01
15:55,ELIT,Small Cap (Lapis 3),Fair Value (Wajar),0.0,1.9898323,173.0,172,167,190,0.0,1562800,Normal,49,Negatif,Uptrend,Bullish,Bullish MACD,Awal Reversal (5>20),Normal,Distribusi (Turun),Normal,Dominan Jual (Guyur),Squeeze,Rendah,Normal,Area Tengah,< 1 Miliar,Persis di VWAP,Distribusi Pro (Guyuran),Gorengan Sepi (< 5M),Sepi (< 50%),Accumulation (Kumpul Barang),Spesialis Tiang Jemuran (Banting Pucuk),Normal,Sideways / Stagnan,TP: 182 | CL: 166,Normal,Ideal (1:2),3,WAIT & SEE,TIDAK ADA,2026-08-03 15:55:01
15:55,TUGU,Mid Cap (Lapis 2),Undervalued (Murah),7.0231214,0.46187428,1215.0,1226,1180,1275,-0.4098360655737705,326800,Normal,53,Negatif,Downtrend,Bearish,Bearish MACD,Konsolidasi / Transisi,Normal,Akumulasi (Naik),Normal,Seimbang / Adu Mekanik,Normal,Sedang,Doji (Ragu-ragu),Dekat Support (Low Risk),< 1 Miliar,Persis di VWAP,Distribusi Pro (Guyuran),Gorengan Sepi (< 5M),Sepi (< 50%),Distribution (Fase Jualan),Normal,Normal,Turun 1 Hari Beruntun,TP: 1244 | CL: 1195,Normal,Ideal (1:2),2,WAIT & SEE,TIDAK ADA,2026-08-03 15:55:01
15:55,LUCY,Small Cap (Lapis 3),Overvalued (Mahal),0.0,19.607843,228.0,348,226,705,-6.557377049180328,10443200,Tembus MA20,20,Negatif,Downtrend,Bearish,Bullish MACD,Strong Downtrend (5<20<50),Normal,Distribusi (Turun),Normal,Dominan Jual (Guyur),Normal,Tinggi,Normal,Dekat Support (Low Risk),> 1 Miliar,Di Bawah VWAP (Lemah),Distribusi Pro (Guyuran),Gorengan Sepi (< 5M),Normal (50-150%),Mark-Down (Fase Runtuh),Spesialis Tiang Jemuran (Banting Pucuk),Normal,Turun 2 Hari Beruntun,TP: 279 | CL: 193,Normal,Sangat Menarik (> 1:3),2,WAIT & SEE,TIDAK ADA,2026-08-03 15:55:01
15:55,BACA,Mid Cap (Lapis 2),Fair Value (Wajar),17.477203,0.33833084,116.0,110,99,134,0.8695652173913043,563200,Normal,57,Positif,Uptrend,Bullish,Strong Bullish,Awal Reversal (5>20),Normal,Akumulasi (Naik),Normal,Seimbang / Adu Mekanik,Normal,Tinggi,Doji (Ragu-ragu),Rawan Pucuk (High Risk),< 1 Miliar,Persis di VWAP,Distribusi Pro (Guyuran),Gorengan Sepi (< 5M),Sepi (< 50%),Accumulation (Kumpul Barang),Spesialis Tiang Jemuran (Banting Pucuk),Normal,Naik 2 Hari Beruntun,TP: 125 | CL: 109,Normal,Menengah (1:1),6,WAIT & SEE,TIDAK ADA,2026-08-03 15:55:01
15:55,NRCA,Mid Cap (Lapis 2),Undervalued (Murah),6.959707,0.87676334,494.0,479,412,540,-0.4032258064516129,1913100,Normal,56,Negatif,Uptrend,Bullish,Bearish MACD,Perfect Uptrend (5>20>50),Normal,Distribusi (Turun),Normal,Dominan Jual (Guyur),Normal,Tinggi,Normal,Rawan Pucuk (High Risk),< 1 Miliar,Di Atas VWAP (Kuat),Distribusi Pro (Guyuran),Gorengan Sepi (< 5M),Sepi (< 50%),Mark-Up (Fase Pesta),Spesialis Tiang Jemuran (Banting Pucuk),Normal,Turun 1 Hari Beruntun,TP: 535 | CL: 466,Normal,Tidak Ideal (< 1:1),3,WAIT & SEE,TIDAK ADA,2026-08-03 15:55:01
15:55,BAJA,Small Cap (Lapis 3),Overvalued (Mahal),0.0,11.640167,272.0,184,157,288,11.475409836065573,51586400,Tembus MA20,78,Positif,Uptrend,Bullish,Strong Bullish,Perfect Uptrend (5>20>50),Akumulasi Kuat,Akumulasi (Naik),Gap Up (+7.4%),Seimbang / Adu Mekanik,Breakout Upper,Tinggi,Normal,Rawan Pucuk (High Risk),> 1 Miliar,Di Atas VWAP (Kuat),Distribusi Pro (Guyuran),Ritel Aktif (5M - 50M),Normal (50-150%),Mark-Up (Fase Pesta),Spesialis Tiang Jemuran (Banting Pucuk),Normal,Naik 3 Hari Beruntun,TP: 312 | CL: 244,Normal,Tidak Ideal (< 1:1),9,BELI,TIDAK ADA,2026-08-03 15:55:01
15:55,PANS,Mid Cap (Lapis 2),Undervalued (Murah),4.928576,0.67645884,1525.0,1551,1465,1600,0.0,251000,Normal,44,Negatif,Downtrend,Bearish,Bearish MACD,Konsolidasi / Transisi,Normal,Distribusi (Turun),Normal,Seimbang / Adu Mekanik,Normal,Sedang,Doji (Ragu-ragu),Area Tengah,< 1 Miliar,Di Bawah VWAP (Lemah),Distribusi Pro (Guyuran),Gorengan Sepi (< 5M),Normal (50-150%),Distribution (Fase Jualan),Normal,Jarum Bawah (Sinyal Pantulan Kuat),Sideways / Stagnan,TP: 1559 | CL: 1501,Normal,Menengah (1:1),0,WAIT & SEE,TIDAK ADA,2026-08-03 15:55:01
15:55,WINS,Mid Cap (Lapis 2),Overvalued (Mahal),5.828044,12625.0,505.0,522,494,550,-0.9803921568627451,1678600,Normal,42,Negatif,Downtrend,Bearish,Strong Bearish,Konsolidasi / Transisi,Normal,Distribusi (Turun),Normal,Dominan Jual (Guyur),Bottom Rebound,Sedang,Normal,Dekat Support (Low Risk),< 1 Miliar,Di Bawah VWAP (Lemah),Distribusi Pro (Guyuran),Gorengan Sepi (< 5M),Normal (50-150%),Distribution (Fase Jualan),Normal,Normal,Turun 1 Hari Beruntun,TP: 532 | CL: 486,Normal,Sangat Menarik (> 1:3),0,WAIT & SEE,TIDAK ADA,2026-08-03 15:55:01
15:55,WIIM,Mid Cap (Lapis 2),Fair Value (Wajar),6.1661224,1.5042956,1700.0,1611,1510,1755,-0.2932551319648094,632500,Normal,61,Negatif,Uptrend,Bullish,Strong Bullish,Perfect Uptrend (5>20>50),Normal,Akumulasi (Naik),Normal,Seimbang / Adu Mekanik,Normal,Sedang,Normal,Rawan Pucuk (High Risk),> 1 Miliar,Persis di VWAP,Akumulasi Pro (Smart Money),Gorengan Sepi (< 5M),Normal (50-150%),Mark-Up (Fase Pesta),Normal,Normal,Turun 3 Hari Beruntun,TP: 1769 | CL: 1653,Normal,Tidak Ideal (< 1:1),5,WAIT & SEE,TIDAK ADA,2026-08-03 15:55:01
15:55,WGSH,Small Cap (Lapis 3),Overvalued (Mahal),26.890757,5.1470113,160.0,140,118,170,-5.325443786982249,11134100,Normal,64,Negatif,Uptrend,Bullish,Strong Bullish,Perfect Uptrend (5>20>50),Normal,Akumulasi (Naik),Normal,Seimbang / Adu Mekanik,Normal,Tinggi,Normal,Rawan Pucuk (High Risk),> 1 Miliar,Di Atas VWAP (Kuat),Akumulasi Pro (Smart Money),Ritel Aktif (5M - 50M),Sepi (< 50%),Mark-Up (Fase Pesta),Normal,Normal,Turun 1 Hari Beruntun,TP: 181 | CL: 146,Normal,Tidak Ideal (< 1:1),5,WAIT & SEE,TIDAK ADA,2026-08-03 15:55:01
15:55,PTPP,Mid Cap (Lapis 2),Fair Value (Wajar),0.0,0.3641455,200.0,203,176,240,-0.9900990099009901,1871900,Normal,49,Negatif,Downtrend,Bearish,Bearish MACD,Konsolidasi / Transisi,Normal,Akumulasi (Naik),Normal,Dominan Jual (Guyur),Normal,Tinggi,Normal,Rawan Pucuk (High Risk),< 1 Miliar,Persis di VWAP,Distribusi Pro (Guyuran),Gorengan Sepi (< 5M),Sepi (< 50%),Distribution (Fase Jualan),Spesialis Tiang Jemuran (Banting Pucuk),Normal,Turun 1 Hari Beruntun,TP: 215 | CL: 189,Open = High (Tekanan Jual),Ideal (1:2),1,WAIT & SEE,TIDAK ADA,2026-08-03 15:55:01
15:55,GEMA,Small Cap (Lapis 3),Undervalued (Murah),11.500701,0.29288328,82.0,80,76,92,1.2345679012345678,140400,Normal,59,Positif,Uptrend,Bullish,Strong Bullish,Perfect Uptrend (5>20>50),Normal,Distribusi (Turun),Normal,Dominan Beli (Hajar Kanan),Normal,Sedang,Doji (Ragu-ragu),Area Tengah,< 1 Miliar,Di Atas VWAP (Kuat),Distribusi Pro (Guyuran),Gorengan Sepi (< 5M),Sepi (< 50%),Mark-Up (Fase Pesta),Spesialis Tiang Jemuran (Banting Pucuk),Jarum Bawah (Sinyal Pantulan Kuat),Naik 2 Hari Beruntun,TP: 86 | CL: 79,Normal,Ideal (1:2),6,WAIT & SEE,TIDAK ADA,2026-08-03 15:55:01
15:55,DIVA,Small Cap (Lapis 3),Overvalued (Mahal),129.0,0.29666084,131.0,117,104,152,7.377049180327869,19509300,Normal,62,Positif,Uptrend,Bullish,Strong Bullish,Perfect Uptrend (5>20>50),Normal,Distribusi (Turun),Normal,Seimbang / Adu Mekanik,Normal,Tinggi,Normal,Rawan Pucuk (High Risk),> 1 Miliar,Di Atas VWAP (Kuat),Distribusi Pro (Guyuran),Gorengan Sepi (< 5M),Normal (50-150%),Mark-Up (Fase Pesta),Spesialis Tiang Jemuran (Banting Pucuk),Normal,Naik 1 Hari Beruntun,TP: 147 | CL: 120,Normal,Tidak Ideal (< 1:1),5,WAIT & SEE,TIDAK ADA,2026-08-03 15:55:01
15:55,CHEK,Small Cap (Lapis 3),Fair Value (Wajar),0.0,2.5917842,133.0,129,120,141,-0.7462686567164178,324300,Normal,58,Negatif,Uptrend,Bullish,Strong Bullish,Perfect Uptrend (5>20>50),Normal,Distribusi (Turun),Normal,Seimbang / Adu Mekanik,Normal,Sedang,Normal,Rawan Pucuk (High Risk),< 1 Miliar,Di Atas VWAP (Kuat),Akumulasi Pro (Smart Money),Gorengan Sepi (< 5M),Normal (50-150%),Mark-Up (Fase Pesta),Spesialis Tiang Jemuran (Banting Pucuk),Normal,Turun 1 Hari Beruntun,TP: 139 | CL: 128,Open = High (Tekanan Jual),Tidak Ideal (< 1:1),4,WAIT & SEE,TIDAK ADA,2026-08-03 15:55:01
15:55,GRIA,Small Cap (Lapis 3),Overvalued (Mahal),135.0,2.4981956,135.0,115,105,138,12.5,33709200,Tembus MA20,69,Positif,Uptrend,Bullish,Strong Bullish,Awal Reversal (5>20),Akumulasi Kuat,Akumulasi (Naik),Normal,Dominan Beli (Hajar Kanan),Breakout Upper,Tinggi,Marubozu (Strong Bullish),Rawan Pucuk (High Risk),> 1 Miliar,Di Atas VWAP (Kuat),Akumulasi Pro (Smart Money),Gorengan Sepi (< 5M),Anomali Tinggi (150-300%),Accumulation (Kumpul Barang),Spesialis Tiang Jemuran (Banting Pucuk),Normal,Naik 4 Hari Beruntun,TP: 144 | CL: 128,Open = Low (Bullish Kuat),Tidak Ideal (< 1:1),9,BELI,TIDAK ADA,2026-08-03 15:55:01
15:55,AGRS,Mid Cap (Lapis 2),Fair Value (Wajar),16.223404,0.4932402,61.0,61,58,67,0.0,13687600,Tembus MA20,48,Negatif,Downtrend,Bullish,Strong Bullish,Awal Reversal (5>20),Normal,Distribusi (Turun),Normal,Dominan Jual (Guyur),Squeeze,Rendah,Doji (Ragu-ragu),Area Tengah,< 1 Miliar,Di Bawah VWAP (Lemah),Distribusi Pro (Guyuran),Gorengan Sepi (< 5M),Anomali Tinggi (150-300%),Sideways,Spesialis Tiang Jemuran (Banting Pucuk),Normal,Sideways / Stagnan,TP: 64 | CL: 58,Normal,Ideal (1:2),3,WAIT & SEE,TIDAK ADA,2026-08-03 15:55:01
15:55,LPPF,Mid Cap (Lapis 2),Overvalued (Mahal),4.4710455,11.600412,1560.0,1547,1485,1600,0.3215434083601286,602200,Normal,52,Positif,Uptrend,Bullish,Strong Bullish,Perfect Uptrend (5>20>50),Normal,Distribusi (Turun),Normal,Seimbang / Adu Mekanik,Normal,Sedang,Doji (Ragu-ragu),Area Tengah,< 1 Miliar,Persis di VWAP,Distribusi Pro (Guyuran),Gorengan Sepi (< 5M),Normal (50-150%),Mark-Up (Fase Pesta),Normal,Normal,Naik 1 Hari Beruntun,TP: 1603 | CL: 1530,Normal,Tidak Ideal (< 1:1),5,WAIT & SEE,TIDAK ADA,2026-08-03 15:55:01
15:55,INPC,Mid Cap (Lapis 2),Fair Value (Wajar),0.0,0.74544406,141.0,136,127,156,0.7142857142857143,2289300,Normal,57,Positif,Uptrend,Bullish,Strong Bullish,Perfect Uptrend (5>20>50),Normal,Distribusi (Turun),Normal,Dominan Jual (Guyur),Normal,Sedang,Normal,Rawan Pucuk (High Risk),< 1 Miliar,Di Atas VWAP (Kuat),Distribusi Pro (Guyuran),Gorengan Sepi (< 5M),Normal (50-150%),Mark-Up (Fase Pesta),Spesialis Tiang Jemuran (Banting Pucuk),Normal,Naik 3 Hari Beruntun,TP: 151 | CL: 134,Open = Low (Bullish Kuat),Menengah (1:1),5,WAIT & SEE,TIDAK ADA,2026-08-03 15:55:01
15:55,RALS,Mid Cap (Lapis 2),Undervalued (Murah),9.437751,0.611584,376.0,380,368,386,-0.5291005291005291,2737900,Tembus MA20,44,Negatif,Downtrend,Bearish,Bearish MACD,Konsolidasi / Transisi,Normal,Distribusi (Turun),Normal,Seimbang / Adu Mekanik,Squeeze,Rendah,Doji (Ragu-ragu),Dekat Support (Low Risk),> 1 Miliar,Persis di VWAP,Akumulasi Pro (Smart Money),Gorengan Sepi (< 5M),Normal (50-150%),Distribution (Fase Jualan),Normal,Normal,Turun 2 Hari Beruntun,TP: 386 | CL: 369,Normal,Menengah (1:1),1,WAIT & SEE,TIDAK ADA,2026-08-03 15:55:01
15:55,IMJS,Mid Cap (Lapis 2),Undervalued (Murah),10.344828,0.33713406,161.0,147,135,168,1.89873417721519,9951500,Tembus MA20,67,Positif,Uptrend,Bullish,Strong Bullish,Perfect Uptrend (5>20>50),Akumulasi Kuat,Akumulasi (Naik),Normal,Seimbang / Adu Mekanik,Normal,Tinggi,Normal,Rawan Pucuk (High Risk),> 1 Miliar,Di Atas VWAP (Kuat),Distribusi Pro (Guyuran),Gorengan Sepi (< 5M),Anomali Tinggi (150-300%),Mark-Up (Fase Pesta),Spesialis Tiang Jemuran (Banting Pucuk),Normal,Naik 3 Hari Beruntun,TP: 171 | CL: 153,Normal,Tidak Ideal (< 1:1),8,BELI,TIDAK ADA,2026-08-03 15:55:01
15:55,CENT,Mid Cap (Lapis 2),Fair Value (Wajar),0.0,0.7555153,81.0,78,71,89,0.0,1186500,Normal,55,Negatif,Uptrend,Bullish,Strong Bullish,Perfect Uptrend (5>20>50),Normal,Distribusi (Turun),Normal,Seimbang / Adu Mekanik,Normal,Tinggi,Normal,Rawan Pucuk (High Risk),< 1 Miliar,Di Atas VWAP (Kuat),Distribusi Pro (Guyuran),Gorengan Sepi (< 5M),Sepi (< 50%),Mark-Up (Fase Pesta),Normal,Normal,Sideways / Stagnan,TP: 86 | CL: 77,Open = High (Tekanan Jual),Tidak Ideal (< 1:1),4,WAIT & SEE,TIDAK ADA,2026-08-03 15:55:01
15:55,KKGI,Mid Cap (Lapis 2),Overvalued (Mahal),18.948824,9133.334,274.0,271,252,286,-0.7246376811594203,1089800,Tembus MA20,54,Negatif,Uptrend,Bullish,Bearish MACD,Perfect Uptrend (5>20>50),Normal,Distribusi (Turun),Normal,Seimbang / Adu Mekanik,Normal,Sedang,Normal,Area Tengah,< 1 Miliar,Persis di VWAP,Akumulasi Pro (Smart Money),Gorengan Sepi (< 5M),Normal (50-150%),Mark-Up (Fase Pesta),Spesialis Tiang Jemuran (Banting Pucuk),Normal,Turun 1 Hari Beruntun,TP: 288 | CL: 264,Open = High (Tekanan Jual),Tidak Ideal (< 1:1),4,WAIT & SEE,TIDAK ADA,2026-08-03 15:55:01
15:55,INDS,Mid Cap (Lapis 2),Overvalued (Mahal),33.57143,0.54582614,282.0,269,250,308,0.7142857142857143,3557600,Tembus MA20,58,Positif,Uptrend,Bullish,Strong Bullish,Perfect Uptrend (5>20>50),Normal,Akumulasi (Naik),Normal,Seimbang / Adu Mekanik,Normal,Sedang,Doji (Ragu-ragu),Rawan Pucuk (High Risk),> 1 Miliar,Di Atas VWAP (Kuat),Akumulasi Pro (Smart Money),Gorengan Sepi (< 5M),Normal (50-150%),Mark-Up (Fase Pesta),Spesialis Tiang Jemuran (Banting Pucuk),Jarum Bawah (Sinyal Pantulan Kuat),Naik 3 Hari Beruntun,TP: 302 | CL: 268,Normal,Tidak Ideal (< 1:1),7,BELI,TIDAK ADA,2026-08-03 15:55:01
15:55,PPRI,Small Cap (Lapis 3),Fair Value (Wajar),0.0,1.6392541,149.0,148,135,176,0.0,317300,Normal,53,Negatif,Uptrend,Bearish,Bearish MACD,Konsolidasi / Transisi,Normal,Akumulasi (Naik),Normal,Dominan Beli (Hajar Kanan),Normal,Sedang,Doji (Ragu-ragu),Rawan Pucuk (High Risk),< 1 Miliar,Persis di VWAP,Distribusi Pro (Guyuran),Gorengan Sepi (< 5M),Sepi (< 50%),Mark-Up (Fase Pesta),Spesialis Tiang Jemuran (Banting Pucuk),Jarum Bawah (Sinyal Pantulan Kuat),Sideways / Stagnan,TP: 161 | CL: 140,Normal,Ideal (1:2),4,WAIT & SEE,TIDAK ADA,2026-08-03 15:55:01
15:55,KOBX,Small Cap (Lapis 3),Overvalued (Mahal),27000.0,0.6830428,162.0,151,140,210,0.6211180124223602,2945600,Normal,55,Positif,Uptrend,Bullish,Strong Bullish,Perfect Uptrend (5>20>50),Normal,Distribusi (Turun),Normal,Seimbang / Adu Mekanik,Normal,Tinggi,Normal,Rawan Pucuk (High Risk),< 1 Miliar,Di Bawah VWAP (Lemah),Distribusi Pro (Guyuran),Ritel Aktif (5M - 50M),Sepi (< 50%),Mark-Up (Fase Pesta),Spesialis Tiang Jemuran (Banting Pucuk),Normal,Naik 1 Hari Beruntun,TP: 181 | CL: 148,Normal,Ideal (1:2),5,WAIT & SEE,TIDAK ADA,2026-08-03 15:55:01
15:55,AUTO,Big Cap (Lapis 1),Undervalued (Murah),5.4884744,0.82887226,2750.0,2602,2380,2800,0.0,1695200,Normal,70,Negatif,Uptrend,Bullish,Strong Bullish,Perfect Uptrend (5>20>50),Normal,Akumulasi (Naik),Normal,Dominan Jual (Guyur),Normal,Tinggi,Normal,Rawan Pucuk (High Risk),> 1 Miliar,Persis di VWAP,Akumulasi Pro (Smart Money),Ritel Aktif (5M - 50M),Normal (50-150%),Mark-Up (Fase Pesta),Normal,Normal,Sideways / Stagnan,TP: 2861 | CL: 2675,Normal,Tidak Ideal (< 1:1),5,WAIT & SEE,TIDAK ADA,2026-08-03 15:55:01
15:55,ITMG,Big Cap (Lapis 1),Overvalued (Mahal),8.566671,14418.6045,24700.0,24016,22375,25000,0.508646998982706,843300,Normal,66,Positif,Uptrend,Bullish,Strong Bullish,Perfect Uptrend (5>20>50),Normal,Akumulasi (Naik),Normal,Dominan Beli (Hajar Kanan),Normal,Sedang,Normal,Rawan Pucuk (High Risk),> 1 Miliar,Persis di VWAP,Distribusi Pro (Guyuran),Ritel Aktif (5M - 50M),Normal (50-150%),Mark-Up (Fase Pesta),Normal,Jarum Bawah (Sinyal Pantulan Kuat),Naik 1 Hari Beruntun,TP: 25356 | CL: 24262,Normal,Tidak Ideal (< 1:1),7,BELI,TIDAK ADA,2026-08-03 15:55:01
15:55,VISI,Mid Cap (Lapis 2),Overvalued (Mahal),0.0,14.492266,860.0,902,800,1060,0.0,205900,Normal,43,Negatif,Downtrend,Bearish,Strong Bearish,Strong Downtrend (5<20<50),Normal,Distribusi (Turun),Normal,Seimbang / Adu Mekanik,Normal,Tinggi,Normal,Area Tengah,< 1 Miliar,Di Atas VWAP (Kuat),Akumulasi Pro (Smart Money),Gorengan Sepi (< 5M),Sepi (< 50%),Mark-Down (Fase Runtuh),Spesialis Tiang Jemuran (Banting Pucuk),Normal,Sideways / Stagnan,TP: 930 | CL: 812,Normal,Sangat Menarik (> 1:3),0,WAIT & SEE,TIDAK ADA,2026-08-03 15:55:01
15:55,LUCK,Small Cap (Lapis 3),Fair Value (Wajar),0.0,0.6976275,114.0,104,93,133,3.6363636363636362,10928400,Tembus MA20,60,Positif,Uptrend,Bullish,Strong Bullish,Perfect Uptrend (5>20>50),Normal,Akumulasi (Naik),Normal,Dominan Beli (Hajar Kanan),Normal,Tinggi,Normal,Rawan Pucuk (High Risk),> 1 Miliar,Di Atas VWAP (Kuat),Distribusi Pro (Guyuran),Gorengan Sepi (< 5M),Normal (50-150%),Mark-Up (Fase Pesta),Normal,Normal,Naik 3 Hari Beruntun,TP: 128 | CL: 104,Normal,Tidak Ideal (< 1:1),8,BELI,TIDAK ADA,2026-08-03 15:55:01
15:55,PURI,Small Cap (Lapis 3),Overvalued (Mahal),25.151459,1.5730672,137.0,136,129,163,0.7352941176470588,898500,Normal,51,Positif,Uptrend,Bearish,Strong Bearish,Konsolidasi / Transisi,Normal,Akumulasi (Naik),Normal,Seimbang / Adu Mekanik,Normal,Sedang,Normal,Area Tengah,< 1 Miliar,Persis di VWAP,Distribusi Pro (Guyuran),Gorengan Sepi (< 5M),Sepi (< 50%),Mark-Up (Fase Pesta),Normal,Normal,Naik 3 Hari Beruntun,TP: 150 | CL: 128,Normal,Sangat Menarik (> 1:3),4,WAIT & SEE,TIDAK ADA,2026-08-03 15:55:01
15:55,ESTI,Small Cap (Lapis 3),Overvalued (Mahal),161000.0,17888.89,161.0,135,124,220,2.547770700636943,17249800,Normal,64,Positif,Uptrend,Bullish,Strong Bullish,Perfect Uptrend (5>20>50),Normal,Distribusi (Turun),Normal,Seimbang / Adu Mekanik,Breakout Upper,Tinggi,Normal,Rawan Pucuk (High Risk),> 1 Miliar,Di Bawah VWAP (Lemah),Distribusi Pro (Guyuran),Ritel Aktif (5M - 50M),Sepi (< 50%),Mark-Up (Fase Pesta),Spesialis Tiang Jemuran (Banting Pucuk),Normal,Naik 1 Hari Beruntun,TP: 184 | CL: 145,Normal,Ideal (1:2),5,WAIT & SEE,TIDAK ADA,2026-08-03 15:55:01
15:55,TRIS,Small Cap (Lapis 3),Overvalued (Mahal),45.68942,0.9271574,168.0,165,157,178,-0.591715976331361,1195000,Tembus MA20,54,Negatif,Uptrend,Bullish,Strong Bullish,Perfect Uptrend (5>20>50),Normal,Distribusi (Turun),Normal,Dominan Jual (Guyur),Squeeze,Rendah,Doji (Ragu-ragu),Area Tengah,< 1 Miliar,Di Bawah VWAP (Lemah),Distribusi Pro (Guyuran),Gorengan Sepi (< 5M),Normal (50-150%),Mark-Up (Fase Pesta),Spesialis Tiang Jemuran (Banting Pucuk),Normal,Turun 1 Hari Beruntun,TP: 178 | CL: 161,Normal,Tidak Ideal (< 1:1),5,WAIT & SEE,TIDAK ADA,2026-08-03 15:55:01
15:55,AWAN,Small Cap (Lapis 3),Overvalued (Mahal),0.0,8.4455385,176.0,150,139,183,6.666666666666667,10183100,Tembus MA20,73,Positif,Uptrend,Bullish,Strong Bullish,Perfect Uptrend (5>20>50),Normal,Akumulasi (Naik),Normal,Dominan Beli (Hajar Kanan),Breakout Upper,Tinggi,Normal,Rawan Pucuk (High Risk),> 1 Miliar,Di Atas VWAP (Kuat),Distribusi Pro (Guyuran),Gorengan Sepi (< 5M),Normal (50-150%),Mark-Up (Fase Pesta),Spesialis Tiang Jemuran (Banting Pucuk),Normal,Naik 6 Hari Beruntun,TP: 200 | CL: 159,Normal,Tidak Ideal (< 1:1),8,BELI,TIDAK ADA,2026-08-03 15:55:01
15:55,DATA,Mid Cap (Lapis 2),Overvalued (Mahal),21.665943,6.61966,1995.0,2115,1900,2510,-3.1553398058252426,1651300,Normal,48,Negatif,Downtrend,Bearish,Bearish MACD,Konsolidasi / Transisi,Normal,Akumulasi (Naik),Normal,Dominan Jual (Guyur),Normal,Tinggi,Normal,Area Tengah,> 1 Miliar,Di Bawah VWAP (Lemah),Distribusi Pro (Guyuran),Gorengan Sepi (< 5M),Sepi (< 50%),Distribution (Fase Jualan),Normal,Normal,Turun 2 Hari Beruntun,TP: 2167 | CL: 1880,Open = High (Tekanan Jual),Sangat Menarik (> 1:3),1,WAIT & SEE,TIDAK ADA,2026-08-03 15:55:01
15:55,TARA,Small Cap (Lapis 3),Fair Value (Wajar),0.0,0.29043034,30.0,30,30,35,0.0,159300,Normal,49,Negatif,Downtrend,Bearish,Bearish MACD,Konsolidasi / Transisi,Normal,Distribusi (Turun),Normal,Tidak Ada Transaksi,Normal,Sedang,Doji (Ragu-ragu),Dekat Support (Low Risk),< 1 Miliar,Persis di VWAP,Distribusi Pro (Guyuran),Gorengan Sepi (< 5M),Sepi (< 50%),Distribution (Fase Jualan),Normal,Normal,Sideways / Stagnan,TP: 31 | CL: 28,Normal,Di Area Support,0,WAIT & SEE,TIDAK ADA,2026-08-03 15:55:01
15:55,SMKL,Small Cap (Lapis 3),Undervalued (Murah),4.3356986,0.46801004,143.0,139,127,187,1.4184397163120568,200900,Normal,54,Positif,Uptrend,Bullish,Strong Bullish,Perfect Uptrend (5>20>50),Normal,Akumulasi (Naik),Gap Up (+5.0%),Dominan Jual (Guyur),Normal,Tinggi,Normal,Rawan Pucuk (High Risk),< 1 Miliar,Di Bawah VWAP (Lemah),Distribusi Pro (Guyuran),Gorengan Sepi (< 5M),Normal (50-150%),Mark-Up (Fase Pesta),Spesialis Tiang Jemuran (Banting Pucuk),Normal,Naik 1 Hari Beruntun,TP: 160 | CL: 131,Open = High (Tekanan Jual),Ideal (1:2),7,BELI,TIDAK ADA,2026-08-03 15:55:01
15:55,BOAT,Small Cap (Lapis 3),Overvalued (Mahal),0.0,19285.713,135.0,119,102,157,-2.1739130434782608,3715900,Normal,62,Negatif,Uptrend,Bullish,Strong Bullish,Perfect Uptrend (5>20>50),Normal,Akumulasi (Naik),Normal,Dominan Jual (Guyur),Normal,Tinggi,Normal,Rawan Pucuk (High Risk),< 1 Miliar,Di Bawah VWAP (Lemah),Distribusi Pro (Guyuran),Gorengan Sepi (< 5M),Sepi (< 50%),Mark-Up (Fase Pesta),Spesialis Tiang Jemuran (Banting Pucuk),Normal,Turun 2 Hari Beruntun,TP: 153 | CL: 123,Normal,Tidak Ideal (< 1:1),5,WAIT & SEE,TIDAK ADA,2026-08-03 15:55:01
15:55,ECII,Small Cap (Lapis 3),Fair Value (Wajar),0.0,0.19752881,161.0,148,128,190,0.625,1910200,Normal,58,Positif,Uptrend,Bullish,Strong Bullish,Perfect Uptrend (5>20>50),Normal,Akumulasi (Naik),Normal,Seimbang / Adu Mekanik,Normal,Tinggi,Normal,Rawan Pucuk (High Risk),< 1 Miliar,Di Bawah VWAP (Lemah),Distribusi Pro (Guyuran),Gorengan Sepi (< 5M),Sepi (< 50%),Mark-Up (Fase Pesta),Spesialis Tiang Jemuran (Banting Pucuk),Normal,Naik 1 Hari Beruntun,TP: 187 | CL: 143,Normal,Tidak Ideal (< 1:1),6,WAIT & SEE,TIDAK ADA,2026-08-03 15:55:01
15:55,UDNG,Mid Cap (Lapis 2),Overvalued (Mahal),0.0,37.165928,1110.0,1237,1060,1415,3.7383177570093453,586500,Normal,39,Positif,Downtrend,Bearish,Strong Bearish,Strong Downtrend (5<20<50),Normal,Distribusi (Turun),Normal,Seimbang / Adu Mekanik,Normal,Tinggi,Normal,Area Tengah,< 1 Miliar,Persis di VWAP,Distribusi Pro (Guyuran),Gorengan Sepi (< 5M),Normal (50-150%),Mark-Down (Fase Runtuh),Spesialis Tiang Jemuran (Banting Pucuk),Normal,Naik 1 Hari Beruntun,TP: 1230 | CL: 1030,Normal,Sangat Menarik (> 1:3),1,WAIT & SEE,TIDAK ADA,2026-08-03 15:55:01
15:55,ELPI,Mid Cap (Lapis 2),Overvalued (Mahal),33.441708,2.0325892,720.0,946,700,1245,0.0,2022400,Tembus MA20,27,Negatif,Downtrend,Bearish,Strong Bearish,Strong Downtrend (5<20<50),Normal,Distribusi (Turun),Normal,Seimbang / Adu Mekanik,Normal,Tinggi,Normal,Dekat Support (Low Risk),> 1 Miliar,Di Bawah VWAP (Lemah),Distribusi Pro (Guyuran),Gorengan Sepi (< 5M),Normal (50-150%),Mark-Down (Fase Runtuh),Normal,Normal,Sideways / Stagnan,TP: 832 | CL: 645,Normal,Sangat Menarik (> 1:3),1,WAIT & SEE,TIDAK ADA,2026-08-03 15:55:01
15:55,POWR,Big Cap (Lapis 1),Overvalued (Mahal),8.710801,15760.869,725.0,720,705,740,0.0,1687100,Normal,58,Negatif,Uptrend,Bullish,Bearish MACD,Perfect Uptrend (5>20>50),Normal,Akumulasi (Naik),Normal,Seimbang / Adu Mekanik,Squeeze,Rendah,Doji (Ragu-ragu),Dekat Support (Low Risk),> 1 Miliar,Persis di VWAP,Akumulasi Pro (Smart Money),Gorengan Sepi (< 5M),Normal (50-150%),Mark-Up (Fase Pesta),Normal,Normal,Sideways / Stagnan,TP: 742 | CL: 713,Normal,Tidak Ideal (< 1:1),4,WAIT & SEE,TIDAK ADA,2026-08-03 15:55:01
15:55,RELF,Small Cap (Lapis 3),Fair Value (Wajar),0.0,0.84261775,36.0,35,31,41,0.0,231400,Normal,54,Negatif,Uptrend,Bullish,Strong Bullish,Perfect Uptrend (5>20>50),Normal,Akumulasi (Naik),Gap Down (-2.8%),Dominan Beli (Hajar Kanan),Normal,Tinggi,Marubozu (Strong Bullish),Rawan Pucuk (High Risk),< 1 Miliar,Di Atas VWAP (Kuat),Akumulasi Pro (Smart Money),Gorengan Sepi (< 5M),Sepi (< 50%),Mark-Up (Fase Pesta),Normal,Normal,Sideways / Stagnan,TP: 39 | CL: 33,Open = Low (Bullish Kuat),Menengah (1:1),6,WAIT & SEE,TIDAK ADA,2026-08-03 15:55:01
15:55,CBDK,Big Cap (Lapis 1),Fair Value (Wajar),8.504163,2.2615345,3800.0,3543,3200,3940,0.2638522427440633,1253700,Normal,60,Positif,Uptrend,Bullish,Strong Bullish,Awal Reversal (5>20),Normal,Akumulasi (Naik),Normal,Dominan Jual (Guyur),Normal,Tinggi,Normal,Rawan Pucuk (High Risk),> 1 Miliar,Di Atas VWAP (Kuat),Akumulasi Pro (Smart Money),Ritel Aktif (5M - 50M),Normal (50-150%),Accumulation (Kumpul Barang),Spesialis Tiang Jemuran (Banting Pucuk),Normal,Naik 3 Hari Beruntun,TP: 4050 | CL: 3632,Normal,Tidak Ideal (< 1:1),6,WAIT & SEE,TIDAK ADA,2026-08-03 15:55:01
15:55,SMSM,Big Cap (Lapis 1),Fair Value (Wajar),9.0429535,2.7217922,1800.0,1735,1645,1830,0.5586592178770949,3307000,Tembus MA20,69,Positif,Uptrend,Bullish,Strong Bullish,Perfect Uptrend (5>20>50),Akumulasi Kuat,Akumulasi (Naik),Normal,Seimbang / Adu Mekanik,Normal,Sedang,Doji (Ragu-ragu),Area Tengah,> 1 Miliar,Di Atas VWAP (Kuat),Akumulasi Pro (Smart Money),Ritel Aktif (5M - 50M),Anomali Tinggi (150-300%),Mark-Up (Fase Pesta),Spesialis Tiang Jemuran (Banting Pucuk),Normal,Naik 3 Hari Beruntun,TP: 1848 | CL: 1767,Normal,Tidak Ideal (< 1:1),8,BELI,TIDAK ADA,2026-08-03 15:55:01
15:55,ARKO,Big Cap (Lapis 1),Overvalued (Mahal),218.31989,25.306011,4600.0,4851,4300,5900,-6.122448979591836,1625800,Normal,43,Negatif,Downtrend,Bearish,Bullish MACD,Strong Downtrend (5<20<50),Normal,Distribusi (Turun),Normal,Dominan Jual (Guyur),Normal,Tinggi,Normal,Area Tengah,> 1 Miliar,Di Bawah VWAP (Lemah),Distribusi Pro (Guyuran),Ritel Aktif (5M - 50M),Sepi (< 50%),Mark-Down (Fase Runtuh),Spesialis Tiang Jemuran (Banting Pucuk),Normal,Turun 1 Hari Beruntun,TP: 5286 | CL: 4142,Normal,Sangat Menarik (> 1:3),1,WAIT & SEE,TIDAK ADA,2026-08-03 15:55:01
15:55,PJHB,Small Cap (Lapis 3),Fair Value (Wajar),0.0,1.0018615,169.0,165,154,194,0.5952380952380952,865300,Normal,52,Positif,Uptrend,Bullish,Bullish MACD,Awal Reversal (5>20),Normal,Distribusi (Turun),Normal,Dominan Beli (Hajar Kanan),Normal,Sedang,Doji (Ragu-ragu),Area Tengah,< 1 Miliar,Di Atas VWAP (Kuat),Distribusi Pro (Guyuran),Gorengan Sepi (< 5M),Sepi (< 50%),Accumulation (Kumpul Barang),Spesialis Tiang Jemuran (Banting Pucuk),Jarum Bawah (Sinyal Pantulan Kuat),Naik 3 Hari Beruntun,TP: 179 | CL: 161,Normal,Ideal (1:2),6,WAIT & SEE,TIDAK ADA,2026-08-03 15:55:01
15:55,AEGS,Small Cap (Lapis 3),Fair Value (Wajar),0.0,0.6247094,43.0,41,35,49,-2.272727272727273,426600,Normal,55,Negatif,Uptrend,Bullish,Strong Bullish,Perfect Uptrend (5>20>50),Normal,Distribusi (Turun),Normal,Seimbang / Adu Mekanik,Normal,Tinggi,Normal,Rawan Pucuk (High Risk),< 1 Miliar,Di Atas VWAP (Kuat),Akumulasi Pro (Smart Money),Gorengan Sepi (< 5M),Sepi (< 50%),Mark-Up (Fase Pesta),Normal,Normal,Turun 1 Hari Beruntun,TP: 47 | CL: 40,Open = High (Tekanan Jual),Tidak Ideal (< 1:1),4,WAIT & SEE,TIDAK ADA,2026-08-03 15:55:01
15:55,SURI,Small Cap (Lapis 3),Fair Value (Wajar),0.0,1.3623226,73.0,68,61,75,1.3888888888888888,3802200,Normal,68,Positif,Uptrend,Bullish,Strong Bullish,Perfect Uptrend (5>20>50),Normal,Akumulasi (Naik),Normal,Seimbang / Adu Mekanik,Normal,Tinggi,Doji (Ragu-ragu),Rawan Pucuk (High Risk),< 1 Miliar,Di Atas VWAP (Kuat),Distribusi Pro (Guyuran),Gorengan Sepi (< 5M),Normal (50-150%),Mark-Up (Fase Pesta),Normal,Normal,Naik 2 Hari Beruntun,TP: 77 | CL: 70,Normal,Tidak Ideal (< 1:1),6,WAIT & SEE,TIDAK ADA,2026-08-03 15:55:01
15:55,JIHD,Small Cap (Lapis 3),Fair Value (Wajar),0.0,0.2801604,422.0,424,386,456,0.4761904761904762,22400,Normal,48,Positif,Downtrend,Bearish,Strong Bearish,Konsolidasi / Transisi,Normal,Distribusi (Turun),Normal,Dominan Jual (Guyur),Normal,Sedang,Normal,Area Tengah,< 1 Miliar,Persis di VWAP,Distribusi Pro (Guyuran),Gorengan Sepi (< 5M),Sepi (< 50%),Distribution (Fase Jualan),Normal,Normal,Naik 1 Hari Beruntun,TP: 445 | CL: 406,Normal,Tidak Ideal (< 1:1),1,WAIT & SEE,TIDAK ADA,2026-08-03 15:55:01
15:55,VRNA,Small Cap (Lapis 3),Overvalued (Mahal),110.30479,0.58405834,76.0,75,72,80,-1.2987012987012987,13500,Normal,52,Negatif,Uptrend,Bullish,Strong Bullish,Perfect Uptrend (5>20>50),Normal,Akumulasi (Naik),Normal,Dominan Jual (Guyur),Squeeze,Rendah,Normal,Area Tengah,< 1 Miliar,Persis di VWAP,Akumulasi Pro (Smart Money),Gorengan Sepi (< 5M),Sepi (< 50%),Mark-Up (Fase Pesta),Spesialis Tiang Jemuran (Banting Pucuk),Normal,Turun 1 Hari Beruntun,TP: 80 | CL: 73,Open = High (Tekanan Jual),Menengah (1:1),5,WAIT & SEE,TIDAK ADA,2026-08-03 15:55:01
15:55,BLES,Mid Cap (Lapis 2),Undervalued (Murah),7.735247,1.3791239,194.0,159,137,214,-3.0,15525600,Tembus MA20,77,Negatif,Uptrend,Bullish,Strong Bullish,Perfect Uptrend (5>20>50),Normal,Akumulasi (Naik),Gap Down (-2.5%),Seimbang / Adu Mekanik,Normal,Tinggi,Doji (Ragu-ragu),Rawan Pucuk (High Risk),> 1 Miliar,Di Atas VWAP (Kuat),Akumulasi Pro (Smart Money),Ritel Aktif (5M - 50M),Normal (50-150%),Mark-Up (Fase Pesta),Spesialis Tiang Jemuran (Banting Pucuk),Normal,Turun 1 Hari Beruntun,TP: 212 | CL: 181,Normal,Tidak Ideal (< 1:1),6,WAIT & SEE,TIDAK ADA,2026-08-03 15:55:01
15:55,UFOE,Small Cap (Lapis 3),Overvalued (Mahal),25.693924,1.6093413,137.0,136,129,171,1.4814814814814816,245400,Normal,51,Positif,Uptrend,Death Cross,Bullish MACD,Konsolidasi / Transisi,Normal,Akumulasi (Naik),Normal,Dominan Jual (Guyur),Squeeze,Rendah,Normal,Area Tengah,< 1 Miliar,Persis di VWAP,Distribusi Pro (Guyuran),Gorengan Sepi (< 5M),Sepi (< 50%),Mark-Up (Fase Pesta),Spesialis Tiang Jemuran (Banting Pucuk),Normal,Naik 1 Hari Beruntun,TP: 150 | CL: 128,Open = Low (Bullish Kuat),Sangat Menarik (> 1:3),5,WAIT & SEE,TIDAK ADA,2026-08-03 15:55:01
15:55,AXIO,Small Cap (Lapis 3),Fair Value (Wajar),0.0,1.2417358,110.0,111,105,133,-0.9009009009009009,141200,Normal,49,Negatif,Downtrend,Bearish,Bearish MACD,Konsolidasi / Transisi,Normal,Distribusi (Turun),Normal,Dominan Jual (Guyur),Normal,Sedang,Normal,Area Tengah,< 1 Miliar,Persis di VWAP,Distribusi Pro (Guyuran),Gorengan Sepi (< 5M),Sepi (< 50%),Distribution (Fase Jualan),Normal,Normal,Turun 1 Hari Beruntun,TP: 116 | CL: 105,Open = High (Tekanan Jual),Sangat Menarik (> 1:3),0,WAIT & SEE,TIDAK ADA,2026-08-03 15:55:01
15:55,MCAS,Small Cap (Lapis 3),Fair Value (Wajar),0.0,1.370249,246.0,193,146,332,-6.8181818181818175,10997200,Normal,59,Negatif,Uptrend,Bullish,Strong Bullish,Awal Reversal (5>20),Normal,Akumulasi (Naik),Normal,Dominan Jual (Guyur),Normal,Tinggi,Normal,Rawan Pucuk (High Risk),> 1 Miliar,Di Bawah VWAP (Lemah),Akumulasi Pro (Smart Money),Ritel Aktif (5M - 50M),Sepi (< 50%),Accumulation (Kumpul Barang),Spesialis Tiang Jemuran (Banting Pucuk),Normal,Turun 1 Hari Beruntun,TP: 294 | CL: 214,Normal,Tidak Ideal (< 1:1),5,WAIT & SEE,TIDAK ADA,2026-08-03 15:55:01
15:55,KBLM,Small Cap (Lapis 3),Overvalued (Mahal),97.0437,0.23511827,302.0,293,284,306,0.0,299400,Tembus MA20,62,Negatif,Uptrend,Bullish,Strong Bullish,Perfect Uptrend (5>20>50),Normal,Akumulasi (Naik),Normal,Dominan Beli (Hajar Kanan),Squeeze,Rendah,Doji (Ragu-ragu),Area Tengah,< 1 Miliar,Persis di VWAP,Akumulasi Pro (Smart Money),Gorengan Sepi (< 5M),Anomali Tinggi (150-300%),Mark-Up (Fase Pesta),Normal,Jarum Bawah (Sinyal Pantulan Kuat),Sideways / Stagnan,TP: 311 | CL: 295,Normal,Tidak Ideal (< 1:1),7,BELI,TIDAK ADA,2026-08-03 15:55:01
15:55,BMHS,Mid Cap (Lapis 2),Overvalued (Mahal),184.46602,0.8383191,190.0,179,166,199,0.0,1068400,Normal,68,Negatif,Uptrend,Bullish,Strong Bullish,Perfect Uptrend (5>20>50),Normal,Akumulasi (Naik),Normal,Seimbang / Adu Mekanik,Breakout Upper,Sedang,Doji (Ragu-ragu),Rawan Pucuk (High Risk),< 1 Miliar,Persis di VWAP,Distribusi Pro (Guyuran),Gorengan Sepi (< 5M),Normal (50-150%),Mark-Up (Fase Pesta),Normal,Jarum Bawah (Sinyal Pantulan Kuat),Sideways / Stagnan,TP: 201 | CL: 182,Normal,Tidak Ideal (< 1:1),5,WAIT & SEE,TIDAK ADA,2026-08-03 15:55:01
15:55,PGLI,Small Cap (Lapis 3),Overvalued (Mahal),0.0,7.4340982,196.0,195,170,240,0.0,88400,Normal,52,Negatif,Uptrend,Bullish,Strong Bullish,Perfect Uptrend (5>20>50),Normal,Akumulasi (Naik),Gap Up (+2.0%),Dominan Jual (Guyur),Normal,Sedang,Normal,Rawan Pucuk (High Risk),< 1 Miliar,Di Bawah VWAP (Lemah),Distribusi Pro (Guyuran),Gorengan Sepi (< 5M),Sepi (< 50%),Mark-Up (Fase Pesta),Spesialis Tiang Jemuran (Banting Pucuk),Normal,Sideways / Stagnan,TP: 222 | CL: 178,Normal,Ideal (1:2),6,WAIT & SEE,TIDAK ADA,2026-08-03 15:55:01
15:55,SAPX,Small Cap (Lapis 3),Overvalued (Mahal),158.20895,0.8396705,212.0,212,200,252,0.0,134600,Normal,49,Negatif,Downtrend,Bullish,Strong Bullish,Perfect Uptrend (5>20>50),Normal,Akumulasi (Naik),Normal,Dominan Beli (Hajar Kanan),Normal,Sedang,Hammer (Potensi Reversal),Area Tengah,< 1 Miliar,Di Bawah VWAP (Lemah),Distribusi Pro (Guyuran),Gorengan Sepi (< 5M),Sepi (< 50%),Distribution (Fase Jualan),Spesialis Tiang Jemuran (Banting Pucuk),Jarum Bawah (Sinyal Pantulan Kuat),Sideways / Stagnan,TP: 234 | CL: 197,Open = High (Tekanan Jual),Sangat Menarik (> 1:3),4,WAIT & SEE,TIDAK ADA,2026-08-03 15:55:01
15:55,IPOL,Small Cap (Lapis 3),Overvalued (Mahal),35.179153,4000.0,107.0,106,102,114,0.9433962264150944,237200,Normal,51,Positif,Uptrend,Bearish,Bullish MACD,Strong Downtrend (5<20<50),Normal,Distribusi (Turun),Normal,Seimbang / Adu Mekanik,Squeeze,Rendah,Normal,Area Tengah,< 1 Miliar,Persis di VWAP,Distribusi Pro (Guyuran),Gorengan Sepi (< 5M),Sepi (< 50%),Accumulation (Kumpul Barang),Spesialis Tiang Jemuran (Banting Pucuk),Normal,Naik 1 Hari Beruntun,TP: 112 | CL: 103,Open = Low (Bullish Kuat),Menengah (1:1),4,WAIT & SEE,TIDAK ADA,2026-08-03 15:55:01
15:55,IPAC,Small Cap (Lapis 3),Overvalued (Mahal),42.113525,4.350411,161.0,161,147,182,-0.6172839506172839,399400,Tembus MA20,53,Negatif,Downtrend,Golden Cross,Bearish MACD,Perfect Uptrend (5>20>50),Distribusi Kuat,Distribusi (Turun),Gap Up (+3.1%),Seimbang / Adu Mekanik,Normal,Sedang,Normal,Area Tengah,< 1 Miliar,Di Bawah VWAP (Lemah),Distribusi Pro (Guyuran),Gorengan Sepi (< 5M),Anomali Tinggi (150-300%),Distribution (Fase Jualan),Spesialis Tiang Jemuran (Banting Pucuk),Normal,Turun 1 Hari Beruntun,TP: 178 | CL: 149,Normal,Ideal (1:2),4,WAIT & SEE,TIDAK ADA,2026-08-03 15:55:01
15:55,APII,Small Cap (Lapis 3),Undervalued (Murah),10.009583,0.50263613,188.0,183,167,202,1.6216216216216217,1792500,Tembus MA20,58,Positif,Uptrend,Bearish,Strong Bullish,Konsolidasi / Transisi,Akumulasi Kuat,Akumulasi (Naik),Normal,Dominan Jual (Guyur),Squeeze,Rendah,Normal,Rawan Pucuk (High Risk),< 1 Miliar,Di Atas VWAP (Kuat),Distribusi Pro (Guyuran),Gorengan Sepi (< 5M),Ledakan Ekstrem (> 300%),Mark-Up (Fase Pesta),Spesialis Tiang Jemuran (Banting Pucuk),Normal,Naik 1 Hari Beruntun,TP: 199 | CL: 180,Normal,Tidak Ideal (< 1:1),7,BELI,TIDAK ADA,2026-08-03 15:55:01
15:55,SCNP,Small Cap (Lapis 3),Fair Value (Wajar),0.0,1.0307865,158.0,154,144,200,1.935483870967742,407900,Normal,55,Positif,Uptrend,Bullish,Bearish MACD,Perfect Uptrend (5>20>50),Normal,Akumulasi (Naik),Normal,Seimbang / Adu Mekanik,Normal,Sedang,Normal,Area Tengah,< 1 Miliar,Di Bawah VWAP (Lemah),Distribusi Pro (Guyuran),Gorengan Sepi (< 5M),Sepi (< 50%),Mark-Up (Fase Pesta),Spesialis Tiang Jemuran (Banting Pucuk),Normal,Naik 1 Hari Beruntun,TP: 180 | CL: 143,Normal,Sangat Menarik (> 1:3),5,WAIT & SEE,TIDAK ADA,2026-08-03 15:55:01
15:55,PZZA,Small Cap (Lapis 3),Fair Value (Wajar),17.992046,0.52326655,181.0,185,173,195,-5.729166666666666,2170200,Tembus MA20,42,Negatif,Downtrend,Bullish,Bullish MACD,Perfect Uptrend (5>20>50),Distribusi Kuat,Distribusi (Turun),Normal,Dominan Jual (Guyur),Squeeze,Rendah,Normal,Area Tengah,< 1 Miliar,Di Bawah VWAP (Lemah),Distribusi Pro (Guyuran),Gorengan Sepi (< 5M),Ledakan Ekstrem (> 300%),Distribution (Fase Jualan),Normal,Normal,Turun 1 Hari Beruntun,TP: 189 | CL: 175,Open = High (Tekanan Jual),Ideal (1:2),3,WAIT & SEE,TIDAK ADA,2026-08-03 15:55:01
15:55,WOMF,Small Cap (Lapis 3),Undervalued (Murah),8.417619,0.4529216,258.0,251,238,306,-1.5267175572519083,362200,Tembus MA20,54,Negatif,Uptrend,Bullish,Strong Bullish,Awal Reversal (5>20),Normal,Akumulasi (Naik),Normal,Seimbang / Adu Mekanik,Normal,Sedang,Normal,Area Tengah,< 1 Miliar,Di Bawah VWAP (Lemah),Distribusi Pro (Guyuran),Gorengan Sepi (< 5M),Normal (50-150%),Accumulation (Kumpul Barang),Spesialis Tiang Jemuran (Banting Pucuk),Normal,Turun 1 Hari Beruntun,TP: 272 | CL: 248,Open = High (Tekanan Jual),Ideal (1:2),6,WAIT & SEE,TIDAK ADA,2026-08-03 15:55:01
15:55,BINO,Small Cap (Lapis 3),Fair Value (Wajar),19.485163,0.6035972,109.0,103,93,131,0.9259259259259258,459200,Normal,62,Positif,Uptrend,Bullish,Strong Bullish,Perfect Uptrend (5>20>50),Normal,Akumulasi (Naik),Normal,Dominan Jual (Guyur),Normal,Tinggi,Normal,Rawan Pucuk (High Risk),< 1 Miliar,Di Bawah VWAP (Lemah),Distribusi Pro (Guyuran),Gorengan Sepi (< 5M),Sepi (< 50%),Mark-Up (Fase Pesta),Spesialis Tiang Jemuran (Banting Pucuk),Normal,Naik 1 Hari Beruntun,TP: 121 | CL: 100,Normal,Menengah (1:1),6,WAIT & SEE,TIDAK ADA,2026-08-03 15:55:01
15:55,DART,Small Cap (Lapis 3),Fair Value (Wajar),0.0,0.33495227,126.0,124,118,159,0.0,255400,Normal,52,Negatif,Uptrend,Bullish,Strong Bullish,Perfect Uptrend (5>20>50),Normal,Akumulasi (Naik),Normal,Seimbang / Adu Mekanik,Normal,Sedang,Normal,Area Tengah,< 1 Miliar,Di Bawah VWAP (Lemah),Distribusi Pro (Guyuran),Gorengan Sepi (< 5M),Sepi (< 50%),Mark-Up (Fase Pesta),Spesialis Tiang Jemuran (Banting Pucuk),Normal,Sideways / Stagnan,TP: 141 | CL: 115,Normal,Sangat Menarik (> 1:3),5,WAIT & SEE,TIDAK ADA,2026-08-03 15:55:01
15:55,LMPI,Small Cap (Lapis 3),Fair Value (Wajar),0.0,2.349671,142.0,139,130,167,0.7092198581560284,291100,Normal,55,Positif,Uptrend,Bullish,Strong Bullish,Perfect Uptrend (5>20>50),Normal,Akumulasi (Naik),Normal,Dominan Beli (Hajar Kanan),Squeeze,Rendah,Doji (Ragu-ragu),Area Tengah,< 1 Miliar,Di Bawah VWAP (Lemah),Distribusi Pro (Guyuran),Gorengan Sepi (< 5M),Sepi (< 50%),Mark-Up (Fase Pesta),Spesialis Tiang Jemuran (Banting Pucuk),Jarum Bawah (Sinyal Pantulan Kuat),Naik 1 Hari Beruntun,TP: 155 | CL: 133,Normal,Ideal (1:2),7,BELI,TIDAK ADA,2026-08-03 15:55:01
15:55,KICI,Small Cap (Lapis 3),Undervalued (Murah),2.6372733,0.47651398,195.0,189,172,232,1.0362694300518136,157500,Normal,57,Positif,Uptrend,Bullish,Strong Bullish,Perfect Uptrend (5>20>50),Normal,Distribusi (Turun),Normal,Dominan Beli (Hajar Kanan),Normal,Sedang,Normal,Rawan Pucuk (High Risk),< 1 Miliar,Di Atas VWAP (Kuat),Akumulasi Pro (Smart Money),Gorengan Sepi (< 5M),Sepi (< 50%),Mark-Up (Fase Pesta),Spesialis Tiang Jemuran (Banting Pucuk),Normal,Naik 1 Hari Beruntun,TP: 213 | CL: 182,Normal,Ideal (1:2),6,WAIT & SEE,TIDAK ADA,2026-08-03 15:55:01
15:55,CRSN,Small Cap (Lapis 3),Fair Value (Wajar),0.0,1.3288624,107.0,103,98,121,-0.9259259259259258,614500,Normal,60,Negatif,Uptrend,Bullish,Strong Bullish,Perfect Uptrend (5>20>50),Normal,Akumulasi (Naik),Normal,Dominan Jual (Guyur),Normal,Sedang,Normal,Area Tengah,< 1 Miliar,Persis di VWAP,Distribusi Pro (Guyuran),Gorengan Sepi (< 5M),Sepi (< 50%),Mark-Up (Fase Pesta),Spesialis Tiang Jemuran (Banting Pucuk),Normal,Turun 1 Hari Beruntun,TP: 117 | CL: 100,Normal,Ideal (1:2),5,WAIT & SEE,TIDAK ADA,2026-08-03 15:55:01
15:55,NIRO,Mid Cap (Lapis 2),Fair Value (Wajar),0.0,1.9113607,144.0,145,128,179,-3.3557046979865772,303300,Normal,48,Negatif,Downtrend,Bearish,Bullish MACD,Strong Downtrend (5<20<50),Normal,Distribusi (Turun),Normal,Dominan Jual (Guyur),Normal,Tinggi,Normal,Rawan Pucuk (High Risk),< 1 Miliar,Di Bawah VWAP (Lemah),Distribusi Pro (Guyuran),Gorengan Sepi (< 5M),Sepi (< 50%),Mark-Down (Fase Runtuh),Spesialis Tiang Jemuran (Banting Pucuk),Normal,Turun 1 Hari Beruntun,TP: 175 | CL: 123,Normal,Ideal (1:2),1,WAIT & SEE,TIDAK ADA,2026-08-03 15:55:01
15:55,ASJT,Small Cap (Lapis 3),Fair Value (Wajar),0.0,0.6977333,160.0,161,149,212,0.628930817610063,582000,Normal,50,Positif,Downtrend,Bearish,Strong Bearish,Konsolidasi / Transisi,Normal,Distribusi (Turun),Normal,Dominan Beli (Hajar Kanan),Normal,Sedang,Doji (Ragu-ragu),Area Tengah,< 1 Miliar,Di Atas VWAP (Kuat),Distribusi Pro (Guyuran),Gorengan Sepi (< 5M),Sepi (< 50%),Distribution (Fase Jualan),Spesialis Tiang Jemuran (Banting Pucuk),Jarum Bawah (Sinyal Pantulan Kuat),Naik 3 Hari Beruntun,TP: 182 | CL: 145,Normal,Sangat Menarik (> 1:3),2,WAIT & SEE,TIDAK ADA,2026-08-03 15:55:01
15:55,CAMP,Mid Cap (Lapis 2),Undervalued (Murah),13.137558,0.98815954,170.0,169,165,177,0.0,125200,Normal,47,Negatif,Uptrend,Bearish,Bullish MACD,Strong Downtrend (5<20<50),Normal,Akumulasi (Naik),Normal,Dominan Beli (Hajar Kanan),Squeeze,Rendah,Doji (Ragu-ragu),Area Tengah,< 1 Miliar,Persis di VWAP,Akumulasi Pro (Smart Money),Gorengan Sepi (< 5M),Sepi (< 50%),Accumulation (Kumpul Barang),Normal,Jarum Bawah (Sinyal Pantulan Kuat),Sideways / Stagnan,TP: 175 | CL: 166,Normal,Menengah (1:1),4,WAIT & SEE,TIDAK ADA,2026-08-03 15:55:01
15:55,MDKI,Small Cap (Lapis 3),Undervalued (Murah),11.843127,0.47213623,183.0,180,168,210,0.5494505494505495,159600,Normal,57,Positif,Uptrend,Bullish,Strong Bullish,Perfect Uptrend (5>20>50),Normal,Distribusi (Turun),Normal,Seimbang / Adu Mekanik,Squeeze,Rendah,Normal,Area Tengah,< 1 Miliar,Di Bawah VWAP (Lemah),Distribusi Pro (Guyuran),Gorengan Sepi (< 5M),Sepi (< 50%),Mark-Up (Fase Pesta),Normal,Normal,Naik 2 Hari Beruntun,TP: 194 | CL: 175,Normal,Ideal (1:2),5,WAIT & SEE,TIDAK ADA,2026-08-03 15:55:01
15:55,LRNA,Small Cap (Lapis 3),Fair Value (Wajar),0.0,0.24897383,185.0,181,172,242,1.092896174863388,177700,Normal,55,Positif,Uptrend,Bullish,Strong Bullish,Perfect Uptrend (5>20>50),Normal,Akumulasi (Naik),Normal,Dominan Jual (Guyur),Squeeze,Rendah,Normal,Area Tengah,< 1 Miliar,Di Bawah VWAP (Lemah),Distribusi Pro (Guyuran),Gorengan Sepi (< 5M),Sepi (< 50%),Mark-Up (Fase Pesta),Spesialis Tiang Jemuran (Banting Pucuk),Normal,Naik 1 Hari Beruntun,TP: 204 | CL: 171,Open = Low (Bullish Kuat),Sangat Menarik (> 1:3),6,WAIT & SEE,TIDAK ADA,2026-08-03 15:55:01
15:55,STAR,Mid Cap (Lapis 2),Overvalued (Mahal),53.045185,2.3870358,270.0,280,262,336,0.7462686567164178,39400,Normal,36,Positif,Downtrend,Bearish,Bullish MACD,Strong Downtrend (5<20<50),Normal,Distribusi (Turun),Normal,Dominan Jual (Guyur),Normal,Sedang,Normal,Area Tengah,< 1 Miliar,Persis di VWAP,Akumulasi Pro (Smart Money),Gorengan Sepi (< 5M),Normal (50-150%),Mark-Down (Fase Runtuh),Spesialis Tiang Jemuran (Banting Pucuk),Normal,Naik 1 Hari Beruntun,TP: 285 | CL: 259,Open = Low (Bullish Kuat),Sangat Menarik (> 1:3),2,WAIT & SEE,TIDAK ADA,2026-08-03 15:55:01
15:55,DMMX,Mid Cap (Lapis 2),Fair Value (Wajar),22.222223,1.9480793,184.0,169,155,270,-1.0752688172043012,1071700,Normal,56,Negatif,Uptrend,Bullish,Strong Bullish,Perfect Uptrend (5>20>50),Normal,Distribusi (Turun),Normal,Seimbang / Adu Mekanik,Normal,Tinggi,Normal,Rawan Pucuk (High Risk),< 1 Miliar,Di Bawah VWAP (Lemah),Distribusi Pro (Guyuran),Gorengan Sepi (< 5M),Sepi (< 50%),Mark-Up (Fase Pesta),Spesialis Tiang Jemuran (Banting Pucuk),Normal,Turun 1 Hari Beruntun,TP: 213 | CL: 164,Normal,Ideal (1:2),4,WAIT & SEE,TIDAK ADA,2026-08-03 15:55:01
15:55,WINE,Small Cap (Lapis 3),Undervalued (Murah),11.127487,1.1954715,151.0,149,144,172,0.0,218100,Normal,50,Negatif,Uptrend,Bullish,Bullish MACD,Awal Reversal (5>20),Normal,Akumulasi (Naik),Normal,Seimbang / Adu Mekanik,Squeeze,Rendah,Normal,Area Tengah,< 1 Miliar,Di Bawah VWAP (Lemah),Distribusi Pro (Guyuran),Gorengan Sepi (< 5M),Sepi (< 50%),Accumulation (Kumpul Barang),Spesialis Tiang Jemuran (Banting Pucuk),Normal,Sideways / Stagnan,TP: 164 | CL: 142,Normal,Sangat Menarik (> 1:3),4,WAIT & SEE,TIDAK ADA,2026-08-03 15:55:01
15:55,SBMA,Small Cap (Lapis 3),Undervalued (Murah),9.055518,0.41618374,107.0,107,104,117,-0.9259259259259258,489000,Tembus MA20,49,Negatif,Downtrend,Bearish,Bullish MACD,Konsolidasi / Transisi,Normal,Akumulasi (Naik),Normal,Seimbang / Adu Mekanik,Squeeze,Rendah,Normal,Dekat Support (Low Risk),< 1 Miliar,Persis di VWAP,Akumulasi Pro (Smart Money),Gorengan Sepi (< 5M),Normal (50-150%),Distribution (Fase Jualan),Normal,Normal,Turun 1 Hari Beruntun,TP: 112 | CL: 103,Open = High (Tekanan Jual),Sangat Menarik (> 1:3),3,WAIT & SEE,TIDAK ADA,2026-08-03 15:55:01
15:55,KLIN,Small Cap (Lapis 3),Overvalued (Mahal),0.0,5.227109,116.0,109,91,139,-3.3333333333333335,244100,Normal,54,Negatif,Uptrend,Bullish,Strong Bullish,Perfect Uptrend (5>20>50),Normal,Akumulasi (Naik),Gap Down (-2.5%),Seimbang / Adu Mekanik,Normal,Tinggi,Normal,Rawan Pucuk (High Risk),< 1 Miliar,Persis di VWAP,Akumulasi Pro (Smart Money),Gorengan Sepi (< 5M),Sepi (< 50%),Mark-Up (Fase Pesta),Normal,Normal,Turun 1 Hari Beruntun,TP: 134 | CL: 103,Normal,Tidak Ideal (< 1:1),5,WAIT & SEE,TIDAK ADA,2026-08-03 15:55:01
15:55,TYRE,Small Cap (Lapis 3),Fair Value (Wajar),0.0,1.1590219,113.0,114,105,132,0.0,533900,Normal,51,Negatif,Downtrend,Bearish,Bearish MACD,Konsolidasi / Transisi,Normal,Distribusi (Turun),Normal,Seimbang / Adu Mekanik,Normal,Sedang,Normal,Area Tengah,< 1 Miliar,Di Bawah VWAP (Lemah),Distribusi Pro (Guyuran),Gorengan Sepi (< 5M),Sepi (< 50%),Distribution (Fase Jualan),Spesialis Tiang Jemuran (Banting Pucuk),Normal,Sideways / Stagnan,TP: 123 | CL: 106,Normal,Ideal (1:2),1,WAIT & SEE,TIDAK ADA,2026-08-03 15:55:01
15:55,CINT,Small Cap (Lapis 3),Fair Value (Wajar),0.0,0.5857245,181.0,169,158,200,2.2598870056497176,478400,Normal,62,Positif,Uptrend,Bullish,Strong Bullish,Perfect Uptrend (5>20>50),Normal,Distribusi (Turun),Normal,Seimbang / Adu Mekanik,Breakout Upper,Sedang,Normal,Rawan Pucuk (High Risk),< 1 Miliar,Di Atas VWAP (Kuat),Distribusi Pro (Guyuran),Gorengan Sepi (< 5M),Sepi (< 50%),Mark-Up (Fase Pesta),Normal,Normal,Naik 3 Hari Beruntun,TP: 193 | CL: 172,Open = Low (Bullish Kuat),Tidak Ideal (< 1:1),5,WAIT & SEE,TIDAK ADA,2026-08-03 15:55:01
15:55,KMTR,Mid Cap (Lapis 2),Fair Value (Wajar),0.0,0.9054466,234.0,230,214,270,0.0,36000,Normal,51,Negatif,Uptrend,Bullish,Strong Bullish,Perfect Uptrend (5>20>50),Normal,Distribusi (Turun),Normal,Seimbang / Adu Mekanik,Normal,Tinggi,Normal,Area Tengah,< 1 Miliar,Di Bawah VWAP (Lemah),Distribusi Pro (Guyuran),Gorengan Sepi (< 5M),Sepi (< 50%),Mark-Up (Fase Pesta),Normal,Normal,Sideways / Stagnan,TP: 258 | CL: 218,Normal,Ideal (1:2),4,WAIT & SEE,TIDAK ADA,2026-08-03 15:55:01
15:55,TNCA,Small Cap (Lapis 3),Overvalued (Mahal),52.00872,1.7761989,165.0,146,128,197,-1.1976047904191618,631000,Normal,64,Negatif,Uptrend,Bullish,Strong Bullish,Perfect Uptrend (5>20>50),Normal,Akumulasi (Naik),Normal,Dominan Jual (Guyur),Normal,Tinggi,Normal,Rawan Pucuk (High Risk),< 1 Miliar,Di Bawah VWAP (Lemah),Distribusi Pro (Guyuran),Gorengan Sepi (< 5M),Sepi (< 50%),Mark-Up (Fase Pesta),Spesialis Tiang Jemuran (Banting Pucuk),Normal,Turun 1 Hari Beruntun,TP: 193 | CL: 146,Normal,Tidak Ideal (< 1:1),5,WAIT & SEE,TIDAK ADA,2026-08-03 15:55:01
15:55,VOKS,Small Cap (Lapis 3),Fair Value (Wajar),0.0,1.4920352,204.0,198,191,236,-0.9708737864077669,106400,Normal,56,Negatif,Uptrend,Bullish,Strong Bullish,Awal Reversal (5>20),Normal,Akumulasi (Naik),Normal,Dominan Beli (Hajar Kanan),Squeeze,Rendah,Hammer (Potensi Reversal),Area Tengah,< 1 Miliar,Di Bawah VWAP (Lemah),Distribusi Pro (Guyuran),Gorengan Sepi (< 5M),Sepi (< 50%),Accumulation (Kumpul Barang),Spesialis Tiang Jemuran (Banting Pucuk),Jarum Bawah (Sinyal Pantulan Kuat),Turun 1 Hari Beruntun,TP: 221 | CL: 192,Open = High (Tekanan Jual),Ideal (1:2),6,WAIT & SEE,TIDAK ADA,2026-08-03 15:55:01
15:55,EKAD,Small Cap (Lapis 3),Undervalued (Murah),1.169047,0.48458397,171.0,168,164,172,0.5882352941176471,34700,Normal,57,Positif,Uptrend,Bearish,Bearish MACD,Konsolidasi / Transisi,Normal,Akumulasi (Naik),Normal,Dominan Beli (Hajar Kanan),Squeeze,Rendah,Doji (Ragu-ragu),Area Tengah,< 1 Miliar,Di Atas VWAP (Kuat),Akumulasi Pro (Smart Money),Gorengan Sepi (< 5M),Sepi (< 50%),Mark-Up (Fase Pesta),Solid (Jarang Dibanting),Jarum Bawah (Sinyal Pantulan Kuat),Naik 1 Hari Beruntun,TP: 175 | CL: 167,Normal,Tidak Ideal (< 1:1),5,WAIT & SEE,TIDAK ADA,2026-08-03 15:55:01
15:55,VICO,Mid Cap (Lapis 2),Undervalued (Murah),4.3973427,0.5675207,139.0,137,131,165,-1.4184397163120568,36500,Normal,50,Negatif,Uptrend,Bullish,Strong Bullish,Perfect Uptrend (5>20>50),Normal,Distribusi (Turun),Normal,Dominan Jual (Guyur),Normal,Sedang,Normal,Area Tengah,< 1 Miliar,Di Bawah VWAP (Lemah),Distribusi Pro (Guyuran),Gorengan Sepi (< 5M),Sepi (< 50%),Mark-Up (Fase Pesta),Spesialis Tiang Jemuran (Banting Pucuk),Normal,Turun 1 Hari Beruntun,TP: 151 | CL: 130,Open = High (Tekanan Jual),Sangat Menarik (> 1:3),3,WAIT & SEE,TIDAK ADA,2026-08-03 15:55:01
15:55,MKTR,Mid Cap (Lapis 2),Overvalued (Mahal),27.074236,2.2133768,124.0,120,107,129,-0.8,112000,Normal,57,Negatif,Uptrend,Bullish,Strong Bullish,Awal Reversal (5>20),Normal,Akumulasi (Naik),Normal,Dominan Beli (Hajar Kanan),Squeeze,Rendah,Doji (Ragu-ragu),Rawan Pucuk (High Risk),< 1 Miliar,Di Atas VWAP (Kuat),Akumulasi Pro (Smart Money),Gorengan Sepi (< 5M),Sepi (< 50%),Accumulation (Kumpul Barang),Solid (Jarang Dibanting),Jarum Bawah (Sinyal Pantulan Kuat),Turun 1 Hari Beruntun,TP: 130 | CL: 119,Normal,Tidak Ideal (< 1:1),6,WAIT & SEE,TIDAK ADA,2026-08-03 15:55:01
15:55,SKLT,Mid Cap (Lapis 2),Fair Value (Wajar),11.319681,1.7855701,199.0,191,180,226,-2.450980392156863,148100,Normal,59,Negatif,Uptrend,Bullish,Strong Bullish,Perfect Uptrend (5>20>50),Normal,Akumulasi (Naik),Normal,Seimbang / Adu Mekanik,Normal,Sedang,Normal,Rawan Pucuk (High Risk),< 1 Miliar,Di Bawah VWAP (Lemah),Distribusi Pro (Guyuran),Gorengan Sepi (< 5M),Sepi (< 50%),Mark-Up (Fase Pesta),Spesialis Tiang Jemuran (Banting Pucuk),Normal,Turun 1 Hari Beruntun,TP: 215 | CL: 187,Open = High (Tekanan Jual),Menengah (1:1),5,WAIT & SEE,TIDAK ADA,2026-08-03 15:55:01
15:55,VINS,Small Cap (Lapis 3),Fair Value (Wajar),17.739483,0.8837993,140.0,138,123,157,0.7194244604316548,83000,Normal,53,Positif,Uptrend,Golden Cross,Strong Bullish,Perfect Uptrend (5>20>50),Normal,Akumulasi (Naik),Normal,Seimbang / Adu Mekanik,Squeeze,Rendah,Normal,Rawan Pucuk (High Risk),< 1 Miliar,Persis di VWAP,Distribusi Pro (Guyuran),Gorengan Sepi (< 5M),Normal (50-150%),Mark-Up (Fase Pesta),Spesialis Tiang Jemuran (Banting Pucuk),Normal,Naik 1 Hari Beruntun,TP: 151 | CL: 132,Normal,Menengah (1:1),6,WAIT & SEE,TIDAK ADA,2026-08-03 15:55:01
15:55,INTD,Small Cap (Lapis 3),Overvalued (Mahal),50.888527,4.1975513,252.0,236,222,262,0.0,6500,Normal,63,Negatif,Uptrend,Bullish,Strong Bullish,Perfect Uptrend (5>20>50),Normal,Akumulasi (Naik),Normal,Seimbang / Adu Mekanik,Normal,Tinggi,Normal,Rawan Pucuk (High Risk),< 1 Miliar,Di Atas VWAP (Kuat),Akumulasi Pro (Smart Money),Gorengan Sepi (< 5M),Sepi (< 50%),Mark-Up (Fase Pesta),Normal,Normal,Sideways / Stagnan,TP: 275 | CL: 236,Normal,Tidak Ideal (< 1:1),5,WAIT & SEE,TIDAK ADA,2026-08-03 15:55:01
15:55,ADMG,Small Cap (Lapis 3),Overvalued (Mahal),109.803925,7466.667,224.0,215,196,244,0.9009009009009009,2433100,Tembus MA20,64,Positif,Uptrend,Bullish,Strong Bullish,Perfect Uptrend (5>20>50),Normal,Distribusi (Turun),Normal,Dominan Jual (Guyur),Normal,Tinggi,Doji (Ragu-ragu),Rawan Pucuk (High Risk),< 1 Miliar,Di Bawah VWAP (Lemah),Distribusi Pro (Guyuran),Gorengan Sepi (< 5M),Anomali Tinggi (150-300%),Mark-Up (Fase Pesta),Spesialis Tiang Jemuran (Banting Pucuk),Normal,Naik 1 Hari Beruntun,TP: 241 | CL: 212,Normal,Tidak Ideal (< 1:1),6,WAIT & SEE,TIDAK ADA,2026-08-03 15:55:01
15:55,AKPI,Small Cap (Lapis 3),Undervalued (Murah),9.903846,0.17744151,515.0,495,456,600,3.0,359000,Tembus MA20,67,Positif,Uptrend,Bullish,Strong Bullish,Perfect Uptrend (5>20>50),Distribusi Kuat,Akumulasi (Naik),Gap Up (+5.0%),Seimbang / Adu Mekanik,Squeeze,Rendah,Normal,Rawan Pucuk (High Risk),< 1 Miliar,Persis di VWAP,Distribusi Pro (Guyuran),Gorengan Sepi (< 5M),Ledakan Ekstrem (> 300%),Mark-Up (Fase Pesta),Spesialis Tiang Jemuran (Banting Pucuk),Normal,Naik 2 Hari Beruntun,TP: 541 | CL: 497,Open = High (Tekanan Jual),Menengah (1:1),8,BELI,TIDAK ADA,2026-08-03 15:55:01
15:55,TRST,Mid Cap (Lapis 2),Overvalued (Mahal),89.779564,0.48363155,448.0,474,440,486,-2.1834061135371177,136400,Tembus MA20,30,Negatif,Downtrend,Bearish,Strong Bearish,Konsolidasi / Transisi,Distribusi Kuat,Distribusi (Turun),Normal,Dominan Jual (Guyur),Normal,Sedang,Normal,Dekat Support (Low Risk),< 1 Miliar,Di Bawah VWAP (Lemah),Akumulasi Pro (Smart Money),Gorengan Sepi (< 5M),Anomali Tinggi (150-300%),Distribution (Fase Jualan),Normal,Normal,Turun 6 Hari Beruntun,TP: 469 | CL: 434,Normal,Sangat Menarik (> 1:3),1,WAIT & SEE,TIDAK ADA,2026-08-03 15:55:01
15:55,SDPC,Small Cap (Lapis 3),Undervalued (Murah),6.060606,0.70015883,182.0,181,175,228,0.5524861878453038,631700,Tembus MA20,52,Positif,Uptrend,Bearish,Bearish MACD,Konsolidasi / Transisi,Normal,Distribusi (Turun),Normal,Dominan Jual (Guyur),Squeeze,Rendah,Doji (Ragu-ragu),Area Tengah,< 1 Miliar,Di Bawah VWAP (Lemah),Distribusi Pro (Guyuran),Gorengan Sepi (< 5M),Normal (50-150%),Mark-Up (Fase Pesta),Spesialis Tiang Jemuran (Banting Pucuk),Normal,Naik 1 Hari Beruntun,TP: 196 | CL: 172,Normal,Sangat Menarik (> 1:3),4,WAIT & SEE,TIDAK ADA,2026-08-03 15:55:01
15:55,FMII,Mid Cap (Lapis 2),Fair Value (Wajar),0.0,2.3344975,246.0,249,234,274,-2.380952380952381,27000,Normal,48,Negatif,Downtrend,Bearish,Strong Bearish,Konsolidasi / Transisi,Normal,Akumulasi (Naik),Normal,Seimbang / Adu Mekanik,Squeeze,Rendah,Normal,Area Tengah,< 1 Miliar,Persis di VWAP,Akumulasi Pro (Smart Money),Gorengan Sepi (< 5M),Anomali Tinggi (150-300%),Distribution (Fase Jualan),Spesialis Tiang Jemuran (Banting Pucuk),Normal,Turun 1 Hari Beruntun,TP: 259 | CL: 236,Open = High (Tekanan Jual),Ideal (1:2),1,WAIT & SEE,TIDAK ADA,2026-08-03 15:55:01
15:55,PTIS,Small Cap (Lapis 3),Overvalued (Mahal),0.0,7189.189,266.0,268,258,314,-1.4814814814814816,34600,Normal,43,Negatif,Downtrend,Bearish,Bullish MACD,Strong Downtrend (5<20<50),Normal,Distribusi (Turun),Normal,Dominan Jual (Guyur),Squeeze,Rendah,Doji (Ragu-ragu),Area Tengah,< 1 Miliar,Di Bawah VWAP (Lemah),Distribusi Pro (Guyuran),Gorengan Sepi (< 5M),Sepi (< 50%),Mark-Down (Fase Runtuh),Normal,Normal,Turun 1 Hari Beruntun,TP: 290 | CL: 249,Normal,Sangat Menarik (> 1:3),1,WAIT & SEE,TIDAK ADA,2026-08-03 15:55:01
15:55,RELI,Small Cap (Lapis 3),Overvalued (Mahal),41.559334,1.6422979,484.0,488,460,500,-1.6260162601626018,8600,Tembus MA20,45,Negatif,Downtrend,Bearish,Strong Bearish,Strong Downtrend (5<20<50),Normal,Akumulasi (Naik),Normal,Seimbang / Adu Mekanik,Squeeze,Rendah,Normal,Area Tengah,< 1 Miliar,Persis di VWAP,Akumulasi Pro (Smart Money),Gorengan Sepi (< 5M),Normal (50-150%),Mark-Down (Fase Runtuh),Solid (Jarang Dibanting),Normal,Turun 1 Hari Beruntun,TP: 512 | CL: 464,Open = High (Tekanan Jual),Tidak Ideal (< 1:1),2,WAIT & SEE,TIDAK ADA,2026-08-03 15:55:01
15:55,MICE,Small Cap (Lapis 3),Undervalued (Murah),7.69569,0.3249643,525.0,512,490,540,0.9615384615384616,6000,Normal,60,Positif,Uptrend,Bullish,Strong Bullish,Perfect Uptrend (5>20>50),Normal,Akumulasi (Naik),Normal,Seimbang / Adu Mekanik,Normal,Sedang,Normal,Area Tengah,< 1 Miliar,Persis di VWAP,Distribusi Pro (Guyuran),Gorengan Sepi (< 5M),Sepi (< 50%),Mark-Up (Fase Pesta),Normal,Normal,Naik 1 Hari Beruntun,TP: 553 | CL: 506,Open = High (Tekanan Jual),Tidak Ideal (< 1:1),6,WAIT & SEE,TIDAK ADA,2026-08-03 15:55:01
15:55,CSAP,Mid Cap (Lapis 2),Undervalued (Murah),12.694185,0.44646552,286.0,286,270,320,-1.3793103448275863,12000,Normal,52,Negatif,Downtrend,Golden Cross,Bearish MACD,Perfect Uptrend (5>20>50),Normal,Akumulasi (Naik),Normal,Dominan Jual (Guyur),Squeeze,Rendah,Normal,Area Tengah,< 1 Miliar,Di Bawah VWAP (Lemah),Distribusi Pro (Guyuran),Gorengan Sepi (< 5M),Sepi (< 50%),Distribution (Fase Jualan),Spesialis Tiang Jemuran (Banting Pucuk),Normal,Turun 1 Hari Beruntun,TP: 304 | CL: 273,Normal,Ideal (1:2),3,WAIT & SEE,TIDAK ADA,2026-08-03 15:55:01
15:55,TFAS,Small Cap (Lapis 3),Fair Value (Wajar),0.0,1.8536323,187.0,186,165,250,-3.1088082901554404,463500,Normal,47,Negatif,Uptrend,Bullish,Bullish MACD,Awal Reversal (5>20),Normal,Distribusi (Turun),Normal,Dominan Jual (Guyur),Normal,Tinggi,Normal,Rawan Pucuk (High Risk),< 1 Miliar,Di Bawah VWAP (Lemah),Distribusi Pro (Guyuran),Gorengan Sepi (< 5M),Sepi (< 50%),Accumulation (Kumpul Barang),Spesialis Tiang Jemuran (Banting Pucuk),Normal,Turun 1 Hari Beruntun,TP: 217 | CL: 167,Normal,Ideal (1:2),3,WAIT & SEE,TIDAK ADA,2026-08-03 15:55:01
15:55,CAKK,Small Cap (Lapis 3),Undervalued (Murah),11.425236,1.2282039,137.0,136,127,158,2.2388059701492535,312900,Normal,50,Positif,Uptrend,Bearish,Bullish MACD,Strong Downtrend (5<20<50),Normal,Akumulasi (Naik),Normal,Seimbang / Adu Mekanik,Normal,Sedang,Normal,Area Tengah,< 1 Miliar,Di Bawah VWAP (Lemah),Distribusi Pro (Guyuran),Gorengan Sepi (< 5M),Sepi (< 50%),Accumulation (Kumpul Barang),Normal,Normal,Naik 1 Hari Beruntun,TP: 149 | CL: 129,Normal,Ideal (1:2),4,WAIT & SEE,TIDAK ADA,2026-08-03 15:55:01
15:55,TRGU,Mid Cap (Lapis 2),Undervalued (Murah),12.578125,1.3301498,161.0,163,156,197,-1.2269938650306749,97900,Normal,42,Negatif,Downtrend,Bullish,Bullish MACD,Awal Reversal (5>20),Normal,Akumulasi (Naik),Normal,Dominan Jual (Guyur),Squeeze,Rendah,Normal,Area Tengah,< 1 Miliar,Di Bawah VWAP (Lemah),Distribusi Pro (Guyuran),Gorengan Sepi (< 5M),Sepi (< 50%),Mark-Down (Fase Runtuh),Spesialis Tiang Jemuran (Banting Pucuk),Normal,Turun 3 Hari Beruntun,TP: 173 | CL: 152,Normal,Sangat Menarik (> 1:3),3,WAIT & SEE,TIDAK ADA,2026-08-03 15:55:01
15:55,GLVA,Small Cap (Lapis 3),Undervalued (Murah),9.369676,1.1099299,308.0,300,288,314,0.6535947712418301,5800,Normal,55,Positif,Uptrend,Bullish,Strong Bullish,Awal Reversal (5>20),Normal,Distribusi (Turun),Normal,Dominan Beli (Hajar Kanan),Normal,Sedang,Doji (Ragu-ragu),Area Tengah,< 1 Miliar,Di Atas VWAP (Kuat),Akumulasi Pro (Smart Money),Gorengan Sepi (< 5M),Sepi (< 50%),Accumulation (Kumpul Barang),Solid (Jarang Dibanting),Jarum Bawah (Sinyal Pantulan Kuat),Naik 1 Hari Beruntun,TP: 321 | CL: 298,Normal,Tidak Ideal (< 1:1),6,WAIT & SEE,TIDAK ADA,2026-08-03 15:55:01
15:55,MTWI,Small Cap (Lapis 3),Overvalued (Mahal),56.306305,1.7704254,250.0,264,238,300,-3.10077519379845,36200,Normal,40,Negatif,Downtrend,Bearish,Strong Bearish,Strong Downtrend (5<20<50),Normal,Akumulasi (Naik),Normal,Dominan Jual (Guyur),Bottom Rebound,Sedang,Normal,Area Tengah,< 1 Miliar,Di Bawah VWAP (Lemah),Distribusi Pro (Guyuran),Gorengan Sepi (< 5M),Sepi (< 50%),Mark-Down (Fase Runtuh),Normal,Normal,Turun 1 Hari Beruntun,TP: 275 | CL: 233,Open = High (Tekanan Jual),Sangat Menarik (> 1:3),1,WAIT & SEE,TIDAK ADA,2026-08-03 15:55:01
15:55,BMAS,Mid Cap (Lapis 2),Overvalued (Mahal),2440.0,1.3582872,488.0,481,460,510,0.0,6500,Normal,53,Negatif,Uptrend,Bullish,Strong Bullish,Awal Reversal (5>20),Normal,Distribusi (Turun),Normal,Dominan Beli (Hajar Kanan),Normal,Sedang,Marubozu (Strong Bullish),Area Tengah,< 1 Miliar,Persis di VWAP,Akumulasi Pro (Smart Money),Gorengan Sepi (< 5M),Normal (50-150%),Accumulation (Kumpul Barang),Normal,Normal,Sideways / Stagnan,TP: 518 | CL: 467,Open = Low (Bullish Kuat),Tidak Ideal (< 1:1),5,WAIT & SEE,TIDAK ADA,2026-08-03 15:55:01
15:55,IKPM,Small Cap (Lapis 3),Fair Value (Wajar),0.0,1.4171288,184.0,183,171,220,-1.6042780748663104,42400,Normal,50,Negatif,Uptrend,Bullish,Strong Bullish,Awal Reversal (5>20),Normal,Akumulasi (Naik),Normal,Seimbang / Adu Mekanik,Squeeze,Rendah,Normal,Area Tengah,< 1 Miliar,Di Bawah VWAP (Lemah),Distribusi Pro (Guyuran),Gorengan Sepi (< 5M),Sepi (< 50%),Accumulation (Kumpul Barang),Spesialis Tiang Jemuran (Banting Pucuk),Normal,Turun 1 Hari Beruntun,TP: 198 | CL: 174,Open = High (Tekanan Jual),Ideal (1:2),4,WAIT & SEE,TIDAK ADA,2026-08-03 15:55:01
15:55,BTON,Small Cap (Lapis 3),Overvalued (Mahal),26.60091,0.8431843,356.0,354,308,380,-1.1111111111111112,2200,Normal,50,Negatif,Uptrend,Bullish,Strong Bullish,Awal Reversal (5>20),Normal,Distribusi (Turun),Normal,Dominan Beli (Hajar Kanan),Normal,Sedang,Hammer (Potensi Reversal),Rawan Pucuk (High Risk),< 1 Miliar,Persis di VWAP,Akumulasi Pro (Smart Money),Gorengan Sepi (< 5M),Sepi (< 50%),Accumulation (Kumpul Barang),Normal,Jarum Bawah (Sinyal Pantulan Kuat),Turun 1 Hari Beruntun,TP: 386 | CL: 335,Open = High (Tekanan Jual),Tidak Ideal (< 1:1),4,WAIT & SEE,TIDAK ADA,2026-08-03 15:55:01
15:55,FOOD,Small Cap (Lapis 3),Fair Value (Wajar),0.0,-5.0869994,176.0,176,176,176,0.0,0,Normal,52,Negatif,Downtrend,Bearish,Bearish MACD,Konsolidasi / Transisi,Normal,Netral,Normal,Tidak Ada Transaksi,Squeeze,Rendah,Doji (Ragu-ragu),Dekat Support (Low Risk),< 1 Miliar,Di Atas VWAP (Kuat),Netral,Gorengan Sepi (< 5M),Normal (50-150%),Sideways,Solid (Jarang Dibanting),Normal,Sideways / Stagnan,TP: 177 | CL: 175,Normal,Di Area Support,1,WAIT & SEE,TIDAK ADA,2026-08-03 15:55:01
15:55,CANI,Small Cap (Lapis 3),Fair Value (Wajar),0.0,-3292.6829,135.0,135,135,135,0.0,0,Normal,49,Negatif,Downtrend,Bearish,Bullish MACD,Konsolidasi / Transisi,Normal,Netral,Normal,Tidak Ada Transaksi,Squeeze,Rendah,Doji (Ragu-ragu),Dekat Support (Low Risk),< 1 Miliar,Di Atas VWAP (Kuat),Netral,Gorengan Sepi (< 5M),Normal (50-150%),Sideways,Solid (Jarang Dibanting),Normal,Sideways / Stagnan,TP: 136 | CL: 134,Normal,Di Area Support,1,WAIT & SEE,TIDAK ADA,2026-08-03 15:55:01
15:55,KOIN,Small Cap (Lapis 3),Fair Value (Wajar),0.0,-0.81619835,78.0,78,78,78,0.0,0,Normal,53,Negatif,Downtrend,Bearish,Bearish MACD,Konsolidasi / Transisi,Normal,Netral,Normal,Tidak Ada Transaksi,Squeeze,Rendah,Doji (Ragu-ragu),Dekat Support (Low Risk),< 1 Miliar,Di Atas VWAP (Kuat),Netral,Gorengan Sepi (< 5M),Normal (50-150%),Sideways,Solid (Jarang Dibanting),Normal,Sideways / Stagnan,TP: 79 | CL: 77,Normal,Di Area Support,1,WAIT & SEE,TIDAK ADA,2026-08-03 15:55:01
15:55,GTBO,Small Cap (Lapis 3),Overvalued (Mahal),0.0,9444.445,170.0,170,170,170,0.0,0,Normal,28,Negatif,Downtrend,Bearish,Bullish MACD,Konsolidasi / Transisi,Normal,Netral,Normal,Tidak Ada Transaksi,Squeeze,Rendah,Doji (Ragu-ragu),Dekat Support (Low Risk),< 1 Miliar,Di Atas VWAP (Kuat),Netral,Gorengan Sepi (< 5M),Normal (50-150%),Sideways,Solid (Jarang Dibanting),Normal,Sideways / Stagnan,TP: 171 | CL: 169,Normal,Di Area Support,1,WAIT & SEE,TIDAK ADA,2026-08-03 15:55:01
15:55,INTA,Small Cap (Lapis 3),Fair Value (Wajar),0.0,-0.10659584,61.0,61,61,61,0.0,0,Normal,43,Negatif,Downtrend,Bearish,Bullish MACD,Konsolidasi / Transisi,Normal,Netral,Normal,Tidak Ada Transaksi,Squeeze,Rendah,Doji (Ragu-ragu),Dekat Support (Low Risk),< 1 Miliar,Di Atas VWAP (Kuat),Netral,Gorengan Sepi (< 5M),Normal (50-150%),Sideways,Solid (Jarang Dibanting),Normal,Sideways / Stagnan,TP: 62 | CL: 60,Normal,Di Area Support,1,WAIT & SEE,TIDAK ADA,2026-08-03 15:55:01
15:55,CMPP,Small Cap (Lapis 3),Fair Value (Wajar),0.0,-0.047031812,69.0,69,69,69,0.0,0,Normal,40,Negatif,Downtrend,Bearish,Bullish MACD,Konsolidasi / Transisi,Normal,Netral,Normal,Tidak Ada Transaksi,Squeeze,Rendah,Doji (Ragu-ragu),Dekat Support (Low Risk),< 1 Miliar,Di Atas VWAP (Kuat),Netral,Gorengan Sepi (< 5M),Normal (50-150%),Sideways,Solid (Jarang Dibanting),Normal,Sideways / Stagnan,TP: 70 | CL: 68,Normal,Di Area Support,1,WAIT & SEE,TIDAK ADA,2026-08-03 15:55:01
15:55,SMBR,Mid Cap (Lapis 2),Undervalued (Murah),11.571428,0.4691165,162.0,157,148,172,-0.6134969325153374,830900,Normal,55,Negatif,Uptrend,Bullish,Strong Bullish,Perfect Uptrend (5>20>50),Normal,Akumulasi (Naik),Normal,Dominan Jual (Guyur),Normal,Sedang,Normal,Area Tengah,< 1 Miliar,Persis di VWAP,Akumulasi Pro (Smart Money),Gorengan Sepi (< 5M),Sepi (< 50%),Mark-Up (Fase Pesta),Spesialis Tiang Jemuran (Banting Pucuk),Normal,Turun 1 Hari Beruntun,TP: 171 | CL: 156,Normal,Tidak Ideal (< 1:1),5,WAIT & SEE,TIDAK ADA,2026-08-03 15:55:01
15:55,LMAX,Small Cap (Lapis 3),Fair Value (Wajar),0.0,1.4210492,112.0,112,80,126,1.8181818181818181,327500,Normal,54,Positif,Downtrend,Bullish,Bearish MACD,Perfect Uptrend (5>20>50),Normal,Akumulasi (Naik),Normal,Dominan Jual (Guyur),Normal,Tinggi,Doji (Ragu-ragu),Rawan Pucuk (High Risk),< 1 Miliar,Di Bawah VWAP (Lemah),Distribusi Pro (Guyuran),Gorengan Sepi (< 5M),Normal (50-150%),Distribution (Fase Jualan),Spesialis Tiang Jemuran (Banting Pucuk),Normal,Naik 1 Hari Beruntun,TP: 124 | CL: 103,Normal,Tidak Ideal (< 1:1),4,WAIT & SEE,TIDAK ADA,2026-08-03 15:55:01
15:55,SULI,Small Cap (Lapis 3),Overvalued (Mahal),0.0,45499.996,91.0,84,77,115,2.247191011235955,5567100,Normal,58,Positif,Uptrend,Bullish,Strong Bullish,Perfect Uptrend (5>20>50),Normal,Akumulasi (Naik),Normal,Dominan Beli (Hajar Kanan),Normal,Tinggi,Normal,Rawan Pucuk (High Risk),< 1 Miliar,Di Atas VWAP (Kuat),Distribusi Pro (Guyuran),Gorengan Sepi (< 5M),Sepi (< 50%),Mark-Up (Fase Pesta),Spesialis Tiang Jemuran (Banting Pucuk),Normal,Naik 3 Hari Beruntun,TP: 102 | CL: 83,Normal,Ideal (1:2),7,BELI,TIDAK ADA,2026-08-03 15:55:01
15:55,KDTN,Small Cap (Lapis 3),Overvalued (Mahal),0.0,8.388364,470.0,480,274,645,25.0,32239300,Tembus MA20,46,Positif,Downtrend,Bearish,Strong Bearish,Strong Downtrend (5<20<50),Akumulasi Kuat,Akumulasi (Naik),Normal,Dominan Beli (Hajar Kanan),Normal,Tinggi,Marubozu (Strong Bullish),Rawan Pucuk (High Risk),> 1 Miliar,Di Atas VWAP (Kuat),Akumulasi Pro (Smart Money),Ritel Aktif (5M - 50M),Anomali Tinggi (150-300%),Mark-Down (Fase Runtuh),Spesialis Tiang Jemuran (Banting Pucuk),Normal,Naik 3 Hari Beruntun,TP: 559 | CL: 410,Open = Low (Bullish Kuat),Tidak Ideal (< 1:1),5,WAIT & SEE,TIDAK ADA,2026-08-03 15:55:01
15:55,FWCT,Small Cap (Lapis 3),Fair Value (Wajar),0.0,0.5615603,94.0,88,74,114,1.0752688172043012,16138100,Normal,60,Positif,Uptrend,Bullish,Strong Bullish,Perfect Uptrend (5>20>50),Normal,Akumulasi (Naik),Normal,Seimbang / Adu Mekanik,Normal,Tinggi,Doji (Ragu-ragu),Rawan Pucuk (High Risk),> 1 Miliar,Persis di VWAP,Distribusi Pro (Guyuran),Gorengan Sepi (< 5M),Normal (50-150%),Mark-Up (Fase Pesta),Spesialis Tiang Jemuran (Banting Pucuk),Normal,Naik 3 Hari Beruntun,TP: 105 | CL: 86,Normal,Menengah (1:1),6,WAIT & SEE,TIDAK ADA,2026-08-03 15:55:01
15:55,CARS,Mid Cap (Lapis 2),Undervalued (Murah),9.2648535,1.2972363,92.0,86,80,99,1.098901098901099,9747000,Tembus MA20,61,Positif,Uptrend,Bullish,Strong Bullish,Awal Reversal (5>20),Akumulasi Kuat,Akumulasi (Naik),Normal,Dominan Jual (Guyur),Normal,Tinggi,Normal,Rawan Pucuk (High Risk),< 1 Miliar,Persis di VWAP,Distribusi Pro (Guyuran),Gorengan Sepi (< 5M),Anomali Tinggi (150-300%),Accumulation (Kumpul Barang),Normal,Normal,Naik 1 Hari Beruntun,TP: 98 | CL: 88,Open = Low (Bullish Kuat),Tidak Ideal (< 1:1),8,BELI,TIDAK ADA,2026-08-03 15:55:01
15:55,RAAM,Mid Cap (Lapis 2),Fair Value (Wajar),0.0,1.0690715,202.0,204,193,240,-0.9803921568627451,299700,Normal,47,Negatif,Downtrend,Bullish,Strong Bearish,Perfect Uptrend (5>20>50),Normal,Distribusi (Turun),Normal,Seimbang / Adu Mekanik,Normal,Sedang,Normal,Area Tengah,< 1 Miliar,Di Bawah VWAP (Lemah),Akumulasi Pro (Smart Money),Gorengan Sepi (< 5M),Sepi (< 50%),Distribution (Fase Jualan),Spesialis Tiang Jemuran (Banting Pucuk),Normal,Turun 2 Hari Beruntun,TP: 220 | CL: 189,Open = High (Tekanan Jual),Sangat Menarik (> 1:3),1,WAIT & SEE,TIDAK ADA,2026-08-03 15:55:01
15:55,KBLI,Mid Cap (Lapis 2),Undervalued (Murah),6.6135945,0.4490078,324.0,320,310,332,0.0,142000,Normal,62,Negatif,Uptrend,Bullish,Bearish MACD,Perfect Uptrend (5>20>50),Normal,Distribusi (Turun),Normal,Seimbang / Adu Mekanik,Squeeze,Rendah,Normal,Area Tengah,< 1 Miliar,Persis di VWAP,Distribusi Pro (Guyuran),Gorengan Sepi (< 5M),Sepi (< 50%),Mark-Up (Fase Pesta),Spesialis Tiang Jemuran (Banting Pucuk),Normal,Sideways / Stagnan,TP: 333 | CL: 318,Open = High (Tekanan Jual),Tidak Ideal (< 1:1),3,WAIT & SEE,TIDAK ADA,2026-08-03 15:55:01
15:55,MTDL,Mid Cap (Lapis 2),Undervalued (Murah),7.7272725,1.2853503,510.0,512,498,525,0.9900990099009901,3162900,Tembus MA20,50,Positif,Downtrend,Bearish,Bearish MACD,Konsolidasi / Transisi,Normal,Akumulasi (Naik),Normal,Seimbang / Adu Mekanik,Squeeze,Rendah,Normal,Dekat Support (Low Risk),> 1 Miliar,Persis di VWAP,Distribusi Pro (Guyuran),Gorengan Sepi (< 5M),Normal (50-150%),Distribution (Fase Jualan),Spesialis Tiang Jemuran (Banting Pucuk),Normal,Naik 1 Hari Beruntun,TP: 525 | CL: 499,Open = Low (Bullish Kuat),Menengah (1:1),3,WAIT & SEE,TIDAK ADA,2026-08-03 15:55:01
15:55,ASLI,Mid Cap (Lapis 2),Overvalued (Mahal),0.0,3.3247263,198.0,196,175,220,1.0204081632653061,1401500,Normal,47,Positif,Uptrend,Bearish,Bullish MACD,Strong Downtrend (5<20<50),Normal,Akumulasi (Naik),Normal,Dominan Beli (Hajar Kanan),Normal,Tinggi,Normal,Rawan Pucuk (High Risk),< 1 Miliar,Di Atas VWAP (Kuat),Distribusi Pro (Guyuran),Gorengan Sepi (< 5M),Sepi (< 50%),Accumulation (Kumpul Barang),Spesialis Tiang Jemuran (Banting Pucuk),Normal,Naik 3 Hari Beruntun,TP: 217 | CL: 184,Normal,Tidak Ideal (< 1:1),5,WAIT & SEE,TIDAK ADA,2026-08-03 15:55:01
15:55,ATIC,Mid Cap (Lapis 2),Fair Value (Wajar),5.868688,1.8168467,480.0,475,454,540,0.41841004184100417,24500,Normal,51,Positif,Uptrend,Bullish,Bullish MACD,Awal Reversal (5>20),Normal,Akumulasi (Naik),Normal,Dominan Beli (Hajar Kanan),Squeeze,Rendah,Normal,Area Tengah,< 1 Miliar,Persis di VWAP,Akumulasi Pro (Smart Money),Gorengan Sepi (< 5M),Sepi (< 50%),Accumulation (Kumpul Barang),Spesialis Tiang Jemuran (Banting Pucuk),Normal,Naik 2 Hari Beruntun,TP: 521 | CL: 452,Normal,Ideal (1:2),7,BELI,TIDAK ADA,2026-08-03 15:55:01
15:55,NEST,Mid Cap (Lapis 2),Overvalued (Mahal),127.5,8.545004,760.0,636,585,765,10.144927536231885,17535900,Tembus MA20,76,Positif,Uptrend,Bullish,Strong Bullish,Perfect Uptrend (5>20>50),Akumulasi Kuat,Akumulasi (Naik),Normal,Dominan Beli (Hajar Kanan),Breakout Upper,Tinggi,Marubozu (Strong Bullish),Rawan Pucuk (High Risk),> 1 Miliar,Di Atas VWAP (Kuat),Akumulasi Pro (Smart Money),Ritel Aktif (5M - 50M),Anomali Tinggi (150-300%),Mark-Up (Fase Pesta),Solid (Jarang Dibanting),Normal,Naik 1 Hari Beruntun,TP: 799 | CL: 733,Open = Low (Bullish Kuat),Tidak Ideal (< 1:1),9,BELI,TIDAK ADA,2026-08-03 15:55:01
15:55,AMAR,Mid Cap (Lapis 2),Fair Value (Wajar),15.58256,1.1475979,218.0,208,200,222,-0.9090909090909091,408200,Tembus MA20,70,Negatif,Uptrend,Bullish,Strong Bullish,Perfect Uptrend (5>20>50),Normal,Akumulasi (Naik),Normal,Dominan Jual (Guyur),Breakout Upper,Sedang,Normal,Area Tengah,< 1 Miliar,Di Atas VWAP (Kuat),Akumulasi Pro (Smart Money),Gorengan Sepi (< 5M),Normal (50-150%),Mark-Up (Fase Pesta),Solid (Jarang Dibanting),Normal,Turun 1 Hari Beruntun,TP: 225 | CL: 213,Normal,Tidak Ideal (< 1:1),6,WAIT & SEE,TIDAK ADA,2026-08-03 15:55:01
15:55,ARNA,Mid Cap (Lapis 2),Fair Value (Wajar),8.3672085,1.9110326,496.0,473,446,500,1.2244897959183674,6755300,Tembus MA20,89,Positif,Uptrend,Bullish,Strong Bullish,Perfect Uptrend (5>20>50),Normal,Akumulasi (Naik),Normal,Dominan Beli (Hajar Kanan),Normal,Sedang,Doji (Ragu-ragu),Rawan Pucuk (High Risk),> 1 Miliar,Di Atas VWAP (Kuat),Akumulasi Pro (Smart Money),Gorengan Sepi (< 5M),Anomali Tinggi (150-300%),Mark-Up (Fase Pesta),Normal,Jarum Bawah (Sinyal Pantulan Kuat),Naik 1 Hari Beruntun,TP: 510 | CL: 486,Normal,Tidak Ideal (< 1:1),8,BELI,TIDAK ADA,2026-08-03 15:55:01
15:55,SPMA,Small Cap (Lapis 3),Undervalued (Murah),9.63357,0.26454985,163.0,168,160,190,0.0,295500,Normal,45,Negatif,Downtrend,Bearish,Bearish MACD,Konsolidasi / Transisi,Normal,Distribusi (Turun),Normal,Seimbang / Adu Mekanik,Squeeze,Rendah,Doji (Ragu-ragu),Dekat Support (Low Risk),< 1 Miliar,Persis di VWAP,Distribusi Pro (Guyuran),Gorengan Sepi (< 5M),Sepi (< 50%),Distribution (Fase Jualan),Normal,Jarum Bawah (Sinyal Pantulan Kuat),Sideways / Stagnan,TP: 170 | CL: 157,Normal,Sangat Menarik (> 1:3),0,WAIT & SEE,TIDAK ADA,2026-08-03 15:55:01
15:55,INTP,Big Cap (Lapis 1),Undervalued (Murah),7.0885324,0.7632705,4810.0,4589,4280,4870,2.9978586723768736,1963600,Tembus MA20,70,Positif,Uptrend,Bullish,Strong Bullish,Perfect Uptrend (5>20>50),Normal,Akumulasi (Naik),Normal,Dominan Beli (Hajar Kanan),Breakout Upper,Sedang,Normal,Rawan Pucuk (High Risk),> 1 Miliar,Di Atas VWAP (Kuat),Akumulasi Pro (Smart Money),Gorengan Sepi (< 5M),Anomali Tinggi (150-300%),Mark-Up (Fase Pesta),Normal,Normal,Naik 3 Hari Beruntun,TP: 4949 | CL: 4717,Open = Low (Bullish Kuat),Tidak Ideal (< 1:1),8,BELI,TIDAK ADA,2026-08-03 15:55:01
15:55,BUDI,Small Cap (Lapis 3),Undervalued (Murah),7.938258,0.5969374,216.0,206,204,222,-0.9174311926605505,322400,Tembus MA20,68,Negatif,Uptrend,Bullish,Strong Bullish,Perfect Uptrend (5>20>50),Normal,Akumulasi (Naik),Normal,Seimbang / Adu Mekanik,Squeeze,Rendah,Normal,Area Tengah,< 1 Miliar,Persis di VWAP,Akumulasi Pro (Smart Money),Gorengan Sepi (< 5M),Normal (50-150%),Mark-Up (Fase Pesta),Normal,Normal,Turun 1 Hari Beruntun,TP: 222 | CL: 212,Normal,Tidak Ideal (< 1:1),6,WAIT & SEE,TIDAK ADA,2026-08-03 15:55:01
15:55,RISE,Big Cap (Lapis 1),Overvalued (Mahal),90.03657,7.2966204,985.0,976,830,1200,-1.0050251256281406,537200,Normal,48,Negatif,Uptrend,Bullish,Bullish MACD,Awal Reversal (5>20),Normal,Distribusi (Turun),Normal,Dominan Jual (Guyur),Normal,Tinggi,Normal,Rawan Pucuk (High Risk),< 1 Miliar,Di Bawah VWAP (Lemah),Distribusi Pro (Guyuran),Gorengan Sepi (< 5M),Sepi (< 50%),Accumulation (Kumpul Barang),Spesialis Tiang Jemuran (Banting Pucuk),Normal,Turun 2 Hari Beruntun,TP: 1139 | CL: 881,Normal,Menengah (1:1),3,WAIT & SEE,TIDAK ADA,2026-08-03 15:55:01
15:55,PNBN,Big Cap (Lapis 1),Undervalued (Murah),7.885876,0.38970378,890.0,888,855,925,-0.5586592178770949,377600,Normal,50,Negatif,Uptrend,Bullish,Strong Bullish,Perfect Uptrend (5>20>50),Normal,Akumulasi (Naik),Normal,Dominan Jual (Guyur),Squeeze,Rendah,Normal,Area Tengah,< 1 Miliar,Persis di VWAP,Distribusi Pro (Guyuran),Gorengan Sepi (< 5M),Sepi (< 50%),Mark-Up (Fase Pesta),Spesialis Tiang Jemuran (Banting Pucuk),Normal,Turun 1 Hari Beruntun,TP: 921 | CL: 868,Open = High (Tekanan Jual),Menengah (1:1),4,WAIT & SEE,TIDAK ADA,2026-08-03 15:55:01
15:55,JKON,Mid Cap (Lapis 2),Undervalued (Murah),10.148232,0.4502841,89.0,68,65,89,34.84848484848485,473339700,Tembus MA20,81,Positif,Uptrend,Golden Cross,Strong Bullish,Perfect Uptrend (5>20>50),Akumulasi Kuat,Akumulasi (Naik),Gap Up (+7.6%),Dominan Beli (Hajar Kanan),Breakout Upper,Tinggi,Marubozu (Strong Bullish),Rawan Pucuk (High Risk),> 1 Miliar,Di Atas VWAP (Kuat),Akumulasi Pro (Smart Money),Ritel Aktif (5M - 50M),Ledakan Ekstrem (> 300%),Mark-Up (Fase Pesta),Normal,Normal,Naik 1 Hari Beruntun,TP: 94 | CL: 85,Open = Low (Bullish Kuat),Tidak Ideal (< 1:1),10,BELI,TIDAK ADA,2026-08-03 15:55:01
15:55,HADE,Small Cap (Lapis 3),Overvalued (Mahal),0.0,8.903467,19.0,18,16,20,5.555555555555555,218500,Normal,57,Positif,Uptrend,Bullish,Bearish MACD,Perfect Uptrend (5>20>50),Normal,Distribusi (Turun),Normal,Dominan Beli (Hajar Kanan),Normal,Tinggi,Marubozu (Strong Bullish),Rawan Pucuk (High Risk),< 1 Miliar,Di Atas VWAP (Kuat),Akumulasi Pro (Smart Money),Gorengan Sepi (< 5M),Sepi (< 50%),Mark-Up (Fase Pesta),Solid (Jarang Dibanting),Normal,Naik 1 Hari Beruntun,TP: 20 | CL: 18,Open = Low (Bullish Kuat),Tidak Ideal (< 1:1),5,WAIT & SEE,TIDAK ADA,2026-08-03 15:55:01
15:55,ALII,Big Cap (Lapis 1),Overvalued (Mahal),27.35953,5.5038414,745.0,739,680,830,0.6756756756756757,769700,Normal,50,Positif,Uptrend,Bearish,Bullish MACD,Strong Downtrend (5<20<50),Normal,Akumulasi (Naik),Normal,Seimbang / Adu Mekanik,Normal,Sedang,Normal,Area Tengah,< 1 Miliar,Di Atas VWAP (Kuat),Distribusi Pro (Guyuran),Gorengan Sepi (< 5M),Normal (50-150%),Accumulation (Kumpul Barang),Spesialis Tiang Jemuran (Banting Pucuk),Normal,Naik 3 Hari Beruntun,TP: 797 | CL: 710,Normal,Menengah (1:1),4,WAIT & SEE,TIDAK ADA,2026-08-03 15:55:01
15:55,MBSS,Mid Cap (Lapis 2),Fair Value (Wajar),19.438295,1.2447805,2820.0,2655,2410,2950,-0.7042253521126761,571300,Normal,65,Negatif,Uptrend,Bullish,Strong Bullish,Perfect Uptrend (5>20>50),Normal,Akumulasi (Naik),Normal,Dominan Jual (Guyur),Normal,Tinggi,Normal,Rawan Pucuk (High Risk),> 1 Miliar,Persis di VWAP,Distribusi Pro (Guyuran),Ritel Aktif (5M - 50M),Sepi (< 50%),Mark-Up (Fase Pesta),Spesialis Tiang Jemuran (Banting Pucuk),Normal,Turun 1 Hari Beruntun,TP: 3021 | CL: 2685,Normal,Tidak Ideal (< 1:1),5,WAIT & SEE,TIDAK ADA,2026-08-03 15:55:01
15:55,SMKM,Small Cap (Lapis 3),Undervalued (Murah),4.813312,0.42439675,70.0,68,59,78,1.4492753623188406,1380700,Normal,53,Positif,Uptrend,Bullish,Strong Bullish,Awal Reversal (5>20),Normal,Akumulasi (Naik),Normal,Dominan Beli (Hajar Kanan),Normal,Tinggi,Doji (Ragu-ragu),Rawan Pucuk (High Risk),< 1 Miliar,Persis di VWAP,Akumulasi Pro (Smart Money),Gorengan Sepi (< 5M),Sepi (< 50%),Accumulation (Kumpul Barang),Spesialis Tiang Jemuran (Banting Pucuk),Jarum Bawah (Sinyal Pantulan Kuat),Naik 1 Hari Beruntun,TP: 77 | CL: 64,Normal,Tidak Ideal (< 1:1),7,BELI,TIDAK ADA,2026-08-03 15:55:01
15:55,DLTA,Mid Cap (Lapis 2),Fair Value (Wajar),9.389547,2.1102114,1775.0,1769,1720,1785,-0.2808988764044944,23100,Normal,59,Negatif,Uptrend,Bullish,Bearish MACD,Perfect Uptrend (5>20>50),Normal,Akumulasi (Naik),Normal,Dominan Jual (Guyur),Squeeze,Rendah,Doji (Ragu-ragu),Area Tengah,< 1 Miliar,Persis di VWAP,Akumulasi Pro (Smart Money),Gorengan Sepi (< 5M),Sepi (< 50%),Mark-Up (Fase Pesta),Normal,Normal,Turun 1 Hari Beruntun,TP: 1796 | CL: 1760,Normal,Tidak Ideal (< 1:1),4,WAIT & SEE,TIDAK ADA,2026-08-03 15:55:01
15:55,SAGE,Small Cap (Lapis 3),Fair Value (Wajar),0.0,1.0206107,36.0,33,25,39,2.857142857142857,9650200,Tembus MA20,63,Positif,Uptrend,Bullish,Strong Bullish,Perfect Uptrend (5>20>50),Normal,Akumulasi (Naik),Gap Up (+8.6%),Dominan Jual (Guyur),Normal,Tinggi,Normal,Rawan Pucuk (High Risk),< 1 Miliar,Di Atas VWAP (Kuat),Distribusi Pro (Guyuran),Gorengan Sepi (< 5M),Ledakan Ekstrem (> 300%),Mark-Up (Fase Pesta),Normal,Normal,Naik 2 Hari Beruntun,TP: 39 | CL: 33,Open = High (Tekanan Jual),Tidak Ideal (< 1:1),8,BELI,TIDAK ADA,2026-08-03 15:55:01
15:55,RCCC,Small Cap (Lapis 3),Fair Value (Wajar),0.0,1.4739723,98.0,92,84,109,-2.0,636200,Normal,57,Negatif,Uptrend,Bullish,Strong Bullish,Perfect Uptrend (5>20>50),Normal,Akumulasi (Naik),Normal,Dominan Jual (Guyur),Normal,Tinggi,Normal,Rawan Pucuk (High Risk),< 1 Miliar,Di Atas VWAP (Kuat),Akumulasi Pro (Smart Money),Gorengan Sepi (< 5M),Sepi (< 50%),Mark-Up (Fase Pesta),Spesialis Tiang Jemuran (Banting Pucuk),Normal,Turun 1 Hari Beruntun,TP: 107 | CL: 91,Normal,Tidak Ideal (< 1:1),5,WAIT & SEE,TIDAK ADA,2026-08-03 15:55:01
15:55,CMRY,Big Cap (Lapis 1),Overvalued (Mahal),17.225817,5.073651,4580.0,4635,4320,4760,-0.43478260869565216,1056400,Normal,50,Negatif,Downtrend,Bullish,Bearish MACD,Perfect Uptrend (5>20>50),Normal,Distribusi (Turun),Normal,Seimbang / Adu Mekanik,Squeeze,Rendah,Normal,Area Tengah,> 1 Miliar,Di Bawah VWAP (Lemah),Distribusi Pro (Guyuran),Ritel Aktif (5M - 50M),Normal (50-150%),Distribution (Fase Jualan),Spesialis Tiang Jemuran (Banting Pucuk),Normal,Turun 2 Hari Beruntun,TP: 4751 | CL: 4465,Normal,Tidak Ideal (< 1:1),1,WAIT & SEE,TIDAK ADA,2026-08-03 15:55:01
15:55,MDLA,Mid Cap (Lapis 2),Undervalued (Murah),7.3813705,0.93493307,210.0,207,199,214,-0.9433962264150944,793600,Tembus MA20,56,Negatif,Uptrend,Bullish,Strong Bullish,Perfect Uptrend (5>20>50),Normal,Distribusi (Turun),Normal,Dominan Beli (Hajar Kanan),Squeeze,Rendah,Normal,Area Tengah,< 1 Miliar,Persis di VWAP,Akumulasi Pro (Smart Money),Gorengan Sepi (< 5M),Normal (50-150%),Mark-Up (Fase Pesta),Normal,Jarum Bawah (Sinyal Pantulan Kuat),Turun 1 Hari Beruntun,TP: 218 | CL: 204,Normal,Tidak Ideal (< 1:1),6,WAIT & SEE,TIDAK ADA,2026-08-03 15:55:01
15:55,BVIC,Mid Cap (Lapis 2),Overvalued (Mahal),32.52595,0.4029078,93.0,88,78,107,0.0,1961700,Normal,62,Negatif,Uptrend,Bullish,Strong Bullish,Perfect Uptrend (5>20>50),Normal,Akumulasi (Naik),Normal,Seimbang / Adu Mekanik,Normal,Tinggi,Doji (Ragu-ragu),Rawan Pucuk (High Risk),< 1 Miliar,Persis di VWAP,Distribusi Pro (Guyuran),Gorengan Sepi (< 5M),Normal (50-150%),Mark-Up (Fase Pesta),Spesialis Tiang Jemuran (Banting Pucuk),Normal,Sideways / Stagnan,TP: 100 | CL: 87,Normal,Tidak Ideal (< 1:1),5,WAIT & SEE,TIDAK ADA,2026-08-03 15:55:01
15:55,PCAR,Small Cap (Lapis 3),Fair Value (Wajar),0.0,0.74548715,42.0,39,37,49,-6.666666666666667,21749500,Tembus MA20,60,Negatif,Uptrend,Bullish,Strong Bullish,Perfect Uptrend (5>20>50),Distribusi Kuat,Distribusi (Turun),Gap Up (+8.9%),Dominan Jual (Guyur),Normal,Tinggi,Normal,Rawan Pucuk (High Risk),< 1 Miliar,Di Bawah VWAP (Lemah),Distribusi Pro (Guyuran),Gorengan Sepi (< 5M),Ledakan Ekstrem (> 300%),Mark-Up (Fase Pesta),Normal,Normal,Turun 1 Hari Beruntun,TP: 44 | CL: 40,Open = High (Tekanan Jual),Menengah (1:1),6,WAIT & SEE,TIDAK ADA,2026-08-03 15:55:01
15:55,BEST,Mid Cap (Lapis 2),Undervalued (Murah),14.62766,0.23818031,109.0,101,96,115,-0.9090909090909091,9417500,Tembus MA20,64,Negatif,Uptrend,Bullish,Strong Bullish,Perfect Uptrend (5>20>50),Normal,Akumulasi (Naik),Normal,Seimbang / Adu Mekanik,Breakout Upper,Sedang,Normal,Rawan Pucuk (High Risk),> 1 Miliar,Persis di VWAP,Distribusi Pro (Guyuran),Gorengan Sepi (< 5M),Normal (50-150%),Mark-Up (Fase Pesta),Normal,Normal,Turun 1 Hari Beruntun,TP: 115 | CL: 104,Normal,Tidak Ideal (< 1:1),6,WAIT & SEE,TIDAK ADA,2026-08-03 15:55:01
15:55,GGRM,Big Cap (Lapis 1),Undervalued (Murah),12.514478,0.5837761,19475.0,17432,15800,19750,2.5,2899900,Tembus MA20,78,Positif,Uptrend,Bullish,Strong Bullish,Perfect Uptrend (5>20>50),Normal,Akumulasi (Naik),Normal,Seimbang / Adu Mekanik,Breakout Upper,Tinggi,Normal,Rawan Pucuk (High Risk),> 1 Miliar,Di Atas VWAP (Kuat),Akumulasi Pro (Smart Money),Ritel Aktif (5M - 50M),Anomali Tinggi (150-300%),Mark-Up (Fase Pesta),Spesialis Tiang Jemuran (Banting Pucuk),Normal,Naik 1 Hari Beruntun,TP: 20468 | CL: 18812,Normal,Tidak Ideal (< 1:1),7,BELI,TIDAK ADA,2026-08-03 15:55:01
15:55,PPGL,Small Cap (Lapis 3),Fair Value (Wajar),8.443404,2.0245552,202.0,212,195,242,-3.8095238095238098,3174800,Tembus MA20,48,Negatif,Downtrend,Bearish,Bearish MACD,Konsolidasi / Transisi,Normal,Distribusi (Turun),Normal,Dominan Jual (Guyur),Normal,Sedang,Normal,Area Tengah,< 1 Miliar,Di Bawah VWAP (Lemah),Distribusi Pro (Guyuran),Gorengan Sepi (< 5M),Anomali Tinggi (150-300%),Distribution (Fase Jualan),Normal,Normal,Turun 1 Hari Beruntun,TP: 221 | CL: 189,Open = High (Tekanan Jual),Sangat Menarik (> 1:3),1,WAIT & SEE,TIDAK ADA,2026-08-03 15:55:01
15:55,DOID,Mid Cap (Lapis 2),Overvalued (Mahal),0.0,53499.996,214.0,211,190,238,-1.834862385321101,1874900,Normal,52,Negatif,Uptrend,Bullish,Strong Bullish,Perfect Uptrend (5>20>50),Normal,Distribusi (Turun),Normal,Dominan Beli (Hajar Kanan),Normal,Tinggi,Doji (Ragu-ragu),Rawan Pucuk (High Risk),< 1 Miliar,Persis di VWAP,Akumulasi Pro (Smart Money),Gorengan Sepi (< 5M),Normal (50-150%),Mark-Up (Fase Pesta),Solid (Jarang Dibanting),Jarum Bawah (Sinyal Pantulan Kuat),Turun 1 Hari Beruntun,TP: 228 | CL: 204,Normal,Menengah (1:1),5,WAIT & SEE,TIDAK ADA,2026-08-03 15:55:01
15:55,CSIS,Small Cap (Lapis 3),Overvalued (Mahal),27.320034,0.8822417,190.0,171,149,200,4.395604395604396,10696200,Tembus MA20,71,Positif,Uptrend,Bullish,Strong Bullish,Perfect Uptrend (5>20>50),Akumulasi Kuat,Akumulasi (Naik),Normal,Seimbang / Adu Mekanik,Normal,Tinggi,Normal,Rawan Pucuk (High Risk),> 1 Miliar,Di Atas VWAP (Kuat),Distribusi Pro (Guyuran),Gorengan Sepi (< 5M),Ledakan Ekstrem (> 300%),Mark-Up (Fase Pesta),Spesialis Tiang Jemuran (Banting Pucuk),Normal,Naik 2 Hari Beruntun,TP: 203 | CL: 181,Open = Low (Bullish Kuat),Tidak Ideal (< 1:1),8,BELI,TIDAK ADA,2026-08-03 15:55:01
15:55,AALI,Big Cap (Lapis 1),Undervalued (Murah),7.2881794,0.569342,7100.0,6482,6025,7175,3.272727272727273,1897300,Tembus MA20,75,Positif,Uptrend,Bullish,Strong Bullish,Perfect Uptrend (5>20>50),Normal,Akumulasi (Naik),Normal,Dominan Beli (Hajar Kanan),Breakout Upper,Tinggi,Normal,Rawan Pucuk (High Risk),> 1 Miliar,Di Atas VWAP (Kuat),Akumulasi Pro (Smart Money),Ritel Aktif (5M - 50M),Normal (50-150%),Mark-Up (Fase Pesta),Normal,Normal,Naik 1 Hari Beruntun,TP: 7365 | CL: 6923,Normal,Tidak Ideal (< 1:1),8,BELI,TIDAK ADA,2026-08-03 15:55:01
15:55,ABBA,Small Cap (Lapis 3),Overvalued (Mahal),0.0,4.77707,30.0,30,30,30,0.0,0,Normal,31,Negatif,Downtrend,Bearish,Bullish MACD,Konsolidasi / Transisi,Normal,Netral,Normal,Tidak Ada Transaksi,Squeeze,Rendah,Doji (Ragu-ragu),Dekat Support (Low Risk),< 1 Miliar,Di Atas VWAP (Kuat),Netral,Gorengan Sepi (< 5M),Normal (50-150%),Sideways,Solid (Jarang Dibanting),Normal,Sideways / Stagnan,TP: 31 | CL: 29,Normal,Di Area Support,1,WAIT & SEE,TIDAK ADA,2026-08-03 15:55:01
15:55,ABDA,Mid Cap (Lapis 2),Fair Value (Wajar),20.703934,1.225213,3500.0,3419,3310,4000,0.0,8900,Tembus MA20,61,Negatif,Uptrend,Bullish,Strong Bullish,Perfect Uptrend (5>20>50),Normal,Akumulasi (Naik),Normal,Dominan Jual (Guyur),Squeeze,Rendah,Doji (Ragu-ragu),Area Tengah,< 1 Miliar,Di Bawah VWAP (Lemah),Distribusi Pro (Guyuran),Gorengan Sepi (< 5M),Anomali Tinggi (150-300%),Mark-Up (Fase Pesta),Spesialis Tiang Jemuran (Banting Pucuk),Normal,Sideways / Stagnan,TP: 3642 | CL: 3405,Normal,Ideal (1:2),6,WAIT & SEE,TIDAK ADA,2026-08-03 15:55:01
15:55,ABMM,Mid Cap (Lapis 2),Overvalued (Mahal),6.1495023,7956.6562,2570.0,2448,2270,2600,2.3904382470119523,507900,Tembus MA20,65,Positif,Uptrend,Bullish,Strong Bullish,Perfect Uptrend (5>20>50),Normal,Akumulasi (Naik),Normal,Dominan Beli (Hajar Kanan),Normal,Tinggi,Normal,Rawan Pucuk (High Risk),> 1 Miliar,Di Atas VWAP (Kuat),Akumulasi Pro (Smart Money),Gorengan Sepi (< 5M),Anomali Tinggi (150-300%),Mark-Up (Fase Pesta),Normal,Normal,Naik 3 Hari Beruntun,TP: 2661 | CL: 2509,Normal,Tidak Ideal (< 1:1),8,BELI,TIDAK ADA,2026-08-03 15:55:01
15:55,ACST,Mid Cap (Lapis 2),Fair Value (Wajar),0.0,-4.2082596,86.0,82,76,90,1.1764705882352942,60800,Normal,61,Positif,Uptrend,Bullish,Strong Bullish,Perfect Uptrend (5>20>50),Normal,Distribusi (Turun),Normal,Dominan Beli (Hajar Kanan),Normal,Tinggi,Marubozu (Strong Bullish),Rawan Pucuk (High Risk),< 1 Miliar,Di Atas VWAP (Kuat),Distribusi Pro (Guyuran),Gorengan Sepi (< 5M),Sepi (< 50%),Mark-Up (Fase Pesta),Solid (Jarang Dibanting),Normal,Naik 2 Hari Beruntun,TP: 88 | CL: 84,Open = Low (Bullish Kuat),Tidak Ideal (< 1:1),6,WAIT & SEE,TIDAK ADA,2026-08-03 15:55:01
15:55,ADCP,Mid Cap (Lapis 2),Fair Value (Wajar),0.0,2.8367186,50.0,50,50,50,0.0,0,Normal,0,Negatif,Downtrend,Bearish,Bullish MACD,Konsolidasi / Transisi,Normal,Netral,Normal,Tidak Ada Transaksi,Squeeze,Rendah,Doji (Ragu-ragu),Dekat Support (Low Risk),< 1 Miliar,Di Atas VWAP (Kuat),Netral,Gorengan Sepi (< 5M),Normal (50-150%),Sideways,Solid (Jarang Dibanting),Normal,Sideways / Stagnan,TP: 51 | CL: 49,Normal,Di Area Support,1,WAIT & SEE,TIDAK ADA,2026-08-03 15:55:01
15:55,ADES,Big Cap (Lapis 1),Overvalued (Mahal),20.297825,5.488106,32850.0,35242,32450,40000,-3.3823529411764706,17400,Normal,46,Negatif,Downtrend,Bullish,Bearish MACD,Perfect Uptrend (5>20>50),Normal,Distribusi (Turun),Normal,Dominan Jual (Guyur),Normal,Tinggi,Normal,Dekat Support (Low Risk),< 1 Miliar,Di Bawah VWAP (Lemah),Distribusi Pro (Guyuran),Gorengan Sepi (< 5M),Sepi (< 50%),Distribution (Fase Jualan),Normal,Normal,Turun 5 Hari Beruntun,TP: 35325 | CL: 31200,Open = High (Tekanan Jual),Sangat Menarik (> 1:3),1,WAIT & SEE,TIDAK ADA,2026-08-03 15:55:01
15:55,ADMF,Big Cap (Lapis 1),Undervalued (Murah),6.5999174,0.6923685,8800.0,8245,7950,8825,1.440922190201729,202000,Tembus MA20,74,Positif,Uptrend,Bullish,Strong Bullish,Perfect Uptrend (5>20>50),Akumulasi Kuat,Akumulasi (Naik),Normal,Dominan Beli (Hajar Kanan),Breakout Upper,Sedang,Marubozu (Strong Bullish),Rawan Pucuk (High Risk),> 1 Miliar,Di Atas VWAP (Kuat),Akumulasi Pro (Smart Money),Gorengan Sepi (< 5M),Anomali Tinggi (150-300%),Mark-Up (Fase Pesta),Spesialis Tiang Jemuran (Banting Pucuk),Normal,Naik 3 Hari Beruntun,TP: 9054 | CL: 8630,Open = Low (Bullish Kuat),Tidak Ideal (< 1:1),9,BELI,TIDAK ADA,2026-08-03 15:55:01
15:55,AGAR,Small Cap (Lapis 3),Overvalued (Mahal),346.73367,6.099933,690.0,470,204,690,9.523809523809524,88400,Normal,96,Positif,Uptrend,Bullish,Strong Bullish,Perfect Uptrend (5>20>50),Normal,Akumulasi (Naik),Gap Up (+9.5%),Tidak Ada Transaksi,Normal,Tinggi,Doji (Ragu-ragu),Rawan Pucuk (High Risk),< 1 Miliar,Persis di VWAP,Netral,Gorengan Sepi (< 5M),Anomali Tinggi (150-300%),Mark-Up (Fase Pesta),Normal,Normal,Naik 1 Hari Beruntun,TP: 736 | CL: 659,Normal,Tidak Ideal (< 1:1),7,BELI,TIDAK ADA,2026-08-03 15:55:01
15:55,AGII,Mid Cap (Lapis 2),Overvalued (Mahal),91.26864,2.4299073,3000.0,2998,2760,3520,-4.15335463258786,176100,Normal,54,Negatif,Uptrend,Bearish,Bearish MACD,Konsolidasi / Transisi,Normal,Akumulasi (Naik),Normal,Dominan Jual (Guyur),Normal,Tinggi,Normal,Area Tengah,< 1 Miliar,Persis di VWAP,Akumulasi Pro (Smart Money),Gorengan Sepi (< 5M),Normal (50-150%),Mark-Up (Fase Pesta),Normal,Normal,Turun 1 Hari Beruntun,TP: 3215 | CL: 2856,Open = High (Tekanan Jual),Ideal (1:2),3,WAIT & SEE,TIDAK ADA,2026-08-03 15:55:01
15:55,AIMS,Small Cap (Lapis 3),Overvalued (Mahal),20.5865,112.742226,384.0,388,300,478,-2.0408163265306123,399200,Normal,48,Negatif,Downtrend,Bearish,Bullish MACD,Strong Downtrend (5<20<50),Normal,Akumulasi (Naik),Normal,Dominan Jual (Guyur),Normal,Tinggi,Normal,Rawan Pucuk (High Risk),< 1 Miliar,Di Bawah VWAP (Lemah),Distribusi Pro (Guyuran),Gorengan Sepi (< 5M),Normal (50-150%),Mark-Down (Fase Runtuh),Normal,Normal,Turun 1 Hari Beruntun,TP: 424 | CL: 357,Normal,Menengah (1:1),2,WAIT & SEE,TIDAK ADA,2026-08-03 15:55:01
15:55,AKKU,Small Cap (Lapis 3),Overvalued (Mahal),336.2832,0.6209962,38.0,38,38,38,0.0,0,Normal,0,Negatif,Downtrend,Bearish,Bearish MACD,Konsolidasi / Transisi,Normal,Netral,Normal,Tidak Ada Transaksi,Squeeze,Rendah,Doji (Ragu-ragu),Dekat Support (Low Risk),< 1 Miliar,Di Atas VWAP (Kuat),Netral,Gorengan Sepi (< 5M),Normal (50-150%),Sideways,Solid (Jarang Dibanting),Normal,Sideways / Stagnan,TP: 39 | CL: 37,Normal,Di Area Support,0,WAIT & SEE,TIDAK ADA,2026-08-03 15:55:01
15:55,AKSI,Small Cap (Lapis 3),Undervalued (Murah),8.873184,1.0196071,226.0,223,206,280,-0.8771929824561403,115000,Normal,51,Negatif,Uptrend,Bullish,Strong Bullish,Perfect Uptrend (5>20>50),Normal,Akumulasi (Naik),Normal,Dominan Jual (Guyur),Normal,Sedang,Normal,Area Tengah,< 1 Miliar,Di Bawah VWAP (Lemah),Distribusi Pro (Guyuran),Gorengan Sepi (< 5M),Sepi (< 50%),Mark-Up (Fase Pesta),Spesialis Tiang Jemuran (Banting Pucuk),Normal,Turun 1 Hari Beruntun,TP: 260 | CL: 203,Normal,Ideal (1:2),5,WAIT & SEE,TIDAK ADA,2026-08-03 15:55:01
15:55,ALDO,Mid Cap (Lapis 2),Overvalued (Mahal),52.545692,1.960961,805.0,757,670,1070,-1.2269938650306749,77900,Normal,56,Negatif,Uptrend,Bullish,Strong Bullish,Perfect Uptrend (5>20>50),Normal,Distribusi (Turun),Normal,Dominan Jual (Guyur),Normal,Tinggi,Normal,Rawan Pucuk (High Risk),< 1 Miliar,Di Bawah VWAP (Lemah),Distribusi Pro (Guyuran),Gorengan Sepi (< 5M),Sepi (< 50%),Mark-Up (Fase Pesta),Spesialis Tiang Jemuran (Banting Pucuk),Normal,Turun 3 Hari Beruntun,TP: 956 | CL: 703,Normal,Ideal (1:2),4,WAIT & SEE,TIDAK ADA,2026-08-03 15:55:01
15:55,ALKA,Small Cap (Lapis 3),Overvalued (Mahal),45.235146,3.7265353,1715.0,942,496,1715,0.0,0,Normal,92,Negatif,Uptrend,Bullish,Strong Bullish,Perfect Uptrend (5>20>50),Normal,Akumulasi (Naik),Normal,Tidak Ada Transaksi,Bottom Rebound,Tinggi,Doji (Ragu-ragu),Rawan Pucuk (High Risk),< 1 Miliar,Di Atas VWAP (Kuat),Akumulasi Pro (Smart Money),Gorengan Sepi (< 5M),Sepi (< 50%),Mark-Up (Fase Pesta),Normal,Normal,Sideways / Stagnan,TP: 1888 | CL: 1599,Normal,Tidak Ideal (< 1:1),5,WAIT & SEE,TIDAK ADA,2026-08-03 15:55:01
15:55,ALMI,Small Cap (Lapis 3),Overvalued (Mahal),0.0,74000.0,74.0,74,74,74,0.0,0,Normal,0,Negatif,Downtrend,Bearish,Bearish MACD,Konsolidasi / Transisi,Normal,Netral,Normal,Tidak Ada Transaksi,Squeeze,Rendah,Doji (Ragu-ragu),Dekat Support (Low Risk),< 1 Miliar,Di Atas VWAP (Kuat),Netral,Gorengan Sepi (< 5M),Normal (50-150%),Sideways,Solid (Jarang Dibanting),Normal,Sideways / Stagnan,TP: 75 | CL: 73,Normal,Di Area Support,0,WAIT & SEE,TIDAK ADA,2026-08-03 15:55:01
15:55,ALTO,Small Cap (Lapis 3),Fair Value (Wajar),0.0,0.13290901,18.0,18,18,18,0.0,0,Normal,0,Negatif,Downtrend,Bearish,Bearish MACD,Konsolidasi / Transisi,Normal,Netral,Normal,Tidak Ada Transaksi,Squeeze,Rendah,Doji (Ragu-ragu),Dekat Support (Low Risk),< 1 Miliar,Di Atas VWAP (Kuat),Netral,Gorengan Sepi (< 5M),Normal (50-150%),Sideways,Solid (Jarang Dibanting),Normal,Sideways / Stagnan,TP: 19 | CL: 17,Normal,Di Area Support,0,WAIT & SEE,TIDAK ADA,2026-08-03 15:55:01
15:55,AMAG,Mid Cap (Lapis 2),Undervalued (Murah),9.959142,0.8798845,390.0,388,370,396,0.0,446800,Tembus MA20,52,Negatif,Uptrend,Bearish,Bullish MACD,Strong Downtrend (5<20<50),Normal,Akumulasi (Naik),Normal,Dominan Beli (Hajar Kanan),Squeeze,Rendah,Doji (Ragu-ragu),Area Tengah,< 1 Miliar,Persis di VWAP,Akumulasi Pro (Smart Money),Gorengan Sepi (< 5M),Anomali Tinggi (150-300%),Accumulation (Kumpul Barang),Solid (Jarang Dibanting),Jarum Bawah (Sinyal Pantulan Kuat),Sideways / Stagnan,TP: 400 | CL: 382,Normal,Tidak Ideal (< 1:1),6,WAIT & SEE,TIDAK ADA,2026-08-03 15:55:01
15:55,AMAN,Small Cap (Lapis 3),Fair Value (Wajar),21.47186,1.1497184,248.0,260,238,274,-0.8,163800,Normal,39,Negatif,Downtrend,Bearish,Strong Bearish,Konsolidasi / Transisi,Normal,Distribusi (Turun),Normal,Seimbang / Adu Mekanik,Normal,Sedang,Normal,Area Tengah,< 1 Miliar,Di Bawah VWAP (Lemah),Akumulasi Pro (Smart Money),Gorengan Sepi (< 5M),Normal (50-150%),Distribution (Fase Jualan),Solid (Jarang Dibanting),Normal,Turun 3 Hari Beruntun,TP: 262 | CL: 238,Open = High (Tekanan Jual),Ideal (1:2),0,WAIT & SEE,TIDAK ADA,2026-08-03 15:55:01
15:55,AMFG,Mid Cap (Lapis 2),Overvalued (Mahal),56.34759,0.30796444,3320.0,3142,2990,3400,0.3021148036253776,5000,Normal,65,Positif,Uptrend,Bullish,Strong Bullish,Perfect Uptrend (5>20>50),Normal,Akumulasi (Naik),Normal,Dominan Jual (Guyur),Normal,Sedang,Normal,Rawan Pucuk (High Risk),< 1 Miliar,Di Atas VWAP (Kuat),Akumulasi Pro (Smart Money),Gorengan Sepi (< 5M),Sepi (< 50%),Mark-Up (Fase Pesta),Normal,Normal,Naik 2 Hari Beruntun,TP: 3448 | CL: 3234,Open = Low (Bullish Kuat),Tidak Ideal (< 1:1),6,WAIT & SEE,TIDAK ADA,2026-08-03 15:55:01
15:55,AMIN,Small Cap (Lapis 3),Fair Value (Wajar),0.0,1.293834,242.0,242,230,260,-0.819672131147541,8100,Normal,45,Negatif,Downtrend,Bearish,Bullish MACD,Strong Downtrend (5<20<50),Normal,Distribusi (Turun),Normal,Seimbang / Adu Mekanik,Squeeze,Rendah,Normal,Area Tengah,< 1 Miliar,Persis di VWAP,Distribusi Pro (Guyuran),Gorengan Sepi (< 5M),Sepi (< 50%),Mark-Down (Fase Runtuh),Spesialis Tiang Jemuran (Banting Pucuk),Normal,Turun 1 Hari Beruntun,TP: 254 | CL: 233,Open = High (Tekanan Jual),Ideal (1:2),1,WAIT & SEE,TIDAK ADA,2026-08-03 15:55:01
15:55,AMMS,Small Cap (Lapis 3),Overvalued (Mahal),0.0,3.8973367,234.0,297,234,330,-10.0,3821800,Tembus MA20,17,Negatif,Downtrend,Bearish,Strong Bearish,Strong Downtrend (5<20<50),Distribusi Kuat,Distribusi (Turun),Normal,Dominan Jual (Guyur),Normal,Tinggi,Normal,Dekat Support (Low Risk),< 1 Miliar,Di Bawah VWAP (Lemah),Distribusi Pro (Guyuran),Gorengan Sepi (< 5M),Ledakan Ekstrem (> 300%),Mark-Down (Fase Runtuh),Normal,Normal,Turun 5 Hari Beruntun,TP: 259 | CL: 217,Normal,Di Area Support,1,WAIT & SEE,TIDAK ADA,2026-08-03 15:55:01
15:55,AMOR,Small Cap (Lapis 3),Fair Value (Wajar),10.291091,2.900064,350.0,339,316,360,1.1560693641618496,63700,Normal,60,Positif,Uptrend,Bullish,Strong Bullish,Perfect Uptrend (5>20>50),Normal,Akumulasi (Naik),Normal,Dominan Beli (Hajar Kanan),Normal,Sedang,Doji (Ragu-ragu),Rawan Pucuk (High Risk),< 1 Miliar,Di Atas VWAP (Kuat),Akumulasi Pro (Smart Money),Gorengan Sepi (< 5M),Normal (50-150%),Mark-Up (Fase Pesta),Normal,Jarum Bawah (Sinyal Pantulan Kuat),Naik 2 Hari Beruntun,TP: 366 | CL: 339,Normal,Tidak Ideal (< 1:1),7,BELI,TIDAK ADA,2026-08-03 15:55:01
15:55,ANJT,Mid Cap (Lapis 2),Overvalued (Mahal),0.0,21940.299,1470.0,1464,1355,1580,-0.6756756756756757,35300,Normal,50,Negatif,Uptrend,Bearish,Bullish MACD,Strong Downtrend (5<20<50),Normal,Distribusi (Turun),Normal,Seimbang / Adu Mekanik,Normal,Sedang,Normal,Area Tengah,< 1 Miliar,Di Atas VWAP (Kuat),Akumulasi Pro (Smart Money),Gorengan Sepi (< 5M),Sepi (< 50%),Accumulation (Kumpul Barang),Spesialis Tiang Jemuran (Banting Pucuk),Normal,Turun 1 Hari Beruntun,TP: 1565 | CL: 1406,Normal,Tidak Ideal (< 1:1),2,WAIT & SEE,TIDAK ADA,2026-08-03 15:55:01
15:55,APIC,Mid Cap (Lapis 2),Overvalued (Mahal),72.892944,2.323032,640.0,662,600,760,-3.0303030303030303,427000,Normal,41,Negatif,Downtrend,Bearish,Bullish MACD,Strong Downtrend (5<20<50),Normal,Distribusi (Turun),Normal,Seimbang / Adu Mekanik,Normal,Tinggi,Normal,Area Tengah,< 1 Miliar,Persis di VWAP,Akumulasi Pro (Smart Money),Gorengan Sepi (< 5M),Sepi (< 50%),Mark-Down (Fase Runtuh),Normal,Normal,Turun 1 Hari Beruntun,TP: 707 | CL: 595,Open = High (Tekanan Jual),Sangat Menarik (> 1:3),1,WAIT & SEE,TIDAK ADA,2026-08-03 15:55:01
15:55,APLI,Small Cap (Lapis 3),Overvalued (Mahal),58.079624,0.96409905,248.0,245,226,294,0.0,216600,Normal,52,Negatif,Uptrend,Golden Cross,Strong Bullish,Awal Reversal (5>20),Normal,Akumulasi (Naik),Normal,Dominan Jual (Guyur),Squeeze,Rendah,Doji (Ragu-ragu),Area Tengah,< 1 Miliar,Di Bawah VWAP (Lemah),Distribusi Pro (Guyuran),Gorengan Sepi (< 5M),Normal (50-150%),Accumulation (Kumpul Barang),Spesialis Tiang Jemuran (Banting Pucuk),Normal,Sideways / Stagnan,TP: 272 | CL: 231,Normal,Ideal (1:2),5,WAIT & SEE,TIDAK ADA,2026-08-03 15:55:01
15:55,ARGO,Mid Cap (Lapis 2),Overvalued (Mahal),47.99514,19.734213,1185.0,1084,910,1205,1.282051282051282,1081500,Tembus MA20,74,Positif,Uptrend,Bullish,Strong Bullish,Perfect Uptrend (5>20>50),Akumulasi Kuat,Akumulasi (Naik),Normal,Seimbang / Adu Mekanik,Normal,Tinggi,Normal,Rawan Pucuk (High Risk),> 1 Miliar,Persis di VWAP,Distribusi Pro (Guyuran),Gorengan Sepi (< 5M),Anomali Tinggi (150-300%),Mark-Up (Fase Pesta),Spesialis Tiang Jemuran (Banting Pucuk),Normal,Naik 3 Hari Beruntun,TP: 1238 | CL: 1149,Open = Low (Bullish Kuat),Tidak Ideal (< 1:1),8,BELI,TIDAK ADA,2026-08-03 15:55:01
15:55,ARII,Mid Cap (Lapis 2),Overvalued (Mahal),0.0,13047.619,274.0,272,250,310,0.0,79500,Normal,50,Negatif,Uptrend,Golden Cross,Bullish MACD,Awal Reversal (5>20),Normal,Akumulasi (Naik),Normal,Dominan Beli (Hajar Kanan),Squeeze,Rendah,Doji (Ragu-ragu),Area Tengah,< 1 Miliar,Persis di VWAP,Distribusi Pro (Guyuran),Gorengan Sepi (< 5M),Sepi (< 50%),Accumulation (Kumpul Barang),Spesialis Tiang Jemuran (Banting Pucuk),Jarum Bawah (Sinyal Pantulan Kuat),Sideways / Stagnan,TP: 293 | CL: 261,Normal,Ideal (1:2),5,WAIT & SEE,TIDAK ADA,2026-08-03 15:55:01
15:55,ARKA,Small Cap (Lapis 3),Undervalued (Murah),12.4293785,0.37204897,22.0,22,22,22,0.0,0,Normal,35,Negatif,Downtrend,Bearish,Bullish MACD,Konsolidasi / Transisi,Normal,Netral,Normal,Tidak Ada Transaksi,Squeeze,Rendah,Doji (Ragu-ragu),Dekat Support (Low Risk),< 1 Miliar,Di Atas VWAP (Kuat),Netral,Gorengan Sepi (< 5M),Normal (50-150%),Sideways,Solid (Jarang Dibanting),Normal,Sideways / Stagnan,TP: 23 | CL: 21,Normal,Di Area Support,1,WAIT & SEE,TIDAK ADA,2026-08-03 15:55:01
15:55,ARTA,Mid Cap (Lapis 2),Overvalued (Mahal),0.0,7.826892,2630.0,2502,2330,2950,5.2,53100,Tembus MA20,57,Positif,Uptrend,Bearish,Bearish MACD,Konsolidasi / Transisi,Akumulasi Kuat,Akumulasi (Naik),Gap Down (-4.0%),Dominan Beli (Hajar Kanan),Normal,Sedang,Normal,Rawan Pucuk (High Risk),< 1 Miliar,Di Atas VWAP (Kuat),Akumulasi Pro (Smart Money),Gorengan Sepi (< 5M),Anomali Tinggi (150-300%),Mark-Up (Fase Pesta),Spesialis Tiang Jemuran (Banting Pucuk),Normal,Naik 3 Hari Beruntun,TP: 2987 | CL: 2391,Open = Low (Bullish Kuat),Menengah (1:1),7,BELI,TIDAK ADA,2026-08-03 15:55:01
15:55,ARTI,Small Cap (Lapis 3),Fair Value (Wajar),1.0695187,-0.074321814,2.0,2,2,2,0.0,0,Normal,0,Negatif,Downtrend,Bearish,Bearish MACD,Konsolidasi / Transisi,Normal,Netral,Normal,Tidak Ada Transaksi,Squeeze,Rendah,Doji (Ragu-ragu),Dekat Support (Low Risk),< 1 Miliar,Di Atas VWAP (Kuat),Netral,Gorengan Sepi (< 5M),Normal (50-150%),Sideways,Solid (Jarang Dibanting),Normal,Sideways / Stagnan,TP: 3 | CL: 1,Normal,Di Area Support,0,WAIT & SEE,TIDAK ADA,2026-08-03 15:55:01
15:55,ASBI,Small Cap (Lapis 3),Undervalued (Murah),8.661001,0.32238436,426.0,421,404,452,0.0,1900,Normal,54,Negatif,Uptrend,Bullish,Bearish MACD,Perfect Uptrend (5>20>50),Normal,Akumulasi (Naik),Normal,Dominan Beli (Hajar Kanan),Squeeze,Rendah,Hammer (Potensi Reversal),Area Tengah,< 1 Miliar,Persis di VWAP,Akumulasi Pro (Smart Money),Gorengan Sepi (< 5M),Sepi (< 50%),Mark-Up (Fase Pesta),Normal,Jarum Bawah (Sinyal Pantulan Kuat),Sideways / Stagnan,TP: 445 | CL: 413,Normal,Menengah (1:1),5,WAIT & SEE,TIDAK ADA,2026-08-03 15:55:01
15:55,ASDM,Small Cap (Lapis 3),Undervalued (Murah),10.514496,0.54733026,515.0,513,496,550,0.0,4200,Normal,54,Negatif,Uptrend,Bearish,Bearish MACD,Konsolidasi / Transisi,Normal,Akumulasi (Naik),Normal,Seimbang / Adu Mekanik,Squeeze,Rendah,Doji (Ragu-ragu),Area Tengah,< 1 Miliar,Di Atas VWAP (Kuat),Distribusi Pro (Guyuran),Gorengan Sepi (< 5M),Sepi (< 50%),Mark-Up (Fase Pesta),Normal,Jarum Bawah (Sinyal Pantulan Kuat),Sideways / Stagnan,TP: 538 | CL: 499,Normal,Ideal (1:2),3,WAIT & SEE,TIDAK ADA,2026-08-03 15:55:01
15:55,ASGR,Mid Cap (Lapis 2),Undervalued (Murah),7.996614,1.2441345,1795.0,1858,1595,1970,0.27932960893854747,1407300,Normal,51,Positif,Downtrend,Bullish,Bearish MACD,Perfect Uptrend (5>20>50),Normal,Distribusi (Turun),Normal,Seimbang / Adu Mekanik,Normal,Tinggi,Doji (Ragu-ragu),Rawan Pucuk (High Risk),> 1 Miliar,Di Bawah VWAP (Lemah),Distribusi Pro (Guyuran),Gorengan Sepi (< 5M),Normal (50-150%),Distribution (Fase Jualan),Normal,Jarum Bawah (Sinyal Pantulan Kuat),Naik 1 Hari Beruntun,TP: 1885 | CL: 1734,Normal,Tidak Ideal (< 1:1),3,WAIT & SEE,TIDAK ADA,2026-08-03 15:55:01
15:55,ASMI,Small Cap (Lapis 3),Undervalued (Murah),2.354788,0.34947112,15.0,17,14,22,-6.25,6884200,Normal,39,Negatif,Downtrend,Bearish,Bearish MACD,Konsolidasi / Transisi,Normal,Distribusi (Turun),Normal,Dominan Jual (Guyur),Normal,Tinggi,Normal,Area Tengah,< 1 Miliar,Di Bawah VWAP (Lemah),Distribusi Pro (Guyuran),Gorengan Sepi (< 5M),Normal (50-150%),Distribution (Fase Jualan),Normal,Normal,Turun 1 Hari Beruntun,TP: 16 | CL: 13,Open = High (Tekanan Jual),Sangat Menarik (> 1:3),0,WAIT & SEE,TIDAK ADA,2026-08-03 15:55:01
15:55,ASRM,Small Cap (Lapis 3),Fair Value (Wajar),17.682518,0.43620282,264.0,258,244,272,0.7633587786259541,700,Normal,60,Positif,Uptrend,Bullish,Strong Bullish,Perfect Uptrend (5>20>50),Normal,Akumulasi (Naik),Normal,Dominan Beli (Hajar Kanan),Normal,Sedang,Doji (Ragu-ragu),Area Tengah,< 1 Miliar,Di Atas VWAP (Kuat),Akumulasi Pro (Smart Money),Gorengan Sepi (< 5M),Sepi (< 50%),Mark-Up (Fase Pesta),Normal,Jarum Bawah (Sinyal Pantulan Kuat),Naik 1 Hari Beruntun,TP: 273 | CL: 258,Normal,Tidak Ideal (< 1:1),7,BELI,TIDAK ADA,2026-08-03 15:55:01
15:55,ATAP,Small Cap (Lapis 3),Overvalued (Mahal),178.62595,9.540117,575.0,538,388,690,3.6036036036036037,1138000,Normal,60,Positif,Uptrend,Bullish,Bearish MACD,Perfect Uptrend (5>20>50),Normal,Akumulasi (Naik),Normal,Seimbang / Adu Mekanik,Normal,Tinggi,Normal,Rawan Pucuk (High Risk),< 1 Miliar,Di Atas VWAP (Kuat),Distribusi Pro (Guyuran),Gorengan Sepi (< 5M),Normal (50-150%),Mark-Up (Fase Pesta),Spesialis Tiang Jemuran (Banting Pucuk),Normal,Naik 1 Hari Beruntun,TP: 645 | CL: 527,Normal,Tidak Ideal (< 1:1),5,WAIT & SEE,TIDAK ADA,2026-08-03 15:55:01
15:55,ATLA,Small Cap (Lapis 3),Overvalued (Mahal),94.33963,1.8270848,50.0,50,50,56,0.0,2485200,Normal,47,Negatif,Downtrend,Bearish,Bearish MACD,Konsolidasi / Transisi,Normal,Netral,Normal,Tidak Ada Transaksi,Squeeze,Rendah,Doji (Ragu-ragu),Dekat Support (Low Risk),< 1 Miliar,Persis di VWAP,Netral,Gorengan Sepi (< 5M),Sepi (< 50%),Distribution (Fase Jualan),Normal,Normal,Sideways / Stagnan,TP: 51 | CL: 49,Normal,Di Area Support,0,WAIT & SEE,TIDAK ADA,2026-08-03 15:55:01
15:55,BABP,Mid Cap (Lapis 2),Overvalued (Mahal),28.409092,0.5926839,50.0,50,50,51,0.0,1736400,Normal,45,Negatif,Downtrend,Bearish,Bullish MACD,Konsolidasi / Transisi,Normal,Netral,Normal,Tidak Ada Transaksi,Squeeze,Rendah,Doji (Ragu-ragu),Dekat Support (Low Risk),< 1 Miliar,Persis di VWAP,Netral,Gorengan Sepi (< 5M),Anomali Tinggi (150-300%),Sideways,Normal,Normal,Sideways / Stagnan,TP: 50 | CL: 49,Normal,Di Area Support,1,WAIT & SEE,TIDAK ADA,2026-08-03 15:55:01
15:55,BALI,Mid Cap (Lapis 2),Overvalued (Mahal),25.504782,1.9420807,1200.0,1234,1170,1350,-2.834008097165992,3700,Normal,45,Negatif,Downtrend,Bearish,Strong Bearish,Konsolidasi / Transisi,Normal,Distribusi (Turun),Normal,Dominan Jual (Guyur),Squeeze,Rendah,Normal,Dekat Support (Low Risk),< 1 Miliar,Di Bawah VWAP (Lemah),Distribusi Pro (Guyuran),Gorengan Sepi (< 5M),Anomali Tinggi (150-300%),Distribution (Fase Jualan),Normal,Normal,Turun 2 Hari Beruntun,TP: 1237 | CL: 1175,Open = High (Tekanan Jual),Sangat Menarik (> 1:3),0,WAIT & SEE,TIDAK ADA,2026-08-03 15:55:01
15:55,BATA,Small Cap (Lapis 3),Fair Value (Wajar),0.0,-0.433301,59.0,59,59,59,0.0,0,Normal,44,Negatif,Downtrend,Bearish,Bullish MACD,Konsolidasi / Transisi,Normal,Netral,Normal,Tidak Ada Transaksi,Squeeze,Rendah,Doji (Ragu-ragu),Dekat Support (Low Risk),< 1 Miliar,Di Atas VWAP (Kuat),Netral,Gorengan Sepi (< 5M),Normal (50-150%),Sideways,Solid (Jarang Dibanting),Normal,Sideways / Stagnan,TP: 60 | CL: 58,Normal,Di Area Support,1,WAIT & SEE,TIDAK ADA,2026-08-03 15:55:01
15:55,BAYU,Small Cap (Lapis 3),Overvalued (Mahal),49.711082,0.72401077,1170.0,1146,1050,1175,4.932735426008969,579500,Tembus MA20,58,Positif,Uptrend,Golden Cross,Bearish MACD,Perfect Uptrend (5>20>50),Akumulasi Kuat,Akumulasi (Naik),Gap Up (+2.7%),Dominan Beli (Hajar Kanan),Squeeze,Rendah,Normal,Rawan Pucuk (High Risk),< 1 Miliar,Di Atas VWAP (Kuat),Akumulasi Pro (Smart Money),Gorengan Sepi (< 5M),Ledakan Ekstrem (> 300%),Mark-Up (Fase Pesta),Normal,Normal,Naik 1 Hari Beruntun,TP: 1224 | CL: 1133,Normal,Tidak Ideal (< 1:1),9,BELI,TIDAK ADA,2026-08-03 15:55:01
15:55,BBHI,Big Cap (Lapis 1),Overvalued (Mahal),36.673347,2.6379366,915.0,919,895,970,-3.1746031746031744,28700,Normal,48,Negatif,Downtrend,Bearish,Bullish MACD,Strong Downtrend (5<20<50),Normal,Akumulasi (Naik),Normal,Dominan Jual (Guyur),Squeeze,Rendah,Normal,Dekat Support (Low Risk),< 1 Miliar,Persis di VWAP,Akumulasi Pro (Smart Money),Gorengan Sepi (< 5M),Sepi (< 50%),Mark-Down (Fase Runtuh),Normal,Normal,Turun 1 Hari Beruntun,TP: 955 | CL: 887,Open = High (Tekanan Jual),Ideal (1:2),2,WAIT & SEE,TIDAK ADA,2026-08-03 15:55:01
15:55,BBLD,Small Cap (Lapis 3),Overvalued (Mahal),106.25,0.6958161,595.0,572,505,675,0.847457627118644,5700,Normal,55,Positif,Uptrend,Bullish,Strong Bullish,Awal Reversal (5>20),Normal,Akumulasi (Naik),Normal,Seimbang / Adu Mekanik,Normal,Tinggi,Normal,Rawan Pucuk (High Risk),< 1 Miliar,Persis di VWAP,Distribusi Pro (Guyuran),Gorengan Sepi (< 5M),Sepi (< 50%),Accumulation (Kumpul Barang),Spesialis Tiang Jemuran (Banting Pucuk),Normal,Naik 3 Hari Beruntun,TP: 685 | CL: 535,Open = Low (Bullish Kuat),Tidak Ideal (< 1:1),6,WAIT & SEE,TIDAK ADA,2026-08-03 15:55:01
15:55,BBMD,Mid Cap (Lapis 2),Overvalued (Mahal),25.575449,1.5274988,2000.0,1959,1900,2140,2.0408163265306123,35200,Tembus MA20,56,Positif,Uptrend,Bullish,Strong Bullish,Perfect Uptrend (5>20>50),Akumulasi Kuat,Akumulasi (Naik),Normal,Dominan Beli (Hajar Kanan),Squeeze,Rendah,Marubozu (Strong Bullish),Area Tengah,< 1 Miliar,Persis di VWAP,Akumulasi Pro (Smart Money),Gorengan Sepi (< 5M),Normal (50-150%),Mark-Up (Fase Pesta),Normal,Normal,Naik 2 Hari Beruntun,TP: 2097 | CL: 1935,Open = Low (Bullish Kuat),Menengah (1:1),9,BELI,TIDAK ADA,2026-08-03 15:55:01
15:55,BBSI,Big Cap (Lapis 1),Overvalued (Mahal),95.52676,4.710165,4570.0,4685,4500,4740,-2.55863539445629,1500,Normal,39,Negatif,Downtrend,Death Cross,Bearish MACD,Konsolidasi / Transisi,Normal,Distribusi (Turun),Gap Down (-4.1%),Seimbang / Adu Mekanik,Squeeze,Rendah,Normal,Dekat Support (Low Risk),< 1 Miliar,Di Bawah VWAP (Lemah),Akumulasi Pro (Smart Money),Gorengan Sepi (< 5M),Normal (50-150%),Distribution (Fase Jualan),Normal,Normal,Turun 1 Hari Beruntun,TP: 4729 | CL: 4463,Open = Low (Bullish Kuat),Ideal (1:2),0,WAIT & SEE,TIDAK ADA,2026-08-03 15:55:01
15:55,BBSS,Small Cap (Lapis 3),Fair Value (Wajar),0.0,1.8967911,97.0,96,88,113,2.1052631578947367,243200,Normal,47,Positif,Uptrend,Bearish,Bullish MACD,Strong Downtrend (5<20<50),Normal,Distribusi (Turun),Normal,Dominan Beli (Hajar Kanan),Squeeze,Rendah,Normal,Rawan Pucuk (High Risk),< 1 Miliar,Di Atas VWAP (Kuat),Distribusi Pro (Guyuran),Gorengan Sepi (< 5M),Sepi (< 50%),Accumulation (Kumpul Barang),Spesialis Tiang Jemuran (Banting Pucuk),Normal,Naik 1 Hari Beruntun,TP: 106 | CL: 90,Normal,Ideal (1:2),4,WAIT & SEE,TIDAK ADA,2026-08-03 15:55:01
15:55,BCAP,Mid Cap (Lapis 2),Undervalued (Murah),7.800312,0.46091872,50.0,50,50,52,0.0,1883900,Normal,45,Negatif,Downtrend,Bearish,Strong Bearish,Konsolidasi / Transisi,Normal,Netral,Normal,Tidak Ada Transaksi,Squeeze,Rendah,Doji (Ragu-ragu),Dekat Support (Low Risk),< 1 Miliar,Persis di VWAP,Netral,Gorengan Sepi (< 5M),Sepi (< 50%),Distribution (Fase Jualan),Solid (Jarang Dibanting),Normal,Sideways / Stagnan,TP: 50 | CL: 49,Normal,Di Area Support,0,WAIT & SEE,TIDAK ADA,2026-08-03 15:55:01
15:55,BEBS,Small Cap (Lapis 3),Fair Value (Wajar),0.0,0.27855152,5.0,5,5,5,0.0,0,Normal,0,Negatif,Downtrend,Bearish,Bearish MACD,Konsolidasi / Transisi,Normal,Netral,Normal,Tidak Ada Transaksi,Squeeze,Rendah,Doji (Ragu-ragu),Dekat Support (Low Risk),< 1 Miliar,Di Atas VWAP (Kuat),Netral,Gorengan Sepi (< 5M),Normal (50-150%),Sideways,Solid (Jarang Dibanting),Normal,Sideways / Stagnan,TP: 6 | CL: 4,Normal,Di Area Support,0,WAIT & SEE,TIDAK ADA,2026-08-03 15:55:01
15:55,BELI,Big Cap (Lapis 1),Overvalued (Mahal),0.0,3.912826,258.0,260,248,278,0.78125,307100,Normal,40,Positif,Downtrend,Bearish,Bullish MACD,Strong Downtrend (5<20<50),Normal,Akumulasi (Naik),Normal,Dominan Beli (Hajar Kanan),Squeeze,Rendah,Doji (Ragu-ragu),Area Tengah,< 1 Miliar,Di Atas VWAP (Kuat),Akumulasi Pro (Smart Money),Gorengan Sepi (< 5M),Normal (50-150%),Mark-Down (Fase Runtuh),Normal,Jarum Bawah (Sinyal Pantulan Kuat),Naik 2 Hari Beruntun,TP: 271 | CL: 249,Normal,Ideal (1:2),4,WAIT & SEE,TIDAK ADA,2026-08-03 15:55:01
15:55,BESS,Mid Cap (Lapis 2),Overvalued (Mahal),105.67633,4.502743,875.0,904,760,975,-2.7777777777777777,5500,Normal,41,Negatif,Downtrend,Bearish,Strong Bearish,Strong Downtrend (5<20<50),Normal,Akumulasi (Naik),Normal,Dominan Jual (Guyur),Bottom Rebound,Sedang,Normal,Rawan Pucuk (High Risk),< 1 Miliar,Di Atas VWAP (Kuat),Akumulasi Pro (Smart Money),Gorengan Sepi (< 5M),Sepi (< 50%),Mark-Down (Fase Runtuh),Normal,Normal,Turun 1 Hari Beruntun,TP: 946 | CL: 827,Open = High (Tekanan Jual),Tidak Ideal (< 1:1),1,WAIT & SEE,TIDAK ADA,2026-08-03 15:55:01
15:55,BIKA,Small Cap (Lapis 3),Fair Value (Wajar),0.5161944,-0.19020678,55.0,55,55,55,0.0,0,Normal,0,Negatif,Downtrend,Bearish,Bearish MACD,Konsolidasi / Transisi,Normal,Netral,Normal,Tidak Ada Transaksi,Squeeze,Rendah,Doji (Ragu-ragu),Dekat Support (Low Risk),< 1 Miliar,Di Atas VWAP (Kuat),Netral,Gorengan Sepi (< 5M),Normal (50-150%),Sideways,Solid (Jarang Dibanting),Normal,Sideways / Stagnan,TP: 56 | CL: 54,Normal,Di Area Support,0,WAIT & SEE,TIDAK ADA,2026-08-03 15:55:01
15:55,BIKE,Small Cap (Lapis 3),Overvalued (Mahal),19.572475,8.780085,510.0,510,510,510,0.0,0,Normal,0,Negatif,Downtrend,Bearish,Bearish MACD,Konsolidasi / Transisi,Normal,Netral,Normal,Tidak Ada Transaksi,Squeeze,Rendah,Doji (Ragu-ragu),Dekat Support (Low Risk),< 1 Miliar,Di Atas VWAP (Kuat),Netral,Gorengan Sepi (< 5M),Normal (50-150%),Sideways,Solid (Jarang Dibanting),Normal,Sideways / Stagnan,TP: 511 | CL: 509,Normal,Di Area Support,0,WAIT & SEE,TIDAK ADA,2026-08-03 15:55:01
15:55,BIMA,Small Cap (Lapis 3),Fair Value (Wajar),0.0,2.058233,82.0,82,82,82,0.0,0,Normal,0,Negatif,Downtrend,Bearish,Bearish MACD,Konsolidasi / Transisi,Normal,Netral,Normal,Tidak Ada Transaksi,Squeeze,Rendah,Doji (Ragu-ragu),Dekat Support (Low Risk),< 1 Miliar,Di Atas VWAP (Kuat),Netral,Gorengan Sepi (< 5M),Normal (50-150%),Sideways,Solid (Jarang Dibanting),Normal,Sideways / Stagnan,TP: 83 | CL: 81,Normal,Di Area Support,0,WAIT & SEE,TIDAK ADA,2026-08-03 15:55:01
15:55,BINA,Big Cap (Lapis 1),Overvalued (Mahal),0.0,8.727192,4230.0,4043,3600,4400,-3.8636363636363633,40000,Normal,56,Negatif,Uptrend,Bullish,Strong Bullish,Perfect Uptrend (5>20>50),Normal,Akumulasi (Naik),Normal,Dominan Jual (Guyur),Normal,Tinggi,Normal,Rawan Pucuk (High Risk),< 1 Miliar,Persis di VWAP,Akumulasi Pro (Smart Money),Gorengan Sepi (< 5M),Sepi (< 50%),Mark-Up (Fase Pesta),Solid (Jarang Dibanting),Normal,Turun 1 Hari Beruntun,TP: 4507 | CL: 4045,Open = High (Tekanan Jual),Tidak Ideal (< 1:1),5,WAIT & SEE,TIDAK ADA,2026-08-03 15:55:01
15:55,BIRD,Mid Cap (Lapis 2),Undervalued (Murah),6.3792343,0.6271091,1595.0,1597,1520,1650,-0.9316770186335404,698700,Tembus MA20,57,Negatif,Downtrend,Bullish,Bearish MACD,Perfect Uptrend (5>20>50),Normal,Akumulasi (Naik),Normal,Dominan Jual (Guyur),Squeeze,Rendah,Normal,Area Tengah,> 1 Miliar,Persis di VWAP,Distribusi Pro (Guyuran),Gorengan Sepi (< 5M),Normal (50-150%),Distribution (Fase Jualan),Normal,Normal,Turun 1 Hari Beruntun,TP: 1630 | CL: 1571,Normal,Tidak Ideal (< 1:1),4,WAIT & SEE,TIDAK ADA,2026-08-03 15:55:01
15:55,BISI,Mid Cap (Lapis 2),Undervalued (Murah),9.605661,0.5635646,665.0,645,620,675,0.7575757575757576,131900,Normal,56,Positif,Uptrend,Bullish,Bullish MACD,Awal Reversal (5>20),Normal,Akumulasi (Naik),Normal,Dominan Beli (Hajar Kanan),Normal,Sedang,Doji (Ragu-ragu),Area Tengah,< 1 Miliar,Di Atas VWAP (Kuat),Akumulasi Pro (Smart Money),Gorengan Sepi (< 5M),Sepi (< 50%),Accumulation (Kumpul Barang),Normal,Jarum Bawah (Sinyal Pantulan Kuat),Naik 2 Hari Beruntun,TP: 693 | CL: 646,Normal,Tidak Ideal (< 1:1),7,BELI,TIDAK ADA,2026-08-03 15:55:01
15:55,BKDP,Mid Cap (Lapis 2),Overvalued (Mahal),0.0,4.2375007,169.0,138,76,180,0.0,0,Normal,68,Negatif,Uptrend,Bullish,Strong Bullish,Perfect Uptrend (5>20>50),Normal,Akumulasi (Naik),Normal,Tidak Ada Transaksi,Normal,Tinggi,Doji (Ragu-ragu),Rawan Pucuk (High Risk),< 1 Miliar,Di Atas VWAP (Kuat),Akumulasi Pro (Smart Money),Gorengan Sepi (< 5M),Sepi (< 50%),Mark-Up (Fase Pesta),Normal,Normal,Sideways / Stagnan,TP: 190 | CL: 154,Normal,Tidak Ideal (< 1:1),5,WAIT & SEE,TIDAK ADA,2026-08-03 15:55:01
15:55,BLOG,Mid Cap (Lapis 2),Fair Value (Wajar),7.9301076,1.9074612,354.0,360,338,402,-1.1173184357541899,231700,Normal,49,Negatif,Downtrend,Bearish,Bearish MACD,Konsolidasi / Transisi,Normal,Distribusi (Turun),Normal,Dominan Jual (Guyur),Normal,Tinggi,Normal,Area Tengah,< 1 Miliar,Persis di VWAP,Distribusi Pro (Guyuran),Gorengan Sepi (< 5M),Sepi (< 50%),Distribution (Fase Jualan),Normal,Normal,Turun 1 Hari Beruntun,TP: 380 | CL: 336,Normal,Sangat Menarik (> 1:3),0,WAIT & SEE,TIDAK ADA,2026-08-03 15:55:01
15:55,BLTZ,Mid Cap (Lapis 2),Overvalued (Mahal),32.15597,5.2132936,2540.0,2642,2540,2870,0.0,0,Normal,10,Negatif,Downtrend,Bearish,Strong Bearish,Strong Downtrend (5<20<50),Normal,Netral,Normal,Tidak Ada Transaksi,Normal,Tinggi,Doji (Ragu-ragu),Dekat Support (Low Risk),< 1 Miliar,Di Atas VWAP (Kuat),Netral,Gorengan Sepi (< 5M),Normal (50-150%),Mark-Down (Fase Runtuh),Solid (Jarang Dibanting),Normal,Sideways / Stagnan,TP: 2575 | CL: 2516,Normal,Di Area Support,0,WAIT & SEE,TIDAK ADA,2026-08-03 15:55:01
15:55,BLUE,Mid Cap (Lapis 2),Overvalued (Mahal),65.0385,9.669767,2450.0,2818,2400,3040,0.823045267489712,338800,Normal,27,Positif,Downtrend,Bearish,Strong Bearish,Strong Downtrend (5<20<50),Normal,Distribusi (Turun),Normal,Seimbang / Adu Mekanik,Normal,Tinggi,Normal,Dekat Support (Low Risk),< 1 Miliar,Di Bawah VWAP (Lemah),Distribusi Pro (Guyuran),Gorengan Sepi (< 5M),Normal (50-150%),Mark-Down (Fase Runtuh),Spesialis Tiang Jemuran (Banting Pucuk),Normal,Naik 1 Hari Beruntun,TP: 2634 | CL: 2327,Normal,Sangat Menarik (> 1:3),1,WAIT & SEE,TIDAK ADA,2026-08-03 15:55:01
15:55,BMSR,Small Cap (Lapis 3),Undervalued (Murah),3.6025429,0.39060205,306.0,306,272,338,-1.2903225806451613,36900,Normal,50,Negatif,Downtrend,Bullish,Bearish MACD,Perfect Uptrend (5>20>50),Normal,Distribusi (Turun),Normal,Dominan Jual (Guyur),Normal,Sedang,Normal,Rawan Pucuk (High Risk),< 1 Miliar,Di Bawah VWAP (Lemah),Distribusi Pro (Guyuran),Gorengan Sepi (< 5M),Sepi (< 50%),Distribution (Fase Jualan),Normal,Normal,Turun 2 Hari Beruntun,TP: 328 | CL: 291,Open = High (Tekanan Jual),Tidak Ideal (< 1:1),1,WAIT & SEE,TIDAK ADA,2026-08-03 15:55:01
15:55,BNBA,Mid Cap (Lapis 2),Overvalued (Mahal),1104.4775,0.77672917,740.0,743,720,790,0.0,61600,Normal,50,Negatif,Downtrend,Bearish,Bearish MACD,Konsolidasi / Transisi,Normal,Akumulasi (Naik),Normal,Seimbang / Adu Mekanik,Squeeze,Rendah,Normal,Dekat Support (Low Risk),< 1 Miliar,Persis di VWAP,Distribusi Pro (Guyuran),Gorengan Sepi (< 5M),Sepi (< 50%),Distribution (Fase Jualan),Normal,Normal,Sideways / Stagnan,TP: 776 | CL: 715,Open = High (Tekanan Jual),Ideal (1:2),1,WAIT & SEE,TIDAK ADA,2026-08-03 15:55:01
15:55,BNII,Big Cap (Lapis 1),Undervalued (Murah),9.257474,0.4552309,192.0,189,180,198,0.5235602094240838,1043100,Normal,58,Positif,Uptrend,Bearish,Strong Bullish,Konsolidasi / Transisi,Normal,Akumulasi (Naik),Normal,Seimbang / Adu Mekanik,Squeeze,Rendah,Normal,Area Tengah,< 1 Miliar,Di Atas VWAP (Kuat),Akumulasi Pro (Smart Money),Gorengan Sepi (< 5M),Normal (50-150%),Mark-Up (Fase Pesta),Normal,Normal,Naik 2 Hari Beruntun,TP: 196 | CL: 188,Open = Low (Bullish Kuat),Tidak Ideal (< 1:1),5,WAIT & SEE,TIDAK ADA,2026-08-03 15:55:01
15:55,BNLI,Big Cap (Lapis 1),Fair Value (Wajar),21.178547,1.7309383,2160.0,2335,2000,2460,-0.4608294930875576,129400,Tembus MA20,28,Negatif,Downtrend,Bearish,Strong Bearish,Strong Downtrend (5<20<50),Normal,Distribusi (Turun),Normal,Dominan Beli (Hajar Kanan),Normal,Sedang,Hammer (Potensi Reversal),Area Tengah,< 1 Miliar,Persis di VWAP,Akumulasi Pro (Smart Money),Gorengan Sepi (< 5M),Normal (50-150%),Mark-Down (Fase Runtuh),Normal,Jarum Bawah (Sinyal Pantulan Kuat),Turun 4 Hari Beruntun,TP: 2284 | CL: 2077,Open = High (Tekanan Jual),Ideal (1:2),2,WAIT & SEE,TIDAK ADA,2026-08-03 15:55:01
15:55,BOGA,Mid Cap (Lapis 2),Overvalued (Mahal),1712.8713,14.515006,1730.0,1538,1500,2000,3.2835820895522385,131800,Tembus MA20,70,Positif,Uptrend,Bullish,Strong Bullish,Perfect Uptrend (5>20>50),Akumulasi Kuat,Akumulasi (Naik),Normal,Dominan Jual (Guyur),Breakout Upper,Tinggi,Normal,Rawan Pucuk (High Risk),< 1 Miliar,Persis di VWAP,Distribusi Pro (Guyuran),Gorengan Sepi (< 5M),Anomali Tinggi (150-300%),Mark-Up (Fase Pesta),Spesialis Tiang Jemuran (Banting Pucuk),Normal,Naik 2 Hari Beruntun,TP: 1872 | CL: 1635,Normal,Menengah (1:1),8,BELI,TIDAK ADA,2026-08-03 15:55:01
15:55,BOLT,Mid Cap (Lapis 2),Fair Value (Wajar),12.468633,2.2071683,795.0,790,770,815,-1.2422360248447204,7400,Normal,52,Negatif,Uptrend,Bearish,Strong Bullish,Konsolidasi / Transisi,Normal,Distribusi (Turun),Normal,Seimbang / Adu Mekanik,Squeeze,Rendah,Normal,Area Tengah,< 1 Miliar,Persis di VWAP,Distribusi Pro (Guyuran),Gorengan Sepi (< 5M),Normal (50-150%),Mark-Up (Fase Pesta),Normal,Normal,Turun 1 Hari Beruntun,TP: 819 | CL: 778,Open = High (Tekanan Jual),Tidak Ideal (< 1:1),3,WAIT & SEE,TIDAK ADA,2026-08-03 15:55:01
15:55,BOSS,Small Cap (Lapis 3),Fair Value (Wajar),0.0,-0.41981882,50.0,50,50,50,0.0,0,Normal,0,Negatif,Downtrend,Bearish,Bearish MACD,Konsolidasi / Transisi,Normal,Netral,Normal,Tidak Ada Transaksi,Squeeze,Rendah,Doji (Ragu-ragu),Dekat Support (Low Risk),< 1 Miliar,Di Atas VWAP (Kuat),Netral,Gorengan Sepi (< 5M),Normal (50-150%),Sideways,Solid (Jarang Dibanting),Normal,Sideways / Stagnan,TP: 51 | CL: 49,Normal,Di Area Support,0,WAIT & SEE,TIDAK ADA,2026-08-03 15:55:01
15:55,BPFI,Small Cap (Lapis 3),Undervalued (Murah),6.889353,0.57213444,264.0,253,236,282,1.5384615384615385,25400,Normal,57,Positif,Uptrend,Bullish,Strong Bullish,Perfect Uptrend (5>20>50),Normal,Akumulasi (Naik),Normal,Dominan Beli (Hajar Kanan),Normal,Sedang,Normal,Rawan Pucuk (High Risk),< 1 Miliar,Persis di VWAP,Akumulasi Pro (Smart Money),Gorengan Sepi (< 5M),Sepi (< 50%),Mark-Up (Fase Pesta),Normal,Normal,Naik 1 Hari Beruntun,TP: 279 | CL: 253,Normal,Tidak Ideal (< 1:1),7,BELI,TIDAK ADA,2026-08-03 15:55:01
15:55,BPII,Mid Cap (Lapis 2),Overvalued (Mahal),38.87423,2.9844096,442.0,440,422,520,1.8433179723502304,900,Normal,51,Positif,Uptrend,Bearish,Bullish MACD,Strong Downtrend (5<20<50),Normal,Distribusi (Turun),Normal,Dominan Beli (Hajar Kanan),Squeeze,Rendah,Marubozu (Strong Bullish),Area Tengah,< 1 Miliar,Di Bawah VWAP (Lemah),Distribusi Pro (Guyuran),Gorengan Sepi (< 5M),Sepi (< 50%),Accumulation (Kumpul Barang),Spesialis Tiang Jemuran (Banting Pucuk),Normal,Naik 2 Hari Beruntun,TP: 483 | CL: 414,Open = Low (Bullish Kuat),Sangat Menarik (> 1:3),5,WAIT & SEE,TIDAK ADA,2026-08-03 15:55:01
15:55,BPTR,Small Cap (Lapis 3),Undervalued (Murah),8.93504,0.4324855,74.0,71,65,88,-1.3333333333333335,1436500,Normal,56,Negatif,Uptrend,Bullish,Strong Bullish,Perfect Uptrend (5>20>50),Normal,Akumulasi (Naik),Normal,Dominan Jual (Guyur),Normal,Tinggi,Normal,Rawan Pucuk (High Risk),< 1 Miliar,Di Bawah VWAP (Lemah),Akumulasi Pro (Smart Money),Gorengan Sepi (< 5M),Sepi (< 50%),Mark-Up (Fase Pesta),Normal,Normal,Turun 2 Hari Beruntun,TP: 80 | CL: 69,Open = High (Tekanan Jual),Ideal (1:2),5,WAIT & SEE,TIDAK ADA,2026-08-03 15:55:01
15:55,BRAM,Mid Cap (Lapis 2),Overvalued (Mahal),18.916092,9475.891,4520.0,4503,4270,4590,0.4444444444444444,2200,Tembus MA20,54,Positif,Uptrend,Bearish,Bearish MACD,Konsolidasi / Transisi,Akumulasi Kuat,Akumulasi (Naik),Normal,Dominan Jual (Guyur),Squeeze,Rendah,Normal,Area Tengah,< 1 Miliar,Persis di VWAP,Distribusi Pro (Guyuran),Gorengan Sepi (< 5M),Anomali Tinggi (150-300%),Mark-Up (Fase Pesta),Spesialis Tiang Jemuran (Banting Pucuk),Normal,Naik 2 Hari Beruntun,TP: 4659 | CL: 4427,Open = Low (Bullish Kuat),Tidak Ideal (< 1:1),6,WAIT & SEE,TIDAK ADA,2026-08-03 15:55:01
15:55,BRNA,Small Cap (Lapis 3),Overvalued (Mahal),101.4975,0.62401986,610.0,594,565,705,2.5210084033613445,51700,Normal,56,Positif,Uptrend,Bullish,Strong Bullish,Awal Reversal (5>20),Normal,Akumulasi (Naik),Normal,Seimbang / Adu Mekanik,Normal,Sedang,Normal,Area Tengah,< 1 Miliar,Di Atas VWAP (Kuat),Distribusi Pro (Guyuran),Gorengan Sepi (< 5M),Normal (50-150%),Accumulation (Kumpul Barang),Spesialis Tiang Jemuran (Banting Pucuk),Normal,Naik 1 Hari Beruntun,TP: 646 | CL: 585,Open = Low (Bullish Kuat),Ideal (1:2),6,WAIT & SEE,TIDAK ADA,2026-08-03 15:55:01
15:55,BSIM,Big Cap (Lapis 1),Overvalued (Mahal),47.39011,1.6183583,690.0,695,650,740,-2.8169014084507045,9100,Normal,43,Negatif,Downtrend,Bullish,Bullish MACD,Awal Reversal (5>20),Normal,Distribusi (Turun),Gap Down (-2.8%),Dominan Jual (Guyur),Squeeze,Rendah,Doji (Ragu-ragu),Area Tengah,< 1 Miliar,Di Bawah VWAP (Lemah),Distribusi Pro (Guyuran),Gorengan Sepi (< 5M),Sepi (< 50%),Mark-Down (Fase Runtuh),Spesialis Tiang Jemuran (Banting Pucuk),Normal,Turun 1 Hari Beruntun,TP: 734 | CL: 660,Normal,Menengah (1:1),2,WAIT & SEE,TIDAK ADA,2026-08-03 15:55:01
15:55,BSSR,Big Cap (Lapis 1),Overvalued (Mahal),6.9622397,37894.74,4320.0,4236,4010,4340,0.46511627906976744,741400,Normal,74,Positif,Uptrend,Bullish,Bearish MACD,Perfect Uptrend (5>20>50),Normal,Akumulasi (Naik),Normal,Seimbang / Adu Mekanik,Normal,Sedang,Normal,Area Tengah,> 1 Miliar,Persis di VWAP,Akumulasi Pro (Smart Money),Gorengan Sepi (< 5M),Normal (50-150%),Mark-Up (Fase Pesta),Spesialis Tiang Jemuran (Banting Pucuk),Normal,Naik 1 Hari Beruntun,TP: 4390 | CL: 4272,Normal,Tidak Ideal (< 1:1),5,WAIT & SEE,TIDAK ADA,2026-08-03 15:55:01
15:55,BSWD,Mid Cap (Lapis 2),Overvalued (Mahal),59.52381,1.1634822,1125.0,1263,1125,1360,0.0,0,Normal,1,Negatif,Downtrend,Bearish,Strong Bearish,Strong Downtrend (5<20<50),Normal,Distribusi (Turun),Normal,Tidak Ada Transaksi,Normal,Tinggi,Doji (Ragu-ragu),Dekat Support (Low Risk),< 1 Miliar,Persis di VWAP,Netral,Gorengan Sepi (< 5M),Sepi (< 50%),Mark-Down (Fase Runtuh),Solid (Jarang Dibanting),Normal,Sideways / Stagnan,TP: 1150 | CL: 1108,Normal,Di Area Support,0,WAIT & SEE,TIDAK ADA,2026-08-03 15:55:01
15:55,BTPN,Big Cap (Lapis 1),Overvalued (Mahal),51.36742,0.47190693,2160.0,2203,2100,2280,-1.36986301369863,11000,Normal,46,Negatif,Downtrend,Bearish,Bearish MACD,Konsolidasi / Transisi,Normal,Distribusi (Turun),Normal,Dominan Jual (Guyur),Squeeze,Rendah,Normal,Dekat Support (Low Risk),< 1 Miliar,Persis di VWAP,Akumulasi Pro (Smart Money),Gorengan Sepi (< 5M),Normal (50-150%),Distribution (Fase Jualan),Normal,Normal,Turun 1 Hari Beruntun,TP: 2263 | CL: 2090,Open = High (Tekanan Jual),Ideal (1:2),0,WAIT & SEE,TIDAK ADA,2026-08-03 15:55:01
15:55,BUAH,Mid Cap (Lapis 2),Overvalued (Mahal),20.0,5.156429,505.0,508,494,525,1.0,373200,Tembus MA20,46,Positif,Downtrend,Bearish,Strong Bearish,Strong Downtrend (5<20<50),Normal,Distribusi (Turun),Normal,Dominan Beli (Hajar Kanan),Squeeze,Rendah,Normal,Dekat Support (Low Risk),< 1 Miliar,Persis di VWAP,Akumulasi Pro (Smart Money),Gorengan Sepi (< 5M),Normal (50-150%),Mark-Down (Fase Runtuh),Solid (Jarang Dibanting),Normal,Naik 1 Hari Beruntun,TP: 523 | CL: 492,Normal,Ideal (1:2),3,WAIT & SEE,TIDAK ADA,2026-08-03 15:55:01
15:55,BUKK,Mid Cap (Lapis 2),Undervalued (Murah),12.857866,0.36390257,1015.0,1077,1000,1200,-2.403846153846154,4000,Normal,44,Negatif,Downtrend,Bearish,Strong Bearish,Konsolidasi / Transisi,Normal,Akumulasi (Naik),Normal,Dominan Jual (Guyur),Bottom Rebound,Sedang,Normal,Dekat Support (Low Risk),< 1 Miliar,Di Bawah VWAP (Lemah),Distribusi Pro (Guyuran),Gorengan Sepi (< 5M),Sepi (< 50%),Distribution (Fase Jualan),Normal,Normal,Turun 1 Hari Beruntun,TP: 1084 | CL: 968,Normal,Sangat Menarik (> 1:3),1,WAIT & SEE,TIDAK ADA,2026-08-03 15:55:01
15:55,BYAN,Big Cap (Lapis 1),Overvalued (Mahal),30.2741,162837.83,12050.0,11797,11125,12525,0.2079002079002079,7500,Normal,60,Positif,Uptrend,Bullish,Bearish MACD,Perfect Uptrend (5>20>50),Normal,Akumulasi (Naik),Normal,Dominan Jual (Guyur),Normal,Sedang,Normal,Area Tengah,< 1 Miliar,Persis di VWAP,Distribusi Pro (Guyuran),Gorengan Sepi (< 5M),Sepi (< 50%),Mark-Up (Fase Pesta),Spesialis Tiang Jemuran (Banting Pucuk),Normal,Naik 1 Hari Beruntun,TP: 12604 | CL: 11680,Open = Low (Bullish Kuat),Tidak Ideal (< 1:1),5,WAIT & SEE,TIDAK ADA,2026-08-03 15:55:01
15:55,CARE,Big Cap (Lapis 1),Overvalued (Mahal),415.84158,4.620818,420.0,424,412,460,-0.47393364928909953,138200,Normal,49,Negatif,Downtrend,Bearish,Bearish MACD,Konsolidasi / Transisi,Normal,Akumulasi (Naik),Normal,Seimbang / Adu Mekanik,Squeeze,Rendah,Doji (Ragu-ragu),Dekat Support (Low Risk),< 1 Miliar,Persis di VWAP,Akumulasi Pro (Smart Money),Gorengan Sepi (< 5M),Normal (50-150%),Distribution (Fase Jualan),Spesialis Tiang Jemuran (Banting Pucuk),Normal,Turun 1 Hari Beruntun,TP: 434 | CL: 410,Normal,Sangat Menarik (> 1:3),1,WAIT & SEE,TIDAK ADA,2026-08-03 15:55:01
15:55,CASA,Big Cap (Lapis 1),Overvalued (Mahal),756.3025,12.093361,1800.0,1856,1800,2150,-1.639344262295082,1800,Normal,49,Negatif,Downtrend,Bearish,Bearish MACD,Konsolidasi / Transisi,Normal,Distribusi (Turun),Normal,Dominan Jual (Guyur),Normal,Tinggi,Normal,Dekat Support (Low Risk),< 1 Miliar,Di Bawah VWAP (Lemah),Akumulasi Pro (Smart Money),Gorengan Sepi (< 5M),Sepi (< 50%),Distribution (Fase Jualan),Spesialis Tiang Jemuran (Banting Pucuk),Normal,Turun 3 Hari Beruntun,TP: 1976 | CL: 1682,Open = High (Tekanan Jual),Di Area Support,0,WAIT & SEE,TIDAK ADA,2026-08-03 15:55:01
15:55,CASS,Mid Cap (Lapis 2),Fair Value (Wajar),8.764242,2.2497747,1900.0,1861,1800,2000,0.0,633600,Tembus MA20,63,Negatif,Uptrend,Bullish,Strong Bullish,Perfect Uptrend (5>20>50),Normal,Akumulasi (Naik),Normal,Dominan Jual (Guyur),Squeeze,Rendah,Doji (Ragu-ragu),Area Tengah,> 1 Miliar,Persis di VWAP,Distribusi Pro (Guyuran),Gorengan Sepi (< 5M),Anomali Tinggi (150-300%),Mark-Up (Fase Pesta),Spesialis Tiang Jemuran (Banting Pucuk),Normal,Sideways / Stagnan,TP: 1964 | CL: 1856,Normal,Menengah (1:1),6,WAIT & SEE,TIDAK ADA,2026-08-03 15:55:01
15:55,CBPE,Small Cap (Lapis 3),Fair Value (Wajar),0.0,1.3676577,336.0,293,274,350,1.8181818181818181,98000,Normal,71,Positif,Uptrend,Bullish,Strong Bullish,Perfect Uptrend (5>20>50),Normal,Akumulasi (Naik),Normal,Seimbang / Adu Mekanik,Breakout Upper,Tinggi,Normal,Rawan Pucuk (High Risk),< 1 Miliar,Di Atas VWAP (Kuat),Akumulasi Pro (Smart Money),Gorengan Sepi (< 5M),Sepi (< 50%),Mark-Up (Fase Pesta),Spesialis Tiang Jemuran (Banting Pucuk),Normal,Naik 2 Hari Beruntun,TP: 356 | CL: 322,Normal,Tidak Ideal (< 1:1),6,WAIT & SEE,TIDAK ADA,2026-08-03 15:55:01
15:55,CBUT,Mid Cap (Lapis 2),Fair Value (Wajar),23.259092,2.213547,820.0,807,700,875,-0.6060606060606061,29200,Normal,62,Negatif,Uptrend,Bullish,Bearish MACD,Perfect Uptrend (5>20>50),Normal,Akumulasi (Naik),Normal,Dominan Beli (Hajar Kanan),Squeeze,Rendah,Hammer (Potensi Reversal),Rawan Pucuk (High Risk),< 1 Miliar,Persis di VWAP,Akumulasi Pro (Smart Money),Gorengan Sepi (< 5M),Sepi (< 50%),Mark-Up (Fase Pesta),Normal,Jarum Bawah (Sinyal Pantulan Kuat),Turun 1 Hari Beruntun,TP: 883 | CL: 777,Open = High (Tekanan Jual),Tidak Ideal (< 1:1),5,WAIT & SEE,TIDAK ADA,2026-08-03 15:55:01
15:55,CCSI,Small Cap (Lapis 3),Undervalued (Murah),7.5659714,0.5953922,246.0,248,232,254,2.5,82000,Normal,47,Positif,Downtrend,Bearish,Strong Bearish,Konsolidasi / Transisi,Normal,Distribusi (Turun),Normal,Dominan Beli (Hajar Kanan),Squeeze,Rendah,Normal,Area Tengah,< 1 Miliar,Di Atas VWAP (Kuat),Akumulasi Pro (Smart Money),Gorengan Sepi (< 5M),Normal (50-150%),Distribution (Fase Jualan),Solid (Jarang Dibanting),Normal,Naik 1 Hari Beruntun,TP: 259 | CL: 237,Normal,Tidak Ideal (< 1:1),2,WAIT & SEE,TIDAK ADA,2026-08-03 15:55:01
15:55,CEKA,Mid Cap (Lapis 2),Undervalued (Murah),6.0769567,0.6407972,2230.0,2179,2060,2300,1.3636363636363635,47300,Tembus MA20,58,Positif,Uptrend,Bullish,Strong Bullish,Perfect Uptrend (5>20>50),Normal,Akumulasi (Naik),Normal,Seimbang / Adu Mekanik,Squeeze,Rendah,Normal,Area Tengah,< 1 Miliar,Persis di VWAP,Distribusi Pro (Guyuran),Gorengan Sepi (< 5M),Normal (50-150%),Mark-Up (Fase Pesta),Spesialis Tiang Jemuran (Banting Pucuk),Normal,Naik 1 Hari Beruntun,TP: 2326 | CL: 2165,Open = Low (Bullish Kuat),Tidak Ideal (< 1:1),7,BELI,TIDAK ADA,2026-08-03 15:55:01
15:55,CHIP,Small Cap (Lapis 3),Overvalued (Mahal),159.72221,10.830538,920.0,929,860,965,0.546448087431694,262500,Tembus MA20,43,Positif,Downtrend,Bearish,Strong Bearish,Strong Downtrend (5<20<50),Normal,Akumulasi (Naik),Normal,Dominan Beli (Hajar Kanan),Squeeze,Rendah,Doji (Ragu-ragu),Area Tengah,< 1 Miliar,Persis di VWAP,Akumulasi Pro (Smart Money),Gorengan Sepi (< 5M),Anomali Tinggi (150-300%),Mark-Down (Fase Runtuh),Solid (Jarang Dibanting),Jarum Bawah (Sinyal Pantulan Kuat),Naik 1 Hari Beruntun,TP: 966 | CL: 889,Normal,Tidak Ideal (< 1:1),4,WAIT & SEE,TIDAK ADA,2026-08-03 15:55:01
15:55,CITA,Big Cap (Lapis 1),Undervalued (Murah),7.8717546,1.4375501,3290.0,3207,3010,3480,1.2307692307692308,37000,Normal,60,Positif,Uptrend,Bullish,Bearish MACD,Perfect Uptrend (5>20>50),Normal,Distribusi (Turun),Normal,Seimbang / Adu Mekanik,Normal,Sedang,Normal,Area Tengah,< 1 Miliar,Di Atas VWAP (Kuat),Distribusi Pro (Guyuran),Gorengan Sepi (< 5M),Sepi (< 50%),Mark-Up (Fase Pesta),Spesialis Tiang Jemuran (Banting Pucuk),Normal,Naik 1 Hari Beruntun,TP: 3456 | CL: 3179,Normal,Tidak Ideal (< 1:1),4,WAIT & SEE,TIDAK ADA,2026-08-03 15:55:01
15:55,CLAY,Mid Cap (Lapis 2),Overvalued (Mahal),538.46155,400.7231,2660.0,2473,2200,2760,2.307692307692308,47200,Tembus MA20,60,Positif,Uptrend,Bearish,Bullish MACD,Strong Downtrend (5<20<50),Normal,Akumulasi (Naik),Normal,Seimbang / Adu Mekanik,Normal,Tinggi,Normal,Rawan Pucuk (High Risk),< 1 Miliar,Di Atas VWAP (Kuat),Akumulasi Pro (Smart Money),Gorengan Sepi (< 5M),Normal (50-150%),Accumulation (Kumpul Barang),Solid (Jarang Dibanting),Normal,Naik 3 Hari Beruntun,TP: 2901 | CL: 2499,Normal,Tidak Ideal (< 1:1),6,WAIT & SEE,TIDAK ADA,2026-08-03 15:55:01
15:55,CLPI,Small Cap (Lapis 3),Undervalued (Murah),7.00997,0.78423214,1575.0,1528,1450,1610,-0.31645569620253167,86300,Normal,66,Negatif,Uptrend,Bullish,Strong Bullish,Perfect Uptrend (5>20>50),Normal,Akumulasi (Naik),Normal,Dominan Beli (Hajar Kanan),Normal,Sedang,Normal,Area Tengah,< 1 Miliar,Persis di VWAP,Akumulasi Pro (Smart Money),Gorengan Sepi (< 5M),Normal (50-150%),Mark-Up (Fase Pesta),Solid (Jarang Dibanting),Normal,Turun 1 Hari Beruntun,TP: 1622 | CL: 1543,Open = Low (Bullish Kuat),Tidak Ideal (< 1:1),6,WAIT & SEE,TIDAK ADA,2026-08-03 15:55:01
15:55,CMNP,Mid Cap (Lapis 2),Undervalued (Murah),7.8416724,0.60390264,1365.0,1349,1300,1395,1.8656716417910446,96400,Tembus MA20,56,Positif,Uptrend,Bearish,Bullish MACD,Strong Downtrend (5<20<50),Normal,Distribusi (Turun),Normal,Dominan Beli (Hajar Kanan),Squeeze,Rendah,Marubozu (Strong Bullish),Area Tengah,< 1 Miliar,Di Atas VWAP (Kuat),Akumulasi Pro (Smart Money),Gorengan Sepi (< 5M),Anomali Tinggi (150-300%),Accumulation (Kumpul Barang),Spesialis Tiang Jemuran (Banting Pucuk),Normal,Naik 1 Hari Beruntun,TP: 1400 | CL: 1341,Open = Low (Bullish Kuat),Tidak Ideal (< 1:1),6,WAIT & SEE,TIDAK ADA,2026-08-03 15:55:01
15:55,CNKO,Small Cap (Lapis 3),Fair Value (Wajar),1.7477562,-0.35224676,37.0,37,37,37,0.0,0,Normal,42,Negatif,Downtrend,Bearish,Bullish MACD,Konsolidasi / Transisi,Normal,Netral,Normal,Tidak Ada Transaksi,Squeeze,Rendah,Doji (Ragu-ragu),Dekat Support (Low Risk),< 1 Miliar,Di Atas VWAP (Kuat),Netral,Gorengan Sepi (< 5M),Normal (50-150%),Sideways,Solid (Jarang Dibanting),Normal,Sideways / Stagnan,TP: 38 | CL: 36,Normal,Di Area Support,1,WAIT & SEE,TIDAK ADA,2026-08-03 15:55:01
15:55,CNTX,Small Cap (Lapis 3),Fair Value (Wajar),0.0,-871.16565,142.0,142,142,142,0.0,0,Normal,0,Negatif,Downtrend,Bearish,Bearish MACD,Konsolidasi / Transisi,Normal,Netral,Normal,Tidak Ada Transaksi,Squeeze,Rendah,Doji (Ragu-ragu),Dekat Support (Low Risk),< 1 Miliar,Di Atas VWAP (Kuat),Netral,Gorengan Sepi (< 5M),Normal (50-150%),Sideways,Solid (Jarang Dibanting),Normal,Sideways / Stagnan,TP: 143 | CL: 141,Normal,Di Area Support,0,WAIT & SEE,TIDAK ADA,2026-08-03 15:55:01
15:55,COAL,Small Cap (Lapis 3),Fair Value (Wajar),0.0,0.36999843,21.0,21,20,24,0.0,0,Normal,32,Negatif,Downtrend,Death Cross,Bullish MACD,Strong Downtrend (5<20<50),Normal,Distribusi (Turun),Normal,Tidak Ada Transaksi,Normal,Tinggi,Doji (Ragu-ragu),Area Tengah,< 1 Miliar,Di Bawah VWAP (Lemah),Distribusi Pro (Guyuran),Gorengan Sepi (< 5M),Sepi (< 50%),Mark-Down (Fase Runtuh),Solid (Jarang Dibanting),Normal,Sideways / Stagnan,TP: 21 | CL: 20,Normal,Sangat Menarik (> 1:3),1,WAIT & SEE,TIDAK ADA,2026-08-03 15:55:01
15:55,CRAB,Small Cap (Lapis 3),Fair Value (Wajar),0.0,1.7666194,208.0,208,208,208,0.0,0,Normal,46,Negatif,Downtrend,Bearish,Bullish MACD,Konsolidasi / Transisi,Normal,Netral,Normal,Tidak Ada Transaksi,Squeeze,Rendah,Doji (Ragu-ragu),Dekat Support (Low Risk),< 1 Miliar,Di Atas VWAP (Kuat),Netral,Gorengan Sepi (< 5M),Normal (50-150%),Sideways,Solid (Jarang Dibanting),Normal,Sideways / Stagnan,TP: 209 | CL: 207,Normal,Di Area Support,1,WAIT & SEE,TIDAK ADA,2026-08-03 15:55:01
15:55,CSRA,Mid Cap (Lapis 2),Undervalued (Murah),5.4375596,0.95545405,745.0,769,730,845,0.0,330600,Tembus MA20,43,Negatif,Downtrend,Death Cross,Strong Bearish,Strong Downtrend (5<20<50),Normal,Distribusi (Turun),Normal,Seimbang / Adu Mekanik,Bottom Rebound,Sedang,Normal,Dekat Support (Low Risk),< 1 Miliar,Di Bawah VWAP (Lemah),Distribusi Pro (Guyuran),Gorengan Sepi (< 5M),Normal (50-150%),Mark-Down (Fase Runtuh),Spesialis Tiang Jemuran (Banting Pucuk),Normal,Sideways / Stagnan,TP: 790 | CL: 715,Open = High (Tekanan Jual),Sangat Menarik (> 1:3),1,WAIT & SEE,TIDAK ADA,2026-08-03 15:55:01
15:55,CTBN,Mid Cap (Lapis 2),Overvalued (Mahal),36.79115,25909.092,3990.0,4832,3950,6400,-5.450236966824645,44300,Tembus MA20,20,Negatif,Downtrend,Bearish,Strong Bearish,Strong Downtrend (5<20<50),Normal,Distribusi (Turun),Normal,Dominan Jual (Guyur),Normal,Tinggi,Normal,Dekat Support (Low Risk),< 1 Miliar,Di Bawah VWAP (Lemah),Distribusi Pro (Guyuran),Gorengan Sepi (< 5M),Anomali Tinggi (150-300%),Mark-Down (Fase Runtuh),Spesialis Tiang Jemuran (Banting Pucuk),Normal,Turun 8 Hari Beruntun,TP: 4236 | CL: 3825,Open = High (Tekanan Jual),Sangat Menarik (> 1:3),1,WAIT & SEE,TIDAK ADA,2026-08-03 15:55:01
15:55,DAAZ,Mid Cap (Lapis 2),Fair Value (Wajar),12.165839,1.8017079,1525.0,1525,1370,1790,0.3289473684210526,114100,Normal,45,Positif,Downtrend,Bullish,Bullish MACD,Awal Reversal (5>20),Normal,Distribusi (Turun),Normal,Dominan Jual (Guyur),Squeeze,Rendah,Doji (Ragu-ragu),Rawan Pucuk (High Risk),< 1 Miliar,Persis di VWAP,Distribusi Pro (Guyuran),Gorengan Sepi (< 5M),Sepi (< 50%),Mark-Down (Fase Runtuh),Spesialis Tiang Jemuran (Banting Pucuk),Normal,Naik 1 Hari Beruntun,TP: 1632 | CL: 1453,Normal,Ideal (1:2),3,WAIT & SEE,TIDAK ADA,2026-08-03 15:55:01
15:55,DADA,Small Cap (Lapis 3),Undervalued (Murah),14.947683,1.0408643,50.0,50,50,50,0.0,1077700,Tembus MA20,0,Negatif,Downtrend,Bearish,Bearish MACD,Konsolidasi / Transisi,Normal,Netral,Normal,Tidak Ada Transaksi,Squeeze,Rendah,Doji (Ragu-ragu),Dekat Support (Low Risk),< 1 Miliar,Persis di VWAP,Netral,Gorengan Sepi (< 5M),Normal (50-150%),Sideways,Solid (Jarang Dibanting),Normal,Sideways / Stagnan,TP: 51 | CL: 49,Normal,Di Area Support,1,WAIT & SEE,TIDAK ADA,2026-08-03 15:55:01
15:55,DAYA,Mid Cap (Lapis 2),Overvalued (Mahal),27.140457,17.191267,970.0,976,900,1005,-2.0202020202020203,7500,Normal,42,Negatif,Downtrend,Bullish,Bullish MACD,Awal Reversal (5>20),Normal,Akumulasi (Naik),Normal,Seimbang / Adu Mekanik,Squeeze,Rendah,Normal,Area Tengah,< 1 Miliar,Persis di VWAP,Akumulasi Pro (Smart Money),Gorengan Sepi (< 5M),Normal (50-150%),Mark-Down (Fase Runtuh),Solid (Jarang Dibanting),Normal,Turun 1 Hari Beruntun,TP: 1004 | CL: 947,Open = High (Tekanan Jual),Tidak Ideal (< 1:1),3,WAIT & SEE,TIDAK ADA,2026-08-03 15:55:01
15:55,DCII,Big Cap (Lapis 1),Overvalued (Mahal),398.5389,94.24208,183025.0,193446,175500,199000,-4.35066631826496,700,Tembus MA20,34,Negatif,Downtrend,Bearish,Strong Bearish,Konsolidasi / Transisi,Normal,Distribusi (Turun),Gap Down (-4.6%),Dominan Jual (Guyur),Normal,Sedang,Doji (Ragu-ragu),Area Tengah,< 1 Miliar,Di Bawah VWAP (Lemah),Distribusi Pro (Guyuran),Gorengan Sepi (< 5M),Normal (50-150%),Distribution (Fase Jualan),Normal,Normal,Turun 1 Hari Beruntun,TP: 192231 | CL: 176887,Normal,Ideal (1:2),1,WAIT & SEE,TIDAK ADA,2026-08-03 15:55:01
15:55,DEAL,Small Cap (Lapis 3),Fair Value (Wajar),0.0,-0.12075836,6.0,6,6,6,0.0,0,Normal,0,Negatif,Downtrend,Bearish,Bearish MACD,Konsolidasi / Transisi,Normal,Netral,Normal,Tidak Ada Transaksi,Squeeze,Rendah,Doji (Ragu-ragu),Dekat Support (Low Risk),< 1 Miliar,Di Atas VWAP (Kuat),Netral,Gorengan Sepi (< 5M),Normal (50-150%),Sideways,Solid (Jarang Dibanting),Normal,Sideways / Stagnan,TP: 7 | CL: 5,Normal,Di Area Support,0,WAIT & SEE,TIDAK ADA,2026-08-03 15:55:01
15:55,DEPO,Mid Cap (Lapis 2),Fair Value (Wajar),22.910799,1.1915866,244.0,246,230,290,0.8264462809917356,286200,Normal,50,Positif,Downtrend,Bearish,Strong Bearish,Konsolidasi / Transisi,Normal,Akumulasi (Naik),Normal,Seimbang / Adu Mekanik,Normal,Sedang,Normal,Area Tengah,< 1 Miliar,Di Bawah VWAP (Lemah),Distribusi Pro (Guyuran),Gorengan Sepi (< 5M),Sepi (< 50%),Distribution (Fase Jualan),Spesialis Tiang Jemuran (Banting Pucuk),Normal,Naik 1 Hari Beruntun,TP: 266 | CL: 228,Normal,Sangat Menarik (> 1:3),2,WAIT & SEE,TIDAK ADA,2026-08-03 15:55:01
15:55,DGNS,Small Cap (Lapis 3),Undervalued (Murah),4.513715,1.4338938,234.0,230,214,252,0.8620689655172413,256800,Normal,52,Positif,Uptrend,Bullish,Strong Bullish,Perfect Uptrend (5>20>50),Normal,Distribusi (Turun),Normal,Dominan Beli (Hajar Kanan),Normal,Sedang,Doji (Ragu-ragu),Area Tengah,< 1 Miliar,Persis di VWAP,Distribusi Pro (Guyuran),Gorengan Sepi (< 5M),Normal (50-150%),Mark-Up (Fase Pesta),Normal,Jarum Bawah (Sinyal Pantulan Kuat),Naik 1 Hari Beruntun,TP: 253 | CL: 221,Normal,Tidak Ideal (< 1:1),6,WAIT & SEE,TIDAK ADA,2026-08-03 15:55:01
15:55,DIGI,Small Cap (Lapis 3),Fair Value (Wajar),0.0,-7.80409,29.0,29,29,29,0.0,0,Normal,43,Negatif,Downtrend,Bearish,Bullish MACD,Konsolidasi / Transisi,Normal,Netral,Normal,Tidak Ada Transaksi,Squeeze,Rendah,Doji (Ragu-ragu),Dekat Support (Low Risk),< 1 Miliar,Di Atas VWAP (Kuat),Netral,Gorengan Sepi (< 5M),Normal (50-150%),Sideways,Solid (Jarang Dibanting),Normal,Sideways / Stagnan,TP: 30 | CL: 28,Normal,Di Area Support,1,WAIT & SEE,TIDAK ADA,2026-08-03 15:55:01
15:55,DMND,Mid Cap (Lapis 2),Undervalued (Murah),12.708333,0.86712265,610.0,614,560,635,-2.4,28400,Tembus MA20,49,Negatif,Downtrend,Bearish,Bearish MACD,Konsolidasi / Transisi,Normal,Akumulasi (Naik),Normal,Seimbang / Adu Mekanik,Squeeze,Rendah,Normal,Area Tengah,< 1 Miliar,Persis di VWAP,Akumulasi Pro (Smart Money),Gorengan Sepi (< 5M),Normal (50-150%),Distribution (Fase Jualan),Spesialis Tiang Jemuran (Banting Pucuk),Normal,Turun 1 Hari Beruntun,TP: 645 | CL: 586,Open = High (Tekanan Jual),Tidak Ideal (< 1:1),2,WAIT & SEE,TIDAK ADA,2026-08-03 15:55:01
15:55,DNAR,Mid Cap (Lapis 2),Undervalued (Murah),10.742358,0.5471506,123.0,117,109,133,-0.8064516129032258,1020300,Normal,61,Negatif,Uptrend,Bullish,Strong Bullish,Perfect Uptrend (5>20>50),Normal,Distribusi (Turun),Normal,Seimbang / Adu Mekanik,Normal,Tinggi,Normal,Rawan Pucuk (High Risk),< 1 Miliar,Di Bawah VWAP (Lemah),Distribusi Pro (Guyuran),Gorengan Sepi (< 5M),Sepi (< 50%),Mark-Up (Fase Pesta),Spesialis Tiang Jemuran (Banting Pucuk),Normal,Turun 1 Hari Beruntun,TP: 133 | CL: 116,Normal,Tidak Ideal (< 1:1),4,WAIT & SEE,TIDAK ADA,2026-08-03 15:55:01
15:55,DNET,Big Cap (Lapis 1),Overvalued (Mahal),107.58651,8.910715,9700.0,9736,9350,10975,-1.0204081632653061,12400,Normal,47,Negatif,Downtrend,Bullish,Bullish MACD,Awal Reversal (5>20),Normal,Distribusi (Turun),Normal,Dominan Jual (Guyur),Squeeze,Rendah,Normal,Area Tengah,< 1 Miliar,Persis di VWAP,Akumulasi Pro (Smart Money),Gorengan Sepi (< 5M),Normal (50-150%),Mark-Down (Fase Runtuh),Normal,Normal,Turun 2 Hari Beruntun,TP: 10233 | CL: 9344,Normal,Sangat Menarik (> 1:3),2,WAIT & SEE,TIDAK ADA,2026-08-03 15:55:01
15:55,DOSS,Small Cap (Lapis 3),Fair Value (Wajar),0.0,1.3170178,157.0,138,129,191,-3.6809815950920246,5976500,Normal,68,Negatif,Uptrend,Bullish,Strong Bullish,Perfect Uptrend (5>20>50),Normal,Akumulasi (Naik),Normal,Dominan Jual (Guyur),Normal,Tinggi,Normal,Rawan Pucuk (High Risk),< 1 Miliar,Di Bawah VWAP (Lemah),Distribusi Pro (Guyuran),Ritel Aktif (5M - 50M),Sepi (< 50%),Mark-Up (Fase Pesta),Spesialis Tiang Jemuran (Banting Pucuk),Normal,Turun 1 Hari Beruntun,TP: 173 | CL: 146,Normal,Menengah (1:1),5,WAIT & SEE,TIDAK ADA,2026-08-03 15:55:01
15:55,DPNS,Small Cap (Lapis 3),Undervalued (Murah),4.298511,0.3023119,310.0,310,310,310,0.0,0,Normal,0,Negatif,Downtrend,Bearish,Bearish MACD,Konsolidasi / Transisi,Normal,Netral,Normal,Tidak Ada Transaksi,Squeeze,Rendah,Doji (Ragu-ragu),Dekat Support (Low Risk),< 1 Miliar,Di Atas VWAP (Kuat),Netral,Gorengan Sepi (< 5M),Normal (50-150%),Sideways,Solid (Jarang Dibanting),Normal,Sideways / Stagnan,TP: 311 | CL: 309,Normal,Di Area Support,0,WAIT & SEE,TIDAK ADA,2026-08-03 15:55:01
15:55,DRMA,Mid Cap (Lapis 2),Fair Value (Wajar),6.451395,1.6465944,955.0,919,870,965,-0.5208333333333333,617700,Tembus MA20,62,Negatif,Uptrend,Bullish,Strong Bullish,Awal Reversal (5>20),Normal,Akumulasi (Naik),Normal,Seimbang / Adu Mekanik,Normal,Sedang,Normal,Area Tengah,< 1 Miliar,Di Atas VWAP (Kuat),Akumulasi Pro (Smart Money),Gorengan Sepi (< 5M),Normal (50-150%),Accumulation (Kumpul Barang),Normal,Jarum Bawah (Sinyal Pantulan Kuat),Turun 1 Hari Beruntun,TP: 992 | CL: 930,Normal,Tidak Ideal (< 1:1),6,WAIT & SEE,TIDAK ADA,2026-08-03 15:55:01
15:55,DUTI,Mid Cap (Lapis 2),Fair Value (Wajar),19.607843,0.77125525,4290.0,4197,3960,4290,0.0,900,Normal,71,Negatif,Uptrend,Bullish,Bearish MACD,Perfect Uptrend (5>20>50),Normal,Netral,Normal,Tidak Ada Transaksi,Normal,Sedang,Doji (Ragu-ragu),Area Tengah,< 1 Miliar,Persis di VWAP,Akumulasi Pro (Smart Money),Gorengan Sepi (< 5M),Sepi (< 50%),Mark-Up (Fase Pesta),Solid (Jarang Dibanting),Normal,Sideways / Stagnan,TP: 4365 | CL: 4240,Normal,Tidak Ideal (< 1:1),3,WAIT & SEE,TIDAK ADA,2026-08-03 15:55:01
15:55,DVLA,Mid Cap (Lapis 2),Undervalued (Murah),12.684059,1.183402,1585.0,1568,1505,1600,-0.9375,14100,Tembus MA20,62,Negatif,Uptrend,Bullish,Strong Bullish,Perfect Uptrend (5>20>50),Normal,Akumulasi (Naik),Normal,Seimbang / Adu Mekanik,Squeeze,Rendah,Normal,Area Tengah,< 1 Miliar,Persis di VWAP,Akumulasi Pro (Smart Money),Gorengan Sepi (< 5M),Normal (50-150%),Mark-Up (Fase Pesta),Normal,Jarum Bawah (Sinyal Pantulan Kuat),Turun 1 Hari Beruntun,TP: 1621 | CL: 1560,Normal,Tidak Ideal (< 1:1),6,WAIT & SEE,TIDAK ADA,2026-08-03 15:55:01
15:55,DWGL,Mid Cap (Lapis 2),Overvalued (Mahal),14.777916,6.5875907,358.0,256,216,398,-3.2432432432432434,3549000,Normal,77,Negatif,Uptrend,Bullish,Strong Bullish,Perfect Uptrend (5>20>50),Normal,Akumulasi (Naik),Normal,Dominan Jual (Guyur),Normal,Tinggi,Normal,Rawan Pucuk (High Risk),> 1 Miliar,Di Atas VWAP (Kuat),Akumulasi Pro (Smart Money),Ritel Aktif (5M - 50M),Sepi (< 50%),Mark-Up (Fase Pesta),Normal,Normal,Turun 2 Hari Beruntun,TP: 398 | CL: 331,Normal,Tidak Ideal (< 1:1),5,WAIT & SEE,TIDAK ADA,2026-08-03 15:55:01
15:55,EAST,Small Cap (Lapis 3),Fair Value (Wajar),22.21149,0.827554,93.0,90,87,94,1.0869565217391304,2546400,Tembus MA20,69,Positif,Uptrend,Bullish,Strong Bullish,Perfect Uptrend (5>20>50),Akumulasi Kuat,Akumulasi (Naik),Normal,Seimbang / Adu Mekanik,Squeeze,Rendah,Normal,Area Tengah,< 1 Miliar,Di Atas VWAP (Kuat),Akumulasi Pro (Smart Money),Gorengan Sepi (< 5M),Ledakan Ekstrem (> 300%),Mark-Up (Fase Pesta),Normal,Normal,Naik 2 Hari Beruntun,TP: 95 | CL: 91,Open = Low (Bullish Kuat),Tidak Ideal (< 1:1),8,BELI,TIDAK ADA,2026-08-03 15:55:01
15:55,EDGE,Mid Cap (Lapis 2),Overvalued (Mahal),81.29668,5.354444,4790.0,4790,4790,4790,0.0,0,Normal,0,Negatif,Downtrend,Bearish,Bearish MACD,Konsolidasi / Transisi,Normal,Netral,Normal,Tidak Ada Transaksi,Squeeze,Rendah,Doji (Ragu-ragu),Dekat Support (Low Risk),< 1 Miliar,Di Atas VWAP (Kuat),Netral,Gorengan Sepi (< 5M),Normal (50-150%),Sideways,Solid (Jarang Dibanting),Normal,Sideways / Stagnan,TP: 4791 | CL: 4789,Normal,Di Area Support,0,WAIT & SEE,TIDAK ADA,2026-08-03 15:55:01
15:55,ENAK,Small Cap (Lapis 3),Fair Value (Wajar),0.0,2.2970614,242.0,259,238,308,-3.968253968253968,390700,Normal,42,Negatif,Downtrend,Bearish,Strong Bearish,Strong Downtrend (5<20<50),Normal,Distribusi (Turun),Normal,Dominan Jual (Guyur),Normal,Tinggi,Normal,Dekat Support (Low Risk),< 1 Miliar,Di Bawah VWAP (Lemah),Distribusi Pro (Guyuran),Gorengan Sepi (< 5M),Sepi (< 50%),Mark-Down (Fase Runtuh),Normal,Normal,Turun 1 Hari Beruntun,TP: 273 | CL: 221,Open = High (Tekanan Jual),Sangat Menarik (> 1:3),0,WAIT & SEE,TIDAK ADA,2026-08-03 15:55:01
15:55,EPMT,Mid Cap (Lapis 2),Undervalued (Murah),8.215921,0.7867586,2350.0,2317,2260,2380,-0.423728813559322,28900,Tembus MA20,55,Negatif,Uptrend,Bearish,Bullish MACD,Konsolidasi / Transisi,Normal,Akumulasi (Naik),Normal,Seimbang / Adu Mekanik,Squeeze,Rendah,Normal,Area Tengah,< 1 Miliar,Di Atas VWAP (Kuat),Akumulasi Pro (Smart Money),Gorengan Sepi (< 5M),Normal (50-150%),Mark-Up (Fase Pesta),Normal,Normal,Turun 1 Hari Beruntun,TP: 2415 | CL: 2306,Normal,Tidak Ideal (< 1:1),5,WAIT & SEE,TIDAK ADA,2026-08-03 15:55:01
15:55,ETWA,Small Cap (Lapis 3),Fair Value (Wajar),0.0,-0.75840473,70.0,70,70,70,0.0,0,Normal,0,Negatif,Downtrend,Bearish,Bearish MACD,Konsolidasi / Transisi,Normal,Netral,Normal,Tidak Ada Transaksi,Squeeze,Rendah,Doji (Ragu-ragu),Dekat Support (Low Risk),< 1 Miliar,Di Atas VWAP (Kuat),Netral,Gorengan Sepi (< 5M),Normal (50-150%),Sideways,Solid (Jarang Dibanting),Normal,Sideways / Stagnan,TP: 71 | CL: 69,Normal,Di Area Support,0,WAIT & SEE,TIDAK ADA,2026-08-03 15:55:01
15:55,EURO,Mid Cap (Lapis 2),Overvalued (Mahal),2320.513,87.044334,1810.0,1857,1655,2170,-6.701030927835052,362000,Normal,46,Negatif,Downtrend,Bullish,Strong Bullish,Perfect Uptrend (5>20>50),Normal,Distribusi (Turun),Normal,Dominan Jual (Guyur),Normal,Tinggi,Normal,Area Tengah,< 1 Miliar,Di Bawah VWAP (Lemah),Distribusi Pro (Guyuran),Gorengan Sepi (< 5M),Sepi (< 50%),Distribution (Fase Jualan),Spesialis Tiang Jemuran (Banting Pucuk),Normal,Turun 2 Hari Beruntun,TP: 1995 | CL: 1686,Open = High (Tekanan Jual),Ideal (1:2),2,WAIT & SEE,TIDAK ADA,2026-08-03 15:55:01
15:55,FAPA,Big Cap (Lapis 1),Overvalued (Mahal),20.242916,6.476672,7350.0,7366,7250,7575,0.0,1200,Normal,54,Negatif,Downtrend,Bearish,Bearish MACD,Konsolidasi / Transisi,Normal,Akumulasi (Naik),Normal,Seimbang / Adu Mekanik,Squeeze,Rendah,Normal,Dekat Support (Low Risk),< 1 Miliar,Persis di VWAP,Akumulasi Pro (Smart Money),Gorengan Sepi (< 5M),Sepi (< 50%),Distribution (Fase Jualan),Normal,Normal,Sideways / Stagnan,TP: 7427 | CL: 7298,Open = Low (Bullish Kuat),Ideal (1:2),2,WAIT & SEE,TIDAK ADA,2026-08-03 15:55:01
15:55,FASW,Big Cap (Lapis 1),Overvalued (Mahal),0.0,3.013094,5312.4970703125,5312,5312,5312,0.0,0,Normal,0,Negatif,Downtrend,Bearish,Bearish MACD,Konsolidasi / Transisi,Normal,Netral,Normal,Tidak Ada Transaksi,Squeeze,Rendah,Doji (Ragu-ragu),Dekat Support (Low Risk),< 1 Miliar,Di Atas VWAP (Kuat),Netral,Gorengan Sepi (< 5M),Normal (50-150%),Sideways,Solid (Jarang Dibanting),Normal,Sideways / Stagnan,TP: 5313 | CL: 5311,Normal,Di Area Support,0,WAIT & SEE,TIDAK ADA,2026-08-03 15:55:01
15:55,FIMP,Small Cap (Lapis 3),Fair Value (Wajar),0.0,1.2991904,69.0,69,69,69,0.0,0,Normal,0,Negatif,Downtrend,Bearish,Bearish MACD,Konsolidasi / Transisi,Normal,Netral,Normal,Tidak Ada Transaksi,Squeeze,Rendah,Doji (Ragu-ragu),Dekat Support (Low Risk),< 1 Miliar,Di Atas VWAP (Kuat),Netral,Gorengan Sepi (< 5M),Normal (50-150%),Sideways,Solid (Jarang Dibanting),Normal,Sideways / Stagnan,TP: 70 | CL: 68,Normal,Di Area Support,0,WAIT & SEE,TIDAK ADA,2026-08-03 15:55:01
15:55,FISH,Mid Cap (Lapis 2),Overvalued (Mahal),11.233886,16486.486,610.0,630,585,680,-0.8130081300813009,32900,Normal,45,Negatif,Downtrend,Bearish,Strong Bearish,Konsolidasi / Transisi,Normal,Distribusi (Turun),Normal,Dominan Jual (Guyur),Normal,Sedang,Normal,Area Tengah,< 1 Miliar,Persis di VWAP,Distribusi Pro (Guyuran),Gorengan Sepi (< 5M),Sepi (< 50%),Distribution (Fase Jualan),Normal,Normal,Turun 2 Hari Beruntun,TP: 662 | CL: 575,Open = High (Tekanan Jual),Ideal (1:2),0,WAIT & SEE,TIDAK ADA,2026-08-03 15:55:01
15:55,FITT,Small Cap (Lapis 3),Overvalued (Mahal),0.0,6.085369,350.0,364,330,392,0.0,282300,Tembus MA20,40,Negatif,Downtrend,Bearish,Strong Bearish,Strong Downtrend (5<20<50),Normal,Akumulasi (Naik),Gap Up (+2.3%),Dominan Jual (Guyur),Normal,Sedang,Normal,Area Tengah,< 1 Miliar,Di Bawah VWAP (Lemah),Distribusi Pro (Guyuran),Gorengan Sepi (< 5M),Normal (50-150%),Mark-Down (Fase Runtuh),Spesialis Tiang Jemuran (Banting Pucuk),Normal,Sideways / Stagnan,TP: 382 | CL: 328,Open = High (Tekanan Jual),Ideal (1:2),3,WAIT & SEE,TIDAK ADA,2026-08-03 15:55:01
15:55,FORU,Mid Cap (Lapis 2),Overvalued (Mahal),0.0,81.14475,2790.0,2976,2590,3610,-3.793103448275862,813700,Normal,45,Negatif,Downtrend,Bearish,Bearish MACD,Konsolidasi / Transisi,Normal,Akumulasi (Naik),Normal,Dominan Jual (Guyur),Normal,Tinggi,Normal,Area Tengah,> 1 Miliar,Di Bawah VWAP (Lemah),Distribusi Pro (Guyuran),Gorengan Sepi (< 5M),Normal (50-150%),Distribution (Fase Jualan),Spesialis Tiang Jemuran (Banting Pucuk),Normal,Turun 3 Hari Beruntun,TP: 3288 | CL: 2457,Open = High (Tekanan Jual),Sangat Menarik (> 1:3),1,WAIT & SEE,TIDAK ADA,2026-08-03 15:55:01
15:55,GDST,Small Cap (Lapis 3),Fair Value (Wajar),20.081966,0.6362067,98.0,91,79,119,1.0309278350515463,10139400,Normal,60,Positif,Uptrend,Bullish,Strong Bullish,Perfect Uptrend (5>20>50),Normal,Distribusi (Turun),Gap Up (+3.1%),Dominan Jual (Guyur),Normal,Tinggi,Normal,Rawan Pucuk (High Risk),< 1 Miliar,Di Bawah VWAP (Lemah),Distribusi Pro (Guyuran),Gorengan Sepi (< 5M),Sepi (< 50%),Mark-Up (Fase Pesta),Spesialis Tiang Jemuran (Banting Pucuk),Normal,Naik 1 Hari Beruntun,TP: 114 | CL: 87,Normal,Menengah (1:1),6,WAIT & SEE,TIDAK ADA,2026-08-03 15:55:01
15:55,GDYR,Small Cap (Lapis 3),Overvalued (Mahal),180833.33,7281.879,1085.0,1092,1060,1165,-0.91324200913242,32500,Tembus MA20,48,Negatif,Downtrend,Death Cross,Bearish MACD,Konsolidasi / Transisi,Normal,Distribusi (Turun),Gap Down (-2.3%),Dominan Beli (Hajar Kanan),Squeeze,Rendah,Normal,Dekat Support (Low Risk),< 1 Miliar,Persis di VWAP,Akumulasi Pro (Smart Money),Gorengan Sepi (< 5M),Anomali Tinggi (150-300%),Distribution (Fase Jualan),Normal,Normal,Turun 1 Hari Beruntun,TP: 1123 | CL: 1059,Normal,Sangat Menarik (> 1:3),2,WAIT & SEE,TIDAK ADA,2026-08-03 15:55:01
15:55,GEMS,Big Cap (Lapis 1),Overvalued (Mahal),9.209668,48872.18,6500.0,6493,6200,6800,0.3861003861003861,20600,Normal,51,Positif,Uptrend,Bearish,Bullish MACD,Strong Downtrend (5<20<50),Normal,Distribusi (Turun),Normal,Seimbang / Adu Mekanik,Squeeze,Rendah,Doji (Ragu-ragu),Area Tengah,< 1 Miliar,Persis di VWAP,Distribusi Pro (Guyuran),Gorengan Sepi (< 5M),Sepi (< 50%),Accumulation (Kumpul Barang),Spesialis Tiang Jemuran (Banting Pucuk),Normal,Naik 3 Hari Beruntun,TP: 6757 | CL: 6328,Normal,Menengah (1:1),4,WAIT & SEE,TIDAK ADA,2026-08-03 15:55:01
15:55,GGRP,Mid Cap (Lapis 2),Overvalued (Mahal),0.0,5622.6416,298.0,293,286,308,0.0,212300,Normal,58,Negatif,Uptrend,Bullish,Strong Bullish,Perfect Uptrend (5>20>50),Normal,Akumulasi (Naik),Normal,Seimbang / Adu Mekanik,Squeeze,Rendah,Doji (Ragu-ragu),Area Tengah,< 1 Miliar,Persis di VWAP,Distribusi Pro (Guyuran),Gorengan Sepi (< 5M),Sepi (< 50%),Mark-Up (Fase Pesta),Spesialis Tiang Jemuran (Banting Pucuk),Normal,Sideways / Stagnan,TP: 308 | CL: 291,Normal,Tidak Ideal (< 1:1),5,WAIT & SEE,TIDAK ADA,2026-08-03 15:55:01
15:55,GHON,Small Cap (Lapis 3),Undervalued (Murah),9.977108,1.1515057,1630.0,1616,1535,1700,0.0,6500,Normal,47,Negatif,Uptrend,Bullish,Bullish MACD,Awal Reversal (5>20),Normal,Distribusi (Turun),Normal,Seimbang / Adu Mekanik,Squeeze,Rendah,Normal,Area Tengah,< 1 Miliar,Persis di VWAP,Akumulasi Pro (Smart Money),Gorengan Sepi (< 5M),Sepi (< 50%),Accumulation (Kumpul Barang),Normal,Normal,Sideways / Stagnan,TP: 1694 | CL: 1587,Open = High (Tekanan Jual),Tidak Ideal (< 1:1),3,WAIT & SEE,TIDAK ADA,2026-08-03 15:55:01
15:55,GLOB,Small Cap (Lapis 3),Fair Value (Wajar),0.0,-0.14311859,155.0,155,155,155,0.0,0,Normal,0,Negatif,Downtrend,Bearish,Bearish MACD,Konsolidasi / Transisi,Normal,Netral,Normal,Tidak Ada Transaksi,Squeeze,Rendah,Doji (Ragu-ragu),Dekat Support (Low Risk),< 1 Miliar,Di Atas VWAP (Kuat),Netral,Gorengan Sepi (< 5M),Normal (50-150%),Sideways,Solid (Jarang Dibanting),Normal,Sideways / Stagnan,TP: 156 | CL: 154,Normal,Di Area Support,0,WAIT & SEE,TIDAK ADA,2026-08-03 15:55:01
15:55,GMTD,Mid Cap (Lapis 2),Overvalued (Mahal),96.16829,1.5361701,1280.0,1305,1210,1660,0.0,8400,Normal,45,Negatif,Downtrend,Bullish,Bullish MACD,Awal Reversal (5>20),Normal,Distribusi (Turun),Normal,Dominan Beli (Hajar Kanan),Normal,Tinggi,Doji (Ragu-ragu),Area Tengah,< 1 Miliar,Di Bawah VWAP (Lemah),Distribusi Pro (Guyuran),Gorengan Sepi (< 5M),Sepi (< 50%),Mark-Down (Fase Runtuh),Spesialis Tiang Jemuran (Banting Pucuk),Jarum Bawah (Sinyal Pantulan Kuat),Sideways / Stagnan,TP: 1495 | CL: 1136,Normal,Sangat Menarik (> 1:3),3,WAIT & SEE,TIDAK ADA,2026-08-03 15:55:01
15:55,GOLD,Small Cap (Lapis 3),Fair Value (Wajar),22.905264,0.798286,272.0,260,238,322,3.816793893129771,80800,Normal,57,Positif,Uptrend,Bullish,Strong Bullish,Perfect Uptrend (5>20>50),Normal,Distribusi (Turun),Normal,Seimbang / Adu Mekanik,Normal,Tinggi,Normal,Rawan Pucuk (High Risk),< 1 Miliar,Persis di VWAP,Distribusi Pro (Guyuran),Gorengan Sepi (< 5M),Sepi (< 50%),Mark-Up (Fase Pesta),Spesialis Tiang Jemuran (Banting Pucuk),Normal,Naik 1 Hari Beruntun,TP: 306 | CL: 248,Normal,Menengah (1:1),5,WAIT & SEE,TIDAK ADA,2026-08-03 15:55:01
15:55,GOOD,Big Cap (Lapis 1),Fair Value (Wajar),15.614973,2.632409,292.0,299,286,310,-0.6802721088435374,95700,Normal,37,Negatif,Downtrend,Bearish,Strong Bearish,Strong Downtrend (5<20<50),Normal,Distribusi (Turun),Normal,Dominan Jual (Guyur),Bottom Rebound,Sedang,Normal,Dekat Support (Low Risk),< 1 Miliar,Persis di VWAP,Distribusi Pro (Guyuran),Gorengan Sepi (< 5M),Sepi (< 50%),Mark-Down (Fase Runtuh),Normal,Normal,Turun 1 Hari Beruntun,TP: 302 | CL: 285,Open = High (Tekanan Jual),Sangat Menarik (> 1:3),0,WAIT & SEE,TIDAK ADA,2026-08-03 15:55:01
15:55,GRPH,Small Cap (Lapis 3),Fair Value (Wajar),0.0,0.77033687,60.0,59,57,66,1.694915254237288,501700,Normal,53,Positif,Uptrend,Bullish,Strong Bullish,Perfect Uptrend (5>20>50),Normal,Distribusi (Turun),Normal,Dominan Beli (Hajar Kanan),Squeeze,Rendah,Doji (Ragu-ragu),Area Tengah,< 1 Miliar,Persis di VWAP,Distribusi Pro (Guyuran),Gorengan Sepi (< 5M),Sepi (< 50%),Mark-Up (Fase Pesta),Spesialis Tiang Jemuran (Banting Pucuk),Jarum Bawah (Sinyal Pantulan Kuat),Naik 1 Hari Beruntun,TP: 63 | CL: 57,Normal,Ideal (1:2),6,WAIT & SEE,TIDAK ADA,2026-08-03 15:55:01
15:55,GTRA,Small Cap (Lapis 3),Fair Value (Wajar),0.0,1.1281052,242.0,219,178,260,0.0,334100,Normal,69,Negatif,Uptrend,Bullish,Strong Bullish,Perfect Uptrend (5>20>50),Normal,Akumulasi (Naik),Normal,Seimbang / Adu Mekanik,Normal,Tinggi,Normal,Rawan Pucuk (High Risk),< 1 Miliar,Persis di VWAP,Distribusi Pro (Guyuran),Gorengan Sepi (< 5M),Normal (50-150%),Mark-Up (Fase Pesta),Spesialis Tiang Jemuran (Banting Pucuk),Normal,Sideways / Stagnan,TP: 267 | CL: 225,Normal,Tidak Ideal (< 1:1),5,WAIT & SEE,TIDAK ADA,2026-08-03 15:55:01
15:55,GUNA,Small Cap (Lapis 3),Fair Value (Wajar),0.0,0.8213957,200.0,193,158,210,-0.9900990099009901,59300,Normal,63,Negatif,Uptrend,Bullish,Bearish MACD,Perfect Uptrend (5>20>50),Normal,Akumulasi (Naik),Normal,Seimbang / Adu Mekanik,Normal,Tinggi,Normal,Rawan Pucuk (High Risk),< 1 Miliar,Persis di VWAP,Akumulasi Pro (Smart Money),Gorengan Sepi (< 5M),Sepi (< 50%),Mark-Up (Fase Pesta),Normal,Normal,Turun 1 Hari Beruntun,TP: 213 | CL: 190,Normal,Tidak Ideal (< 1:1),4,WAIT & SEE,TIDAK ADA,2026-08-03 15:55:01
15:55,GWSA,Mid Cap (Lapis 2),Undervalued (Murah),7.6340327,0.14015327,131.0,123,110,137,0.7692307692307693,1011800,Normal,62,Positif,Uptrend,Bullish,Strong Bullish,Perfect Uptrend (5>20>50),Normal,Akumulasi (Naik),Normal,Seimbang / Adu Mekanik,Normal,Tinggi,Normal,Rawan Pucuk (High Risk),< 1 Miliar,Di Atas VWAP (Kuat),Distribusi Pro (Guyuran),Gorengan Sepi (< 5M),Normal (50-150%),Mark-Up (Fase Pesta),Normal,Normal,Naik 2 Hari Beruntun,TP: 142 | CL: 123,Normal,Tidak Ideal (< 1:1),6,WAIT & SEE,TIDAK ADA,2026-08-03 15:55:01
15:55,HAIS,Small Cap (Lapis 3),Undervalued (Murah),8.478919,0.6108572,182.0,181,174,191,-2.6737967914438503,690800,Tembus MA20,52,Negatif,Uptrend,Bullish,Bearish MACD,Perfect Uptrend (5>20>50),Normal,Akumulasi (Naik),Normal,Seimbang / Adu Mekanik,Squeeze,Rendah,Normal,Area Tengah,< 1 Miliar,Di Bawah VWAP (Lemah),Akumulasi Pro (Smart Money),Gorengan Sepi (< 5M),Normal (50-150%),Mark-Up (Fase Pesta),Normal,Normal,Turun 1 Hari Beruntun,TP: 190 | CL: 176,Open = High (Tekanan Jual),Menengah (1:1),5,WAIT & SEE,TIDAK ADA,2026-08-03 15:55:01
15:55,HDFA,Small Cap (Lapis 3),Fair Value (Wajar),0.0,1.194759,90.0,88,85,107,-2.1739130434782608,157200,Normal,52,Negatif,Uptrend,Bullish,Strong Bullish,Perfect Uptrend (5>20>50),Normal,Akumulasi (Naik),Normal,Seimbang / Adu Mekanik,Squeeze,Rendah,Normal,Area Tengah,< 1 Miliar,Di Bawah VWAP (Lemah),Distribusi Pro (Guyuran),Gorengan Sepi (< 5M),Sepi (< 50%),Mark-Up (Fase Pesta),Spesialis Tiang Jemuran (Banting Pucuk),Normal,Turun 1 Hari Beruntun,TP: 99 | CL: 83,Open = High (Tekanan Jual),Sangat Menarik (> 1:3),5,WAIT & SEE,TIDAK ADA,2026-08-03 15:55:01
15:55,HDIT,Small Cap (Lapis 3),Fair Value (Wajar),0.0,0.3239265,50.0,50,50,57,-1.9607843137254901,1548500,Normal,45,Negatif,Downtrend,Bearish,Bullish MACD,Strong Downtrend (5<20<50),Normal,Akumulasi (Naik),Normal,Tidak Ada Transaksi,Squeeze,Rendah,Doji (Ragu-ragu),Dekat Support (Low Risk),< 1 Miliar,Persis di VWAP,Distribusi Pro (Guyuran),Gorengan Sepi (< 5M),Sepi (< 50%),Mark-Down (Fase Runtuh),Spesialis Tiang Jemuran (Banting Pucuk),Normal,Turun 1 Hari Beruntun,TP: 52 | CL: 48,Normal,Di Area Support,2,WAIT & SEE,TIDAK ADA,2026-08-03 15:55:01
15:55,HELI,Small Cap (Lapis 3),Fair Value (Wajar),5.893417,1.7265289,192.0,183,173,240,4.918032786885246,1767600,Tembus MA20,57,Positif,Uptrend,Bullish,Strong Bullish,Perfect Uptrend (5>20>50),Normal,Distribusi (Turun),Normal,Dominan Beli (Hajar Kanan),Normal,Sedang,Normal,Rawan Pucuk (High Risk),< 1 Miliar,Di Atas VWAP (Kuat),Distribusi Pro (Guyuran),Gorengan Sepi (< 5M),Normal (50-150%),Mark-Up (Fase Pesta),Spesialis Tiang Jemuran (Banting Pucuk),Normal,Naik 2 Hari Beruntun,TP: 211 | CL: 178,Normal,Ideal (1:2),7,BELI,TIDAK ADA,2026-08-03 15:55:01
15:55,HERO,Mid Cap (Lapis 2),Fair Value (Wajar),19.222221,0.8291318,346.0,336,304,372,3.592814371257485,510100,Tembus MA20,54,Positif,Uptrend,Bullish,Strong Bullish,Perfect Uptrend (5>20>50),Normal,Akumulasi (Naik),Normal,Seimbang / Adu Mekanik,Normal,Sedang,Normal,Rawan Pucuk (High Risk),< 1 Miliar,Persis di VWAP,Akumulasi Pro (Smart Money),Gorengan Sepi (< 5M),Normal (50-150%),Mark-Up (Fase Pesta),Normal,Normal,Naik 1 Hari Beruntun,TP: 375 | CL: 326,Normal,Tidak Ideal (< 1:1),7,BELI,TIDAK ADA,2026-08-03 15:55:01
15:55,HEXA,Mid Cap (Lapis 2),Overvalued (Mahal),12.945831,22704.082,4450.0,4439,4260,4570,-0.44742729306487694,119000,Normal,51,Negatif,Uptrend,Bullish,Bearish MACD,Perfect Uptrend (5>20>50),Normal,Distribusi (Turun),Normal,Dominan Jual (Guyur),Squeeze,Rendah,Normal,Area Tengah,< 1 Miliar,Persis di VWAP,Distribusi Pro (Guyuran),Gorengan Sepi (< 5M),Normal (50-150%),Mark-Up (Fase Pesta),Normal,Normal,Turun 1 Hari Beruntun,TP: 4530 | CL: 4396,Normal,Tidak Ideal (< 1:1),3,WAIT & SEE,TIDAK ADA,2026-08-03 15:55:01
15:55,HGII,Small Cap (Lapis 3),Fair Value (Wajar),0.0,1.0357774,120.0,121,119,128,-1.639344262295082,289100,Tembus MA20,42,Negatif,Downtrend,Bearish,Bullish MACD,Strong Downtrend (5<20<50),Normal,Distribusi (Turun),Normal,Dominan Jual (Guyur),Squeeze,Rendah,Normal,Dekat Support (Low Risk),< 1 Miliar,Persis di VWAP,Distribusi Pro (Guyuran),Gorengan Sepi (< 5M),Normal (50-150%),Mark-Down (Fase Runtuh),Spesialis Tiang Jemuran (Banting Pucuk),Normal,Turun 1 Hari Beruntun,TP: 123 | CL: 117,Open = High (Tekanan Jual),Sangat Menarik (> 1:3),2,WAIT & SEE,TIDAK ADA,2026-08-03 15:55:01
15:55,HILL,Small Cap (Lapis 3),Fair Value (Wajar),0.0,1.8054614,16.0,16,16,16,0.0,0,Normal,46,Negatif,Downtrend,Bearish,Bullish MACD,Konsolidasi / Transisi,Normal,Netral,Normal,Tidak Ada Transaksi,Squeeze,Rendah,Doji (Ragu-ragu),Dekat Support (Low Risk),< 1 Miliar,Di Atas VWAP (Kuat),Netral,Gorengan Sepi (< 5M),Normal (50-150%),Sideways,Solid (Jarang Dibanting),Normal,Sideways / Stagnan,TP: 17 | CL: 15,Normal,Di Area Support,1,WAIT & SEE,TIDAK ADA,2026-08-03 15:55:01
15:55,HITS,Small Cap (Lapis 3),Overvalued (Mahal),24.21712,12888.89,116.0,116,116,116,0.0,0,Normal,0,Negatif,Downtrend,Bearish,Bearish MACD,Konsolidasi / Transisi,Normal,Netral,Normal,Tidak Ada Transaksi,Squeeze,Rendah,Doji (Ragu-ragu),Dekat Support (Low Risk),< 1 Miliar,Di Atas VWAP (Kuat),Netral,Gorengan Sepi (< 5M),Normal (50-150%),Sideways,Solid (Jarang Dibanting),Normal,Sideways / Stagnan,TP: 117 | CL: 115,Normal,Di Area Support,0,WAIT & SEE,TIDAK ADA,2026-08-03 15:55:01
15:55,HRME,Small Cap (Lapis 3),Fair Value (Wajar),0.0,0.47162396,42.0,44,40,53,0.0,631400,Normal,46,Negatif,Downtrend,Bearish,Strong Bearish,Strong Downtrend (5<20<50),Normal,Distribusi (Turun),Normal,Tidak Ada Transaksi,Normal,Tinggi,Doji (Ragu-ragu),Area Tengah,< 1 Miliar,Di Atas VWAP (Kuat),Distribusi Pro (Guyuran),Gorengan Sepi (< 5M),Sepi (< 50%),Mark-Down (Fase Runtuh),Solid (Jarang Dibanting),Normal,Sideways / Stagnan,TP: 46 | CL: 39,Normal,Sangat Menarik (> 1:3),0,WAIT & SEE,TIDAK ADA,2026-08-03 15:55:01
15:55,HYGN,Small Cap (Lapis 3),Fair Value (Wajar),0.0,2.4600606,168.0,157,138,178,-1.7543859649122806,1206100,Normal,69,Negatif,Uptrend,Bullish,Strong Bullish,Perfect Uptrend (5>20>50),Normal,Akumulasi (Naik),Normal,Dominan Jual (Guyur),Normal,Tinggi,Normal,Rawan Pucuk (High Risk),< 1 Miliar,Persis di VWAP,Akumulasi Pro (Smart Money),Gorengan Sepi (< 5M),Sepi (< 50%),Mark-Up (Fase Pesta),Normal,Normal,Turun 2 Hari Beruntun,TP: 177 | CL: 161,Normal,Tidak Ideal (< 1:1),5,WAIT & SEE,TIDAK ADA,2026-08-03 15:55:01
15:55,IBFN,Small Cap (Lapis 3),Fair Value (Wajar),0.0,-0.12351173,63.0,63,63,63,0.0,0,Normal,45,Negatif,Downtrend,Bearish,Bullish MACD,Konsolidasi / Transisi,Normal,Netral,Normal,Tidak Ada Transaksi,Squeeze,Rendah,Doji (Ragu-ragu),Dekat Support (Low Risk),< 1 Miliar,Di Atas VWAP (Kuat),Netral,Gorengan Sepi (< 5M),Normal (50-150%),Sideways,Solid (Jarang Dibanting),Normal,Sideways / Stagnan,TP: 64 | CL: 62,Normal,Di Area Support,1,WAIT & SEE,TIDAK ADA,2026-08-03 15:55:01
15:55,IBST,Big Cap (Lapis 1),Overvalued (Mahal),29.15477,4.3611565,8475.0,8475,8475,8475,0.0,0,Normal,0,Negatif,Downtrend,Bearish,Bearish MACD,Konsolidasi / Transisi,Normal,Netral,Normal,Tidak Ada Transaksi,Squeeze,Rendah,Doji (Ragu-ragu),Dekat Support (Low Risk),< 1 Miliar,Di Atas VWAP (Kuat),Netral,Gorengan Sepi (< 5M),Normal (50-150%),Sideways,Solid (Jarang Dibanting),Normal,Sideways / Stagnan,TP: 8476 | CL: 8474,Normal,Di Area Support,0,WAIT & SEE,TIDAK ADA,2026-08-03 15:55:01
15:55,IDPR,Small Cap (Lapis 3),Fair Value (Wajar),19.29002,0.83346117,288.0,297,272,308,-0.6896551724137931,42500,Normal,41,Negatif,Downtrend,Bearish,Strong Bearish,Konsolidasi / Transisi,Normal,Distribusi (Turun),Normal,Dominan Beli (Hajar Kanan),Squeeze,Rendah,Normal,Area Tengah,< 1 Miliar,Persis di VWAP,Akumulasi Pro (Smart Money),Gorengan Sepi (< 5M),Sepi (< 50%),Distribution (Fase Jualan),Normal,Jarum Bawah (Sinyal Pantulan Kuat),Turun 2 Hari Beruntun,TP: 300 | CL: 279,Normal,Menengah (1:1),1,WAIT & SEE,TIDAK ADA,2026-08-03 15:55:01
15:55,IFII,Mid Cap (Lapis 2),Undervalued (Murah),12.866958,1.3559768,206.0,211,198,230,0.0,92100,Normal,39,Negatif,Downtrend,Bearish,Strong Bearish,Strong Downtrend (5<20<50),Normal,Distribusi (Turun),Normal,Seimbang / Adu Mekanik,Squeeze,Rendah,Normal,Area Tengah,< 1 Miliar,Di Bawah VWAP (Lemah),Distribusi Pro (Guyuran),Gorengan Sepi (< 5M),Sepi (< 50%),Mark-Down (Fase Runtuh),Spesialis Tiang Jemuran (Banting Pucuk),Normal,Sideways / Stagnan,TP: 218 | CL: 197,Open = High (Tekanan Jual),Sangat Menarik (> 1:3),0,WAIT & SEE,TIDAK ADA,2026-08-03 15:55:01
15:55,IFSH,Mid Cap (Lapis 2),Overvalued (Mahal),35.343708,2.4811354,1090.0,1182,1080,1430,-5.627705627705628,7700,Normal,40,Negatif,Downtrend,Bearish,Bullish MACD,Strong Downtrend (5<20<50),Normal,Distribusi (Turun),Gap Down (-5.6%),Tidak Ada Transaksi,Normal,Tinggi,Doji (Ragu-ragu),Dekat Support (Low Risk),< 1 Miliar,Di Bawah VWAP (Lemah),Distribusi Pro (Guyuran),Gorengan Sepi (< 5M),Normal (50-150%),Mark-Down (Fase Runtuh),Normal,Normal,Turun 4 Hari Beruntun,TP: 1176 | CL: 1032,Normal,Sangat Menarik (> 1:3),1,WAIT & SEE,TIDAK ADA,2026-08-03 15:55:01
15:55,IGAR,Small Cap (Lapis 3),Undervalued (Murah),7.30023,0.6043365,444.0,419,398,500,1.834862385321101,75000,Normal,64,Positif,Uptrend,Bullish,Strong Bullish,Perfect Uptrend (5>20>50),Normal,Akumulasi (Naik),Normal,Dominan Beli (Hajar Kanan),Breakout Upper,Sedang,Normal,Rawan Pucuk (High Risk),< 1 Miliar,Persis di VWAP,Distribusi Pro (Guyuran),Gorengan Sepi (< 5M),Normal (50-150%),Mark-Up (Fase Pesta),Spesialis Tiang Jemuran (Banting Pucuk),Normal,Naik 2 Hari Beruntun,TP: 475 | CL: 423,Normal,Menengah (1:1),7,BELI,TIDAK ADA,2026-08-03 15:55:01
15:55,IKBI,Small Cap (Lapis 3),Overvalued (Mahal),4.509995,7708.3335,555.0,557,525,595,-1.7699115044247788,268600,Tembus MA20,53,Negatif,Downtrend,Bearish,Bearish MACD,Konsolidasi / Transisi,Distribusi Kuat,Distribusi (Turun),Normal,Seimbang / Adu Mekanik,Normal,Sedang,Normal,Area Tengah,< 1 Miliar,Persis di VWAP,Akumulasi Pro (Smart Money),Gorengan Sepi (< 5M),Anomali Tinggi (150-300%),Distribution (Fase Jualan),Normal,Normal,Turun 2 Hari Beruntun,TP: 583 | CL: 535,Normal,Menengah (1:1),2,WAIT & SEE,TIDAK ADA,2026-08-03 15:55:01
15:55,IMAS,Mid Cap (Lapis 2),Overvalued (Mahal),26.83835,0.24385478,865.0,838,780,910,1.1695906432748537,266000,Tembus MA20,57,Positif,Uptrend,Bullish,Strong Bullish,Awal Reversal (5>20),Normal,Akumulasi (Naik),Normal,Dominan Beli (Hajar Kanan),Normal,Sedang,Normal,Rawan Pucuk (High Risk),< 1 Miliar,Persis di VWAP,Distribusi Pro (Guyuran),Gorengan Sepi (< 5M),Normal (50-150%),Accumulation (Kumpul Barang),Spesialis Tiang Jemuran (Banting Pucuk),Normal,Naik 2 Hari Beruntun,TP: 913 | CL: 832,Normal,Tidak Ideal (< 1:1),8,BELI,TIDAK ADA,2026-08-03 15:55:01
15:55,INAF,Small Cap (Lapis 3),Fair Value (Wajar),0.0,-0.55238926,126.0,126,126,126,0.0,0,Normal,0,Negatif,Downtrend,Bearish,Bearish MACD,Konsolidasi / Transisi,Normal,Netral,Normal,Tidak Ada Transaksi,Squeeze,Rendah,Doji (Ragu-ragu),Dekat Support (Low Risk),< 1 Miliar,Di Atas VWAP (Kuat),Netral,Gorengan Sepi (< 5M),Normal (50-150%),Sideways,Solid (Jarang Dibanting),Normal,Sideways / Stagnan,TP: 127 | CL: 125,Normal,Di Area Support,0,WAIT & SEE,TIDAK ADA,2026-08-03 15:55:01
15:55,INAI,Small Cap (Lapis 3),Fair Value (Wajar),0.0,1.5564272,172.0,159,129,220,-2.824858757062147,2419100,Normal,60,Negatif,Uptrend,Bullish,Strong Bullish,Perfect Uptrend (5>20>50),Normal,Akumulasi (Naik),Normal,Dominan Jual (Guyur),Normal,Tinggi,Normal,Rawan Pucuk (High Risk),< 1 Miliar,Di Bawah VWAP (Lemah),Distribusi Pro (Guyuran),Gorengan Sepi (< 5M),Sepi (< 50%),Mark-Up (Fase Pesta),Spesialis Tiang Jemuran (Banting Pucuk),Normal,Turun 3 Hari Beruntun,TP: 202 | CL: 151,Normal,Menengah (1:1),5,WAIT & SEE,TIDAK ADA,2026-08-03 15:55:01
15:55,INCF,Small Cap (Lapis 3),Fair Value (Wajar),0.0,0.56667495,50.0,50,50,50,0.0,0,Normal,19,Negatif,Downtrend,Bearish,Bullish MACD,Konsolidasi / Transisi,Normal,Netral,Normal,Tidak Ada Transaksi,Squeeze,Rendah,Doji (Ragu-ragu),Dekat Support (Low Risk),< 1 Miliar,Di Atas VWAP (Kuat),Netral,Gorengan Sepi (< 5M),Normal (50-150%),Sideways,Solid (Jarang Dibanting),Normal,Sideways / Stagnan,TP: 51 | CL: 49,Normal,Di Area Support,1,WAIT & SEE,TIDAK ADA,2026-08-03 15:55:01
15:55,INCI,Small Cap (Lapis 3),Undervalued (Murah),7.9015217,0.28532615,665.0,654,630,690,0.0,21400,Normal,54,Negatif,Uptrend,Bullish,Strong Bullish,Perfect Uptrend (5>20>50),Normal,Akumulasi (Naik),Normal,Dominan Beli (Hajar Kanan),Squeeze,Rendah,Doji (Ragu-ragu),Area Tengah,< 1 Miliar,Persis di VWAP,Akumulasi Pro (Smart Money),Gorengan Sepi (< 5M),Normal (50-150%),Mark-Up (Fase Pesta),Spesialis Tiang Jemuran (Banting Pucuk),Jarum Bawah (Sinyal Pantulan Kuat),Sideways / Stagnan,TP: 706 | CL: 637,Normal,Tidak Ideal (< 1:1),6,WAIT & SEE,TIDAK ADA,2026-08-03 15:55:01
15:55,INDR,Mid Cap (Lapis 2),Overvalued (Mahal),0.0,4166.6665,2350.0,2040,1930,2400,2.1739130434782608,64600,Tembus MA20,70,Positif,Uptrend,Bullish,Strong Bullish,Perfect Uptrend (5>20>50),Normal,Akumulasi (Naik),Gap Up (+3.5%),Dominan Beli (Hajar Kanan),Breakout Upper,Tinggi,Normal,Rawan Pucuk (High Risk),< 1 Miliar,Di Atas VWAP (Kuat),Akumulasi Pro (Smart Money),Gorengan Sepi (< 5M),Anomali Tinggi (150-300%),Mark-Up (Fase Pesta),Spesialis Tiang Jemuran (Banting Pucuk),Jarum Bawah (Sinyal Pantulan Kuat),Naik 3 Hari Beruntun,TP: 2531 | CL: 2228,Normal,Tidak Ideal (< 1:1),9,BELI,TIDAK ADA,2026-08-03 15:55:01
15:55,INDX,Small Cap (Lapis 3),Overvalued (Mahal),769.2308,1.1392765,60.0,60,60,60,0.0,0,Normal,31,Negatif,Downtrend,Bearish,Bullish MACD,Konsolidasi / Transisi,Normal,Netral,Normal,Tidak Ada Transaksi,Squeeze,Rendah,Doji (Ragu-ragu),Dekat Support (Low Risk),< 1 Miliar,Di Atas VWAP (Kuat),Netral,Gorengan Sepi (< 5M),Normal (50-150%),Sideways,Solid (Jarang Dibanting),Normal,Sideways / Stagnan,TP: 61 | CL: 59,Normal,Di Area Support,1,WAIT & SEE,TIDAK ADA,2026-08-03 15:55:01
15:55,INOV,Small Cap (Lapis 3),Undervalued (Murah),7.7030816,0.7596887,144.0,130,119,155,1.4084507042253522,6196000,Normal,69,Positif,Uptrend,Bullish,Strong Bullish,Perfect Uptrend (5>20>50),Normal,Akumulasi (Naik),Normal,Seimbang / Adu Mekanik,Breakout Upper,Tinggi,Normal,Rawan Pucuk (High Risk),< 1 Miliar,Di Atas VWAP (Kuat),Distribusi Pro (Guyuran),Gorengan Sepi (< 5M),Normal (50-150%),Mark-Up (Fase Pesta),Spesialis Tiang Jemuran (Banting Pucuk),Normal,Naik 3 Hari Beruntun,TP: 157 | CL: 135,Normal,Tidak Ideal (< 1:1),6,WAIT & SEE,TIDAK ADA,2026-08-03 15:55:01
15:55,INPP,Mid Cap (Lapis 2),Overvalued (Mahal),115.96639,1.3571696,690.0,698,635,750,-1.4285714285714286,106300,Normal,42,Negatif,Downtrend,Bearish,Bullish MACD,Strong Downtrend (5<20<50),Normal,Distribusi (Turun),Normal,Seimbang / Adu Mekanik,Squeeze,Rendah,Normal,Area Tengah,< 1 Miliar,Persis di VWAP,Akumulasi Pro (Smart Money),Gorengan Sepi (< 5M),Sepi (< 50%),Mark-Down (Fase Runtuh),Solid (Jarang Dibanting),Normal,Turun 1 Hari Beruntun,TP: 727 | CL: 665,Normal,Menengah (1:1),1,WAIT & SEE,TIDAK ADA,2026-08-03 15:55:01
15:55,INPS,Small Cap (Lapis 3),Fair Value (Wajar),0.0,-8.243432,690.0,635,530,720,3.7593984962406015,28100,Normal,56,Positif,Uptrend,Bullish,Strong Bullish,Awal Reversal (5>20),Normal,Akumulasi (Naik),Normal,Dominan Beli (Hajar Kanan),Normal,Tinggi,Marubozu (Strong Bullish),Rawan Pucuk (High Risk),< 1 Miliar,Di Atas VWAP (Kuat),Distribusi Pro (Guyuran),Gorengan Sepi (< 5M),Sepi (< 50%),Accumulation (Kumpul Barang),Normal,Normal,Naik 3 Hari Beruntun,TP: 754 | CL: 647,Open = Low (Bullish Kuat),Tidak Ideal (< 1:1),7,BELI,TIDAK ADA,2026-08-03 15:55:01
15:55,IPCC,Mid Cap (Lapis 2),Fair Value (Wajar),8.503401,1.6006324,1155.0,1192,1130,1250,0.43478260869565216,218300,Normal,46,Positif,Downtrend,Bearish,Strong Bearish,Konsolidasi / Transisi,Normal,Akumulasi (Naik),Normal,Dominan Beli (Hajar Kanan),Normal,Sedang,Doji (Ragu-ragu),Dekat Support (Low Risk),< 1 Miliar,Persis di VWAP,Distribusi Pro (Guyuran),Gorengan Sepi (< 5M),Sepi (< 50%),Distribution (Fase Jualan),Spesialis Tiang Jemuran (Banting Pucuk),Jarum Bawah (Sinyal Pantulan Kuat),Naik 2 Hari Beruntun,TP: 1197 | CL: 1126,Normal,Sangat Menarik (> 1:3),3,WAIT & SEE,TIDAK ADA,2026-08-03 15:55:01
15:55,IPPE,Small Cap (Lapis 3),Fair Value (Wajar),16.548464,0.22426194,14.0,14,14,14,0.0,0,Normal,0,Negatif,Downtrend,Bearish,Bearish MACD,Konsolidasi / Transisi,Normal,Netral,Normal,Tidak Ada Transaksi,Squeeze,Rendah,Doji (Ragu-ragu),Dekat Support (Low Risk),< 1 Miliar,Di Atas VWAP (Kuat),Netral,Gorengan Sepi (< 5M),Normal (50-150%),Sideways,Solid (Jarang Dibanting),Normal,Sideways / Stagnan,TP: 15 | CL: 13,Normal,Di Area Support,0,WAIT & SEE,TIDAK ADA,2026-08-03 15:55:01
15:55,ISSP,Mid Cap (Lapis 2),Undervalued (Murah),5.4808292,0.5346446,436.0,406,378,444,-0.9090909090909091,762800,Normal,68,Negatif,Uptrend,Bullish,Strong Bullish,Perfect Uptrend (5>20>50),Normal,Akumulasi (Naik),Normal,Seimbang / Adu Mekanik,Normal,Tinggi,Normal,Rawan Pucuk (High Risk),< 1 Miliar,Di Atas VWAP (Kuat),Akumulasi Pro (Smart Money),Gorengan Sepi (< 5M),Normal (50-150%),Mark-Up (Fase Pesta),Normal,Normal,Turun 1 Hari Beruntun,TP: 455 | CL: 422,Normal,Tidak Ideal (< 1:1),5,WAIT & SEE,TIDAK ADA,2026-08-03 15:55:01
15:55,ITIC,Small Cap (Lapis 3),Undervalued (Murah),9.961365,0.4186245,214.0,206,192,248,0.9433962264150944,368600,Normal,56,Positif,Uptrend,Bullish,Strong Bullish,Perfect Uptrend (5>20>50),Normal,Akumulasi (Naik),Normal,Dominan Beli (Hajar Kanan),Normal,Sedang,Normal,Rawan Pucuk (High Risk),< 1 Miliar,Di Bawah VWAP (Lemah),Distribusi Pro (Guyuran),Gorengan Sepi (< 5M),Sepi (< 50%),Mark-Up (Fase Pesta),Spesialis Tiang Jemuran (Banting Pucuk),Normal,Naik 1 Hari Beruntun,TP: 230 | CL: 202,Normal,Ideal (1:2),7,BELI,TIDAK ADA,2026-08-03 15:55:01
15:55,ITMA,Mid Cap (Lapis 2),Overvalued (Mahal),42.523796,6382.489,1385.0,1363,1290,1450,3.7453183520599254,32700,Normal,48,Positif,Uptrend,Bullish,Bullish MACD,Awal Reversal (5>20),Normal,Distribusi (Turun),Normal,Seimbang / Adu Mekanik,Normal,Sedang,Normal,Area Tengah,< 1 Miliar,Persis di VWAP,Distribusi Pro (Guyuran),Gorengan Sepi (< 5M),Normal (50-150%),Accumulation (Kumpul Barang),Spesialis Tiang Jemuran (Banting Pucuk),Normal,Naik 1 Hari Beruntun,TP: 1463 | CL: 1332,Open = Low (Bullish Kuat),Tidak Ideal (< 1:1),4,WAIT & SEE,TIDAK ADA,2026-08-03 15:55:01
15:55,JAWA,Mid Cap (Lapis 2),Fair Value (Wajar),0.0,1.5674365,128.0,118,108,142,-1.5384615384615385,6762200,Tembus MA20,62,Negatif,Uptrend,Bullish,Strong Bullish,Awal Reversal (5>20),Normal,Akumulasi (Naik),Normal,Dominan Jual (Guyur),Normal,Tinggi,Normal,Rawan Pucuk (High Risk),< 1 Miliar,Di Bawah VWAP (Lemah),Distribusi Pro (Guyuran),Gorengan Sepi (< 5M),Normal (50-150%),Accumulation (Kumpul Barang),Spesialis Tiang Jemuran (Banting Pucuk),Normal,Turun 1 Hari Beruntun,TP: 138 | CL: 121,Normal,Tidak Ideal (< 1:1),6,WAIT & SEE,TIDAK ADA,2026-08-03 15:55:01
15:55,JAYA,Small Cap (Lapis 3),Fair Value (Wajar),16.523869,0.8422024,135.0,125,119,137,2.272727272727273,1089600,Normal,67,Positif,Uptrend,Bullish,Strong Bullish,Perfect Uptrend (5>20>50),Normal,Akumulasi (Naik),Normal,Dominan Beli (Hajar Kanan),Breakout Upper,Sedang,Marubozu (Strong Bullish),Rawan Pucuk (High Risk),< 1 Miliar,Di Atas VWAP (Kuat),Distribusi Pro (Guyuran),Gorengan Sepi (< 5M),Sepi (< 50%),Mark-Up (Fase Pesta),Spesialis Tiang Jemuran (Banting Pucuk),Normal,Naik 3 Hari Beruntun,TP: 142 | CL: 130,Open = Low (Bullish Kuat),Tidak Ideal (< 1:1),7,BELI,TIDAK ADA,2026-08-03 15:55:01
15:55,JECC,Small Cap (Lapis 3),Undervalued (Murah),7.2595277,0.5370971,640.0,631,585,790,3.225806451612903,43900,Normal,54,Positif,Uptrend,Bearish,Strong Bearish,Konsolidasi / Transisi,Normal,Akumulasi (Naik),Normal,Dominan Beli (Hajar Kanan),Normal,Sedang,Normal,Area Tengah,< 1 Miliar,Di Atas VWAP (Kuat),Akumulasi Pro (Smart Money),Gorengan Sepi (< 5M),Normal (50-150%),Mark-Up (Fase Pesta),Spesialis Tiang Jemuran (Banting Pucuk),Normal,Naik 3 Hari Beruntun,TP: 670 | CL: 620,Normal,Ideal (1:2),5,WAIT & SEE,TIDAK ADA,2026-08-03 15:55:01
15:55,JMAS,Small Cap (Lapis 3),Overvalued (Mahal),178.125,1.8114791,228.0,228,228,228,0.0,0,Normal,39,Negatif,Downtrend,Bearish,Bullish MACD,Konsolidasi / Transisi,Normal,Netral,Normal,Tidak Ada Transaksi,Squeeze,Rendah,Doji (Ragu-ragu),Dekat Support (Low Risk),< 1 Miliar,Di Atas VWAP (Kuat),Netral,Gorengan Sepi (< 5M),Normal (50-150%),Sideways,Solid (Jarang Dibanting),Normal,Sideways / Stagnan,TP: 229 | CL: 227,Normal,Di Area Support,1,WAIT & SEE,TIDAK ADA,2026-08-03 15:55:01
15:55,JRPT,Big Cap (Lapis 1),Undervalued (Murah),10.292991,1.2563945,1075.0,1078,1060,1080,-0.4629629629629629,6400,Normal,44,Negatif,Downtrend,Bullish,Bearish MACD,Perfect Uptrend (5>20>50),Normal,Distribusi (Turun),Normal,Dominan Jual (Guyur),Squeeze,Rendah,Normal,Dekat Support (Low Risk),< 1 Miliar,Persis di VWAP,Akumulasi Pro (Smart Money),Gorengan Sepi (< 5M),Sepi (< 50%),Distribution (Fase Jualan),Solid (Jarang Dibanting),Normal,Turun 1 Hari Beruntun,TP: 1085 | CL: 1068,Open = High (Tekanan Jual),Tidak Ideal (< 1:1),1,WAIT & SEE,TIDAK ADA,2026-08-03 15:55:01
15:55,JSPT,Mid Cap (Lapis 2),Undervalued (Murah),8.503505,1.2634073,1395.0,1411,1305,1600,-5.1020408163265305,202200,Tembus MA20,50,Negatif,Downtrend,Bullish,Strong Bullish,Perfect Uptrend (5>20>50),Distribusi Kuat,Distribusi (Turun),Normal,Dominan Jual (Guyur),Normal,Sedang,Normal,Area Tengah,< 1 Miliar,Di Bawah VWAP (Lemah),Distribusi Pro (Guyuran),Gorengan Sepi (< 5M),Ledakan Ekstrem (> 300%),Distribution (Fase Jualan),Normal,Normal,Turun 2 Hari Beruntun,TP: 1528 | CL: 1305,Normal,Ideal (1:2),3,WAIT & SEE,TIDAK ADA,2026-08-03 15:55:01
15:55,JTPE,Mid Cap (Lapis 2),Fair Value (Wajar),12.547051,2.9588425,600.0,607,590,620,0.0,3039600,Tembus MA20,46,Negatif,Downtrend,Bullish,Bearish MACD,Perfect Uptrend (5>20>50),Normal,Distribusi (Turun),Normal,Seimbang / Adu Mekanik,Squeeze,Rendah,Doji (Ragu-ragu),Dekat Support (Low Risk),> 1 Miliar,Persis di VWAP,Akumulasi Pro (Smart Money),Gorengan Sepi (< 5M),Anomali Tinggi (150-300%),Distribution (Fase Jualan),Normal,Jarum Bawah (Sinyal Pantulan Kuat),Sideways / Stagnan,TP: 625 | CL: 583,Normal,Ideal (1:2),2,WAIT & SEE,TIDAK ADA,2026-08-03 15:55:01
15:55,KAEF,Mid Cap (Lapis 2),Fair Value (Wajar),0.0,0.8680689,450.0,452,442,510,-0.4424778761061947,241400,Normal,48,Negatif,Downtrend,Bearish,Bullish MACD,Konsolidasi / Transisi,Normal,Distribusi (Turun),Normal,Dominan Jual (Guyur),Squeeze,Rendah,Normal,Dekat Support (Low Risk),< 1 Miliar,Persis di VWAP,Distribusi Pro (Guyuran),Gorengan Sepi (< 5M),Normal (50-150%),Distribution (Fase Jualan),Spesialis Tiang Jemuran (Banting Pucuk),Normal,Turun 1 Hari Beruntun,TP: 465 | CL: 439,Normal,Sangat Menarik (> 1:3),1,WAIT & SEE,TIDAK ADA,2026-08-03 15:55:01
15:55,KARW,Small Cap (Lapis 3),Overvalued (Mahal),232.96703,-4000.0,212.0,212,212,212,0.0,0,Normal,30,Negatif,Downtrend,Bearish,Bullish MACD,Konsolidasi / Transisi,Normal,Netral,Normal,Tidak Ada Transaksi,Squeeze,Rendah,Doji (Ragu-ragu),Dekat Support (Low Risk),< 1 Miliar,Di Atas VWAP (Kuat),Netral,Gorengan Sepi (< 5M),Normal (50-150%),Sideways,Solid (Jarang Dibanting),Normal,Sideways / Stagnan,TP: 213 | CL: 211,Normal,Di Area Support,1,WAIT & SEE,TIDAK ADA,2026-08-03 15:55:01
15:55,KAYU,Small Cap (Lapis 3),Overvalued (Mahal),86.1244,0.14753978,18.0,18,18,18,0.0,0,Normal,0,Negatif,Downtrend,Bearish,Bearish MACD,Konsolidasi / Transisi,Normal,Netral,Normal,Tidak Ada Transaksi,Squeeze,Rendah,Doji (Ragu-ragu),Dekat Support (Low Risk),< 1 Miliar,Di Atas VWAP (Kuat),Netral,Gorengan Sepi (< 5M),Normal (50-150%),Sideways,Solid (Jarang Dibanting),Normal,Sideways / Stagnan,TP: 19 | CL: 17,Normal,Di Area Support,0,WAIT & SEE,TIDAK ADA,2026-08-03 15:55:01
15:55,KDSI,Small Cap (Lapis 3),Undervalued (Murah),2.5314481,0.9178207,454.0,445,424,470,-0.8733624454148471,9300,Tembus MA20,60,Negatif,Uptrend,Bullish,Strong Bullish,Perfect Uptrend (5>20>50),Normal,Akumulasi (Naik),Normal,Dominan Jual (Guyur),Squeeze,Rendah,Normal,Area Tengah,< 1 Miliar,Persis di VWAP,Akumulasi Pro (Smart Money),Gorengan Sepi (< 5M),Normal (50-150%),Mark-Up (Fase Pesta),Normal,Normal,Turun 1 Hari Beruntun,TP: 470 | CL: 442,Open = High (Tekanan Jual),Tidak Ideal (< 1:1),6,WAIT & SEE,TIDAK ADA,2026-08-03 15:55:01
15:55,KEJU,Mid Cap (Lapis 2),Overvalued (Mahal),15.974441,3.4427073,550.0,546,535,570,0.0,52600,Normal,50,Negatif,Uptrend,Golden Cross,Bullish MACD,Awal Reversal (5>20),Normal,Akumulasi (Naik),Normal,Dominan Beli (Hajar Kanan),Squeeze,Rendah,Doji (Ragu-ragu),Dekat Support (Low Risk),< 1 Miliar,Persis di VWAP,Akumulasi Pro (Smart Money),Gorengan Sepi (< 5M),Normal (50-150%),Accumulation (Kumpul Barang),Normal,Jarum Bawah (Sinyal Pantulan Kuat),Sideways / Stagnan,TP: 570 | CL: 536,Normal,Menengah (1:1),5,WAIT & SEE,TIDAK ADA,2026-08-03 15:55:01
15:55,KIAS,Small Cap (Lapis 3),Fair Value (Wajar),0.0,0.44341215,21.0,21,21,21,0.0,0,Normal,0,Negatif,Downtrend,Bearish,Bearish MACD,Konsolidasi / Transisi,Normal,Netral,Normal,Tidak Ada Transaksi,Squeeze,Rendah,Doji (Ragu-ragu),Dekat Support (Low Risk),< 1 Miliar,Di Atas VWAP (Kuat),Netral,Gorengan Sepi (< 5M),Normal (50-150%),Sideways,Solid (Jarang Dibanting),Normal,Sideways / Stagnan,TP: 22 | CL: 20,Normal,Di Area Support,0,WAIT & SEE,TIDAK ADA,2026-08-03 15:55:01
15:55,KING,Small Cap (Lapis 3),Overvalued (Mahal),0.0,11.185851,292.0,293,260,330,8.148148148148149,1712700,Tembus MA20,39,Positif,Downtrend,Bearish,Bullish MACD,Strong Downtrend (5<20<50),Normal,Akumulasi (Naik),Normal,Dominan Beli (Hajar Kanan),Normal,Tinggi,Marubozu (Strong Bullish),Rawan Pucuk (High Risk),< 1 Miliar,Di Atas VWAP (Kuat),Akumulasi Pro (Smart Money),Gorengan Sepi (< 5M),Anomali Tinggi (150-300%),Mark-Down (Fase Runtuh),Spesialis Tiang Jemuran (Banting Pucuk),Normal,Naik 2 Hari Beruntun,TP: 312 | CL: 278,Open = Low (Bullish Kuat),Menengah (1:1),5,WAIT & SEE,TIDAK ADA,2026-08-03 15:55:01
15:55,KINO,Mid Cap (Lapis 2),Undervalued (Murah),12.9,0.98585266,1290.0,1171,1115,1300,4.878048780487805,204600,Tembus MA20,71,Positif,Uptrend,Bullish,Strong Bullish,Perfect Uptrend (5>20>50),Akumulasi Kuat,Akumulasi (Naik),Gap Up (+2.8%),Dominan Beli (Hajar Kanan),Breakout Upper,Tinggi,Normal,Rawan Pucuk (High Risk),< 1 Miliar,Di Atas VWAP (Kuat),Akumulasi Pro (Smart Money),Gorengan Sepi (< 5M),Ledakan Ekstrem (> 300%),Mark-Up (Fase Pesta),Spesialis Tiang Jemuran (Banting Pucuk),Normal,Naik 1 Hari Beruntun,TP: 1358 | CL: 1244,Normal,Tidak Ideal (< 1:1),10,BELI,TIDAK ADA,2026-08-03 15:55:01
15:55,KMDS,Small Cap (Lapis 3),Fair Value (Wajar),5.922936,1.5990808,540.0,538,515,560,-0.9174311926605505,99600,Tembus MA20,51,Negatif,Uptrend,Bullish,Bearish MACD,Perfect Uptrend (5>20>50),Normal,Distribusi (Turun),Normal,Dominan Beli (Hajar Kanan),Squeeze,Rendah,Hammer (Potensi Reversal),Area Tengah,< 1 Miliar,Persis di VWAP,Akumulasi Pro (Smart Money),Gorengan Sepi (< 5M),Normal (50-150%),Mark-Up (Fase Pesta),Normal,Jarum Bawah (Sinyal Pantulan Kuat),Turun 1 Hari Beruntun,TP: 566 | CL: 522,Open = High (Tekanan Jual),Tidak Ideal (< 1:1),5,WAIT & SEE,TIDAK ADA,2026-08-03 15:55:01
15:55,KONI,Small Cap (Lapis 3),Overvalued (Mahal),35.210262,4.225964,2470.0,2592,2320,3340,0.0,9800,Normal,46,Negatif,Downtrend,Bearish,Strong Bearish,Konsolidasi / Transisi,Normal,Distribusi (Turun),Normal,Dominan Beli (Hajar Kanan),Normal,Tinggi,Hammer (Potensi Reversal),Area Tengah,< 1 Miliar,Di Atas VWAP (Kuat),Akumulasi Pro (Smart Money),Gorengan Sepi (< 5M),Sepi (< 50%),Distribution (Fase Jualan),Normal,Jarum Bawah (Sinyal Pantulan Kuat),Sideways / Stagnan,TP: 2668 | CL: 2337,Normal,Sangat Menarik (> 1:3),1,WAIT & SEE,TIDAK ADA,2026-08-03 15:55:01
15:55,KSIX,Small Cap (Lapis 3),Fair Value (Wajar),0.0,0.5333116,314.0,287,256,336,10.56338028169014,840000,Tembus MA20,57,Positif,Uptrend,Bullish,Bullish MACD,Awal Reversal (5>20),Akumulasi Kuat,Akumulasi (Naik),Normal,Seimbang / Adu Mekanik,Breakout Upper,Sedang,Normal,Rawan Pucuk (High Risk),< 1 Miliar,Di Atas VWAP (Kuat),Akumulasi Pro (Smart Money),Gorengan Sepi (< 5M),Ledakan Ekstrem (> 300%),Accumulation (Kumpul Barang),Normal,Normal,Naik 1 Hari Beruntun,TP: 342 | CL: 295,Normal,Tidak Ideal (< 1:1),8,BELI,TIDAK ADA,2026-08-03 15:55:01
15:55,LABS,Small Cap (Lapis 3),Overvalued (Mahal),0.0,3.9016073,152.0,148,139,184,0.6622516556291391,442600,Normal,58,Positif,Uptrend,Bullish,Strong Bullish,Perfect Uptrend (5>20>50),Normal,Akumulasi (Naik),Normal,Dominan Beli (Hajar Kanan),Squeeze,Rendah,Doji (Ragu-ragu),Area Tengah,< 1 Miliar,Di Atas VWAP (Kuat),Akumulasi Pro (Smart Money),Gorengan Sepi (< 5M),Sepi (< 50%),Mark-Up (Fase Pesta),Spesialis Tiang Jemuran (Banting Pucuk),Jarum Bawah (Sinyal Pantulan Kuat),Naik 1 Hari Beruntun,TP: 159 | CL: 147,Normal,Ideal (1:2),7,BELI,TIDAK ADA,2026-08-03 15:55:01
15:55,LFLO,Small Cap (Lapis 3),Overvalued (Mahal),0.0,7.036951,486.0,495,462,620,0.0,20700,Normal,42,Negatif,Downtrend,Bearish,Strong Bearish,Strong Downtrend (5<20<50),Normal,Akumulasi (Naik),Normal,Tidak Ada Transaksi,Normal,Tinggi,Doji (Ragu-ragu),Area Tengah,< 1 Miliar,Di Atas VWAP (Kuat),Akumulasi Pro (Smart Money),Gorengan Sepi (< 5M),Sepi (< 50%),Mark-Down (Fase Runtuh),Normal,Normal,Sideways / Stagnan,TP: 506 | CL: 472,Normal,Sangat Menarik (> 1:3),1,WAIT & SEE,TIDAK ADA,2026-08-03 15:55:01
15:55,LIFE,Big Cap (Lapis 1),Overvalued (Mahal),44.247787,1.4505222,5800.0,5797,5525,6000,0.0,1400,Normal,48,Negatif,Uptrend,Bearish,Bullish MACD,Strong Downtrend (5<20<50),Normal,Akumulasi (Naik),Normal,Dominan Jual (Guyur),Normal,Sedang,Normal,Area Tengah,< 1 Miliar,Persis di VWAP,Distribusi Pro (Guyuran),Gorengan Sepi (< 5M),Normal (50-150%),Accumulation (Kumpul Barang),Normal,Normal,Sideways / Stagnan,TP: 6065 | CL: 5623,Open = High (Tekanan Jual),Tidak Ideal (< 1:1),3,WAIT & SEE,TIDAK ADA,2026-08-03 15:55:01
15:55,LINK,Mid Cap (Lapis 2),Fair Value (Wajar),0.0,1.2210195,1390.0,1415,1350,1550,-1.0676156583629894,5100,Normal,46,Negatif,Downtrend,Bearish,Strong Bearish,Konsolidasi / Transisi,Normal,Distribusi (Turun),Normal,Dominan Jual (Guyur),Squeeze,Rendah,Normal,Dekat Support (Low Risk),< 1 Miliar,Persis di VWAP,Distribusi Pro (Guyuran),Gorengan Sepi (< 5M),Normal (50-150%),Distribution (Fase Jualan),Spesialis Tiang Jemuran (Banting Pucuk),Normal,Turun 1 Hari Beruntun,TP: 1460 | CL: 1343,Normal,Sangat Menarik (> 1:3),0,WAIT & SEE,TIDAK ADA,2026-08-03 15:55:01
15:55,LION,Small Cap (Lapis 3),Fair Value (Wajar),0.0,0.39223823,346.0,342,286,422,-2.8089887640449436,57800,Normal,51,Negatif,Uptrend,Bullish,Strong Bullish,Perfect Uptrend (5>20>50),Normal,Distribusi (Turun),Normal,Dominan Jual (Guyur),Normal,Tinggi,Normal,Rawan Pucuk (High Risk),< 1 Miliar,Di Bawah VWAP (Lemah),Distribusi Pro (Guyuran),Gorengan Sepi (< 5M),Sepi (< 50%),Mark-Up (Fase Pesta),Normal,Normal,Turun 1 Hari Beruntun,TP: 398 | CL: 311,Normal,Menengah (1:1),4,WAIT & SEE,TIDAK ADA,2026-08-03 15:55:01
15:55,LIVE,Small Cap (Lapis 3),Fair Value (Wajar),0.0,2.8769486,210.0,205,196,216,0.0,1547900,Tembus MA20,52,Negatif,Uptrend,Golden Cross,Bullish MACD,Awal Reversal (5>20),Normal,Akumulasi (Naik),Normal,Dominan Jual (Guyur),Squeeze,Rendah,Doji (Ragu-ragu),Area Tengah,< 1 Miliar,Di Atas VWAP (Kuat),Akumulasi Pro (Smart Money),Gorengan Sepi (< 5M),Normal (50-150%),Accumulation (Kumpul Barang),Normal,Normal,Sideways / Stagnan,TP: 218 | CL: 204,Normal,Tidak Ideal (< 1:1),6,WAIT & SEE,TIDAK ADA,2026-08-03 15:55:01
15:55,LMSH,Small Cap (Lapis 3),Undervalued (Murah),12.194541,0.26804346,256.0,256,256,256,0.0,0,Normal,0,Negatif,Downtrend,Bearish,Bearish MACD,Konsolidasi / Transisi,Normal,Netral,Normal,Tidak Ada Transaksi,Squeeze,Rendah,Doji (Ragu-ragu),Dekat Support (Low Risk),< 1 Miliar,Di Atas VWAP (Kuat),Netral,Gorengan Sepi (< 5M),Normal (50-150%),Sideways,Solid (Jarang Dibanting),Normal,Sideways / Stagnan,TP: 257 | CL: 255,Normal,Di Area Support,0,WAIT & SEE,TIDAK ADA,2026-08-03 15:55:01
15:55,LPCK,Mid Cap (Lapis 2),Undervalued (Murah),11.769321,0.4481197,600.0,520,500,610,11.11111111111111,1692300,Tembus MA20,76,Positif,Uptrend,Bullish,Strong Bullish,Perfect Uptrend (5>20>50),Akumulasi Kuat,Akumulasi (Naik),Normal,Dominan Beli (Hajar Kanan),Breakout Upper,Tinggi,Normal,Rawan Pucuk (High Risk),> 1 Miliar,Di Atas VWAP (Kuat),Akumulasi Pro (Smart Money),Gorengan Sepi (< 5M),Anomali Tinggi (150-300%),Mark-Up (Fase Pesta),Spesialis Tiang Jemuran (Banting Pucuk),Normal,Naik 3 Hari Beruntun,TP: 647 | CL: 568,Normal,Tidak Ideal (< 1:1),9,BELI,TIDAK ADA,2026-08-03 15:55:01
15:55,LPGI,Mid Cap (Lapis 2),Fair Value (Wajar),13.23744,1.7448986,635.0,657,615,700,3.2520325203252036,8600,Normal,42,Positif,Downtrend,Bearish,Strong Bearish,Strong Downtrend (5<20<50),Normal,Distribusi (Turun),Gap Up (+3.3%),Seimbang / Adu Mekanik,Normal,Sedang,Doji (Ragu-ragu),Area Tengah,< 1 Miliar,Di Atas VWAP (Kuat),Distribusi Pro (Guyuran),Gorengan Sepi (< 5M),Sepi (< 50%),Mark-Down (Fase Runtuh),Normal,Jarum Bawah (Sinyal Pantulan Kuat),Naik 1 Hari Beruntun,TP: 677 | CL: 606,Normal,Sangat Menarik (> 1:3),2,WAIT & SEE,TIDAK ADA,2026-08-03 15:55:01
15:55,LPIN,Small Cap (Lapis 3),Undervalued (Murah),6.8322983,0.51147014,418.0,414,398,438,-0.9478672985781991,45400,Normal,56,Negatif,Uptrend,Bullish,Strong Bullish,Perfect Uptrend (5>20>50),Normal,Distribusi (Turun),Normal,Seimbang / Adu Mekanik,Squeeze,Rendah,Normal,Area Tengah,< 1 Miliar,Persis di VWAP,Akumulasi Pro (Smart Money),Gorengan Sepi (< 5M),Normal (50-150%),Mark-Up (Fase Pesta),Normal,Normal,Turun 2 Hari Beruntun,TP: 431 | CL: 409,Open = High (Tekanan Jual),Menengah (1:1),4,WAIT & SEE,TIDAK ADA,2026-08-03 15:55:01
15:55,LPLI,Small Cap (Lapis 3),Undervalued (Murah),0.34052697,0.1627079,240.0,246,230,296,-1.639344262295082,324000,Normal,45,Negatif,Downtrend,Death Cross,Bearish MACD,Konsolidasi / Transisi,Normal,Distribusi (Turun),Normal,Dominan Jual (Guyur),Normal,Sedang,Normal,Area Tengah,< 1 Miliar,Di Bawah VWAP (Lemah),Distribusi Pro (Guyuran),Gorengan Sepi (< 5M),Normal (50-150%),Distribution (Fase Jualan),Spesialis Tiang Jemuran (Banting Pucuk),Normal,Turun 1 Hari Beruntun,TP: 271 | CL: 219,Normal,Sangat Menarik (> 1:3),0,WAIT & SEE,TIDAK ADA,2026-08-03 15:55:01
15:55,LTLS,Mid Cap (Lapis 2),Undervalued (Murah),8.51867,0.3870525,835.0,782,740,865,0.6024096385542169,161900,Tembus MA20,68,Positif,Uptrend,Bullish,Strong Bullish,Perfect Uptrend (5>20>50),Akumulasi Kuat,Akumulasi (Naik),Normal,Dominan Jual (Guyur),Breakout Upper,Sedang,Normal,Rawan Pucuk (High Risk),< 1 Miliar,Di Atas VWAP (Kuat),Distribusi Pro (Guyuran),Gorengan Sepi (< 5M),Anomali Tinggi (150-300%),Mark-Up (Fase Pesta),Normal,Normal,Naik 5 Hari Beruntun,TP: 874 | CL: 808,Open = Low (Bullish Kuat),Tidak Ideal (< 1:1),8,BELI,TIDAK ADA,2026-08-03 15:55:01
15:55,MAPB,Mid Cap (Lapis 2),Fair Value (Wajar),0.0,2.0765557,1170.0,1038,810,1220,1.2987012987012987,1200,Normal,58,Positif,Uptrend,Bullish,Strong Bullish,Awal Reversal (5>20),Normal,Akumulasi (Naik),Normal,Dominan Jual (Guyur),Normal,Tinggi,Normal,Rawan Pucuk (High Risk),< 1 Miliar,Persis di VWAP,Distribusi Pro (Guyuran),Gorengan Sepi (< 5M),Sepi (< 50%),Accumulation (Kumpul Barang),Solid (Jarang Dibanting),Normal,Naik 1 Hari Beruntun,TP: 1262 | CL: 1108,Open = High (Tekanan Jual),Tidak Ideal (< 1:1),6,WAIT & SEE,TIDAK ADA,2026-08-03 15:55:01
15:55,MARI,Small Cap (Lapis 3),Fair Value (Wajar),0.0,2.2013783,23.0,23,23,23,0.0,0,Normal,40,Negatif,Downtrend,Bearish,Bullish MACD,Konsolidasi / Transisi,Normal,Netral,Normal,Tidak Ada Transaksi,Squeeze,Rendah,Doji (Ragu-ragu),Dekat Support (Low Risk),< 1 Miliar,Di Atas VWAP (Kuat),Netral,Gorengan Sepi (< 5M),Normal (50-150%),Sideways,Solid (Jarang Dibanting),Normal,Sideways / Stagnan,TP: 24 | CL: 22,Normal,Di Area Support,1,WAIT & SEE,TIDAK ADA,2026-08-03 15:55:01
15:55,MASB,Mid Cap (Lapis 2),Fair Value (Wajar),22.712,1.1543661,3380.0,3389,3250,3400,-0.2949852507374631,100,Normal,49,Negatif,Downtrend,Death Cross,Bearish MACD,Konsolidasi / Transisi,Normal,Distribusi (Turun),Normal,Tidak Ada Transaksi,Squeeze,Rendah,Doji (Ragu-ragu),Area Tengah,< 1 Miliar,Persis di VWAP,Akumulasi Pro (Smart Money),Gorengan Sepi (< 5M),Sepi (< 50%),Distribution (Fase Jualan),Solid (Jarang Dibanting),Normal,Turun 1 Hari Beruntun,TP: 3391 | CL: 3372,Normal,Tidak Ideal (< 1:1),0,WAIT & SEE,TIDAK ADA,2026-08-03 15:55:01
15:55,MAXI,Small Cap (Lapis 3),Overvalued (Mahal),0.0,3.4908888,50.0,50,50,53,0.0,781100,Normal,0,Negatif,Downtrend,Bearish,Bearish MACD,Konsolidasi / Transisi,Normal,Netral,Normal,Tidak Ada Transaksi,Squeeze,Rendah,Doji (Ragu-ragu),Dekat Support (Low Risk),< 1 Miliar,Persis di VWAP,Netral,Gorengan Sepi (< 5M),Sepi (< 50%),Sideways,Normal,Normal,Sideways / Stagnan,TP: 50 | CL: 49,Normal,Di Area Support,0,WAIT & SEE,TIDAK ADA,2026-08-03 15:55:01
15:55,MAYA,Mid Cap (Lapis 2),Overvalued (Mahal),93.45794,0.124248765,198.0,195,184,208,1.0204081632653061,1124300,Tembus MA20,58,Positif,Uptrend,Bullish,Bearish MACD,Perfect Uptrend (5>20>50),Normal,Akumulasi (Naik),Normal,Dominan Jual (Guyur),Normal,Sedang,Normal,Area Tengah,< 1 Miliar,Persis di VWAP,Distribusi Pro (Guyuran),Gorengan Sepi (< 5M),Normal (50-150%),Mark-Up (Fase Pesta),Spesialis Tiang Jemuran (Banting Pucuk),Normal,Naik 1 Hari Beruntun,TP: 207 | CL: 192,Open = Low (Bullish Kuat),Tidak Ideal (< 1:1),6,WAIT & SEE,TIDAK ADA,2026-08-03 15:55:01
15:55,MBAP,Mid Cap (Lapis 2),Overvalued (Mahal),78.48031,9433.333,1415.0,1393,1280,1500,-0.35211267605633806,92600,Tembus MA20,52,Negatif,Uptrend,Bullish,Strong Bullish,Awal Reversal (5>20),Distribusi Kuat,Distribusi (Turun),Normal,Dominan Jual (Guyur),Normal,Sedang,Normal,Rawan Pucuk (High Risk),< 1 Miliar,Persis di VWAP,Distribusi Pro (Guyuran),Gorengan Sepi (< 5M),Anomali Tinggi (150-300%),Accumulation (Kumpul Barang),Spesialis Tiang Jemuran (Banting Pucuk),Normal,Turun 1 Hari Beruntun,TP: 1480 | CL: 1371,Normal,Tidak Ideal (< 1:1),5,WAIT & SEE,TIDAK ADA,2026-08-03 15:55:01
15:55,MCOL,Big Cap (Lapis 1),Overvalued (Mahal),9.146938,23974.36,3740.0,3742,3500,4000,-1.5789473684210527,24000,Normal,50,Negatif,Downtrend,Bearish,Strong Bearish,Konsolidasi / Transisi,Normal,Distribusi (Turun),Normal,Dominan Jual (Guyur),Squeeze,Rendah,Normal,Area Tengah,< 1 Miliar,Di Atas VWAP (Kuat),Akumulasi Pro (Smart Money),Gorengan Sepi (< 5M),Normal (50-150%),Distribution (Fase Jualan),Spesialis Tiang Jemuran (Banting Pucuk),Normal,Turun 1 Hari Beruntun,TP: 3903 | CL: 3630,Open = High (Tekanan Jual),Menengah (1:1),0,WAIT & SEE,TIDAK ADA,2026-08-03 15:55:01
15:55,MDIY,Big Cap (Lapis 1),Overvalued (Mahal),19.381487,5.152085,915.0,942,890,1025,0.0,35500,Normal,49,Negatif,Downtrend,Bearish,Bearish MACD,Konsolidasi / Transisi,Normal,Distribusi (Turun),Normal,Dominan Beli (Hajar Kanan),Normal,Sedang,Marubozu (Strong Bullish),Dekat Support (Low Risk),< 1 Miliar,Persis di VWAP,Distribusi Pro (Guyuran),Gorengan Sepi (< 5M),Sepi (< 50%),Distribution (Fase Jualan),Normal,Normal,Sideways / Stagnan,TP: 955 | CL: 887,Open = Low (Bullish Kuat),Sangat Menarik (> 1:3),1,WAIT & SEE,TIDAK ADA,2026-08-03 15:55:01
15:55,MDLN,Small Cap (Lapis 3),Fair Value (Wajar),0.0,0.16975392,50.0,50,50,55,0.0,431900,Normal,47,Negatif,Downtrend,Bearish,Bullish MACD,Strong Downtrend (5<20<50),Normal,Netral,Normal,Tidak Ada Transaksi,Squeeze,Rendah,Doji (Ragu-ragu),Dekat Support (Low Risk),< 1 Miliar,Persis di VWAP,Distribusi Pro (Guyuran),Gorengan Sepi (< 5M),Sepi (< 50%),Mark-Down (Fase Runtuh),Spesialis Tiang Jemuran (Banting Pucuk),Normal,Sideways / Stagnan,TP: 51 | CL: 49,Normal,Di Area Support,1,WAIT & SEE,TIDAK ADA,2026-08-03 15:55:01
15:55,MDRN,Small Cap (Lapis 3),Fair Value (Wajar),2.8230186,-0.8300345,26.0,26,26,26,0.0,0,Normal,34,Negatif,Downtrend,Bearish,Bullish MACD,Konsolidasi / Transisi,Normal,Netral,Normal,Tidak Ada Transaksi,Squeeze,Rendah,Doji (Ragu-ragu),Dekat Support (Low Risk),< 1 Miliar,Di Atas VWAP (Kuat),Netral,Gorengan Sepi (< 5M),Normal (50-150%),Sideways,Solid (Jarang Dibanting),Normal,Sideways / Stagnan,TP: 27 | CL: 25,Normal,Di Area Support,1,WAIT & SEE,TIDAK ADA,2026-08-03 15:55:01
15:55,MEGA,Big Cap (Lapis 1),Fair Value (Wajar),13.2960825,1.9050596,1975.0,1994,1750,2010,0.25380710659898476,11500,Normal,44,Positif,Downtrend,Bearish,Strong Bearish,Konsolidasi / Transisi,Normal,Akumulasi (Naik),Normal,Seimbang / Adu Mekanik,Squeeze,Rendah,Normal,Rawan Pucuk (High Risk),< 1 Miliar,Persis di VWAP,Akumulasi Pro (Smart Money),Gorengan Sepi (< 5M),Sepi (< 50%),Distribution (Fase Jualan),Normal,Normal,Naik 1 Hari Beruntun,TP: 2044 | CL: 1928,Normal,Tidak Ideal (< 1:1),2,WAIT & SEE,TIDAK ADA,2026-08-03 15:55:01
15:55,MENN,Small Cap (Lapis 3),Fair Value (Wajar),0.0,1.9389771,53.0,53,53,53,0.0,0,Normal,0,Negatif,Downtrend,Bearish,Bearish MACD,Konsolidasi / Transisi,Normal,Netral,Normal,Tidak Ada Transaksi,Squeeze,Rendah,Doji (Ragu-ragu),Dekat Support (Low Risk),< 1 Miliar,Di Atas VWAP (Kuat),Netral,Gorengan Sepi (< 5M),Normal (50-150%),Sideways,Solid (Jarang Dibanting),Normal,Sideways / Stagnan,TP: 54 | CL: 52,Normal,Di Area Support,0,WAIT & SEE,TIDAK ADA,2026-08-03 15:55:01
15:55,MERK,Mid Cap (Lapis 2),Fair Value (Wajar),5.8782535,1.8098383,3880.0,3867,3520,4030,2.1052631578947367,58600,Tembus MA20,53,Positif,Uptrend,Bullish,Bearish MACD,Perfect Uptrend (5>20>50),Normal,Distribusi (Turun),Normal,Seimbang / Adu Mekanik,Normal,Sedang,Normal,Rawan Pucuk (High Risk),< 1 Miliar,Persis di VWAP,Distribusi Pro (Guyuran),Gorengan Sepi (< 5M),Normal (50-150%),Mark-Up (Fase Pesta),Normal,Normal,Naik 1 Hari Beruntun,TP: 4026 | CL: 3782,Open = Low (Bullish Kuat),Tidak Ideal (< 1:1),5,WAIT & SEE,TIDAK ADA,2026-08-03 15:55:01
15:55,META,Mid Cap (Lapis 2),Fair Value (Wajar),0.0,1.0374801,238.0,238,238,238,0.0,0,Normal,100,Negatif,Downtrend,Bearish,Bearish MACD,Konsolidasi / Transisi,Normal,Netral,Normal,Tidak Ada Transaksi,Squeeze,Rendah,Doji (Ragu-ragu),Dekat Support (Low Risk),< 1 Miliar,Di Atas VWAP (Kuat),Netral,Gorengan Sepi (< 5M),Normal (50-150%),Sideways,Solid (Jarang Dibanting),Normal,Sideways / Stagnan,TP: 239 | CL: 237,Normal,Di Area Support,1,WAIT & SEE,TIDAK ADA,2026-08-03 15:55:01
15:55,MFMI,Small Cap (Lapis 3),Overvalued (Mahal),37.839096,8.798884,1300.0,1300,1300,1300,0.0,0,Normal,100,Negatif,Downtrend,Bearish,Bearish MACD,Konsolidasi / Transisi,Normal,Netral,Normal,Tidak Ada Transaksi,Squeeze,Rendah,Doji (Ragu-ragu),Dekat Support (Low Risk),< 1 Miliar,Di Atas VWAP (Kuat),Netral,Gorengan Sepi (< 5M),Normal (50-150%),Sideways,Solid (Jarang Dibanting),Normal,Sideways / Stagnan,TP: 1301 | CL: 1299,Normal,Di Area Support,1,WAIT & SEE,TIDAK ADA,2026-08-03 15:55:01
15:55,MGLV,Big Cap (Lapis 1),Overvalued (Mahal),0.0,117.186325,7925.0,8265,7775,9450,-5.089820359281437,326500,Tembus MA20,43,Negatif,Downtrend,Bullish,Bearish MACD,Perfect Uptrend (5>20>50),Normal,Distribusi (Turun),Normal,Dominan Jual (Guyur),Normal,Sedang,Normal,Dekat Support (Low Risk),> 1 Miliar,Di Bawah VWAP (Lemah),Distribusi Pro (Guyuran),Gorengan Sepi (< 5M),Normal (50-150%),Distribution (Fase Jualan),Spesialis Tiang Jemuran (Banting Pucuk),Normal,Turun 1 Hari Beruntun,TP: 8645 | CL: 7444,Normal,Sangat Menarik (> 1:3),2,WAIT & SEE,TIDAK ADA,2026-08-03 15:55:01
15:55,MINE,Small Cap (Lapis 3),Undervalued (Murah),4.7306695,0.9754418,248.0,221,206,258,11.711711711711711,5415400,Tembus MA20,69,Positif,Uptrend,Golden Cross,Strong Bullish,Awal Reversal (5>20),Akumulasi Kuat,Akumulasi (Naik),Normal,Dominan Beli (Hajar Kanan),Breakout Upper,Sedang,Normal,Rawan Pucuk (High Risk),> 1 Miliar,Di Atas VWAP (Kuat),Akumulasi Pro (Smart Money),Gorengan Sepi (< 5M),Anomali Tinggi (150-300%),Accumulation (Kumpul Barang),Normal,Normal,Naik 2 Hari Beruntun,TP: 263 | CL: 237,Open = Low (Bullish Kuat),Tidak Ideal (< 1:1),9,BELI,TIDAK ADA,2026-08-03 15:55:01
15:55,MITI,Small Cap (Lapis 3),Overvalued (Mahal),60.555557,1.7531726,218.0,172,153,218,34.5679012345679,28891000,Tembus MA20,75,Positif,Uptrend,Bearish,Strong Bullish,Konsolidasi / Transisi,Akumulasi Kuat,Akumulasi (Naik),Normal,Dominan Beli (Hajar Kanan),Breakout Upper,Tinggi,Marubozu (Strong Bullish),Rawan Pucuk (High Risk),> 1 Miliar,Di Atas VWAP (Kuat),Akumulasi Pro (Smart Money),Gorengan Sepi (< 5M),Ledakan Ekstrem (> 300%),Mark-Up (Fase Pesta),Spesialis Tiang Jemuran (Banting Pucuk),Normal,Naik 3 Hari Beruntun,TP: 239 | CL: 203,Open = Low (Bullish Kuat),Tidak Ideal (< 1:1),8,BELI,TIDAK ADA,2026-08-03 15:55:01
15:55,MKNT,Small Cap (Lapis 3),Fair Value (Wajar),0.0,-0.5627462,1.0,1,1,1,0.0,0,Normal,0,Negatif,Downtrend,Bearish,Bearish MACD,Konsolidasi / Transisi,Normal,Netral,Normal,Tidak Ada Transaksi,Squeeze,Rendah,Doji (Ragu-ragu),Dekat Support (Low Risk),< 1 Miliar,Di Atas VWAP (Kuat),Netral,Gorengan Sepi (< 5M),Normal (50-150%),Sideways,Solid (Jarang Dibanting),Normal,Sideways / Stagnan,TP: 2 | CL: 0,Normal,Di Area Support,0,WAIT & SEE,TIDAK ADA,2026-08-03 15:55:01
15:55,MKPI,Big Cap (Lapis 1),Fair Value (Wajar),17.699078,2.5629208,21775.0,21353,20800,22125,0.0,40100,Normal,63,Negatif,Uptrend,Bullish,Strong Bullish,Perfect Uptrend (5>20>50),Normal,Akumulasi (Naik),Normal,Dominan Beli (Hajar Kanan),Squeeze,Rendah,Marubozu (Strong Bullish),Area Tengah,< 1 Miliar,Persis di VWAP,Akumulasi Pro (Smart Money),Gorengan Sepi (< 5M),Normal (50-150%),Mark-Up (Fase Pesta),Spesialis Tiang Jemuran (Banting Pucuk),Normal,Sideways / Stagnan,TP: 22332 | CL: 21403,Open = Low (Bullish Kuat),Tidak Ideal (< 1:1),6,WAIT & SEE,TIDAK ADA,2026-08-03 15:55:01
15:55,MLBI,Big Cap (Lapis 1),Overvalued (Mahal),11.923689,10.710943,6900.0,6390,6175,7000,1.4705882352941175,44000,Normal,88,Positif,Uptrend,Bullish,Strong Bullish,Perfect Uptrend (5>20>50),Normal,Akumulasi (Naik),Normal,Seimbang / Adu Mekanik,Breakout Upper,Sedang,Normal,Rawan Pucuk (High Risk),< 1 Miliar,Di Atas VWAP (Kuat),Akumulasi Pro (Smart Money),Gorengan Sepi (< 5M),Sepi (< 50%),Mark-Up (Fase Pesta),Spesialis Tiang Jemuran (Banting Pucuk),Normal,Naik 3 Hari Beruntun,TP: 7039 | CL: 6807,Open = Low (Bullish Kuat),Tidak Ideal (< 1:1),6,WAIT & SEE,TIDAK ADA,2026-08-03 15:55:01
15:55,MLIA,Mid Cap (Lapis 2),Fair Value (Wajar),0.0,0.2904033,230.0,235,230,242,-0.8620689655172413,20500,Normal,30,Negatif,Downtrend,Bearish,Strong Bearish,Strong Downtrend (5<20<50),Normal,Distribusi (Turun),Normal,Dominan Jual (Guyur),Bottom Rebound,Sedang,Normal,Dekat Support (Low Risk),< 1 Miliar,Persis di VWAP,Distribusi Pro (Guyuran),Gorengan Sepi (< 5M),Normal (50-150%),Mark-Down (Fase Runtuh),Solid (Jarang Dibanting),Normal,Turun 1 Hari Beruntun,TP: 232 | CL: 228,Open = High (Tekanan Jual),Di Area Support,0,WAIT & SEE,TIDAK ADA,2026-08-03 15:55:01
15:55,MLPT,Big Cap (Lapis 1),Overvalued (Mahal),224.62871,108.52018,1820.0,1248,716,2030,-5.454545454545454,9926900,Normal,70,Negatif,Uptrend,Bullish,Strong Bullish,Perfect Uptrend (5>20>50),Normal,Akumulasi (Naik),Normal,Dominan Jual (Guyur),Normal,Tinggi,Normal,Rawan Pucuk (High Risk),> 1 Miliar,Di Atas VWAP (Kuat),Akumulasi Pro (Smart Money),Ritel Aktif (5M - 50M),Sepi (< 50%),Mark-Up (Fase Pesta),Spesialis Tiang Jemuran (Banting Pucuk),Normal,Turun 1 Hari Beruntun,TP: 2189 | CL: 1573,Normal,Tidak Ideal (< 1:1),5,WAIT & SEE,TIDAK ADA,2026-08-03 15:55:01
15:55,MMLP,Mid Cap (Lapis 2),Fair Value (Wajar),24.812656,0.4409843,298.0,295,280,312,0.0,207600,Normal,52,Negatif,Uptrend,Bearish,Bullish MACD,Strong Downtrend (5<20<50),Normal,Distribusi (Turun),Normal,Seimbang / Adu Mekanik,Squeeze,Rendah,Normal,Area Tengah,< 1 Miliar,Di Atas VWAP (Kuat),Akumulasi Pro (Smart Money),Gorengan Sepi (< 5M),Sepi (< 50%),Accumulation (Kumpul Barang),Spesialis Tiang Jemuran (Banting Pucuk),Normal,Sideways / Stagnan,TP: 313 | CL: 287,Open = Low (Bullish Kuat),Tidak Ideal (< 1:1),3,WAIT & SEE,TIDAK ADA,2026-08-03 15:55:01
15:55,MORA,Big Cap (Lapis 1),Overvalued (Mahal),312.5,20.033016,6250.0,6413,5900,7000,0.0,62700,Normal,44,Negatif,Downtrend,Bearish,Strong Bearish,Strong Downtrend (5<20<50),Normal,Distribusi (Turun),Normal,Seimbang / Adu Mekanik,Bottom Rebound,Sedang,Normal,Area Tengah,< 1 Miliar,Persis di VWAP,Distribusi Pro (Guyuran),Gorengan Sepi (< 5M),Sepi (< 50%),Mark-Down (Fase Runtuh),Spesialis Tiang Jemuran (Banting Pucuk),Normal,Sideways / Stagnan,TP: 6643 | CL: 5987,Open = Low (Bullish Kuat),Ideal (1:2),0,WAIT & SEE,TIDAK ADA,2026-08-03 15:55:01
15:55,MPRO,Big Cap (Lapis 1),Overvalued (Mahal),0.0,138.9201,11125.0,10941,8600,17275,1.1363636363636365,1800,Normal,54,Positif,Uptrend,Bullish,Bearish MACD,Perfect Uptrend (5>20>50),Normal,Distribusi (Turun),Gap Up (+9.1%),Dominan Jual (Guyur),Normal,Tinggi,Normal,Rawan Pucuk (High Risk),< 1 Miliar,Di Bawah VWAP (Lemah),Distribusi Pro (Guyuran),Gorengan Sepi (< 5M),Sepi (< 50%),Mark-Up (Fase Pesta),Normal,Normal,Naik 2 Hari Beruntun,TP: 13420 | CL: 9594,Open = High (Tekanan Jual),Ideal (1:2),5,WAIT & SEE,TIDAK ADA,2026-08-03 15:55:01
15:55,MPXL,Small Cap (Lapis 3),Overvalued (Mahal),0.0,3.4472787,155.0,148,139,173,1.3071895424836601,434600,Normal,60,Positif,Uptrend,Bullish,Strong Bullish,Perfect Uptrend (5>20>50),Normal,Akumulasi (Naik),Normal,Seimbang / Adu Mekanik,Normal,Sedang,Normal,Rawan Pucuk (High Risk),< 1 Miliar,Di Bawah VWAP (Lemah),Distribusi Pro (Guyuran),Gorengan Sepi (< 5M),Sepi (< 50%),Mark-Up (Fase Pesta),Normal,Normal,Naik 1 Hari Beruntun,TP: 165 | CL: 148,Open = Low (Bullish Kuat),Menengah (1:1),6,WAIT & SEE,TIDAK ADA,2026-08-03 15:55:01
15:55,MRAT,Small Cap (Lapis 3),Overvalued (Mahal),200.90909,0.32878342,442.0,441,432,448,0.45454545454545453,145900,Tembus MA20,51,Positif,Uptrend,Bearish,Strong Bearish,Strong Downtrend (5<20<50),Normal,Distribusi (Turun),Normal,Dominan Beli (Hajar Kanan),Squeeze,Rendah,Doji (Ragu-ragu),Dekat Support (Low Risk),< 1 Miliar,Persis di VWAP,Distribusi Pro (Guyuran),Gorengan Sepi (< 5M),Normal (50-150%),Accumulation (Kumpul Barang),Normal,Jarum Bawah (Sinyal Pantulan Kuat),Naik 3 Hari Beruntun,TP: 451 | CL: 435,Normal,Tidak Ideal (< 1:1),5,WAIT & SEE,TIDAK ADA,2026-08-03 15:55:01
15:55,MREI,Small Cap (Lapis 3),Undervalued (Murah),5.1679587,0.29116395,920.0,920,920,920,0.0,0,Normal,31,Negatif,Downtrend,Bearish,Bullish MACD,Konsolidasi / Transisi,Normal,Netral,Normal,Tidak Ada Transaksi,Squeeze,Rendah,Doji (Ragu-ragu),Dekat Support (Low Risk),< 1 Miliar,Di Atas VWAP (Kuat),Netral,Gorengan Sepi (< 5M),Normal (50-150%),Sideways,Solid (Jarang Dibanting),Normal,Sideways / Stagnan,TP: 921 | CL: 919,Normal,Di Area Support,1,WAIT & SEE,TIDAK ADA,2026-08-03 15:55:01
15:55,MSTI,Mid Cap (Lapis 2),Fair Value (Wajar),7.699012,1.7317432,1325.0,1319,1220,1380,-0.37593984962406013,728600,Normal,56,Negatif,Uptrend,Golden Cross,Bearish MACD,Perfect Uptrend (5>20>50),Normal,Akumulasi (Naik),Normal,Dominan Jual (Guyur),Normal,Sedang,Normal,Area Tengah,< 1 Miliar,Persis di VWAP,Akumulasi Pro (Smart Money),Gorengan Sepi (< 5M),Normal (50-150%),Mark-Up (Fase Pesta),Spesialis Tiang Jemuran (Banting Pucuk),Normal,Turun 1 Hari Beruntun,TP: 1391 | CL: 1280,Normal,Tidak Ideal (< 1:1),4,WAIT & SEE,TIDAK ADA,2026-08-03 15:55:01
15:55,MTFN,Small Cap (Lapis 3),Fair Value (Wajar),0.0,-0.7817198,13.0,13,13,13,0.0,0,Normal,36,Negatif,Downtrend,Bearish,Bullish MACD,Konsolidasi / Transisi,Normal,Netral,Normal,Tidak Ada Transaksi,Squeeze,Rendah,Doji (Ragu-ragu),Dekat Support (Low Risk),< 1 Miliar,Di Atas VWAP (Kuat),Netral,Gorengan Sepi (< 5M),Normal (50-150%),Sideways,Solid (Jarang Dibanting),Normal,Sideways / Stagnan,TP: 14 | CL: 12,Normal,Di Area Support,1,WAIT & SEE,TIDAK ADA,2026-08-03 15:55:01
15:55,MTLA,Mid Cap (Lapis 2),Undervalued (Murah),10.151312,0.7313613,530.0,517,490,575,-7.017543859649122,96200,Tembus MA20,54,Negatif,Uptrend,Bullish,Strong Bullish,Perfect Uptrend (5>20>50),Distribusi Kuat,Distribusi (Turun),Normal,Dominan Jual (Guyur),Normal,Sedang,Normal,Area Tengah,< 1 Miliar,Di Bawah VWAP (Lemah),Akumulasi Pro (Smart Money),Gorengan Sepi (< 5M),Ledakan Ekstrem (> 300%),Mark-Up (Fase Pesta),Solid (Jarang Dibanting),Normal,Turun 1 Hari Beruntun,TP: 562 | CL: 508,Normal,Menengah (1:1),5,WAIT & SEE,TIDAK ADA,2026-08-03 15:55:01
15:55,MTMH,Mid Cap (Lapis 2),Overvalued (Mahal),39.699574,1.294396,925.0,938,865,1050,1.6483516483516485,12000,Normal,48,Positif,Downtrend,Bearish,Strong Bearish,Strong Downtrend (5<20<50),Normal,Distribusi (Turun),Normal,Seimbang / Adu Mekanik,Normal,Sedang,Normal,Area Tengah,< 1 Miliar,Di Atas VWAP (Kuat),Akumulasi Pro (Smart Money),Gorengan Sepi (< 5M),Sepi (< 50%),Mark-Down (Fase Runtuh),Spesialis Tiang Jemuran (Banting Pucuk),Normal,Naik 1 Hari Beruntun,TP: 1001 | CL: 873,Open = Low (Bullish Kuat),Ideal (1:2),1,WAIT & SEE,TIDAK ADA,2026-08-03 15:55:01
15:55,MTPS,Small Cap (Lapis 3),Overvalued (Mahal),0.0,4.259123,81.0,81,81,81,0.0,0,Normal,0,Negatif,Downtrend,Bearish,Bearish MACD,Konsolidasi / Transisi,Normal,Netral,Normal,Tidak Ada Transaksi,Squeeze,Rendah,Doji (Ragu-ragu),Dekat Support (Low Risk),< 1 Miliar,Di Atas VWAP (Kuat),Netral,Gorengan Sepi (< 5M),Normal (50-150%),Sideways,Solid (Jarang Dibanting),Normal,Sideways / Stagnan,TP: 82 | CL: 80,Normal,Di Area Support,0,WAIT & SEE,TIDAK ADA,2026-08-03 15:55:01
15:55,MTSM,Small Cap (Lapis 3),Overvalued (Mahal),0.0,4.228258,500.0,500,500,500,0.0,0,Normal,0,Negatif,Downtrend,Bearish,Bearish MACD,Konsolidasi / Transisi,Normal,Netral,Normal,Tidak Ada Transaksi,Squeeze,Rendah,Doji (Ragu-ragu),Dekat Support (Low Risk),< 1 Miliar,Di Atas VWAP (Kuat),Netral,Gorengan Sepi (< 5M),Normal (50-150%),Sideways,Solid (Jarang Dibanting),Normal,Sideways / Stagnan,TP: 501 | CL: 499,Normal,Di Area Support,0,WAIT & SEE,TIDAK ADA,2026-08-03 15:55:01
15:55,MYOH,Mid Cap (Lapis 2),Overvalued (Mahal),8.532423,12804.878,1050.0,1045,1020,1260,0.0,55100,Normal,51,Negatif,Uptrend,Bearish,Bullish MACD,Strong Downtrend (5<20<50),Normal,Distribusi (Turun),Normal,Seimbang / Adu Mekanik,Squeeze,Rendah,Normal,Dekat Support (Low Risk),< 1 Miliar,Di Bawah VWAP (Lemah),Distribusi Pro (Guyuran),Gorengan Sepi (< 5M),Normal (50-150%),Accumulation (Kumpul Barang),Spesialis Tiang Jemuran (Banting Pucuk),Jarum Bawah (Sinyal Pantulan Kuat),Sideways / Stagnan,TP: 1135 | CL: 992,Normal,Sangat Menarik (> 1:3),3,WAIT & SEE,TIDAK ADA,2026-08-03 15:55:01
15:55,MYTX,Small Cap (Lapis 3),Fair Value (Wajar),3.5344827,-0.54285944,41.0,41,41,41,0.0,0,Normal,43,Negatif,Downtrend,Bearish,Bullish MACD,Konsolidasi / Transisi,Normal,Netral,Normal,Tidak Ada Transaksi,Squeeze,Rendah,Doji (Ragu-ragu),Dekat Support (Low Risk),< 1 Miliar,Di Atas VWAP (Kuat),Netral,Gorengan Sepi (< 5M),Normal (50-150%),Sideways,Solid (Jarang Dibanting),Normal,Sideways / Stagnan,TP: 42 | CL: 40,Normal,Di Area Support,1,WAIT & SEE,TIDAK ADA,2026-08-03 15:55:01
15:55,NASA,Small Cap (Lapis 3),Overvalued (Mahal),193.75,0.31255987,31.0,30,28,34,3.3333333333333335,155000,Normal,51,Positif,Uptrend,Bearish,Bullish MACD,Strong Downtrend (5<20<50),Normal,Akumulasi (Naik),Normal,Dominan Beli (Hajar Kanan),Normal,Tinggi,Marubozu (Strong Bullish),Rawan Pucuk (High Risk),< 1 Miliar,Di Atas VWAP (Kuat),Akumulasi Pro (Smart Money),Gorengan Sepi (< 5M),Sepi (< 50%),Accumulation (Kumpul Barang),Spesialis Tiang Jemuran (Banting Pucuk),Normal,Naik 1 Hari Beruntun,TP: 32 | CL: 29,Open = Low (Bullish Kuat),Menengah (1:1),6,WAIT & SEE,TIDAK ADA,2026-08-03 15:55:01
15:55,NASI,Small Cap (Lapis 3),Overvalued (Mahal),25.034771,1.8230749,127.0,121,110,144,-1.550387596899225,2187600,Normal,60,Negatif,Uptrend,Bullish,Strong Bullish,Perfect Uptrend (5>20>50),Normal,Akumulasi (Naik),Normal,Seimbang / Adu Mekanik,Normal,Tinggi,Normal,Rawan Pucuk (High Risk),< 1 Miliar,Di Bawah VWAP (Lemah),Distribusi Pro (Guyuran),Gorengan Sepi (< 5M),Sepi (< 50%),Mark-Up (Fase Pesta),Spesialis Tiang Jemuran (Banting Pucuk),Normal,Turun 1 Hari Beruntun,TP: 139 | CL: 118,Normal,Menengah (1:1),5,WAIT & SEE,TIDAK ADA,2026-08-03 15:55:01
15:55,NATO,Mid Cap (Lapis 2),Fair Value (Wajar),0.0,2.522984,660.0,637,575,685,-1.4925373134328357,143300,Tembus MA20,65,Negatif,Uptrend,Bullish,Strong Bullish,Perfect Uptrend (5>20>50),Normal,Akumulasi (Naik),Normal,Seimbang / Adu Mekanik,Normal,Tinggi,Normal,Rawan Pucuk (High Risk),< 1 Miliar,Persis di VWAP,Akumulasi Pro (Smart Money),Gorengan Sepi (< 5M),Normal (50-150%),Mark-Up (Fase Pesta),Normal,Normal,Turun 1 Hari Beruntun,TP: 717 | CL: 621,Normal,Tidak Ideal (< 1:1),6,WAIT & SEE,TIDAK ADA,2026-08-03 15:55:01
15:55,NELY,Small Cap (Lapis 3),Undervalued (Murah),7.0685325,0.51537627,197.0,204,194,226,-1.5,882200,Normal,38,Negatif,Downtrend,Bearish,Strong Bearish,Konsolidasi / Transisi,Normal,Distribusi (Turun),Normal,Seimbang / Adu Mekanik,Squeeze,Rendah,Normal,Dekat Support (Low Risk),< 1 Miliar,Di Bawah VWAP (Lemah),Distribusi Pro (Guyuran),Gorengan Sepi (< 5M),Normal (50-150%),Distribution (Fase Jualan),Spesialis Tiang Jemuran (Banting Pucuk),Normal,Turun 1 Hari Beruntun,TP: 206 | CL: 190,Normal,Sangat Menarik (> 1:3),0,WAIT & SEE,TIDAK ADA,2026-08-03 15:55:01
15:55,NETV,Mid Cap (Lapis 2),Overvalued (Mahal),0.0,5.43933,52.0,51,50,62,1.9607843137254901,640248400,Tembus MA20,49,Positif,Uptrend,Bearish,Bullish MACD,Strong Downtrend (5<20<50),Distribusi Kuat,Akumulasi (Naik),Gap Up (+7.8%),Dominan Jual (Guyur),Normal,Sedang,Normal,Area Tengah,> 1 Miliar,Di Bawah VWAP (Lemah),Distribusi Pro (Guyuran),Ritel Aktif (5M - 50M),Ledakan Ekstrem (> 300%),Accumulation (Kumpul Barang),Spesialis Tiang Jemuran (Banting Pucuk),Normal,Naik 2 Hari Beruntun,TP: 55 | CL: 49,Normal,Sangat Menarik (> 1:3),6,WAIT & SEE,TIDAK ADA,2026-08-03 15:55:01
15:55,NFCX,Small Cap (Lapis 3),Overvalued (Mahal),0.0,3.6338882,1500.0,1572,1430,1880,0.33444816053511706,62400,Tembus MA20,29,Positif,Downtrend,Bearish,Strong Bearish,Strong Downtrend (5<20<50),Normal,Distribusi (Turun),Normal,Dominan Jual (Guyur),Squeeze,Rendah,Doji (Ragu-ragu),Area Tengah,< 1 Miliar,Di Bawah VWAP (Lemah),Akumulasi Pro (Smart Money),Gorengan Sepi (< 5M),Normal (50-150%),Mark-Down (Fase Runtuh),Normal,Normal,Naik 1 Hari Beruntun,TP: 1625 | CL: 1416,Normal,Sangat Menarik (> 1:3),2,WAIT & SEE,TIDAK ADA,2026-08-03 15:55:01
15:55,NICE,Mid Cap (Lapis 2),Overvalued (Mahal),0.0,7.281624,250.0,254,240,282,-0.7936507936507936,164500,Normal,46,Negatif,Downtrend,Bearish,Bullish MACD,Strong Downtrend (5<20<50),Normal,Akumulasi (Naik),Normal,Seimbang / Adu Mekanik,Normal,Sedang,Normal,Area Tengah,< 1 Miliar,Persis di VWAP,Akumulasi Pro (Smart Money),Gorengan Sepi (< 5M),Sepi (< 50%),Mark-Down (Fase Runtuh),Normal,Normal,Turun 1 Hari Beruntun,TP: 268 | CL: 237,Open = High (Tekanan Jual),Sangat Menarik (> 1:3),2,WAIT & SEE,TIDAK ADA,2026-08-03 15:55:01
15:55,NICK,Small Cap (Lapis 3),Fair Value (Wajar),3.7733104,2.6786695,1245.0,1083,965,1300,2.0491803278688523,7600,Normal,65,Positif,Uptrend,Bullish,Strong Bullish,Perfect Uptrend (5>20>50),Normal,Akumulasi (Naik),Normal,Dominan Beli (Hajar Kanan),Breakout Upper,Tinggi,Normal,Rawan Pucuk (High Risk),< 1 Miliar,Di Atas VWAP (Kuat),Akumulasi Pro (Smart Money),Gorengan Sepi (< 5M),Sepi (< 50%),Mark-Up (Fase Pesta),Normal,Normal,Naik 1 Hari Beruntun,TP: 1366 | CL: 1163,Normal,Tidak Ideal (< 1:1),7,BELI,TIDAK ADA,2026-08-03 15:55:01
15:55,NINE,Small Cap (Lapis 3),Overvalued (Mahal),0.0,6.0565276,72.0,76,70,86,-1.36986301369863,5410400,Normal,36,Negatif,Downtrend,Bearish,Bullish MACD,Strong Downtrend (5<20<50),Normal,Distribusi (Turun),Normal,Dominan Jual (Guyur),Normal,Sedang,Normal,Dekat Support (Low Risk),< 1 Miliar,Di Bawah VWAP (Lemah),Akumulasi Pro (Smart Money),Gorengan Sepi (< 5M),Normal (50-150%),Mark-Down (Fase Runtuh),Normal,Normal,Turun 4 Hari Beruntun,TP: 79 | CL: 66,Normal,Sangat Menarik (> 1:3),1,WAIT & SEE,TIDAK ADA,2026-08-03 15:55:01
15:55,NOBU,Mid Cap (Lapis 2),Undervalued (Murah),6.9181495,0.8466501,486.0,440,414,488,2.5316455696202533,1803200,Tembus MA20,70,Positif,Uptrend,Bullish,Strong Bullish,Awal Reversal (5>20),Normal,Akumulasi (Naik),Normal,Dominan Beli (Hajar Kanan),Breakout Upper,Tinggi,Normal,Rawan Pucuk (High Risk),< 1 Miliar,Di Atas VWAP (Kuat),Distribusi Pro (Guyuran),Gorengan Sepi (< 5M),Normal (50-150%),Accumulation (Kumpul Barang),Spesialis Tiang Jemuran (Banting Pucuk),Jarum Bawah (Sinyal Pantulan Kuat),Naik 3 Hari Beruntun,TP: 512 | CL: 468,Normal,Tidak Ideal (< 1:1),8,BELI,TIDAK ADA,2026-08-03 15:55:01
15:55,OBAT,Small Cap (Lapis 3),Fair Value (Wajar),0.0,1.0697699,246.0,246,230,278,0.0,12300,Normal,50,Negatif,Downtrend,Bearish,Strong Bullish,Konsolidasi / Transisi,Normal,Distribusi (Turun),Normal,Seimbang / Adu Mekanik,Squeeze,Rendah,Normal,Area Tengah,< 1 Miliar,Persis di VWAP,Distribusi Pro (Guyuran),Gorengan Sepi (< 5M),Sepi (< 50%),Distribution (Fase Jualan),Spesialis Tiang Jemuran (Banting Pucuk),Normal,Sideways / Stagnan,TP: 260 | CL: 236,Open = High (Tekanan Jual),Ideal (1:2),1,WAIT & SEE,TIDAK ADA,2026-08-03 15:55:01
15:55,OBMD,Small Cap (Lapis 3),Fair Value (Wajar),0.0,0.6811859,178.0,187,163,242,-1.1111111111111112,1390200,Tembus MA20,44,Negatif,Downtrend,Death Cross,Bearish MACD,Konsolidasi / Transisi,Normal,Distribusi (Turun),Normal,Seimbang / Adu Mekanik,Normal,Tinggi,Normal,Area Tengah,< 1 Miliar,Di Bawah VWAP (Lemah),Distribusi Pro (Guyuran),Gorengan Sepi (< 5M),Normal (50-150%),Distribution (Fase Jualan),Spesialis Tiang Jemuran (Banting Pucuk),Normal,Turun 8 Hari Beruntun,TP: 209 | CL: 156,Normal,Sangat Menarik (> 1:3),1,WAIT & SEE,TIDAK ADA,2026-08-03 15:55:01
15:55,OMRE,Mid Cap (Lapis 2),Fair Value (Wajar),0.0,0.96974224,1040.0,1063,900,1350,-4.587155963302752,24400,Normal,49,Negatif,Downtrend,Bearish,Bearish MACD,Konsolidasi / Transisi,Normal,Akumulasi (Naik),Gap Down (-3.2%),Dominan Jual (Guyur),Normal,Tinggi,Normal,Rawan Pucuk (High Risk),< 1 Miliar,Di Bawah VWAP (Lemah),Distribusi Pro (Guyuran),Gorengan Sepi (< 5M),Sepi (< 50%),Distribution (Fase Jualan),Spesialis Tiang Jemuran (Banting Pucuk),Normal,Turun 1 Hari Beruntun,TP: 1241 | CL: 905,Normal,Ideal (1:2),1,WAIT & SEE,TIDAK ADA,2026-08-03 15:55:01
15:55,PALM,Mid Cap (Lapis 2),Undervalued (Murah),8.173619,0.5520917,290.0,300,280,320,-0.684931506849315,491600,Tembus MA20,40,Negatif,Downtrend,Death Cross,Strong Bearish,Strong Downtrend (5<20<50),Normal,Distribusi (Turun),Normal,Dominan Jual (Guyur),Normal,Sedang,Normal,Area Tengah,< 1 Miliar,Di Bawah VWAP (Lemah),Distribusi Pro (Guyuran),Gorengan Sepi (< 5M),Normal (50-150%),Mark-Down (Fase Runtuh),Normal,Normal,Turun 4 Hari Beruntun,TP: 305 | CL: 279,Open = High (Tekanan Jual),Sangat Menarik (> 1:3),1,WAIT & SEE,TIDAK ADA,2026-08-03 15:55:01
15:55,PANR,Small Cap (Lapis 3),Fair Value (Wajar),0.0,0.6119306,418.0,407,394,426,0.0,13400,Normal,52,Negatif,Uptrend,Bullish,Bullish MACD,Awal Reversal (5>20),Normal,Akumulasi (Naik),Normal,Dominan Beli (Hajar Kanan),Squeeze,Rendah,Doji (Ragu-ragu),Area Tengah,< 1 Miliar,Di Atas VWAP (Kuat),Akumulasi Pro (Smart Money),Gorengan Sepi (< 5M),Sepi (< 50%),Accumulation (Kumpul Barang),Normal,Jarum Bawah (Sinyal Pantulan Kuat),Sideways / Stagnan,TP: 432 | CL: 408,Normal,Tidak Ideal (< 1:1),6,WAIT & SEE,TIDAK ADA,2026-08-03 15:55:01
15:55,PBID,Mid Cap (Lapis 2),Undervalued (Murah),6.4351625,1.2975726,530.0,497,474,570,0.0,1192100,Normal,79,Negatif,Uptrend,Bullish,Strong Bullish,Perfect Uptrend (5>20>50),Normal,Akumulasi (Naik),Normal,Seimbang / Adu Mekanik,Normal,Tinggi,Doji (Ragu-ragu),Rawan Pucuk (High Risk),< 1 Miliar,Persis di VWAP,Distribusi Pro (Guyuran),Gorengan Sepi (< 5M),Sepi (< 50%),Mark-Up (Fase Pesta),Normal,Normal,Sideways / Stagnan,TP: 551 | CL: 515,Normal,Tidak Ideal (< 1:1),5,WAIT & SEE,TIDAK ADA,2026-08-03 15:55:01
15:55,PBSA,Mid Cap (Lapis 2),Fair Value (Wajar),7.6157594,2.458162,750.0,759,710,860,-2.5974025974025974,221400,Normal,50,Negatif,Downtrend,Bearish,Bearish MACD,Konsolidasi / Transisi,Normal,Distribusi (Turun),Normal,Dominan Jual (Guyur),Normal,Sedang,Normal,Area Tengah,< 1 Miliar,Di Bawah VWAP (Lemah),Distribusi Pro (Guyuran),Gorengan Sepi (< 5M),Sepi (< 50%),Distribution (Fase Jualan),Spesialis Tiang Jemuran (Banting Pucuk),Normal,Turun 1 Hari Beruntun,TP: 826 | CL: 698,Normal,Ideal (1:2),0,WAIT & SEE,TIDAK ADA,2026-08-03 15:55:01
15:55,PDES,Small Cap (Lapis 3),Fair Value (Wajar),0.0,2.5758204,372.0,400,372,426,-0.53475935828877,21600,Normal,29,Negatif,Downtrend,Bearish,Bullish MACD,Strong Downtrend (5<20<50),Normal,Akumulasi (Naik),Normal,Dominan Jual (Guyur),Normal,Sedang,Normal,Dekat Support (Low Risk),< 1 Miliar,Di Bawah VWAP (Lemah),Akumulasi Pro (Smart Money),Gorengan Sepi (< 5M),Sepi (< 50%),Mark-Down (Fase Runtuh),Normal,Normal,Turun 2 Hari Beruntun,TP: 391 | CL: 359,Open = High (Tekanan Jual),Di Area Support,2,WAIT & SEE,TIDAK ADA,2026-08-03 15:55:01
15:55,PDPP,Small Cap (Lapis 3),Fair Value (Wajar),22.140762,2.0979362,306.0,270,248,318,-0.6493506493506493,190200,Normal,73,Negatif,Uptrend,Bullish,Strong Bullish,Perfect Uptrend (5>20>50),Normal,Akumulasi (Naik),Gap Up (+3.2%),Seimbang / Adu Mekanik,Breakout Upper,Tinggi,Normal,Rawan Pucuk (High Risk),< 1 Miliar,Di Atas VWAP (Kuat),Akumulasi Pro (Smart Money),Gorengan Sepi (< 5M),Sepi (< 50%),Mark-Up (Fase Pesta),Normal,Normal,Turun 1 Hari Beruntun,TP: 333 | CL: 287,Open = High (Tekanan Jual),Tidak Ideal (< 1:1),6,WAIT & SEE,TIDAK ADA,2026-08-03 15:55:01
15:55,PEHA,Small Cap (Lapis 3),Undervalued (Murah),6.285714,0.5330103,264.0,256,234,278,0.7633587786259541,64700,Normal,55,Positif,Uptrend,Bullish,Strong Bullish,Perfect Uptrend (5>20>50),Normal,Akumulasi (Naik),Normal,Dominan Jual (Guyur),Normal,Sedang,Doji (Ragu-ragu),Rawan Pucuk (High Risk),< 1 Miliar,Persis di VWAP,Akumulasi Pro (Smart Money),Gorengan Sepi (< 5M),Normal (50-150%),Mark-Up (Fase Pesta),Spesialis Tiang Jemuran (Banting Pucuk),Normal,Naik 2 Hari Beruntun,TP: 283 | CL: 251,Normal,Tidak Ideal (< 1:1),6,WAIT & SEE,TIDAK ADA,2026-08-03 15:55:01
15:55,PEVE,Small Cap (Lapis 3),Fair Value (Wajar),0.0,1.6588037,340.0,320,300,380,1.1904761904761905,1183600,Tembus MA20,62,Positif,Uptrend,Bullish,Strong Bullish,Perfect Uptrend (5>20>50),Normal,Akumulasi (Naik),Normal,Seimbang / Adu Mekanik,Normal,Sedang,Normal,Rawan Pucuk (High Risk),< 1 Miliar,Di Atas VWAP (Kuat),Akumulasi Pro (Smart Money),Gorengan Sepi (< 5M),Normal (50-150%),Mark-Up (Fase Pesta),Normal,Normal,Naik 4 Hari Beruntun,TP: 363 | CL: 324,Open = High (Tekanan Jual),Menengah (1:1),7,BELI,TIDAK ADA,2026-08-03 15:55:01
15:55,PGJO,Small Cap (Lapis 3),Fair Value (Wajar),0.0,-296.3405,745.0,691,640,805,-1.9736842105263157,96100,Normal,57,Negatif,Uptrend,Golden Cross,Bullish MACD,Awal Reversal (5>20),Normal,Akumulasi (Naik),Gap Down (-2.6%),Dominan Jual (Guyur),Breakout Upper,Tinggi,Doji (Ragu-ragu),Rawan Pucuk (High Risk),< 1 Miliar,Di Atas VWAP (Kuat),Akumulasi Pro (Smart Money),Gorengan Sepi (< 5M),Normal (50-150%),Accumulation (Kumpul Barang),Normal,Normal,Turun 1 Hari Beruntun,TP: 787 | CL: 716,Open = Low (Bullish Kuat),Tidak Ideal (< 1:1),5,WAIT & SEE,TIDAK ADA,2026-08-03 15:55:01
15:55,PGUN,Big Cap (Lapis 1),Overvalued (Mahal),351.21027,21.76413,7400.0,7417,6900,9500,-1.6611295681063125,21800,Normal,49,Negatif,Downtrend,Bullish,Strong Bullish,Perfect Uptrend (5>20>50),Normal,Akumulasi (Naik),Normal,Dominan Jual (Guyur),Normal,Tinggi,Normal,Area Tengah,< 1 Miliar,Di Bawah VWAP (Lemah),Distribusi Pro (Guyuran),Gorengan Sepi (< 5M),Sepi (< 50%),Distribution (Fase Jualan),Normal,Normal,Turun 1 Hari Beruntun,TP: 8198 | CL: 6867,Open = High (Tekanan Jual),Sangat Menarik (> 1:3),3,WAIT & SEE,TIDAK ADA,2026-08-03 15:55:01
15:55,PICO,Small Cap (Lapis 3),Overvalued (Mahal),49.43396,0.35501838,131.0,128,110,139,3.149606299212598,147100,Normal,53,Positif,Uptrend,Bullish,Bullish MACD,Awal Reversal (5>20),Normal,Distribusi (Turun),Normal,Dominan Beli (Hajar Kanan),Squeeze,Rendah,Marubozu (Strong Bullish),Rawan Pucuk (High Risk),< 1 Miliar,Di Atas VWAP (Kuat),Akumulasi Pro (Smart Money),Gorengan Sepi (< 5M),Sepi (< 50%),Accumulation (Kumpul Barang),Spesialis Tiang Jemuran (Banting Pucuk),Normal,Naik 2 Hari Beruntun,TP: 141 | CL: 123,Open = Low (Bullish Kuat),Tidak Ideal (< 1:1),6,WAIT & SEE,TIDAK ADA,2026-08-03 15:55:01
15:55,PJAA,Small Cap (Lapis 3),Undervalued (Murah),4.667153,0.39780283,454.0,456,444,470,0.8888888888888888,35100,Normal,48,Positif,Downtrend,Bearish,Strong Bearish,Konsolidasi / Transisi,Normal,Distribusi (Turun),Normal,Dominan Beli (Hajar Kanan),Squeeze,Rendah,Doji (Ragu-ragu),Dekat Support (Low Risk),< 1 Miliar,Persis di VWAP,Distribusi Pro (Guyuran),Gorengan Sepi (< 5M),Sepi (< 50%),Distribution (Fase Jualan),Spesialis Tiang Jemuran (Banting Pucuk),Jarum Bawah (Sinyal Pantulan Kuat),Naik 1 Hari Beruntun,TP: 467 | CL: 444,Normal,Ideal (1:2),2,WAIT & SEE,TIDAK ADA,2026-08-03 15:55:01
15:55,PLIN,Mid Cap (Lapis 2),Undervalued (Murah),8.896923,0.77000433,2510.0,2510,2510,2510,0.0,0,Normal,100,Negatif,Downtrend,Bearish,Bearish MACD,Konsolidasi / Transisi,Normal,Netral,Normal,Tidak Ada Transaksi,Squeeze,Rendah,Doji (Ragu-ragu),Dekat Support (Low Risk),< 1 Miliar,Di Atas VWAP (Kuat),Netral,Gorengan Sepi (< 5M),Normal (50-150%),Sideways,Solid (Jarang Dibanting),Normal,Sideways / Stagnan,TP: 2511 | CL: 2509,Normal,Di Area Support,1,WAIT & SEE,TIDAK ADA,2026-08-03 15:55:01
15:55,PMJS,Mid Cap (Lapis 2),Undervalued (Murah),12.202688,0.59017414,118.0,108,100,128,1.7241379310344827,2021300,Tembus MA20,70,Positif,Uptrend,Bullish,Strong Bullish,Perfect Uptrend (5>20>50),Normal,Akumulasi (Naik),Gap Up (+2.6%),Seimbang / Adu Mekanik,Breakout Upper,Tinggi,Normal,Rawan Pucuk (High Risk),< 1 Miliar,Di Atas VWAP (Kuat),Distribusi Pro (Guyuran),Gorengan Sepi (< 5M),Normal (50-150%),Mark-Up (Fase Pesta),Normal,Jarum Bawah (Sinyal Pantulan Kuat),Naik 3 Hari Beruntun,TP: 127 | CL: 111,Normal,Tidak Ideal (< 1:1),8,BELI,TIDAK ADA,2026-08-03 15:55:01
15:55,PMMP,Small Cap (Lapis 3),Overvalued (Mahal),12499.999,-1724.138,50.0,50,50,50,0.0,0,Normal,0,Negatif,Downtrend,Bearish,Bearish MACD,Konsolidasi / Transisi,Normal,Netral,Normal,Tidak Ada Transaksi,Squeeze,Rendah,Doji (Ragu-ragu),Dekat Support (Low Risk),< 1 Miliar,Di Atas VWAP (Kuat),Netral,Gorengan Sepi (< 5M),Normal (50-150%),Sideways,Solid (Jarang Dibanting),Normal,Sideways / Stagnan,TP: 51 | CL: 49,Normal,Di Area Support,0,WAIT & SEE,TIDAK ADA,2026-08-03 15:55:01
15:55,PNBS,Mid Cap (Lapis 2),Overvalued (Mahal),34.013603,0.64589465,50.0,50,50,53,0.0,229800,Normal,42,Negatif,Downtrend,Bearish,Strong Bearish,Konsolidasi / Transisi,Normal,Netral,Normal,Tidak Ada Transaksi,Squeeze,Rendah,Doji (Ragu-ragu),Dekat Support (Low Risk),< 1 Miliar,Persis di VWAP,Netral,Gorengan Sepi (< 5M),Sepi (< 50%),Distribution (Fase Jualan),Normal,Normal,Sideways / Stagnan,TP: 50 | CL: 49,Normal,Di Area Support,0,WAIT & SEE,TIDAK ADA,2026-08-03 15:55:01
15:55,PNGO,Mid Cap (Lapis 2),Fair Value (Wajar),8.417469,2.3838236,3560.0,3504,3390,3650,-0.2801120448179272,7700,Normal,62,Negatif,Uptrend,Bullish,Strong Bullish,Perfect Uptrend (5>20>50),Normal,Distribusi (Turun),Normal,Dominan Jual (Guyur),Squeeze,Rendah,Normal,Area Tengah,< 1 Miliar,Persis di VWAP,Akumulasi Pro (Smart Money),Gorengan Sepi (< 5M),Sepi (< 50%),Mark-Up (Fase Pesta),Spesialis Tiang Jemuran (Banting Pucuk),Normal,Turun 1 Hari Beruntun,TP: 3615 | CL: 3522,Open = High (Tekanan Jual),Tidak Ideal (< 1:1),4,WAIT & SEE,TIDAK ADA,2026-08-03 15:55:01
15:55,PNIN,Mid Cap (Lapis 2),Undervalued (Murah),2.434653,0.13203844,720.0,725,695,760,-0.6896551724137931,59700,Normal,47,Negatif,Downtrend,Bearish,Strong Bearish,Strong Downtrend (5<20<50),Normal,Distribusi (Turun),Normal,Dominan Beli (Hajar Kanan),Squeeze,Rendah,Hammer (Potensi Reversal),Area Tengah,< 1 Miliar,Di Atas VWAP (Kuat),Distribusi Pro (Guyuran),Gorengan Sepi (< 5M),Sepi (< 50%),Mark-Down (Fase Runtuh),Normal,Jarum Bawah (Sinyal Pantulan Kuat),Turun 1 Hari Beruntun,TP: 751 | CL: 698,Open = High (Tekanan Jual),Ideal (1:2),1,WAIT & SEE,TIDAK ADA,2026-08-03 15:55:01
15:55,PNSE,Small Cap (Lapis 3),Overvalued (Mahal),0.0,3.5924017,490.0,498,466,550,0.0,13800,Tembus MA20,41,Negatif,Downtrend,Bearish,Bullish MACD,Strong Downtrend (5<20<50),Normal,Distribusi (Turun),Normal,Dominan Beli (Hajar Kanan),Squeeze,Rendah,Hammer (Potensi Reversal),Area Tengah,< 1 Miliar,Persis di VWAP,Akumulasi Pro (Smart Money),Gorengan Sepi (< 5M),Normal (50-150%),Mark-Down (Fase Runtuh),Normal,Jarum Bawah (Sinyal Pantulan Kuat),Sideways / Stagnan,TP: 527 | CL: 464,Open = High (Tekanan Jual),Ideal (1:2),3,WAIT & SEE,TIDAK ADA,2026-08-03 15:55:01
15:55,POLI,Mid Cap (Lapis 2),Fair Value (Wajar),23.400936,0.71703714,740.0,714,650,800,2.0689655172413794,20800,Normal,52,Positif,Uptrend,Bullish,Bullish MACD,Awal Reversal (5>20),Normal,Akumulasi (Naik),Gap Up (+2.1%),Dominan Beli (Hajar Kanan),Normal,Sedang,Doji (Ragu-ragu),Rawan Pucuk (High Risk),< 1 Miliar,Di Atas VWAP (Kuat),Akumulasi Pro (Smart Money),Gorengan Sepi (< 5M),Normal (50-150%),Accumulation (Kumpul Barang),Normal,Jarum Bawah (Sinyal Pantulan Kuat),Naik 5 Hari Beruntun,TP: 814 | CL: 690,Normal,Tidak Ideal (< 1:1),8,BELI,TIDAK ADA,2026-08-03 15:55:01
15:55,POLL,Small Cap (Lapis 3),Overvalued (Mahal),85.496185,0.57678145,112.0,112,112,112,0.0,0,Normal,0,Negatif,Downtrend,Bearish,Bearish MACD,Konsolidasi / Transisi,Normal,Netral,Normal,Tidak Ada Transaksi,Squeeze,Rendah,Doji (Ragu-ragu),Dekat Support (Low Risk),< 1 Miliar,Di Atas VWAP (Kuat),Netral,Gorengan Sepi (< 5M),Normal (50-150%),Sideways,Solid (Jarang Dibanting),Normal,Sideways / Stagnan,TP: 113 | CL: 111,Normal,Di Area Support,0,WAIT & SEE,TIDAK ADA,2026-08-03 15:55:01
15:55,POLU,Mid Cap (Lapis 2),Overvalued (Mahal),0.0,79.408104,12450.0,12537,11875,14000,1.6326530612244898,1100,Normal,49,Positif,Downtrend,Bearish,Strong Bearish,Konsolidasi / Transisi,Normal,Akumulasi (Naik),Gap Up (+2.9%),Dominan Jual (Guyur),Normal,Sedang,Normal,Area Tengah,< 1 Miliar,Di Atas VWAP (Kuat),Distribusi Pro (Guyuran),Gorengan Sepi (< 5M),Sepi (< 50%),Distribution (Fase Jualan),Normal,Normal,Naik 2 Hari Beruntun,TP: 13384 | CL: 11826,Open = High (Tekanan Jual),Ideal (1:2),3,WAIT & SEE,TIDAK ADA,2026-08-03 15:55:01
15:55,POLY,Small Cap (Lapis 3),Overvalued (Mahal),31999.998,-6400.0,32.0,32,32,32,0.0,0,Normal,0,Negatif,Downtrend,Bearish,Bearish MACD,Konsolidasi / Transisi,Normal,Netral,Normal,Tidak Ada Transaksi,Squeeze,Rendah,Doji (Ragu-ragu),Dekat Support (Low Risk),< 1 Miliar,Di Atas VWAP (Kuat),Netral,Gorengan Sepi (< 5M),Normal (50-150%),Sideways,Solid (Jarang Dibanting),Normal,Sideways / Stagnan,TP: 33 | CL: 31,Normal,Di Area Support,0,WAIT & SEE,TIDAK ADA,2026-08-03 15:55:01
15:55,PORT,Mid Cap (Lapis 2),Fair Value (Wajar),20.231215,2.1419828,875.0,872,800,1060,1.1560693641618496,4300,Normal,51,Positif,Uptrend,Death Cross,Bearish MACD,Strong Downtrend (5<20<50),Normal,Akumulasi (Naik),Normal,Dominan Jual (Guyur),Squeeze,Rendah,Normal,Area Tengah,< 1 Miliar,Persis di VWAP,Distribusi Pro (Guyuran),Gorengan Sepi (< 5M),Sepi (< 50%),Accumulation (Kumpul Barang),Spesialis Tiang Jemuran (Banting Pucuk),Normal,Naik 2 Hari Beruntun,TP: 989 | CL: 798,Open = Low (Bullish Kuat),Ideal (1:2),4,WAIT & SEE,TIDAK ADA,2026-08-03 15:55:01
15:55,PRAY,Big Cap (Lapis 1),Overvalued (Mahal),53.93586,3.138386,740.0,710,655,855,5.714285714285714,24000,Normal,56,Positif,Uptrend,Bullish,Strong Bullish,Perfect Uptrend (5>20>50),Normal,Distribusi (Turun),Normal,Dominan Beli (Hajar Kanan),Normal,Tinggi,Marubozu (Strong Bullish),Rawan Pucuk (High Risk),< 1 Miliar,Di Atas VWAP (Kuat),Akumulasi Pro (Smart Money),Gorengan Sepi (< 5M),Normal (50-150%),Mark-Up (Fase Pesta),Spesialis Tiang Jemuran (Banting Pucuk),Normal,Naik 1 Hari Beruntun,TP: 826 | CL: 682,Open = Low (Bullish Kuat),Menengah (1:1),6,WAIT & SEE,TIDAK ADA,2026-08-03 15:55:01
15:55,PRDA,Mid Cap (Lapis 2),Undervalued (Murah),9.904715,0.8752112,2380.0,2419,2320,2850,-0.8333333333333334,249000,Normal,45,Negatif,Downtrend,Bearish,Bullish MACD,Strong Downtrend (5<20<50),Normal,Akumulasi (Naik),Normal,Dominan Jual (Guyur),Normal,Tinggi,Normal,Dekat Support (Low Risk),< 1 Miliar,Persis di VWAP,Distribusi Pro (Guyuran),Gorengan Sepi (< 5M),Normal (50-150%),Mark-Down (Fase Runtuh),Normal,Normal,Turun 1 Hari Beruntun,TP: 2436 | CL: 2342,Open = High (Tekanan Jual),Sangat Menarik (> 1:3),2,WAIT & SEE,TIDAK ADA,2026-08-03 15:55:01
15:55,PSAT,Mid Cap (Lapis 2),Fair Value (Wajar),0.0,0.98787373,865.0,832,755,945,1.7647058823529411,84500,Normal,63,Positif,Uptrend,Bullish,Strong Bullish,Perfect Uptrend (5>20>50),Normal,Akumulasi (Naik),Normal,Dominan Beli (Hajar Kanan),Normal,Sedang,Normal,Rawan Pucuk (High Risk),< 1 Miliar,Persis di VWAP,Distribusi Pro (Guyuran),Gorengan Sepi (< 5M),Normal (50-150%),Mark-Up (Fase Pesta),Normal,Normal,Naik 3 Hari Beruntun,TP: 922 | CL: 826,Normal,Tidak Ideal (< 1:1),7,BELI,TIDAK ADA,2026-08-03 15:55:01
15:55,PSGO,Mid Cap (Lapis 2),Undervalued (Murah),9.138013,1.3126112,194.0,197,184,200,-1.0204081632653061,377000,Tembus MA20,38,Negatif,Downtrend,Bearish,Bearish MACD,Konsolidasi / Transisi,Distribusi Kuat,Distribusi (Turun),Normal,Seimbang / Adu Mekanik,Squeeze,Rendah,Normal,Area Tengah,< 1 Miliar,Persis di VWAP,Akumulasi Pro (Smart Money),Gorengan Sepi (< 5M),Ledakan Ekstrem (> 300%),Distribution (Fase Jualan),Normal,Normal,Turun 1 Hari Beruntun,TP: 200 | CL: 189,Normal,Tidak Ideal (< 1:1),1,WAIT & SEE,TIDAK ADA,2026-08-03 15:55:01
15:55,PTDU,Small Cap (Lapis 3),Fair Value (Wajar),11.330527,-9.019456,70.0,70,70,70,0.0,0,Normal,0,Negatif,Downtrend,Bearish,Bearish MACD,Konsolidasi / Transisi,Normal,Netral,Normal,Tidak Ada Transaksi,Squeeze,Rendah,Doji (Ragu-ragu),Dekat Support (Low Risk),< 1 Miliar,Di Atas VWAP (Kuat),Netral,Gorengan Sepi (< 5M),Normal (50-150%),Sideways,Solid (Jarang Dibanting),Normal,Sideways / Stagnan,TP: 71 | CL: 69,Normal,Di Area Support,0,WAIT & SEE,TIDAK ADA,2026-08-03 15:55:01
15:55,PTMR,Small Cap (Lapis 3),Overvalued (Mahal),0.0,9.292156,374.0,374,374,374,0.0,0,Normal,0,Negatif,Downtrend,Bearish,Bearish MACD,Konsolidasi / Transisi,Normal,Netral,Normal,Tidak Ada Transaksi,Squeeze,Rendah,Doji (Ragu-ragu),Dekat Support (Low Risk),< 1 Miliar,Di Atas VWAP (Kuat),Netral,Gorengan Sepi (< 5M),Normal (50-150%),Sideways,Solid (Jarang Dibanting),Normal,Sideways / Stagnan,TP: 375 | CL: 373,Normal,Di Area Support,0,WAIT & SEE,TIDAK ADA,2026-08-03 15:55:01
15:55,PTPS,Small Cap (Lapis 3),Fair Value (Wajar),0.0,1.790521,149.0,139,124,163,-0.6666666666666667,2064400,Normal,63,Negatif,Uptrend,Bullish,Strong Bullish,Perfect Uptrend (5>20>50),Normal,Akumulasi (Naik),Normal,Seimbang / Adu Mekanik,Normal,Tinggi,Normal,Rawan Pucuk (High Risk),< 1 Miliar,Persis di VWAP,Distribusi Pro (Guyuran),Gorengan Sepi (< 5M),Sepi (< 50%),Mark-Up (Fase Pesta),Spesialis Tiang Jemuran (Banting Pucuk),Jarum Bawah (Sinyal Pantulan Kuat),Turun 1 Hari Beruntun,TP: 163 | CL: 139,Normal,Tidak Ideal (< 1:1),5,WAIT & SEE,TIDAK ADA,2026-08-03 15:55:01
15:55,PTPW,Small Cap (Lapis 3),Fair Value (Wajar),15.067637,1.5083057,1135.0,1134,1115,1190,0.4424778761061947,15300,Normal,51,Positif,Uptrend,Bearish,Bearish MACD,Konsolidasi / Transisi,Normal,Akumulasi (Naik),Normal,Dominan Jual (Guyur),Squeeze,Rendah,Doji (Ragu-ragu),Dekat Support (Low Risk),< 1 Miliar,Persis di VWAP,Distribusi Pro (Guyuran),Gorengan Sepi (< 5M),Normal (50-150%),Mark-Up (Fase Pesta),Normal,Normal,Naik 2 Hari Beruntun,TP: 1151 | CL: 1124,Normal,Ideal (1:2),4,WAIT & SEE,TIDAK ADA,2026-08-03 15:55:01
15:55,PTSN,Mid Cap (Lapis 2),Overvalued (Mahal),5.960015,13166.667,314.0,253,226,340,13.768115942028986,7195700,Tembus MA20,83,Positif,Uptrend,Bullish,Strong Bullish,Perfect Uptrend (5>20>50),Akumulasi Kuat,Akumulasi (Naik),Normal,Seimbang / Adu Mekanik,Breakout Upper,Tinggi,Normal,Rawan Pucuk (High Risk),> 1 Miliar,Di Atas VWAP (Kuat),Akumulasi Pro (Smart Money),Gorengan Sepi (< 5M),Ledakan Ekstrem (> 300%),Mark-Up (Fase Pesta),Spesialis Tiang Jemuran (Banting Pucuk),Normal,Naik 3 Hari Beruntun,TP: 336 | CL: 298,Normal,Tidak Ideal (< 1:1),8,BELI,TIDAK ADA,2026-08-03 15:55:01
15:55,PTSP,Small Cap (Lapis 3),Undervalued (Murah),5.5905175,1.1905335,920.0,894,850,940,3.3707865168539324,1900,Normal,57,Positif,Uptrend,Golden Cross,Strong Bullish,Perfect Uptrend (5>20>50),Normal,Distribusi (Turun),Normal,Dominan Beli (Hajar Kanan),Squeeze,Rendah,Normal,Area Tengah,< 1 Miliar,Di Atas VWAP (Kuat),Akumulasi Pro (Smart Money),Gorengan Sepi (< 5M),Sepi (< 50%),Mark-Up (Fase Pesta),Normal,Normal,Naik 1 Hari Beruntun,TP: 977 | CL: 881,Normal,Tidak Ideal (< 1:1),6,WAIT & SEE,TIDAK ADA,2026-08-03 15:55:01
15:55,PUDP,Small Cap (Lapis 3),Fair Value (Wajar),0.0,0.3920001,304.0,298,286,338,0.0,12700,Normal,54,Negatif,Uptrend,Bullish,Strong Bullish,Awal Reversal (5>20),Normal,Distribusi (Turun),Normal,Dominan Beli (Hajar Kanan),Squeeze,Rendah,Hammer (Potensi Reversal),Area Tengah,< 1 Miliar,Persis di VWAP,Akumulasi Pro (Smart Money),Gorengan Sepi (< 5M),Sepi (< 50%),Accumulation (Kumpul Barang),Spesialis Tiang Jemuran (Banting Pucuk),Jarum Bawah (Sinyal Pantulan Kuat),Sideways / Stagnan,TP: 321 | CL: 292,Normal,Ideal (1:2),5,WAIT & SEE,TIDAK ADA,2026-08-03 15:55:01
15:55,RAFI,Small Cap (Lapis 3),Fair Value (Wajar),0.0,0.46078822,36.0,36,36,36,0.0,0,Normal,0,Negatif,Downtrend,Bearish,Bearish MACD,Konsolidasi / Transisi,Normal,Netral,Normal,Tidak Ada Transaksi,Squeeze,Rendah,Doji (Ragu-ragu),Dekat Support (Low Risk),< 1 Miliar,Di Atas VWAP (Kuat),Netral,Gorengan Sepi (< 5M),Normal (50-150%),Sideways,Solid (Jarang Dibanting),Normal,Sideways / Stagnan,TP: 37 | CL: 35,Normal,Di Area Support,0,WAIT & SEE,TIDAK ADA,2026-08-03 15:55:01
15:55,RANC,Small Cap (Lapis 3),Overvalued (Mahal),0.0,3.0891519,520.0,523,492,585,0.0,7000,Normal,49,Negatif,Downtrend,Bearish,Strong Bearish,Konsolidasi / Transisi,Normal,Distribusi (Turun),Normal,Dominan Beli (Hajar Kanan),Normal,Sedang,Doji (Ragu-ragu),Area Tengah,< 1 Miliar,Di Atas VWAP (Kuat),Distribusi Pro (Guyuran),Gorengan Sepi (< 5M),Sepi (< 50%),Distribution (Fase Jualan),Normal,Jarum Bawah (Sinyal Pantulan Kuat),Sideways / Stagnan,TP: 550 | CL: 499,Normal,Ideal (1:2),1,WAIT & SEE,TIDAK ADA,2026-08-03 15:55:01
15:55,RDTX,Mid Cap (Lapis 2),Undervalued (Murah),8.757327,1.0991988,13625.0,13793,13600,15100,0.1838235294117647,300,Normal,42,Positif,Downtrend,Bearish,Bullish MACD,Strong Downtrend (5<20<50),Normal,Akumulasi (Naik),Normal,Dominan Beli (Hajar Kanan),Squeeze,Rendah,Marubozu (Strong Bullish),Dekat Support (Low Risk),< 1 Miliar,Persis di VWAP,Distribusi Pro (Guyuran),Gorengan Sepi (< 5M),Sepi (< 50%),Mark-Down (Fase Runtuh),Solid (Jarang Dibanting),Normal,Naik 1 Hari Beruntun,TP: 13836 | CL: 13483,Open = Low (Bullish Kuat),Sangat Menarik (> 1:3),4,WAIT & SEE,TIDAK ADA,2026-08-03 15:55:01
15:55,REAL,Small Cap (Lapis 3),Overvalued (Mahal),406.24997,0.9265198,51.0,50,49,66,0.0,83901800,Normal,54,Negatif,Uptrend,Bullish,Strong Bullish,Perfect Uptrend (5>20>50),Normal,Akumulasi (Naik),Normal,Dominan Jual (Guyur),Squeeze,Rendah,Normal,Dekat Support (Low Risk),> 1 Miliar,Persis di VWAP,Distribusi Pro (Guyuran),Gorengan Sepi (< 5M),Sepi (< 50%),Mark-Up (Fase Pesta),Spesialis Tiang Jemuran (Banting Pucuk),Normal,Sideways / Stagnan,TP: 55 | CL: 47,Normal,Sangat Menarik (> 1:3),5,WAIT & SEE,TIDAK ADA,2026-08-03 15:55:01
15:55,RIGS,Small Cap (Lapis 3),Overvalued (Mahal),4.723299,9178.082,670.0,681,655,700,-1.4705882352941175,7500,Normal,45,Negatif,Downtrend,Bearish,Strong Bearish,Konsolidasi / Transisi,Normal,Distribusi (Turun),Normal,Seimbang / Adu Mekanik,Squeeze,Rendah,Doji (Ragu-ragu),Dekat Support (Low Risk),< 1 Miliar,Persis di VWAP,Distribusi Pro (Guyuran),Gorengan Sepi (< 5M),Sepi (< 50%),Distribution (Fase Jualan),Normal,Normal,Turun 1 Hari Beruntun,TP: 696 | CL: 652,Normal,Ideal (1:2),0,WAIT & SEE,TIDAK ADA,2026-08-03 15:55:01
15:55,ROCK,Mid Cap (Lapis 2),Overvalued (Mahal),81.43939,3.0086026,1730.0,1797,1695,2010,-3.35195530726257,7400,Normal,45,Negatif,Downtrend,Bearish,Strong Bearish,Konsolidasi / Transisi,Normal,Akumulasi (Naik),Normal,Seimbang / Adu Mekanik,Bottom Rebound,Sedang,Normal,Dekat Support (Low Risk),< 1 Miliar,Di Bawah VWAP (Lemah),Distribusi Pro (Guyuran),Gorengan Sepi (< 5M),Sepi (< 50%),Distribution (Fase Jualan),Spesialis Tiang Jemuran (Banting Pucuk),Normal,Turun 1 Hari Beruntun,TP: 1880 | CL: 1630,Normal,Sangat Menarik (> 1:3),1,WAIT & SEE,TIDAK ADA,2026-08-03 15:55:01
15:55,RODA,Small Cap (Lapis 3),Fair Value (Wajar),0.0,0.4298537,58.0,61,51,72,1.7543859649122806,13329100,Normal,46,Positif,Downtrend,Bearish,Bearish MACD,Konsolidasi / Transisi,Normal,Distribusi (Turun),Normal,Seimbang / Adu Mekanik,Normal,Tinggi,Doji (Ragu-ragu),Rawan Pucuk (High Risk),< 1 Miliar,Di Bawah VWAP (Lemah),Distribusi Pro (Guyuran),Gorengan Sepi (< 5M),Normal (50-150%),Distribution (Fase Jualan),Spesialis Tiang Jemuran (Banting Pucuk),Jarum Bawah (Sinyal Pantulan Kuat),Naik 1 Hari Beruntun,TP: 64 | CL: 54,Normal,Ideal (1:2),1,WAIT & SEE,TIDAK ADA,2026-08-03 15:55:01
15:55,RONY,Mid Cap (Lapis 2),Overvalued (Mahal),0.0,239.41069,1300.0,1253,930,2110,-1.5151515151515151,99100,Normal,52,Negatif,Uptrend,Bullish,Bearish MACD,Perfect Uptrend (5>20>50),Normal,Distribusi (Turun),Gap Up (+4.9%),Seimbang / Adu Mekanik,Normal,Tinggi,Normal,Rawan Pucuk (High Risk),< 1 Miliar,Di Bawah VWAP (Lemah),Distribusi Pro (Guyuran),Gorengan Sepi (< 5M),Normal (50-150%),Mark-Up (Fase Pesta),Spesialis Tiang Jemuran (Banting Pucuk),Normal,Turun 1 Hari Beruntun,TP: 1638 | CL: 1074,Open = High (Tekanan Jual),Ideal (1:2),4,WAIT & SEE,TIDAK ADA,2026-08-03 15:55:01
15:55,ROTI,Mid Cap (Lapis 2),Fair Value (Wajar),14.007598,1.6232471,590.0,603,585,625,-1.6666666666666667,506800,Normal,45,Negatif,Downtrend,Bearish,Strong Bearish,Konsolidasi / Transisi,Normal,Distribusi (Turun),Gap Down (-2.5%),Seimbang / Adu Mekanik,Squeeze,Rendah,Normal,Dekat Support (Low Risk),< 1 Miliar,Persis di VWAP,Distribusi Pro (Guyuran),Gorengan Sepi (< 5M),Normal (50-150%),Distribution (Fase Jualan),Normal,Normal,Turun 1 Hari Beruntun,TP: 609 | CL: 576,Open = Low (Bullish Kuat),Sangat Menarik (> 1:3),0,WAIT & SEE,TIDAK ADA,2026-08-03 15:55:01
15:55,RSGK,Small Cap (Lapis 3),Overvalued (Mahal),25.31976,1.0636979,970.0,1031,890,1325,-2.0202020202020203,18400,Normal,45,Negatif,Downtrend,Bearish,Strong Bearish,Konsolidasi / Transisi,Normal,Distribusi (Turun),Normal,Seimbang / Adu Mekanik,Normal,Tinggi,Normal,Area Tengah,< 1 Miliar,Persis di VWAP,Distribusi Pro (Guyuran),Gorengan Sepi (< 5M),Normal (50-150%),Distribution (Fase Jualan),Normal,Normal,Turun 1 Hari Beruntun,TP: 1072 | CL: 901,Normal,Sangat Menarik (> 1:3),0,WAIT & SEE,TIDAK ADA,2026-08-03 15:55:01
15:55,RUNS,Small Cap (Lapis 3),Fair Value (Wajar),0.0,1.1452909,64.0,67,62,79,0.0,537900,Normal,35,Negatif,Downtrend,Bearish,Strong Bearish,Strong Downtrend (5<20<50),Normal,Distribusi (Turun),Normal,Dominan Beli (Hajar Kanan),Normal,Sedang,Doji (Ragu-ragu),Area Tengah,< 1 Miliar,Persis di VWAP,Distribusi Pro (Guyuran),Gorengan Sepi (< 5M),Sepi (< 50%),Mark-Down (Fase Runtuh),Normal,Jarum Bawah (Sinyal Pantulan Kuat),Sideways / Stagnan,TP: 70 | CL: 59,Normal,Sangat Menarik (> 1:3),1,WAIT & SEE,TIDAK ADA,2026-08-03 15:55:01
15:55,SAFE,Small Cap (Lapis 3),Overvalued (Mahal),6.657019,4.3627224,370.0,364,320,384,0.0,65400,Normal,60,Negatif,Uptrend,Bullish,Bearish MACD,Perfect Uptrend (5>20>50),Normal,Distribusi (Turun),Normal,Dominan Jual (Guyur),Normal,Sedang,Normal,Rawan Pucuk (High Risk),< 1 Miliar,Persis di VWAP,Akumulasi Pro (Smart Money),Gorengan Sepi (< 5M),Sepi (< 50%),Mark-Up (Fase Pesta),Normal,Normal,Sideways / Stagnan,TP: 392 | CL: 354,Open = Low (Bullish Kuat),Tidak Ideal (< 1:1),3,WAIT & SEE,TIDAK ADA,2026-08-03 15:55:01
15:55,SAMF,Mid Cap (Lapis 2),Fair Value (Wajar),11.449753,1.524641,278.0,278,268,286,-0.7142857142857143,86300,Tembus MA20,50,Negatif,Downtrend,Bearish,Bearish MACD,Konsolidasi / Transisi,Normal,Akumulasi (Naik),Normal,Seimbang / Adu Mekanik,Squeeze,Rendah,Normal,Area Tengah,< 1 Miliar,Persis di VWAP,Akumulasi Pro (Smart Money),Gorengan Sepi (< 5M),Normal (50-150%),Distribution (Fase Jualan),Normal,Normal,Turun 1 Hari Beruntun,TP: 288 | CL: 271,Open = High (Tekanan Jual),Tidak Ideal (< 1:1),2,WAIT & SEE,TIDAK ADA,2026-08-03 15:55:01
15:55,SBAT,Small Cap (Lapis 3),Fair Value (Wajar),0.0,0.03221857,1.0,1,1,1,0.0,0,Normal,0,Negatif,Downtrend,Bearish,Bearish MACD,Konsolidasi / Transisi,Normal,Netral,Normal,Tidak Ada Transaksi,Squeeze,Rendah,Doji (Ragu-ragu),Dekat Support (Low Risk),< 1 Miliar,Di Atas VWAP (Kuat),Netral,Gorengan Sepi (< 5M),Normal (50-150%),Sideways,Solid (Jarang Dibanting),Normal,Sideways / Stagnan,TP: 2 | CL: 0,Normal,Di Area Support,0,WAIT & SEE,TIDAK ADA,2026-08-03 15:55:01
15:55,SCCO,Mid Cap (Lapis 2),Undervalued (Murah),6.038013,0.3314854,2300.0,2284,2140,2450,-0.4329004329004329,6500,Normal,56,Negatif,Uptrend,Bullish,Bearish MACD,Perfect Uptrend (5>20>50),Normal,Akumulasi (Naik),Normal,Seimbang / Adu Mekanik,Squeeze,Rendah,Normal,Area Tengah,< 1 Miliar,Persis di VWAP,Akumulasi Pro (Smart Money),Gorengan Sepi (< 5M),Sepi (< 50%),Mark-Up (Fase Pesta),Spesialis Tiang Jemuran (Banting Pucuk),Normal,Turun 1 Hari Beruntun,TP: 2375 | CL: 2250,Open = High (Tekanan Jual),Tidak Ideal (< 1:1),4,WAIT & SEE,TIDAK ADA,2026-08-03 15:55:01
15:55,SDRA,Mid Cap (Lapis 2),Fair Value (Wajar),0.0,0.24942604,220.0,210,200,240,-4.3478260869565215,3452300,Tembus MA20,57,Negatif,Uptrend,Bullish,Strong Bullish,Awal Reversal (5>20),Distribusi Kuat,Akumulasi (Naik),Normal,Seimbang / Adu Mekanik,Normal,Sedang,Normal,Rawan Pucuk (High Risk),< 1 Miliar,Di Bawah VWAP (Lemah),Distribusi Pro (Guyuran),Gorengan Sepi (< 5M),Anomali Tinggi (150-300%),Accumulation (Kumpul Barang),Solid (Jarang Dibanting),Normal,Turun 1 Hari Beruntun,TP: 231 | CL: 212,Open = High (Tekanan Jual),Menengah (1:1),6,WAIT & SEE,TIDAK ADA,2026-08-03 15:55:01
15:55,SFAN,Mid Cap (Lapis 2),Overvalued (Mahal),0.0,27.11199,1975.0,1964,1935,1980,0.0,29800,Normal,60,Negatif,Uptrend,Bearish,Bullish MACD,Konsolidasi / Transisi,Normal,Akumulasi (Naik),Normal,Tidak Ada Transaksi,Squeeze,Rendah,Doji (Ragu-ragu),Dekat Support (Low Risk),< 1 Miliar,Persis di VWAP,Akumulasi Pro (Smart Money),Gorengan Sepi (< 5M),Normal (50-150%),Mark-Up (Fase Pesta),Normal,Normal,Sideways / Stagnan,TP: 1992 | CL: 1963,Normal,Tidak Ideal (< 1:1),4,WAIT & SEE,TIDAK ADA,2026-08-03 15:55:01
15:55,SGRO,Mid Cap (Lapis 2),Overvalued (Mahal),27.314905,1.4770589,4180.0,3225,2750,4620,2.7027027027027026,336400,Tembus MA20,85,Positif,Uptrend,Bullish,Strong Bullish,Perfect Uptrend (5>20>50),Distribusi Kuat,Akumulasi (Naik),Gap Up (+4.7%),Dominan Jual (Guyur),Breakout Upper,Tinggi,Normal,Rawan Pucuk (High Risk),> 1 Miliar,Di Atas VWAP (Kuat),Akumulasi Pro (Smart Money),Gorengan Sepi (< 5M),Ledakan Ekstrem (> 300%),Mark-Up (Fase Pesta),Spesialis Tiang Jemuran (Banting Pucuk),Normal,Naik 3 Hari Beruntun,TP: 4485 | CL: 3976,Normal,Tidak Ideal (< 1:1),8,BELI,TIDAK ADA,2026-08-03 15:55:01
15:55,SHID,Small Cap (Lapis 3),Fair Value (Wajar),0.0,0.9523417,615.0,589,540,640,0.0,1200,Normal,55,Negatif,Uptrend,Bullish,Bullish MACD,Awal Reversal (5>20),Normal,Distribusi (Turun),Normal,Seimbang / Adu Mekanik,Normal,Sedang,Normal,Rawan Pucuk (High Risk),< 1 Miliar,Persis di VWAP,Akumulasi Pro (Smart Money),Gorengan Sepi (< 5M),Sepi (< 50%),Accumulation (Kumpul Barang),Normal,Normal,Sideways / Stagnan,TP: 674 | CL: 575,Open = High (Tekanan Jual),Tidak Ideal (< 1:1),4,WAIT & SEE,TIDAK ADA,2026-08-03 15:55:01
15:55,SHIP,Mid Cap (Lapis 2),Overvalued (Mahal),15.572262,35614.035,2030.0,1775,1525,2040,-0.49019607843137253,20800,Normal,68,Negatif,Uptrend,Bullish,Strong Bullish,Perfect Uptrend (5>20>50),Normal,Akumulasi (Naik),Gap Down (-2.5%),Dominan Beli (Hajar Kanan),Breakout Upper,Tinggi,Normal,Rawan Pucuk (High Risk),< 1 Miliar,Di Atas VWAP (Kuat),Akumulasi Pro (Smart Money),Gorengan Sepi (< 5M),Normal (50-150%),Mark-Up (Fase Pesta),Spesialis Tiang Jemuran (Banting Pucuk),Normal,Turun 1 Hari Beruntun,TP: 2152 | CL: 1948,Normal,Tidak Ideal (< 1:1),6,WAIT & SEE,TIDAK ADA,2026-08-03 15:55:01
15:55,SICO,Small Cap (Lapis 3),Undervalued (Murah),11.381599,0.7329339,108.0,109,100,119,0.0,981200,Normal,49,Negatif,Downtrend,Bullish,Bearish MACD,Perfect Uptrend (5>20>50),Normal,Distribusi (Turun),Normal,Seimbang / Adu Mekanik,Normal,Sedang,Normal,Area Tengah,< 1 Miliar,Persis di VWAP,Akumulasi Pro (Smart Money),Gorengan Sepi (< 5M),Sepi (< 50%),Distribution (Fase Jualan),Normal,Normal,Sideways / Stagnan,TP: 114 | CL: 103,Normal,Menengah (1:1),1,WAIT & SEE,TIDAK ADA,2026-08-03 15:55:01
15:55,SILO,Big Cap (Lapis 1),Overvalued (Mahal),26.63795,3.0589318,2350.0,2135,1995,2410,6.8181818181818175,2264800,Tembus MA20,66,Positif,Uptrend,Bearish,Bullish MACD,Strong Downtrend (5<20<50),Akumulasi Kuat,Akumulasi (Naik),Normal,Dominan Beli (Hajar Kanan),Breakout Upper,Tinggi,Normal,Rawan Pucuk (High Risk),> 1 Miliar,Di Atas VWAP (Kuat),Akumulasi Pro (Smart Money),Gorengan Sepi (< 5M),Ledakan Ekstrem (> 300%),Accumulation (Kumpul Barang),Normal,Normal,Naik 3 Hari Beruntun,TP: 2467 | CL: 2271,Open = Low (Bullish Kuat),Tidak Ideal (< 1:1),8,BELI,TIDAK ADA,2026-08-03 15:55:01
15:55,SINI,Mid Cap (Lapis 2),Fair Value (Wajar),0.0,-4.6469636,7350.0,7001,5500,8100,-1.342281879194631,1108500,Normal,49,Negatif,Uptrend,Bullish,Bullish MACD,Awal Reversal (5>20),Normal,Distribusi (Turun),Normal,Dominan Jual (Guyur),Normal,Tinggi,Normal,Rawan Pucuk (High Risk),> 1 Miliar,Di Atas VWAP (Kuat),Distribusi Pro (Guyuran),Ritel Aktif (5M - 50M),Sepi (< 50%),Accumulation (Kumpul Barang),Solid (Jarang Dibanting),Normal,Turun 1 Hari Beruntun,TP: 8142 | CL: 6821,Open = High (Tekanan Jual),Tidak Ideal (< 1:1),3,WAIT & SEE,TIDAK ADA,2026-08-03 15:55:01
15:55,SIPD,Mid Cap (Lapis 2),Overvalued (Mahal),35.997883,0.9899101,680.0,688,630,715,1.4925373134328357,5100,Normal,42,Positif,Downtrend,Bearish,Bullish MACD,Strong Downtrend (5<20<50),Normal,Distribusi (Turun),Normal,Seimbang / Adu Mekanik,Squeeze,Rendah,Normal,Area Tengah,< 1 Miliar,Persis di VWAP,Distribusi Pro (Guyuran),Gorengan Sepi (< 5M),Sepi (< 50%),Mark-Down (Fase Runtuh),Solid (Jarang Dibanting),Normal,Naik 1 Hari Beruntun,TP: 713 | CL: 657,Normal,Tidak Ideal (< 1:1),2,WAIT & SEE,TIDAK ADA,2026-08-03 15:55:01
15:55,SKBM,Small Cap (Lapis 3),Undervalued (Murah),7.836991,0.86737,525.0,584,515,770,-4.545454545454546,833000,Normal,45,Negatif,Downtrend,Bearish,Strong Bearish,Konsolidasi / Transisi,Normal,Distribusi (Turun),Normal,Dominan Jual (Guyur),Normal,Tinggi,Normal,Dekat Support (Low Risk),< 1 Miliar,Di Bawah VWAP (Lemah),Distribusi Pro (Guyuran),Gorengan Sepi (< 5M),Anomali Tinggi (150-300%),Distribution (Fase Jualan),Normal,Normal,Turun 1 Hari Beruntun,TP: 580 | CL: 488,Open = High (Tekanan Jual),Sangat Menarik (> 1:3),0,WAIT & SEE,TIDAK ADA,2026-08-03 15:55:01
15:55,SKRN,Mid Cap (Lapis 2),Overvalued (Mahal),15.968064,4.165799,400.0,394,346,438,-2.4390243902439024,186300,Normal,54,Negatif,Uptrend,Bullish,Strong Bullish,Perfect Uptrend (5>20>50),Normal,Distribusi (Turun),Normal,Dominan Jual (Guyur),Normal,Tinggi,Normal,Rawan Pucuk (High Risk),< 1 Miliar,Di Bawah VWAP (Lemah),Distribusi Pro (Guyuran),Gorengan Sepi (< 5M),Normal (50-150%),Mark-Up (Fase Pesta),Spesialis Tiang Jemuran (Banting Pucuk),Normal,Turun 1 Hari Beruntun,TP: 436 | CL: 376,Normal,Tidak Ideal (< 1:1),4,WAIT & SEE,TIDAK ADA,2026-08-03 15:55:01
15:55,SMAR,Big Cap (Lapis 1),Undervalued (Murah),5.1659226,0.70257926,5900.0,5412,4850,6000,0.425531914893617,131900,Tembus MA20,73,Positif,Uptrend,Bullish,Strong Bullish,Perfect Uptrend (5>20>50),Normal,Akumulasi (Naik),Normal,Dominan Jual (Guyur),Normal,Tinggi,Normal,Rawan Pucuk (High Risk),< 1 Miliar,Di Atas VWAP (Kuat),Distribusi Pro (Guyuran),Gorengan Sepi (< 5M),Anomali Tinggi (150-300%),Mark-Up (Fase Pesta),Spesialis Tiang Jemuran (Banting Pucuk),Normal,Naik 3 Hari Beruntun,TP: 6228 | CL: 5681,Open = Low (Bullish Kuat),Tidak Ideal (< 1:1),7,BELI,TIDAK ADA,2026-08-03 15:55:01
15:55,SMCB,Mid Cap (Lapis 2),Undervalued (Murah),9.337349,0.52530867,775.0,775,775,775,0.0,0,Normal,100,Negatif,Downtrend,Bearish,Bearish MACD,Konsolidasi / Transisi,Normal,Netral,Normal,Tidak Ada Transaksi,Squeeze,Rendah,Doji (Ragu-ragu),Dekat Support (Low Risk),< 1 Miliar,Di Atas VWAP (Kuat),Netral,Gorengan Sepi (< 5M),Normal (50-150%),Sideways,Solid (Jarang Dibanting),Normal,Sideways / Stagnan,TP: 776 | CL: 774,Normal,Di Area Support,1,WAIT & SEE,TIDAK ADA,2026-08-03 15:55:01
15:55,SMDM,Mid Cap (Lapis 2),Overvalued (Mahal),80.28169,1.1809849,570.0,566,530,585,2.7027027027027026,6900,Normal,53,Positif,Uptrend,Bearish,Bearish MACD,Konsolidasi / Transisi,Normal,Distribusi (Turun),Normal,Dominan Beli (Hajar Kanan),Squeeze,Rendah,Normal,Area Tengah,< 1 Miliar,Di Atas VWAP (Kuat),Distribusi Pro (Guyuran),Gorengan Sepi (< 5M),Sepi (< 50%),Mark-Up (Fase Pesta),Normal,Normal,Naik 2 Hari Beruntun,TP: 594 | CL: 553,Normal,Tidak Ideal (< 1:1),4,WAIT & SEE,TIDAK ADA,2026-08-03 15:55:01
15:55,SMMA,Big Cap (Lapis 1),Overvalued (Mahal),59.171165,4.8773704,20175.0,20777,19800,21600,-0.12376237623762376,1200,Normal,37,Negatif,Downtrend,Bearish,Strong Bearish,Strong Downtrend (5<20<50),Normal,Distribusi (Turun),Normal,Dominan Beli (Hajar Kanan),Normal,Sedang,Normal,Dekat Support (Low Risk),< 1 Miliar,Persis di VWAP,Distribusi Pro (Guyuran),Gorengan Sepi (< 5M),Normal (50-150%),Mark-Down (Fase Runtuh),Normal,Normal,Turun 1 Hari Beruntun,TP: 20740 | CL: 19798,Normal,Sangat Menarik (> 1:3),1,WAIT & SEE,TIDAK ADA,2026-08-03 15:55:01
15:55,SMMT,Mid Cap (Lapis 2),Overvalued (Mahal),129.93762,187500.0,1875.0,1825,1715,2010,1.3513513513513513,52000,Normal,55,Positif,Uptrend,Bullish,Strong Bullish,Perfect Uptrend (5>20>50),Normal,Akumulasi (Naik),Normal,Seimbang / Adu Mekanik,Squeeze,Rendah,Doji (Ragu-ragu),Area Tengah,< 1 Miliar,Di Atas VWAP (Kuat),Akumulasi Pro (Smart Money),Gorengan Sepi (< 5M),Normal (50-150%),Mark-Up (Fase Pesta),Spesialis Tiang Jemuran (Banting Pucuk),Normal,Naik 4 Hari Beruntun,TP: 2004 | CL: 1788,Normal,Tidak Ideal (< 1:1),6,WAIT & SEE,TIDAK ADA,2026-08-03 15:55:01
15:55,SOFA,Small Cap (Lapis 3),Overvalued (Mahal),0.0,9.852634,232.0,223,195,254,8.411214953271028,4125700,Tembus MA20,52,Positif,Uptrend,Bearish,Bullish MACD,Strong Downtrend (5<20<50),Normal,Akumulasi (Naik),Normal,Dominan Beli (Hajar Kanan),Normal,Sedang,Marubozu (Strong Bullish),Rawan Pucuk (High Risk),< 1 Miliar,Di Atas VWAP (Kuat),Akumulasi Pro (Smart Money),Gorengan Sepi (< 5M),Normal (50-150%),Accumulation (Kumpul Barang),Normal,Normal,Naik 3 Hari Beruntun,TP: 251 | CL: 219,Open = Low (Bullish Kuat),Tidak Ideal (< 1:1),7,BELI,TIDAK ADA,2026-08-03 15:55:01
15:55,SOHO,Big Cap (Lapis 1),Overvalued (Mahal),23.190916,5.515404,1205.0,1199,1110,1455,0.4166666666666667,17500,Normal,50,Positif,Uptrend,Bearish,Bullish MACD,Strong Downtrend (5<20<50),Normal,Akumulasi (Naik),Gap Up (+2.5%),Dominan Jual (Guyur),Squeeze,Rendah,Normal,Area Tengah,< 1 Miliar,Di Bawah VWAP (Lemah),Distribusi Pro (Guyuran),Gorengan Sepi (< 5M),Sepi (< 50%),Accumulation (Kumpul Barang),Spesialis Tiang Jemuran (Banting Pucuk),Normal,Naik 3 Hari Beruntun,TP: 1305 | CL: 1138,Open = High (Tekanan Jual),Ideal (1:2),5,WAIT & SEE,TIDAK ADA,2026-08-03 15:55:01
15:55,SONA,Mid Cap (Lapis 2),Fair Value (Wajar),17.156105,2.0054655,2220.0,2316,2220,2600,-5.128205128205128,1200,Normal,43,Negatif,Downtrend,Bullish,Bearish MACD,Perfect Uptrend (5>20>50),Normal,Akumulasi (Naik),Normal,Dominan Jual (Guyur),Normal,Tinggi,Normal,Dekat Support (Low Risk),< 1 Miliar,Di Bawah VWAP (Lemah),Distribusi Pro (Guyuran),Gorengan Sepi (< 5M),Sepi (< 50%),Distribution (Fase Jualan),Spesialis Tiang Jemuran (Banting Pucuk),Normal,Turun 2 Hari Beruntun,TP: 2351 | CL: 2132,Open = High (Tekanan Jual),Di Area Support,2,WAIT & SEE,TIDAK ADA,2026-08-03 15:55:01
15:55,SOSS,Small Cap (Lapis 3),Overvalued (Mahal),19.669462,5.1575727,870.0,930,815,1105,0.0,100,Normal,49,Negatif,Downtrend,Bearish,Bearish MACD,Konsolidasi / Transisi,Normal,Distribusi (Turun),Normal,Tidak Ada Transaksi,Normal,Tinggi,Doji (Ragu-ragu),Area Tengah,< 1 Miliar,Di Bawah VWAP (Lemah),Distribusi Pro (Guyuran),Gorengan Sepi (< 5M),Sepi (< 50%),Distribution (Fase Jualan),Solid (Jarang Dibanting),Normal,Sideways / Stagnan,TP: 925 | CL: 832,Normal,Sangat Menarik (> 1:3),0,WAIT & SEE,TIDAK ADA,2026-08-03 15:55:01
15:55,SOTS,Small Cap (Lapis 3),Overvalued (Mahal),0.0,3.5373812,600.0,605,570,675,3.4482758620689653,125500,Normal,46,Positif,Downtrend,Bearish,Bullish MACD,Strong Downtrend (5<20<50),Normal,Distribusi (Turun),Normal,Dominan Beli (Hajar Kanan),Normal,Sedang,Normal,Area Tengah,< 1 Miliar,Di Atas VWAP (Kuat),Distribusi Pro (Guyuran),Gorengan Sepi (< 5M),Normal (50-150%),Mark-Down (Fase Runtuh),Spesialis Tiang Jemuran (Banting Pucuk),Normal,Naik 1 Hari Beruntun,TP: 651 | CL: 565,Normal,Ideal (1:2),3,WAIT & SEE,TIDAK ADA,2026-08-03 15:55:01
15:55,SOUL,Small Cap (Lapis 3),Fair Value (Wajar),0.0,1.1616955,37.0,37,37,37,0.0,0,Normal,43,Negatif,Downtrend,Bearish,Bullish MACD,Konsolidasi / Transisi,Normal,Netral,Normal,Tidak Ada Transaksi,Squeeze,Rendah,Doji (Ragu-ragu),Dekat Support (Low Risk),< 1 Miliar,Di Atas VWAP (Kuat),Netral,Gorengan Sepi (< 5M),Normal (50-150%),Sideways,Solid (Jarang Dibanting),Normal,Sideways / Stagnan,TP: 38 | CL: 36,Normal,Di Area Support,1,WAIT & SEE,TIDAK ADA,2026-08-03 15:55:01
15:55,SPTO,Mid Cap (Lapis 2),Undervalued (Murah),6.6785398,0.94487,600.0,589,560,615,-0.8264462809917356,557600,Normal,62,Negatif,Uptrend,Bullish,Bearish MACD,Perfect Uptrend (5>20>50),Normal,Akumulasi (Naik),Normal,Seimbang / Adu Mekanik,Squeeze,Rendah,Normal,Area Tengah,< 1 Miliar,Persis di VWAP,Akumulasi Pro (Smart Money),Gorengan Sepi (< 5M),Normal (50-150%),Mark-Up (Fase Pesta),Solid (Jarang Dibanting),Normal,Turun 1 Hari Beruntun,TP: 619 | CL: 586,Normal,Tidak Ideal (< 1:1),4,WAIT & SEE,TIDAK ADA,2026-08-03 15:55:01
15:55,SRAJ,Big Cap (Lapis 1),Overvalued (Mahal),0.0,123.04482,12500.0,11182,10725,12950,3.7344398340248963,13300,Tembus MA20,73,Positif,Uptrend,Bullish,Strong Bullish,Awal Reversal (5>20),Normal,Akumulasi (Naik),Normal,Dominan Beli (Hajar Kanan),Breakout Upper,Tinggi,Hammer (Potensi Reversal),Rawan Pucuk (High Risk),< 1 Miliar,Di Atas VWAP (Kuat),Akumulasi Pro (Smart Money),Gorengan Sepi (< 5M),Anomali Tinggi (150-300%),Accumulation (Kumpul Barang),Normal,Jarum Bawah (Sinyal Pantulan Kuat),Naik 3 Hari Beruntun,TP: 13258 | CL: 11994,Normal,Tidak Ideal (< 1:1),8,BELI,TIDAK ADA,2026-08-03 15:55:01
15:55,SSTM,Small Cap (Lapis 3),Fair Value (Wajar),0.0,2.3312397,412.0,395,372,460,0.0,84100,Normal,53,Negatif,Uptrend,Bullish,Bullish MACD,Awal Reversal (5>20),Normal,Akumulasi (Naik),Normal,Dominan Beli (Hajar Kanan),Normal,Sedang,Doji (Ragu-ragu),Rawan Pucuk (High Risk),< 1 Miliar,Di Atas VWAP (Kuat),Akumulasi Pro (Smart Money),Gorengan Sepi (< 5M),Sepi (< 50%),Accumulation (Kumpul Barang),Spesialis Tiang Jemuran (Banting Pucuk),Jarum Bawah (Sinyal Pantulan Kuat),Sideways / Stagnan,TP: 455 | CL: 382,Normal,Menengah (1:1),6,WAIT & SEE,TIDAK ADA,2026-08-03 15:55:01
15:55,STTP,Big Cap (Lapis 1),Fair Value (Wajar),10.319862,1.6961938,9750.0,9932,9500,10375,-1.015228426395939,1000,Normal,47,Negatif,Downtrend,Bearish,Strong Bearish,Konsolidasi / Transisi,Normal,Akumulasi (Naik),Normal,Dominan Jual (Guyur),Normal,Sedang,Normal,Dekat Support (Low Risk),< 1 Miliar,Di Bawah VWAP (Lemah),Akumulasi Pro (Smart Money),Gorengan Sepi (< 5M),Sepi (< 50%),Distribution (Fase Jualan),Normal,Normal,Turun 2 Hari Beruntun,TP: 10178 | CL: 9464,Normal,Ideal (1:2),1,WAIT & SEE,TIDAK ADA,2026-08-03 15:55:01
15:55,SUNI,Mid Cap (Lapis 2),Fair Value (Wajar),11.912641,1.9986564,720.0,643,585,735,-1.36986301369863,278700,Normal,72,Negatif,Uptrend,Bullish,Strong Bullish,Perfect Uptrend (5>20>50),Normal,Akumulasi (Naik),Normal,Seimbang / Adu Mekanik,Normal,Tinggi,Normal,Rawan Pucuk (High Risk),< 1 Miliar,Di Atas VWAP (Kuat),Akumulasi Pro (Smart Money),Gorengan Sepi (< 5M),Sepi (< 50%),Mark-Up (Fase Pesta),Normal,Normal,Turun 1 Hari Beruntun,TP: 766 | CL: 688,Open = High (Tekanan Jual),Tidak Ideal (< 1:1),5,WAIT & SEE,TIDAK ADA,2026-08-03 15:55:01
15:55,SUPR,Big Cap (Lapis 1),Overvalued (Mahal),46.2963,6.0289726,43850.0,43850,43850,43850,0.0,0,Normal,0,Negatif,Downtrend,Bearish,Bearish MACD,Konsolidasi / Transisi,Normal,Netral,Normal,Tidak Ada Transaksi,Squeeze,Rendah,Doji (Ragu-ragu),Dekat Support (Low Risk),< 1 Miliar,Di Atas VWAP (Kuat),Netral,Gorengan Sepi (< 5M),Normal (50-150%),Sideways,Solid (Jarang Dibanting),Normal,Sideways / Stagnan,TP: 43851 | CL: 43849,Normal,Di Area Support,0,WAIT & SEE,TIDAK ADA,2026-08-03 15:55:01
15:55,SURE,Mid Cap (Lapis 2),Fair Value (Wajar),0.0,-13.04312,2690.0,2755,2590,2920,-2.888086642599278,900,Normal,44,Negatif,Downtrend,Bearish,Strong Bearish,Strong Downtrend (5<20<50),Normal,Distribusi (Turun),Gap Down (-5.4%),Dominan Beli (Hajar Kanan),Squeeze,Rendah,Marubozu (Strong Bullish),Area Tengah,< 1 Miliar,Di Bawah VWAP (Lemah),Akumulasi Pro (Smart Money),Gorengan Sepi (< 5M),Sepi (< 50%),Mark-Down (Fase Runtuh),Normal,Normal,Turun 1 Hari Beruntun,TP: 2825 | CL: 2600,Open = Low (Bullish Kuat),Ideal (1:2),1,WAIT & SEE,TIDAK ADA,2026-08-03 15:55:01
15:55,SWAT,Small Cap (Lapis 3),Undervalued (Murah),5.082592,0.795545,16.0,16,16,16,0.0,0,Normal,0,Negatif,Downtrend,Bearish,Bearish MACD,Konsolidasi / Transisi,Normal,Netral,Normal,Tidak Ada Transaksi,Squeeze,Rendah,Doji (Ragu-ragu),Dekat Support (Low Risk),< 1 Miliar,Di Atas VWAP (Kuat),Netral,Gorengan Sepi (< 5M),Normal (50-150%),Sideways,Solid (Jarang Dibanting),Normal,Sideways / Stagnan,TP: 17 | CL: 15,Normal,Di Area Support,0,WAIT & SEE,TIDAK ADA,2026-08-03 15:55:01
15:55,SWID,Small Cap (Lapis 3),Fair Value (Wajar),0.0,1.9922245,103.0,96,88,123,0.0,3709300,Normal,59,Negatif,Uptrend,Bullish,Strong Bullish,Perfect Uptrend (5>20>50),Normal,Akumulasi (Naik),Normal,Dominan Beli (Hajar Kanan),Normal,Tinggi,Normal,Rawan Pucuk (High Risk),< 1 Miliar,Persis di VWAP,Akumulasi Pro (Smart Money),Gorengan Sepi (< 5M),Sepi (< 50%),Mark-Up (Fase Pesta),Normal,Jarum Bawah (Sinyal Pantulan Kuat),Sideways / Stagnan,TP: 114 | CL: 95,Normal,Menengah (1:1),6,WAIT & SEE,TIDAK ADA,2026-08-03 15:55:01
15:55,TALF,Mid Cap (Lapis 2),Overvalued (Mahal),55.555557,0.88304234,845.0,621,550,860,19.014084507042252,1971900,Tembus MA20,77,Positif,Uptrend,Bullish,Strong Bullish,Awal Reversal (5>20),Normal,Akumulasi (Naik),Gap Up (+19.0%),Dominan Beli (Hajar Kanan),Breakout Upper,Tinggi,Doji (Ragu-ragu),Rawan Pucuk (High Risk),> 1 Miliar,Di Atas VWAP (Kuat),Akumulasi Pro (Smart Money),Gorengan Sepi (< 5M),Ledakan Ekstrem (> 300%),Accumulation (Kumpul Barang),Normal,Jarum Bawah (Sinyal Pantulan Kuat),Naik 2 Hari Beruntun,TP: 912 | CL: 800,Normal,Tidak Ideal (< 1:1),9,BELI,TIDAK ADA,2026-08-03 15:55:01
15:55,TAYS,Small Cap (Lapis 3),Undervalued (Murah),8.343067,1.2359105,50.0,50,50,50,0.0,0,Normal,10,Negatif,Downtrend,Bearish,Bullish MACD,Konsolidasi / Transisi,Normal,Netral,Normal,Tidak Ada Transaksi,Squeeze,Rendah,Doji (Ragu-ragu),Dekat Support (Low Risk),< 1 Miliar,Di Atas VWAP (Kuat),Netral,Gorengan Sepi (< 5M),Normal (50-150%),Sideways,Solid (Jarang Dibanting),Normal,Sideways / Stagnan,TP: 51 | CL: 49,Normal,Di Area Support,1,WAIT & SEE,TIDAK ADA,2026-08-03 15:55:01
15:55,TBIG,Big Cap (Lapis 1),Fair Value (Wajar),22.934313,2.5185955,1435.0,1417,1330,1520,-0.6920415224913495,174000,Normal,52,Negatif,Uptrend,Bullish,Strong Bullish,Perfect Uptrend (5>20>50),Normal,Akumulasi (Naik),Normal,Dominan Beli (Hajar Kanan),Squeeze,Rendah,Hammer (Potensi Reversal),Area Tengah,< 1 Miliar,Persis di VWAP,Akumulasi Pro (Smart Money),Gorengan Sepi (< 5M),Sepi (< 50%),Mark-Up (Fase Pesta),Normal,Jarum Bawah (Sinyal Pantulan Kuat),Turun 1 Hari Beruntun,TP: 1518 | CL: 1379,Open = High (Tekanan Jual),Tidak Ideal (< 1:1),6,WAIT & SEE,TIDAK ADA,2026-08-03 15:55:01
15:55,TBMS,Small Cap (Lapis 3),Overvalued (Mahal),62368.42,11285.715,1185.0,1204,1095,1270,1.282051282051282,10800,Normal,46,Positif,Downtrend,Bearish,Strong Bearish,Strong Downtrend (5<20<50),Normal,Distribusi (Turun),Normal,Dominan Beli (Hajar Kanan),Normal,Sedang,Doji (Ragu-ragu),Area Tengah,< 1 Miliar,Di Atas VWAP (Kuat),Distribusi Pro (Guyuran),Gorengan Sepi (< 5M),Normal (50-150%),Mark-Down (Fase Runtuh),Spesialis Tiang Jemuran (Banting Pucuk),Jarum Bawah (Sinyal Pantulan Kuat),Naik 3 Hari Beruntun,TP: 1232 | CL: 1153,Normal,Tidak Ideal (< 1:1),2,WAIT & SEE,TIDAK ADA,2026-08-03 15:55:01
15:55,TCID,Mid Cap (Lapis 2),Overvalued (Mahal),98.857956,0.6072681,2770.0,2769,2670,2850,1.8382352941176472,3500,Normal,50,Positif,Uptrend,Bearish,Strong Bearish,Strong Downtrend (5<20<50),Normal,Distribusi (Turun),Normal,Dominan Beli (Hajar Kanan),Squeeze,Rendah,Hammer (Potensi Reversal),Area Tengah,< 1 Miliar,Persis di VWAP,Distribusi Pro (Guyuran),Gorengan Sepi (< 5M),Normal (50-150%),Accumulation (Kumpul Barang),Normal,Jarum Bawah (Sinyal Pantulan Kuat),Naik 1 Hari Beruntun,TP: 2865 | CL: 2706,Normal,Tidak Ideal (< 1:1),3,WAIT & SEE,TIDAK ADA,2026-08-03 15:55:01
15:55,TEBE,Mid Cap (Lapis 2),Undervalued (Murah),9.488596,1.1133646,1070.0,1043,980,1195,-2.28310502283105,463800,Normal,55,Negatif,Uptrend,Bullish,Strong Bullish,Perfect Uptrend (5>20>50),Normal,Akumulasi (Naik),Normal,Dominan Jual (Guyur),Normal,Sedang,Normal,Area Tengah,< 1 Miliar,Di Bawah VWAP (Lemah),Distribusi Pro (Guyuran),Gorengan Sepi (< 5M),Sepi (< 50%),Mark-Up (Fase Pesta),Normal,Normal,Turun 1 Hari Beruntun,TP: 1158 | CL: 1011,Normal,Menengah (1:1),5,WAIT & SEE,TIDAK ADA,2026-08-03 15:55:01
15:55,TELE,Small Cap (Lapis 3),Fair Value (Wajar),0.0,-0.013883982,9.0,9,9,9,0.0,0,Normal,0,Negatif,Downtrend,Bearish,Bearish MACD,Konsolidasi / Transisi,Normal,Netral,Normal,Tidak Ada Transaksi,Squeeze,Rendah,Doji (Ragu-ragu),Dekat Support (Low Risk),< 1 Miliar,Di Atas VWAP (Kuat),Netral,Gorengan Sepi (< 5M),Normal (50-150%),Sideways,Solid (Jarang Dibanting),Normal,Sideways / Stagnan,TP: 10 | CL: 8,Normal,Di Area Support,0,WAIT & SEE,TIDAK ADA,2026-08-03 15:55:01
15:55,TFCO,Mid Cap (Lapis 2),Overvalued (Mahal),0.0,11249.999,720.0,726,615,820,0.0,0,Normal,52,Negatif,Downtrend,Bullish,Bearish MACD,Perfect Uptrend (5>20>50),Normal,Distribusi (Turun),Normal,Tidak Ada Transaksi,Normal,Tinggi,Doji (Ragu-ragu),Rawan Pucuk (High Risk),< 1 Miliar,Di Bawah VWAP (Lemah),Akumulasi Pro (Smart Money),Gorengan Sepi (< 5M),Sepi (< 50%),Distribution (Fase Jualan),Normal,Normal,Sideways / Stagnan,TP: 782 | CL: 678,Normal,Tidak Ideal (< 1:1),2,WAIT & SEE,TIDAK ADA,2026-08-03 15:55:01
15:55,TGKA,Mid Cap (Lapis 2),Fair Value (Wajar),10.736363,1.8643147,4950.0,4855,4660,5100,0.8146639511201629,300,Normal,59,Positif,Uptrend,Bearish,Strong Bullish,Konsolidasi / Transisi,Normal,Distribusi (Turun),Gap Down (-2.2%),Dominan Beli (Hajar Kanan),Squeeze,Rendah,Marubozu (Strong Bullish),Area Tengah,< 1 Miliar,Di Atas VWAP (Kuat),Distribusi Pro (Guyuran),Gorengan Sepi (< 5M),Sepi (< 50%),Mark-Up (Fase Pesta),Normal,Normal,Naik 3 Hari Beruntun,TP: 5120 | CL: 4836,Open = Low (Bullish Kuat),Tidak Ideal (< 1:1),5,WAIT & SEE,TIDAK ADA,2026-08-03 15:55:01
15:55,TGRA,Small Cap (Lapis 3),Fair Value (Wajar),0.0,0.2933061,27.0,27,27,27,0.0,0,Normal,0,Negatif,Downtrend,Bearish,Bearish MACD,Konsolidasi / Transisi,Normal,Netral,Normal,Tidak Ada Transaksi,Squeeze,Rendah,Doji (Ragu-ragu),Dekat Support (Low Risk),< 1 Miliar,Di Atas VWAP (Kuat),Netral,Gorengan Sepi (< 5M),Normal (50-150%),Sideways,Solid (Jarang Dibanting),Normal,Sideways / Stagnan,TP: 28 | CL: 26,Normal,Di Area Support,0,WAIT & SEE,TIDAK ADA,2026-08-03 15:55:01
15:55,TGUK,Small Cap (Lapis 3),Overvalued (Mahal),0.0,6.408158,137.0,137,137,137,0.0,0,Normal,0,Negatif,Downtrend,Bearish,Bearish MACD,Konsolidasi / Transisi,Normal,Netral,Normal,Tidak Ada Transaksi,Squeeze,Rendah,Doji (Ragu-ragu),Dekat Support (Low Risk),< 1 Miliar,Di Atas VWAP (Kuat),Netral,Gorengan Sepi (< 5M),Normal (50-150%),Sideways,Solid (Jarang Dibanting),Normal,Sideways / Stagnan,TP: 138 | CL: 136,Normal,Di Area Support,0,WAIT & SEE,TIDAK ADA,2026-08-03 15:55:01
15:55,TIFA,Mid Cap (Lapis 2),Fair Value (Wajar),21.100916,1.0690713,368.0,263,220,400,7.602339181286549,761200,Tembus MA20,74,Positif,Uptrend,Bullish,Strong Bullish,Awal Reversal (5>20),Normal,Akumulasi (Naik),Normal,Seimbang / Adu Mekanik,Breakout Upper,Tinggi,Normal,Rawan Pucuk (High Risk),< 1 Miliar,Di Atas VWAP (Kuat),Distribusi Pro (Guyuran),Gorengan Sepi (< 5M),Normal (50-150%),Accumulation (Kumpul Barang),Spesialis Tiang Jemuran (Banting Pucuk),Normal,Naik 3 Hari Beruntun,TP: 414 | CL: 336,Open = Low (Bullish Kuat),Tidak Ideal (< 1:1),7,BELI,TIDAK ADA,2026-08-03 15:55:01
15:55,TIRA,Small Cap (Lapis 3),Overvalued (Mahal),132.22697,1.5983745,494.0,513,472,585,-0.4032258064516129,55500,Normal,30,Negatif,Downtrend,Bearish,Bullish MACD,Strong Downtrend (5<20<50),Normal,Distribusi (Turun),Normal,Seimbang / Adu Mekanik,Normal,Sedang,Normal,Area Tengah,< 1 Miliar,Persis di VWAP,Akumulasi Pro (Smart Money),Gorengan Sepi (< 5M),Sepi (< 50%),Mark-Down (Fase Runtuh),Normal,Normal,Turun 3 Hari Beruntun,TP: 525 | CL: 472,Normal,Sangat Menarik (> 1:3),1,WAIT & SEE,TIDAK ADA,2026-08-03 15:55:01
15:55,TIRT,Small Cap (Lapis 3),Fair Value (Wajar),0.0,-0.9891628,590.0,590,590,590,0.0,0,Normal,57,Negatif,Downtrend,Bearish,Bearish MACD,Konsolidasi / Transisi,Normal,Netral,Normal,Tidak Ada Transaksi,Squeeze,Rendah,Doji (Ragu-ragu),Dekat Support (Low Risk),< 1 Miliar,Di Atas VWAP (Kuat),Netral,Gorengan Sepi (< 5M),Normal (50-150%),Sideways,Solid (Jarang Dibanting),Normal,Sideways / Stagnan,TP: 591 | CL: 589,Normal,Di Area Support,1,WAIT & SEE,TIDAK ADA,2026-08-03 15:55:01
15:55,TLDN,Mid Cap (Lapis 2),Fair Value (Wajar),6.5351567,1.826966,540.0,519,498,545,3.8461538461538463,2175000,Tembus MA20,60,Positif,Uptrend,Bullish,Strong Bullish,Perfect Uptrend (5>20>50),Normal,Akumulasi (Naik),Normal,Dominan Beli (Hajar Kanan),Squeeze,Rendah,Normal,Area Tengah,> 1 Miliar,Di Atas VWAP (Kuat),Distribusi Pro (Guyuran),Gorengan Sepi (< 5M),Anomali Tinggi (150-300%),Mark-Up (Fase Pesta),Normal,Normal,Naik 1 Hari Beruntun,TP: 561 | CL: 525,Normal,Tidak Ideal (< 1:1),8,BELI,TIDAK ADA,2026-08-03 15:55:01
15:55,TOPS,Small Cap (Lapis 3),Fair Value (Wajar),0.0,0.08019889,1.0,1,1,1,0.0,0,Normal,0,Negatif,Downtrend,Bearish,Bearish MACD,Konsolidasi / Transisi,Normal,Netral,Normal,Tidak Ada Transaksi,Squeeze,Rendah,Doji (Ragu-ragu),Dekat Support (Low Risk),< 1 Miliar,Di Atas VWAP (Kuat),Netral,Gorengan Sepi (< 5M),Normal (50-150%),Sideways,Solid (Jarang Dibanting),Normal,Sideways / Stagnan,TP: 2 | CL: 0,Normal,Di Area Support,0,WAIT & SEE,TIDAK ADA,2026-08-03 15:55:01
15:55,TOTO,Mid Cap (Lapis 2),Undervalued (Murah),7.7792554,0.94310725,234.0,240,230,248,-3.3057851239669422,3665300,Tembus MA20,39,Negatif,Downtrend,Bullish,Bearish MACD,Perfect Uptrend (5>20>50),Distribusi Kuat,Distribusi (Turun),Normal,Seimbang / Adu Mekanik,Squeeze,Rendah,Normal,Dekat Support (Low Risk),< 1 Miliar,Di Bawah VWAP (Lemah),Distribusi Pro (Guyuran),Gorengan Sepi (< 5M),Ledakan Ekstrem (> 300%),Distribution (Fase Jualan),Normal,Normal,Turun 2 Hari Beruntun,TP: 242 | CL: 228,Normal,Sangat Menarik (> 1:3),2,WAIT & SEE,TIDAK ADA,2026-08-03 15:55:01
15:55,TOYS,Small Cap (Lapis 3),Fair Value (Wajar),0.0,0.04635451,8.0,8,8,8,0.0,0,Normal,0,Negatif,Downtrend,Bearish,Bearish MACD,Konsolidasi / Transisi,Normal,Netral,Normal,Tidak Ada Transaksi,Squeeze,Rendah,Doji (Ragu-ragu),Dekat Support (Low Risk),< 1 Miliar,Di Atas VWAP (Kuat),Netral,Gorengan Sepi (< 5M),Normal (50-150%),Sideways,Solid (Jarang Dibanting),Normal,Sideways / Stagnan,TP: 9 | CL: 7,Normal,Di Area Support,0,WAIT & SEE,TIDAK ADA,2026-08-03 15:55:01
15:55,TRIM,Mid Cap (Lapis 2),Fair Value (Wajar),1.5654919,1.9448562,600.0,568,535,610,6.1946902654867255,1402000,Tembus MA20,63,Positif,Uptrend,Bearish,Bearish MACD,Konsolidasi / Transisi,Akumulasi Kuat,Akumulasi (Naik),Normal,Dominan Beli (Hajar Kanan),Breakout Upper,Sedang,Normal,Rawan Pucuk (High Risk),< 1 Miliar,Di Atas VWAP (Kuat),Akumulasi Pro (Smart Money),Gorengan Sepi (< 5M),Ledakan Ekstrem (> 300%),Mark-Up (Fase Pesta),Spesialis Tiang Jemuran (Banting Pucuk),Normal,Naik 2 Hari Beruntun,TP: 634 | CL: 576,Open = Low (Bullish Kuat),Tidak Ideal (< 1:1),7,BELI,TIDAK ADA,2026-08-03 15:55:01
15:55,TRUK,Small Cap (Lapis 3),Overvalued (Mahal),0.0,6.147121,540.0,426,396,540,25.0,3372500,Tembus MA20,79,Positif,Uptrend,Bullish,Strong Bullish,Perfect Uptrend (5>20>50),Akumulasi Kuat,Akumulasi (Naik),Gap Up (+2.3%),Dominan Beli (Hajar Kanan),Breakout Upper,Tinggi,Marubozu (Strong Bullish),Rawan Pucuk (High Risk),> 1 Miliar,Di Atas VWAP (Kuat),Akumulasi Pro (Smart Money),Gorengan Sepi (< 5M),Ledakan Ekstrem (> 300%),Mark-Up (Fase Pesta),Spesialis Tiang Jemuran (Banting Pucuk),Normal,Naik 2 Hari Beruntun,TP: 589 | CL: 507,Open = Low (Bullish Kuat),Tidak Ideal (< 1:1),10,BELI,TIDAK ADA,2026-08-03 15:55:01
15:55,TSPC,Big Cap (Lapis 1),Undervalued (Murah),9.466783,1.3373932,2830.0,2631,2460,2900,-1.7361111111111112,362700,Normal,75,Negatif,Uptrend,Bullish,Strong Bullish,Perfect Uptrend (5>20>50),Normal,Akumulasi (Naik),Normal,Seimbang / Adu Mekanik,Normal,Tinggi,Normal,Rawan Pucuk (High Risk),> 1 Miliar,Persis di VWAP,Akumulasi Pro (Smart Money),Gorengan Sepi (< 5M),Normal (50-150%),Mark-Up (Fase Pesta),Normal,Normal,Turun 1 Hari Beruntun,TP: 2938 | CL: 2757,Open = High (Tekanan Jual),Tidak Ideal (< 1:1),5,WAIT & SEE,TIDAK ADA,2026-08-03 15:55:01
15:55,UANG,Mid Cap (Lapis 2),Overvalued (Mahal),31.58881,7.0930295,2360.0,2413,2020,3000,-2.0746887966804977,95300,Normal,50,Negatif,Downtrend,Bearish,Strong Bearish,Konsolidasi / Transisi,Normal,Akumulasi (Naik),Gap Up (+3.7%),Dominan Jual (Guyur),Normal,Tinggi,Normal,Rawan Pucuk (High Risk),< 1 Miliar,Di Atas VWAP (Kuat),Distribusi Pro (Guyuran),Gorengan Sepi (< 5M),Sepi (< 50%),Distribution (Fase Jualan),Spesialis Tiang Jemuran (Banting Pucuk),Normal,Turun 1 Hari Beruntun,TP: 2581 | CL: 2212,Open = High (Tekanan Jual),Ideal (1:2),2,WAIT & SEE,TIDAK ADA,2026-08-03 15:55:01
15:55,UCID,Mid Cap (Lapis 2),Undervalued (Murah),1.410074,0.3699195,416.0,381,360,418,0.4830917874396135,1413100,Tembus MA20,68,Positif,Uptrend,Bullish,Strong Bullish,Perfect Uptrend (5>20>50),Normal,Akumulasi (Naik),Normal,Dominan Beli (Hajar Kanan),Breakout Upper,Sedang,Normal,Rawan Pucuk (High Risk),< 1 Miliar,Di Atas VWAP (Kuat),Akumulasi Pro (Smart Money),Gorengan Sepi (< 5M),Normal (50-150%),Mark-Up (Fase Pesta),Solid (Jarang Dibanting),Normal,Naik 3 Hari Beruntun,TP: 434 | CL: 403,Normal,Tidak Ideal (< 1:1),8,BELI,TIDAK ADA,2026-08-03 15:55:01
15:55,ULTJ,Big Cap (Lapis 1),Fair Value (Wajar),8.640619,1.7824355,1485.0,1401,1325,1525,1.0204081632653061,3496600,Tembus MA20,64,Positif,Uptrend,Golden Cross,Strong Bullish,Perfect Uptrend (5>20>50),Normal,Akumulasi (Naik),Normal,Dominan Jual (Guyur),Breakout Upper,Sedang,Normal,Rawan Pucuk (High Risk),> 1 Miliar,Di Atas VWAP (Kuat),Distribusi Pro (Guyuran),Ritel Aktif (5M - 50M),Normal (50-150%),Mark-Up (Fase Pesta),Spesialis Tiang Jemuran (Banting Pucuk),Normal,Naik 4 Hari Beruntun,TP: 1549 | CL: 1442,Open = Low (Bullish Kuat),Tidak Ideal (< 1:1),7,BELI,TIDAK ADA,2026-08-03 15:55:01
15:55,UNIC,Mid Cap (Lapis 2),Overvalued (Mahal),7.613604,18039.1,15225.0,12883,12200,16100,-0.49019607843137253,28400,Tembus MA20,82,Negatif,Uptrend,Bullish,Strong Bullish,Perfect Uptrend (5>20>50),Normal,Akumulasi (Naik),Normal,Seimbang / Adu Mekanik,Breakout Upper,Tinggi,Doji (Ragu-ragu),Rawan Pucuk (High Risk),< 1 Miliar,Di Atas VWAP (Kuat),Akumulasi Pro (Smart Money),Gorengan Sepi (< 5M),Normal (50-150%),Mark-Up (Fase Pesta),Normal,Jarum Bawah (Sinyal Pantulan Kuat),Turun 1 Hari Beruntun,TP: 15972 | CL: 14726,Normal,Tidak Ideal (< 1:1),6,WAIT & SEE,TIDAK ADA,2026-08-03 15:55:01
15:55,UNSP,Small Cap (Lapis 3),Fair Value (Wajar),2.1178164,-0.09774433,206.0,206,206,206,0.0,0,Normal,37,Negatif,Downtrend,Bearish,Bullish MACD,Konsolidasi / Transisi,Normal,Netral,Normal,Tidak Ada Transaksi,Squeeze,Rendah,Doji (Ragu-ragu),Dekat Support (Low Risk),< 1 Miliar,Di Atas VWAP (Kuat),Netral,Gorengan Sepi (< 5M),Normal (50-150%),Sideways,Solid (Jarang Dibanting),Normal,Sideways / Stagnan,TP: 207 | CL: 205,Normal,Di Area Support,1,WAIT & SEE,TIDAK ADA,2026-08-03 15:55:01
15:55,URBN,Small Cap (Lapis 3),Fair Value (Wajar),0.0,0.6034101,210.0,220,202,238,1.9417475728155338,182600,Normal,46,Positif,Downtrend,Bearish,Strong Bearish,Konsolidasi / Transisi,Normal,Distribusi (Turun),Normal,Dominan Beli (Hajar Kanan),Normal,Tinggi,Marubozu (Strong Bullish),Area Tengah,< 1 Miliar,Persis di VWAP,Distribusi Pro (Guyuran),Gorengan Sepi (< 5M),Normal (50-150%),Distribution (Fase Jualan),Normal,Normal,Naik 1 Hari Beruntun,TP: 218 | CL: 204,Open = Low (Bullish Kuat),Sangat Menarik (> 1:3),2,WAIT & SEE,TIDAK ADA,2026-08-03 15:55:01
15:55,VICI,Mid Cap (Lapis 2),Overvalued (Mahal),31.38412,3.5933218,585.0,604,565,690,2.631578947368421,367500,Normal,47,Positif,Downtrend,Bearish,Strong Bearish,Konsolidasi / Transisi,Normal,Distribusi (Turun),Normal,Dominan Beli (Hajar Kanan),Normal,Tinggi,Normal,Area Tengah,< 1 Miliar,Persis di VWAP,Distribusi Pro (Guyuran),Gorengan Sepi (< 5M),Normal (50-150%),Distribution (Fase Jualan),Normal,Normal,Naik 1 Hari Beruntun,TP: 612 | CL: 566,Normal,Sangat Menarik (> 1:3),2,WAIT & SEE,TIDAK ADA,2026-08-03 15:55:01
15:55,WEGE,Small Cap (Lapis 3),Fair Value (Wajar),0.0,0.24748431,50.0,50,50,51,0.0,206300,Normal,33,Negatif,Downtrend,Bearish,Bullish MACD,Konsolidasi / Transisi,Normal,Netral,Normal,Tidak Ada Transaksi,Squeeze,Rendah,Doji (Ragu-ragu),Dekat Support (Low Risk),< 1 Miliar,Persis di VWAP,Netral,Gorengan Sepi (< 5M),Sepi (< 50%),Sideways,Spesialis Tiang Jemuran (Banting Pucuk),Normal,Sideways / Stagnan,TP: 50 | CL: 49,Normal,Di Area Support,1,WAIT & SEE,TIDAK ADA,2026-08-03 15:55:01
15:55,WICO,Small Cap (Lapis 3),Fair Value (Wajar),0.0,-1.3363609,123.0,123,123,123,0.0,0,Normal,0,Negatif,Downtrend,Bearish,Bearish MACD,Konsolidasi / Transisi,Normal,Netral,Normal,Tidak Ada Transaksi,Squeeze,Rendah,Doji (Ragu-ragu),Dekat Support (Low Risk),< 1 Miliar,Di Atas VWAP (Kuat),Netral,Gorengan Sepi (< 5M),Normal (50-150%),Sideways,Solid (Jarang Dibanting),Normal,Sideways / Stagnan,TP: 124 | CL: 122,Normal,Di Area Support,0,WAIT & SEE,TIDAK ADA,2026-08-03 15:55:01
15:55,WIKA,Mid Cap (Lapis 2),Fair Value (Wajar),0.0,-4.0231924,204.0,204,204,204,0.0,0,Normal,0,Negatif,Downtrend,Bearish,Bearish MACD,Konsolidasi / Transisi,Normal,Netral,Normal,Tidak Ada Transaksi,Squeeze,Rendah,Doji (Ragu-ragu),Dekat Support (Low Risk),< 1 Miliar,Di Atas VWAP (Kuat),Netral,Gorengan Sepi (< 5M),Normal (50-150%),Sideways,Solid (Jarang Dibanting),Normal,Sideways / Stagnan,TP: 205 | CL: 203,Normal,Di Area Support,0,WAIT & SEE,TIDAK ADA,2026-08-03 15:55:01
15:55,WOOD,Mid Cap (Lapis 2),Overvalued (Mahal),26.269314,0.33124197,240.0,211,170,260,1.694915254237288,1686500,Normal,59,Positif,Uptrend,Bullish,Strong Bullish,Awal Reversal (5>20),Normal,Distribusi (Turun),Normal,Dominan Beli (Hajar Kanan),Normal,Tinggi,Normal,Rawan Pucuk (High Risk),< 1 Miliar,Di Atas VWAP (Kuat),Distribusi Pro (Guyuran),Gorengan Sepi (< 5M),Sepi (< 50%),Accumulation (Kumpul Barang),Solid (Jarang Dibanting),Normal,Naik 1 Hari Beruntun,TP: 266 | CL: 222,Normal,Tidak Ideal (< 1:1),6,WAIT & SEE,TIDAK ADA,2026-08-03 15:55:01
15:55,WSBP,Small Cap (Lapis 3),Fair Value (Wajar),0.0,-0.3427844,14.0,14,14,14,0.0,0,Normal,44,Negatif,Downtrend,Bearish,Bullish MACD,Konsolidasi / Transisi,Normal,Netral,Normal,Tidak Ada Transaksi,Squeeze,Rendah,Doji (Ragu-ragu),Dekat Support (Low Risk),< 1 Miliar,Di Atas VWAP (Kuat),Netral,Gorengan Sepi (< 5M),Normal (50-150%),Sideways,Solid (Jarang Dibanting),Normal,Sideways / Stagnan,TP: 15 | CL: 13,Normal,Di Area Support,1,WAIT & SEE,TIDAK ADA,2026-08-03 15:55:01
15:55,YPAS,Small Cap (Lapis 3),Overvalued (Mahal),46.268658,3.3548148,620.0,603,535,715,-6.0606060606060606,295600,Tembus MA20,50,Negatif,Uptrend,Golden Cross,Bullish MACD,Awal Reversal (5>20),Distribusi Kuat,Akumulasi (Naik),Normal,Dominan Jual (Guyur),Normal,Sedang,Normal,Rawan Pucuk (High Risk),< 1 Miliar,Di Bawah VWAP (Lemah),Distribusi Pro (Guyuran),Gorengan Sepi (< 5M),Anomali Tinggi (150-300%),Accumulation (Kumpul Barang),Spesialis Tiang Jemuran (Banting Pucuk),Normal,Turun 1 Hari Beruntun,TP: 706 | CL: 562,Normal,Menengah (1:1),5,WAIT & SEE,TIDAK ADA,2026-08-03 15:55:01
15:55,YULE,Mid Cap (Lapis 2),Overvalued (Mahal),39.64497,7.693261,3350.0,3366,3010,3780,-0.8875739644970414,5200,Normal,47,Negatif,Downtrend,Bullish,Bearish MACD,Perfect Uptrend (5>20>50),Normal,Distribusi (Turun),Gap Up (+3.0%),Dominan Jual (Guyur),Normal,Sedang,Normal,Rawan Pucuk (High Risk),< 1 Miliar,Di Bawah VWAP (Lemah),Distribusi Pro (Guyuran),Gorengan Sepi (< 5M),Normal (50-150%),Distribution (Fase Jualan),Spesialis Tiang Jemuran (Banting Pucuk),Normal,Turun 1 Hari Beruntun,TP: 3566 | CL: 3205,Open = High (Tekanan Jual),Menengah (1:1),2,WAIT & SEE,TIDAK ADA,2026-08-03 15:55:01
15:55,YUPI,Big Cap (Lapis 1),Overvalued (Mahal),17.89359,6.471234,1315.0,1326,1290,1855,0.38167938931297707,49600,Normal,48,Positif,Downtrend,Bearish,Bullish MACD,Strong Downtrend (5<20<50),Normal,Akumulasi (Naik),Normal,Dominan Jual (Guyur),Normal,Sedang,Normal,Dekat Support (Low Risk),< 1 Miliar,Persis di VWAP,Distribusi Pro (Guyuran),Gorengan Sepi (< 5M),Normal (50-150%),Mark-Down (Fase Runtuh),Spesialis Tiang Jemuran (Banting Pucuk),Normal,Naik 2 Hari Beruntun,TP: 1354 | CL: 1288,Open = Low (Bullish Kuat),Sangat Menarik (> 1:3),3,WAIT & SEE,TIDAK ADA,2026-08-03 15:55:01
15:55,ZATA,Small Cap (Lapis 3),Fair Value (Wajar),0.0,1.6789138,70.0,58,50,86,6.0606060606060606,1222412300,Tembus MA20,64,Positif,Uptrend,Bullish,Strong Bullish,Perfect Uptrend (5>20>50),Akumulasi Kuat,Akumulasi (Naik),Normal,Seimbang / Adu Mekanik,Normal,Tinggi,Normal,Rawan Pucuk (High Risk),> 1 Miliar,Persis di VWAP,Distribusi Pro (Guyuran),Ritel Aktif (5M - 50M),Anomali Tinggi (150-300%),Mark-Up (Fase Pesta),Spesialis Tiang Jemuran (Banting Pucuk),Normal,Naik 3 Hari Beruntun,TP: 80 | CL: 63,Normal,Tidak Ideal (< 1:1),8,BELI,TIDAK ADA,2026-08-03 15:55:01
15:55,ZBRA,Small Cap (Lapis 3),Fair Value (Wajar),0.0,0.11446389,50.0,50,50,50,0.0,0,Normal,0,Negatif,Downtrend,Bearish,Bearish MACD,Konsolidasi / Transisi,Normal,Netral,Normal,Tidak Ada Transaksi,Squeeze,Rendah,Doji (Ragu-ragu),Dekat Support (Low Risk),< 1 Miliar,Di Atas VWAP (Kuat),Netral,Gorengan Sepi (< 5M),Normal (50-150%),Sideways,Solid (Jarang Dibanting),Normal,Sideways / Stagnan,TP: 51 | CL: 49,Normal,Di Area Support,0,WAIT & SEE,TIDAK ADA,2026-08-03 15:55:01
15:55,ZINC,Small Cap (Lapis 3),Fair Value (Wajar),0.0,2.0006669,30.0,30,30,30,0.0,0,Normal,0,Negatif,Downtrend,Bearish,Bearish MACD,Konsolidasi / Transisi,Normal,Netral,Normal,Tidak Ada Transaksi,Squeeze,Rendah,Doji (Ragu-ragu),Dekat Support (Low Risk),< 1 Miliar,Di Atas VWAP (Kuat),Netral,Gorengan Sepi (< 5M),Normal (50-150%),Sideways,Solid (Jarang Dibanting),Normal,Sideways / Stagnan,TP: 31 | CL: 29,Normal,Di Area Support,0,WAIT & SEE,TIDAK ADA,2026-08-03 15:55:01
15:55,ZONE,Small Cap (Lapis 3),Fair Value (Wajar),12.8475485,1.6539596,725.0,587,450,950,-5.228758169934641,153000,Normal,66,Negatif,Uptrend,Bullish,Strong Bullish,Perfect Uptrend (5>20>50),Normal,Akumulasi (Naik),Normal,Seimbang / Adu Mekanik,Normal,Tinggi,Normal,Rawan Pucuk (High Risk),< 1 Miliar,Di Bawah VWAP (Lemah),Akumulasi Pro (Smart Money),Gorengan Sepi (< 5M),Sepi (< 50%),Mark-Up (Fase Pesta),Spesialis Tiang Jemuran (Banting Pucuk),Normal,Turun 1 Hari Beruntun,TP: 824 | CL: 658,Open = High (Tekanan Jual),Tidak Ideal (< 1:1),5,WAIT & SEE,TIDAK ADA,2026-08-03 15:55:01
15:55,ZYRX,Small Cap (Lapis 3),Undervalued (Murah),2.2849462,0.4646568,119.0,127,117,140,-1.6528925619834711,1456000,Tembus MA20,30,Negatif,Downtrend,Bearish,Strong Bearish,Strong Downtrend (5<20<50),Normal,Distribusi (Turun),Normal,Seimbang / Adu Mekanik,Normal,Sedang,Normal,Dekat Support (Low Risk),< 1 Miliar,Di Bawah VWAP (Lemah),Distribusi Pro (Guyuran),Gorengan Sepi (< 5M),Normal (50-150%),Mark-Down (Fase Runtuh),Normal,Normal,Turun 3 Hari Beruntun,TP: 129 | CL: 112,Normal,Sangat Menarik (> 1:3),1,WAIT & SEE,TIDAK ADA,2026-08-03 15:55:01
15:55,TRUE,Small Cap (Lapis 3),Fair Value (Wajar),7.6335874,1.5621582,50.0,50,50,50,0.0,0,Normal,26,Negatif,Downtrend,Bearish,Bullish MACD,Konsolidasi / Transisi,Normal,Netral,Normal,Tidak Ada Transaksi,Squeeze,Rendah,Doji (Ragu-ragu),Dekat Support (Low Risk),< 1 Miliar,Di Atas VWAP (Kuat),Netral,Gorengan Sepi (< 5M),Normal (50-150%),Sideways,Solid (Jarang Dibanting),Normal,Sideways / Stagnan,TP: 51 | CL: 49,Normal,Di Area Support,1,WAIT & SEE,TIDAK ADA,2026-08-03 15:55:01
