Waktu Update,Ticker,Broksum,Kategori,Valuasi,PER (x),PBV (x),Harga (Rp),Harga MA20,Support,Resistance,Change (%),Volume,Vol Breakout,RSI (14D),Momentum,MA Signal,MA Cross,MACD,"Trend MA (5,20,50)",Status Bandar,OBV Trend,Status Gap,Tekanan Bandar,Status BB,Risiko,Pola Candle,Posisi Entry,Likuiditas,Posisi VWAP,Kekuatan A/D,Kelas Transaksi,RVOL (Anomali Vol),Fase Siklus Bandar,Karakter Gorengan,Sinyal Cuci Barang,Streak Harian,Auto Trading Plan,Status Open,Risk/Reward Ratio,Status Stochastic,Status Sentimen,Kondisi Supply,Status Fibonacci,Total Score,Rekomendasi,Status Akuisisi,Terakhir Update,Prediksi Machine Learning
16:40,AALI,Token Mati (Perlu Update),Big Cap (Lapis 1),Undervalued (Murah),7.9817095,0.62156343,7725.0,7025,6400,7800,0.3246753246753247,1335300,Normal,80,Positif,Uptrend,Bullish,Strong Bullish,Perfect Uptrend (5>20>50),Normal,Akumulasi (Naik),Normal,Seimbang / Adu Mekanik,Normal,Tinggi,Doji (Ragu-ragu),Rawan Pucuk (High Risk),> 1 Miliar,Di Atas VWAP (Kuat),Akumulasi Pro (Smart Money),Ritel Aktif (5M - 50M),Normal (50-150%),Mark-Up (Fase Pesta),Solid (Jarang Dibanting),Jarum Bawah (Sinyal Pantulan Kuat),Naik 3 Hari Beruntun,TP: 8073 | CL: 7492,Normal,Tidak Ideal (< 1:1),Overbought (Jenuh Beli - Rawan),Sentimen Positif 📰,Normal / Sedang Transisi,Mendekati Fibo 23.6%,7,BELI,TIDAK ADA,2026-08-19 16:40:03,Biasa / Mengikuti Pasar
16:40,ABBA,Token Mati (Perlu Update),Small Cap (Lapis 3),Overvalued (Mahal),0.0,4.77707,30.0,30,30,30,0.0,0,Normal,32,Negatif,Downtrend,Bearish,Bullish MACD,Konsolidasi / Transisi,Normal,Netral,Normal,Tidak Ada Transaksi,Squeeze,Rendah,Doji (Ragu-ragu),Dekat Support (Low Risk),< 1 Miliar,Di Atas VWAP (Kuat),Netral,Gorengan Sepi (< 5M),Normal (50-150%),Sideways,Solid (Jarang Dibanting),Normal,Sideways / Stagnan,TP: 31 | CL: 29,Normal,Di Area Support,Oversold (Jenuh Jual - Peluang),Netral / Sepi Berita,Normal / Sedang Transisi,Mendekati Fibo Bottom / 100%,1,WAIT & SEE,TIDAK ADA,2026-08-19 16:40:03,Biasa / Mengikuti Pasar
16:40,ABDA,Token Mati (Perlu Update),Mid Cap (Lapis 2),Fair Value (Wajar),20.790134,1.3146639,3810.0,3619,3380,4100,0.0,1000,Normal,76,Negatif,Uptrend,Bullish,Strong Bullish,Perfect Uptrend (5>20>50),Normal,Distribusi (Turun),Normal,Tidak Ada Transaksi,Normal,Tinggi,Doji (Ragu-ragu),Rawan Pucuk (High Risk),< 1 Miliar,Di Bawah VWAP (Lemah),Distribusi Pro (Guyuran),Gorengan Sepi (< 5M),Sepi (< 50%),Mark-Up (Fase Pesta),Spesialis Tiang Jemuran (Banting Pucuk),Normal,Sideways / Stagnan,TP: 3975 | CL: 3700,Normal,Tidak Ideal (< 1:1),Netral / Sideways,Netral / Sepi Berita,Normal / Sedang Transisi,Dekat Support Fibo 23.6%,4,WAIT & SEE,TIDAK ADA,2026-08-19 16:40:03,Biasa / Mengikuti Pasar
16:40,ABMM,Token Mati (Perlu Update),Mid Cap (Lapis 2),Overvalued (Mahal),5.046431,8328.173,2690.0,2596,2460,2730,0.3731343283582089,226400,Normal,69,Positif,Uptrend,Bullish,Strong Bullish,Perfect Uptrend (5>20>50),Normal,Akumulasi (Naik),Normal,Dominan Beli (Hajar Kanan),Normal,Sedang,Normal,Area Tengah,< 1 Miliar,Persis di VWAP,Akumulasi Pro (Smart Money),Gorengan Sepi (< 5M),Normal (50-150%),Mark-Up (Fase Pesta),Normal,Normal,Naik 2 Hari Beruntun,TP: 2774 | CL: 2633,Normal,Tidak Ideal (< 1:1),Netral / Sideways,Sentimen Positif 📰,Normal / Sedang Transisi,Dekat Support Fibo 23.6%,8,BELI,TIDAK ADA,2026-08-19 16:40:03,Biasa / Mengikuti Pasar
16:40,ACES,Token Mati (Perlu Update),Mid Cap (Lapis 2),Undervalued (Murah),8.064516,0.9684579,360.0,355,344,368,1.694915254237288,37017500,Tembus MA20,57,Positif,Uptrend,Bullish,Bearish MACD,Perfect Uptrend (5>20>50),Normal,Akumulasi (Naik),Normal,Seimbang / Adu Mekanik,Squeeze,Rendah,Normal,Area Tengah,> 1 Miliar,Di Atas VWAP (Kuat),Akumulasi Pro (Smart Money),Ritel Aktif (5M - 50M),Normal (50-150%),Mark-Up (Fase Pesta),Normal,Normal,Naik 1 Hari Beruntun,TP: 373 | CL: 350,Normal,Tidak Ideal (< 1:1),Netral / Sideways,Sentimen Positif 📰,Normal / Sedang Transisi,Mendekati Fibo 23.6%,7,BELI,TIDAK ADA,2026-08-19 16:40:03,Biasa / Mengikuti Pasar
16:40,ACST,Token Mati (Perlu Update),Mid Cap (Lapis 2),Fair Value (Wajar),0.0,-2.3644607,85.0,85,82,90,-1.1627906976744187,274400,Normal,53,Negatif,Downtrend,Bullish,Bearish MACD,Perfect Uptrend (5>20>50),Normal,Distribusi (Turun),Normal,Dominan Jual (Guyur),Normal,Sedang,Normal,Area Tengah,< 1 Miliar,Di Bawah VWAP (Lemah),Distribusi Pro (Guyuran),Gorengan Sepi (< 5M),Normal (50-150%),Distribution (Fase Jualan),Normal,Normal,Turun 2 Hari Beruntun,TP: 86 | CL: 83,Open = High (Tekanan Jual),Ideal (1:2),Netral / Sideways,Sentimen Negatif ⚠️,Normal / Sedang Transisi,Mendekati Fibo 38.2%,2,WAIT & SEE,TIDAK ADA,2026-08-19 16:40:03,Biasa / Mengikuti Pasar
16:40,ADES,Token Mati (Perlu Update),Big Cap (Lapis 1),Overvalued (Mahal),20.284039,5.488106,32850.0,34370,30375,40000,0.0,6800,Normal,48,Negatif,Downtrend,Bearish,Strong Bearish,Konsolidasi / Transisi,Normal,Distribusi (Turun),Normal,Tidak Ada Transaksi,Normal,Tinggi,Doji (Ragu-ragu),Area Tengah,< 1 Miliar,Persis di VWAP,Distribusi Pro (Guyuran),Gorengan Sepi (< 5M),Sepi (< 50%),Distribution (Fase Jualan),Normal,Normal,Sideways / Stagnan,TP: 34561 | CL: 31708,Normal,Ideal (1:2),Golden Cross (Awal Bullish),Sentimen Positif 📰,Normal / Sedang Transisi,Dekat Support Fibo 38.2%,1,WAIT & SEE,TIDAK ADA,2026-08-19 16:40:03,Biasa / Mengikuti Pasar
16:40,ADHI,Token Mati (Perlu Update),Mid Cap (Lapis 2),Fair Value (Wajar),0.0,0.40955433,140.0,152,136,171,-0.7092198581560284,13967800,Tembus MA20,25,Negatif,Downtrend,Bearish,Strong Bearish,Strong Downtrend (5<20<50),Normal,Distribusi (Turun),Normal,Seimbang / Adu Mekanik,Normal,Tinggi,Doji (Ragu-ragu),Dekat Support (Low Risk),> 1 Miliar,Di Bawah VWAP (Lemah),Akumulasi Pro (Smart Money),Gorengan Sepi (< 5M),Normal (50-150%),Mark-Down (Fase Runtuh),Normal,Jarum Bawah (Sinyal Pantulan Kuat),Turun 2 Hari Beruntun,TP: 147 | CL: 135,Normal,Sangat Menarik (> 1:3),Oversold (Jenuh Jual - Peluang),Sentimen Positif 📰,Normal / Sedang Transisi,Mengambang (Jauh dari Fibo),2,WAIT & SEE,TIDAK ADA,2026-08-19 16:40:03,Biasa / Mengikuti Pasar
16:40,AISA,Token Mati (Perlu Update),Small Cap (Lapis 3),Undervalued (Murah),12.951168,0.95639014,123.0,117,104,141,2.5,17879400,Normal,64,Positif,Uptrend,Bullish,Bearish MACD,Perfect Uptrend (5>20>50),Normal,Akumulasi (Naik),Normal,Seimbang / Adu Mekanik,Normal,Tinggi,Normal,Rawan Pucuk (High Risk),> 1 Miliar,Di Atas VWAP (Kuat),Akumulasi Pro (Smart Money),Gorengan Sepi (< 5M),Anomali Tinggi (150-300%),Mark-Up (Fase Pesta),Normal,Normal,Naik 2 Hari Beruntun,TP: 130 | CL: 117,Open = Low (Bullish Kuat),Tidak Ideal (< 1:1),Golden Cross (Awal Bullish),Sentimen Positif 📰,Normal / Sedang Transisi,Mendekati Fibo 38.2%,6,WAIT & SEE,TIDAK ADA,2026-08-19 16:40:03,Biasa / Mengikuti Pasar
16:40,AKKU,Token Mati (Perlu Update),Small Cap (Lapis 3),Overvalued (Mahal),336.2832,0.6251748,38.0,38,38,38,0.0,0,Normal,0,Negatif,Downtrend,Bearish,Bearish MACD,Konsolidasi / Transisi,Normal,Netral,Normal,Tidak Ada Transaksi,Squeeze,Rendah,Doji (Ragu-ragu),Dekat Support (Low Risk),< 1 Miliar,Di Atas VWAP (Kuat),Netral,Gorengan Sepi (< 5M),Normal (50-150%),Sideways,Solid (Jarang Dibanting),Normal,Sideways / Stagnan,TP: 39 | CL: 37,Normal,Di Area Support,Oversold (Jenuh Jual - Peluang),Netral / Sepi Berita,Normal / Sedang Transisi,Normal / Sideways,0,WAIT & SEE,TIDAK ADA,2026-08-19 16:40:03,Biasa / Mengikuti Pasar
16:40,AKPI,Token Mati (Perlu Update),Small Cap (Lapis 3),Undervalued (Murah),3.5560877,0.17399603,505.0,501,490,555,0.0,385400,Tembus MA20,55,Negatif,Uptrend,Bullish,Bearish MACD,Perfect Uptrend (5>20>50),Normal,Distribusi (Turun),Normal,Seimbang / Adu Mekanik,Squeeze,Rendah,Doji (Ragu-ragu),Area Tengah,< 1 Miliar,Persis di VWAP,Distribusi Pro (Guyuran),Gorengan Sepi (< 5M),Anomali Tinggi (150-300%),Mark-Up (Fase Pesta),Spesialis Tiang Jemuran (Banting Pucuk),Jarum Bawah (Sinyal Pantulan Kuat),Sideways / Stagnan,TP: 532 | CL: 486,Normal,Sangat Menarik (> 1:3),Netral / Sideways,Sentimen Negatif ⚠️,Normal / Sedang Transisi,Golden Rebound Fibo 61.8% (Golden Ratio) 🎯,4,WAIT & SEE,TIDAK ADA,2026-08-19 16:40:03,Biasa / Mengikuti Pasar
16:40,AKRA,Token Mati (Perlu Update),Big Cap (Lapis 1),Fair Value (Wajar),10.132191,2.1314924,1395.0,1411,1337,1470,-1.4134275618374559,9145800,Normal,54,Negatif,Downtrend,Bearish,Bearish MACD,Konsolidasi / Transisi,Normal,Akumulasi (Naik),Normal,Dominan Jual (Guyur),Squeeze,Rendah,Normal,Area Tengah,> 1 Miliar,Persis di VWAP,Distribusi Pro (Guyuran),Ritel Aktif (5M - 50M),Normal (50-150%),Distribution (Fase Jualan),Normal,Normal,Turun 1 Hari Beruntun,TP: 1435 | CL: 1367,Normal,Menengah (1:1),Netral / Sideways,Sentimen Positif 📰,Normal / Sedang Transisi,Dekat Support Fibo 23.6%,3,WAIT & SEE,TIDAK ADA,2026-08-19 16:40:03,Biasa / Mengikuti Pasar
16:40,AKSI,Token Mati (Perlu Update),Small Cap (Lapis 3),Undervalued (Murah),8.951708,1.0286301,228.0,230,218,280,0.0,540000,Normal,50,Negatif,Downtrend,Death Cross,Bearish MACD,Konsolidasi / Transisi,Normal,Akumulasi (Naik),Normal,Dominan Beli (Hajar Kanan),Normal,Sedang,Normal,Area Tengah,< 1 Miliar,Persis di VWAP,Akumulasi Pro (Smart Money),Gorengan Sepi (< 5M),Anomali Tinggi (150-300%),Distribution (Fase Jualan),Spesialis Tiang Jemuran (Banting Pucuk),Normal,Sideways / Stagnan,TP: 250 | CL: 213,Normal,Sangat Menarik (> 1:3),Golden Cross (Awal Bullish),Sentimen Negatif ⚠️,Normal / Sedang Transisi,Mengambang (Jauh dari Fibo),2,WAIT & SEE,TIDAK ADA,2026-08-19 16:40:03,Biasa / Mengikuti Pasar
16:40,ALDO,Token Mati (Perlu Update),Mid Cap (Lapis 2),Overvalued (Mahal),27.469227,2.2251568,915.0,850,740,1070,0.0,518000,Tembus MA20,64,Negatif,Uptrend,Bullish,Strong Bullish,Perfect Uptrend (5>20>50),Normal,Distribusi (Turun),Normal,Seimbang / Adu Mekanik,Normal,Tinggi,Doji (Ragu-ragu),Rawan Pucuk (High Risk),< 1 Miliar,Di Atas VWAP (Kuat),Akumulasi Pro (Smart Money),Gorengan Sepi (< 5M),Anomali Tinggi (150-300%),Mark-Up (Fase Pesta),Spesialis Tiang Jemuran (Banting Pucuk),Jarum Bawah (Sinyal Pantulan Kuat),Sideways / Stagnan,TP: 1027 | CL: 840,Normal,Tidak Ideal (< 1:1),Netral / Sideways,Netral / Sepi Berita,Normal / Sedang Transisi,Mendekati Fibo 38.2%,5,WAIT & SEE,TIDAK ADA,2026-08-19 16:40:03,Biasa / Mengikuti Pasar
16:40,ALKA,Token Mati (Perlu Update),Mid Cap (Lapis 2),Overvalued (Mahal),84.9313,6.98427,3220.0,1955,800,3300,4.207119741100324,325300,Normal,90,Positif,Uptrend,Bullish,Strong Bullish,Perfect Uptrend (5>20>50),Normal,Akumulasi (Naik),Normal,Dominan Beli (Hajar Kanan),Breakout Upper,Tinggi,Normal,Rawan Pucuk (High Risk),> 1 Miliar,Di Atas VWAP (Kuat),Akumulasi Pro (Smart Money),Gorengan Sepi (< 5M),Normal (50-150%),Mark-Up (Fase Pesta),Solid (Jarang Dibanting),Normal,Naik 3 Hari Beruntun,TP: 3502 | CL: 3031,Normal,Tidak Ideal (< 1:1),Overbought (Jenuh Beli - Rawan),Netral / Sepi Berita,Normal / Sedang Transisi,Mengambang (Jauh dari Fibo),7,BELI,TIDAK ADA,2026-08-19 16:40:03,Biasa / Mengikuti Pasar
16:40,ALMI,Token Mati (Perlu Update),Small Cap (Lapis 3),Overvalued (Mahal),0.0,74000.0,74.0,74,74,74,0.0,0,Normal,0,Negatif,Downtrend,Bearish,Bearish MACD,Konsolidasi / Transisi,Normal,Netral,Normal,Tidak Ada Transaksi,Squeeze,Rendah,Doji (Ragu-ragu),Dekat Support (Low Risk),< 1 Miliar,Di Atas VWAP (Kuat),Netral,Gorengan Sepi (< 5M),Normal (50-150%),Sideways,Solid (Jarang Dibanting),Normal,Sideways / Stagnan,TP: 75 | CL: 73,Normal,Di Area Support,Oversold (Jenuh Jual - Peluang),Netral / Sepi Berita,Normal / Sedang Transisi,Normal / Sideways,0,WAIT & SEE,TIDAK ADA,2026-08-19 16:40:03,Biasa / Mengikuti Pasar
16:40,ALTO,Token Mati (Perlu Update),Small Cap (Lapis 3),Fair Value (Wajar),0.0,0.13290901,18.0,18,18,18,0.0,0,Normal,0,Negatif,Downtrend,Bearish,Bearish MACD,Konsolidasi / Transisi,Normal,Netral,Normal,Tidak Ada Transaksi,Squeeze,Rendah,Doji (Ragu-ragu),Dekat Support (Low Risk),< 1 Miliar,Di Atas VWAP (Kuat),Netral,Gorengan Sepi (< 5M),Normal (50-150%),Sideways,Solid (Jarang Dibanting),Normal,Sideways / Stagnan,TP: 19 | CL: 17,Normal,Di Area Support,Oversold (Jenuh Jual - Peluang),Netral / Sepi Berita,Normal / Sedang Transisi,Normal / Sideways,0,WAIT & SEE,TIDAK ADA,2026-08-19 16:40:03,Biasa / Mengikuti Pasar
16:40,AMAG,Token Mati (Perlu Update),Mid Cap (Lapis 2),Undervalued (Murah),8.695652,0.9027945,390.0,387,376,396,0.0,43800,Normal,53,Negatif,Uptrend,Bullish,Strong Bullish,Awal Reversal (5>20),Normal,Akumulasi (Naik),Normal,Dominan Beli (Hajar Kanan),Squeeze,Rendah,Doji (Ragu-ragu),Area Tengah,< 1 Miliar,Di Atas VWAP (Kuat),Akumulasi Pro (Smart Money),Gorengan Sepi (< 5M),Sepi (< 50%),Accumulation (Kumpul Barang),Solid (Jarang Dibanting),Jarum Bawah (Sinyal Pantulan Kuat),Sideways / Stagnan,TP: 397 | CL: 384,Normal,Tidak Ideal (< 1:1),Overbought (Jenuh Beli - Rawan),Sentimen Positif 📰,Supply Kering (Siap Pump) 🏜️,Golden Rebound Fibo 23.6% 🎯,7,BELI,TIDAK ADA,2026-08-19 16:40:03,Biasa / Mengikuti Pasar
16:40,AMFG,Token Mati (Perlu Update),Mid Cap (Lapis 2),Undervalued (Murah),12.804245,0.30211645,3330.0,3291,3080,3400,0.0,13100,Normal,61,Negatif,Uptrend,Bullish,Bearish MACD,Perfect Uptrend (5>20>50),Normal,Akumulasi (Naik),Gap Down (-2.1%),Dominan Beli (Hajar Kanan),Normal,Sedang,Marubozu (Strong Bullish),Area Tengah,< 1 Miliar,Persis di VWAP,Akumulasi Pro (Smart Money),Gorengan Sepi (< 5M),Sepi (< 50%),Mark-Up (Fase Pesta),Normal,Normal,Sideways / Stagnan,TP: 3440 | CL: 3256,Open = Low (Bullish Kuat),Tidak Ideal (< 1:1),Death Cross (Awal Bearish),Sentimen Positif 📰,Normal / Sedang Transisi,Mendekati Fibo 38.2%,6,WAIT & SEE,TIDAK ADA,2026-08-19 16:40:03,Biasa / Mengikuti Pasar
16:40,AMIN,Token Mati (Perlu Update),Small Cap (Lapis 3),Fair Value (Wajar),0.0,1.2724483,238.0,244,230,260,-1.6528925619834711,61700,Tembus MA20,40,Negatif,Downtrend,Death Cross,Strong Bearish,Strong Downtrend (5<20<50),Normal,Distribusi (Turun),Normal,Seimbang / Adu Mekanik,Squeeze,Rendah,Normal,Area Tengah,< 1 Miliar,Di Bawah VWAP (Lemah),Distribusi Pro (Guyuran),Gorengan Sepi (< 5M),Normal (50-150%),Mark-Down (Fase Runtuh),Normal,Normal,Turun 3 Hari Beruntun,TP: 253 | CL: 228,Open = High (Tekanan Jual),Ideal (1:2),Netral / Sideways,Sentimen Positif 📰,Normal / Sedang Transisi,Dekat Support Fibo 61.8% (Golden Ratio),2,WAIT & SEE,TIDAK ADA,2026-08-19 16:40:03,Biasa / Mengikuti Pasar
16:40,AMRT,Token Mati (Perlu Update),Big Cap (Lapis 1),Overvalued (Mahal),15.879479,3.1510057,1370.0,1368,1295,1440,-2.142857142857143,34386400,Normal,50,Negatif,Uptrend,Bullish,Strong Bullish,Awal Reversal (5>20),Normal,Distribusi (Turun),Normal,Seimbang / Adu Mekanik,Normal,Sedang,Normal,Area Tengah,> 1 Miliar,Persis di VWAP,Distribusi Pro (Guyuran),Ritel Aktif (5M - 50M),Normal (50-150%),Accumulation (Kumpul Barang),Solid (Jarang Dibanting),Normal,Turun 1 Hari Beruntun,TP: 1446 | CL: 1318,Open = High (Tekanan Jual),Tidak Ideal (< 1:1),Netral / Sideways,Sentimen Positif 📰,Normal / Sedang Transisi,Dekat Support Fibo 38.2%,4,WAIT & SEE,TIDAK ADA,2026-08-19 16:40:03,Biasa / Mengikuti Pasar
16:40,ANJT,Token Mati (Perlu Update),Mid Cap (Lapis 2),Fair Value (Wajar),0.0,1.1793765,1495.0,1479,1355,1540,0.0,104800,Tembus MA20,52,Negatif,Uptrend,Bullish,Strong Bullish,Perfect Uptrend (5>20>50),Normal,Akumulasi (Naik),Gap Up (+2.0%),Dominan Jual (Guyur),Normal,Sedang,Normal,Rawan Pucuk (High Risk),< 1 Miliar,Persis di VWAP,Distribusi Pro (Guyuran),Gorengan Sepi (< 5M),Anomali Tinggi (150-300%),Mark-Up (Fase Pesta),Normal,Normal,Sideways / Stagnan,TP: 1541 | CL: 1464,Open = High (Tekanan Jual),Tidak Ideal (< 1:1),Death Cross (Awal Bearish),Netral / Sepi Berita,Normal / Sedang Transisi,Dekat Support Fibo 38.2%,7,BELI,TIDAK ADA,2026-08-19 16:40:03,Biasa / Mengikuti Pasar
16:40,ANTM,Token Mati (Perlu Update),Big Cap (Lapis 1),Fair Value (Wajar),8.581382,1.8743587,3030.0,3011,2800,3220,-2.258064516129032,81400000,Normal,52,Negatif,Uptrend,Bullish,Bearish MACD,Perfect Uptrend (5>20>50),Normal,Akumulasi (Naik),Normal,Dominan Jual (Guyur),Normal,Sedang,Normal,Area Tengah,> 1 Miliar,Di Bawah VWAP (Lemah),Distribusi Pro (Guyuran),Sultan (> 50M/hari),Normal (50-150%),Mark-Up (Fase Pesta),Normal,Normal,Turun 1 Hari Beruntun,TP: 3174 | CL: 2933,Normal,Tidak Ideal (< 1:1),Death Cross (Awal Bearish),Netral / Sepi Berita,Normal / Sedang Transisi,Dekat Support Fibo 23.6%,4,WAIT & SEE,TIDAK ADA,2026-08-19 16:40:03,Biasa / Mengikuti Pasar
16:40,APEX,Token Mati (Perlu Update),Small Cap (Lapis 3),Overvalued (Mahal),6.509884,9550.0,191.0,162,140,204,9.770114942528735,180609000,Tembus MA20,74,Positif,Uptrend,Bullish,Strong Bullish,Perfect Uptrend (5>20>50),Akumulasi Kuat,Akumulasi (Naik),Normal,Seimbang / Adu Mekanik,Normal,Tinggi,Normal,Rawan Pucuk (High Risk),> 1 Miliar,Di Atas VWAP (Kuat),Akumulasi Pro (Smart Money),Ritel Aktif (5M - 50M),Ledakan Ekstrem (> 300%),Mark-Up (Fase Pesta),Normal,Normal,Naik 3 Hari Beruntun,TP: 206 | CL: 180,Open = Low (Bullish Kuat),Tidak Ideal (< 1:1),Netral / Sideways,Sentimen Positif 📰,Normal / Sedang Transisi,Mendekati Fibo 23.6%,9,BELI,TIDAK ADA,2026-08-19 16:40:03,⚠️ Anomali (Sudah Terbang)
16:40,APIC,Token Mati (Perlu Update),Mid Cap (Lapis 2),Overvalued (Mahal),58.522724,1.8693148,515.0,614,500,760,-2.8301886792452833,1097100,Normal,27,Negatif,Downtrend,Bearish,Strong Bearish,Strong Downtrend (5<20<50),Normal,Distribusi (Turun),Gap Down (-2.8%),Seimbang / Adu Mekanik,Bottom Rebound,Tinggi,Doji (Ragu-ragu),Dekat Support (Low Risk),< 1 Miliar,Di Bawah VWAP (Lemah),Akumulasi Pro (Smart Money),Gorengan Sepi (< 5M),Normal (50-150%),Mark-Down (Fase Runtuh),Normal,Jarum Bawah (Sinyal Pantulan Kuat),Turun 3 Hari Beruntun,TP: 560 | CL: 485,Normal,Sangat Menarik (> 1:3),Oversold (Jenuh Jual - Peluang),Netral / Sepi Berita,Normal / Sedang Transisi,Mengambang (Jauh dari Fibo),0,WAIT & SEE,TIDAK ADA,2026-08-19 16:40:03,Biasa / Mengikuti Pasar
16:40,APII,Token Mati (Perlu Update),Small Cap (Lapis 3),Undervalued (Murah),10.169312,0.5056294,191.0,186,167,202,2.13903743315508,1672000,Tembus MA20,57,Positif,Uptrend,Bullish,Bearish MACD,Perfect Uptrend (5>20>50),Akumulasi Kuat,Akumulasi (Naik),Normal,Dominan Beli (Hajar Kanan),Normal,Sedang,Normal,Rawan Pucuk (High Risk),< 1 Miliar,Persis di VWAP,Akumulasi Pro (Smart Money),Gorengan Sepi (< 5M),Anomali Tinggi (150-300%),Mark-Up (Fase Pesta),Spesialis Tiang Jemuran (Banting Pucuk),Normal,Naik 1 Hari Beruntun,TP: 203 | CL: 182,Open = Low (Bullish Kuat),Tidak Ideal (< 1:1),Netral / Sideways,Sentimen Positif 📰,Normal / Sedang Transisi,Dekat Support Fibo 23.6%,9,BELI,TIDAK ADA,2026-08-19 16:40:03,Biasa / Mengikuti Pasar
16:40,APLI,Token Mati (Perlu Update),Small Cap (Lapis 3),Overvalued (Mahal),26.168224,1.2998649,280.0,252,234,320,9.375,5087900,Tembus MA20,72,Positif,Uptrend,Bullish,Strong Bullish,Perfect Uptrend (5>20>50),Akumulasi Kuat,Akumulasi (Naik),Gap Up (+3.9%),Dominan Jual (Guyur),Breakout Upper,Tinggi,Normal,Rawan Pucuk (High Risk),> 1 Miliar,Di Bawah VWAP (Lemah),Distribusi Pro (Guyuran),Gorengan Sepi (< 5M),Ledakan Ekstrem (> 300%),Mark-Up (Fase Pesta),Spesialis Tiang Jemuran (Banting Pucuk),Normal,Naik 1 Hari Beruntun,TP: 307 | CL: 262,Open = Low (Bullish Kuat),Tidak Ideal (< 1:1),Netral / Sideways,Sentimen Positif 📰,Normal / Sedang Transisi,Mendekati Fibo 38.2%,10,BELI,TIDAK ADA,2026-08-19 16:40:03,Biasa / Mengikuti Pasar
16:40,APLN,Token Mati (Perlu Update),Mid Cap (Lapis 2),Undervalued (Murah),8.040201,0.27878287,145.0,128,115,163,5.839416058394161,762875600,Tembus MA20,65,Positif,Uptrend,Bullish,Strong Bullish,Perfect Uptrend (5>20>50),Akumulasi Kuat,Akumulasi (Naik),Normal,Seimbang / Adu Mekanik,Breakout Upper,Tinggi,Normal,Rawan Pucuk (High Risk),> 1 Miliar,Persis di VWAP,Distribusi Pro (Guyuran),Ritel Aktif (5M - 50M),Ledakan Ekstrem (> 300%),Mark-Up (Fase Pesta),Spesialis Tiang Jemuran (Banting Pucuk),Normal,Naik 3 Hari Beruntun,TP: 156 | CL: 137,Normal,Tidak Ideal (< 1:1),Death Cross (Awal Bearish),Sentimen Positif 📰,Normal / Sedang Transisi,Mendekati Fibo 50.0%,9,BELI,TIDAK ADA,2026-08-19 16:40:03,⚠️ Anomali (Sudah Terbang)
16:40,ARGO,Token Mati (Perlu Update),Mid Cap (Lapis 2),Overvalued (Mahal),139.49275,22.980503,1155.0,1162,1050,1255,0.43478260869565216,65500,Normal,58,Positif,Downtrend,Bearish,Bearish MACD,Konsolidasi / Transisi,Normal,Akumulasi (Naik),Normal,Dominan Beli (Hajar Kanan),Normal,Sedang,Doji (Ragu-ragu),Rawan Pucuk (High Risk),< 1 Miliar,Persis di VWAP,Akumulasi Pro (Smart Money),Gorengan Sepi (< 5M),Sepi (< 50%),Distribution (Fase Jualan),Normal,Jarum Bawah (Sinyal Pantulan Kuat),Naik 1 Hari Beruntun,TP: 1216 | CL: 1114,Normal,Tidak Ideal (< 1:1),Netral / Sideways,Sentimen Positif 📰,Normal / Sedang Transisi,Mendekati Fibo 23.6%,5,WAIT & SEE,TIDAK ADA,2026-08-19 16:40:03,Biasa / Mengikuti Pasar
16:40,ARII,Token Mati (Perlu Update),Mid Cap (Lapis 2),Overvalued (Mahal),12.357581,13428.571,282.0,276,250,318,-1.3986013986013985,124300,Normal,55,Negatif,Uptrend,Bullish,Strong Bullish,Awal Reversal (5>20),Normal,Distribusi (Turun),Normal,Dominan Jual (Guyur),Squeeze,Rendah,Normal,Rawan Pucuk (High Risk),< 1 Miliar,Di Bawah VWAP (Lemah),Distribusi Pro (Guyuran),Gorengan Sepi (< 5M),Normal (50-150%),Accumulation (Kumpul Barang),Spesialis Tiang Jemuran (Banting Pucuk),Normal,Turun 1 Hari Beruntun,TP: 307 | CL: 265,Normal,Menengah (1:1),Netral / Sideways,Netral / Sepi Berita,Normal / Sedang Transisi,Dekat Support Fibo 50.0%,4,WAIT & SEE,TIDAK ADA,2026-08-19 16:40:03,Biasa / Mengikuti Pasar
16:40,ARNA,Token Mati (Perlu Update),Mid Cap (Lapis 2),Fair Value (Wajar),8.299458,1.8955586,490.0,492,476,505,-0.40650406504065045,3029800,Normal,59,Negatif,Downtrend,Bullish,Bearish MACD,Perfect Uptrend (5>20>50),Normal,Distribusi (Turun),Normal,Seimbang / Adu Mekanik,Squeeze,Rendah,Normal,Dekat Support (Low Risk),> 1 Miliar,Persis di VWAP,Akumulasi Pro (Smart Money),Gorengan Sepi (< 5M),Normal (50-150%),Distribution (Fase Jualan),Spesialis Tiang Jemuran (Banting Pucuk),Normal,Turun 2 Hari Beruntun,TP: 500 | CL: 483,Open = High (Tekanan Jual),Menengah (1:1),Netral / Sideways,Sentimen Positif 📰,Normal / Sedang Transisi,Dekat Support Fibo 23.6%,3,WAIT & SEE,TIDAK ADA,2026-08-19 16:40:03,Biasa / Mengikuti Pasar
16:40,ARTA,Token Mati (Perlu Update),Mid Cap (Lapis 2),Overvalued (Mahal),0.0,6.7852902,2280.0,2429,2250,2950,0.0,800,Normal,40,Negatif,Downtrend,Bearish,Strong Bearish,Strong Downtrend (5<20<50),Normal,Distribusi (Turun),Normal,Tidak Ada Transaksi,Bottom Rebound,Tinggi,Doji (Ragu-ragu),Dekat Support (Low Risk),< 1 Miliar,Di Bawah VWAP (Lemah),Distribusi Pro (Guyuran),Gorengan Sepi (< 5M),Sepi (< 50%),Mark-Down (Fase Runtuh),Normal,Normal,Sideways / Stagnan,TP: 2488 | CL: 2140,Normal,Sangat Menarik (> 1:3),Oversold (Jenuh Jual - Peluang),Sentimen Positif 📰,Normal / Sedang Transisi,Mendekati Fibo 78.6%,1,WAIT & SEE,TIDAK ADA,2026-08-19 16:40:03,Biasa / Mengikuti Pasar
16:40,ARTI,Token Mati (Perlu Update),Small Cap (Lapis 3),Fair Value (Wajar),1.0695187,-0.072920844,2.0,2,2,2,0.0,0,Normal,0,Negatif,Downtrend,Bearish,Bearish MACD,Konsolidasi / Transisi,Normal,Netral,Normal,Tidak Ada Transaksi,Squeeze,Rendah,Doji (Ragu-ragu),Dekat Support (Low Risk),< 1 Miliar,Di Atas VWAP (Kuat),Netral,Gorengan Sepi (< 5M),Normal (50-150%),Sideways,Solid (Jarang Dibanting),Normal,Sideways / Stagnan,TP: 3 | CL: 1,Normal,Di Area Support,Oversold (Jenuh Jual - Peluang),Netral / Sepi Berita,Normal / Sedang Transisi,Normal / Sideways,0,WAIT & SEE,TIDAK ADA,2026-08-19 16:40:03,Biasa / Mengikuti Pasar
16:40,ARTO,Token Mati (Perlu Update),Big Cap (Lapis 1),Overvalued (Mahal),45.302013,1.6584868,1080.0,1236,1075,1385,-4.845814977973569,8505300,Tembus MA20,39,Negatif,Downtrend,Bearish,Strong Bearish,Konsolidasi / Transisi,Normal,Distribusi (Turun),Normal,Dominan Jual (Guyur),Normal,Tinggi,Normal,Dekat Support (Low Risk),> 1 Miliar,Di Bawah VWAP (Lemah),Distribusi Pro (Guyuran),Ritel Aktif (5M - 50M),Normal (50-150%),Distribution (Fase Jualan),Normal,Normal,Turun 4 Hari Beruntun,TP: 1169 | CL: 1020,Open = High (Tekanan Jual),Sangat Menarik (> 1:3),Oversold (Jenuh Jual - Peluang),Sentimen Positif 📰,Normal / Sedang Transisi,Mengambang (Jauh dari Fibo),2,WAIT & SEE,TIDAK ADA,2026-08-19 16:40:03,Biasa / Mengikuti Pasar
16:40,ASBI,Token Mati (Perlu Update),Small Cap (Lapis 3),Undervalued (Murah),8.335705,0.30715892,410.0,420,392,438,0.0,2700,Normal,46,Negatif,Downtrend,Bearish,Strong Bearish,Konsolidasi / Transisi,Normal,Akumulasi (Naik),Normal,Dominan Jual (Guyur),Squeeze,Rendah,Doji (Ragu-ragu),Area Tengah,< 1 Miliar,Persis di VWAP,Distribusi Pro (Guyuran),Gorengan Sepi (< 5M),Sepi (< 50%),Distribution (Fase Jualan),Normal,Normal,Sideways / Stagnan,TP: 435 | CL: 392,Normal,Ideal (1:2),Golden Cross (Awal Bullish),Sentimen Positif 📰,Normal / Sedang Transisi,Dekat Support Fibo 61.8% (Golden Ratio),2,WAIT & SEE,TIDAK ADA,2026-08-19 16:40:03,Biasa / Mengikuti Pasar
16:40,ASDM,Token Mati (Perlu Update),Small Cap (Lapis 3),Undervalued (Murah),10.5080595,0.54733026,515.0,512,498,535,0.9803921568627451,26900,Normal,53,Positif,Uptrend,Golden Cross,Bearish MACD,Perfect Uptrend (5>20>50),Normal,Akumulasi (Naik),Normal,Seimbang / Adu Mekanik,Squeeze,Rendah,Normal,Area Tengah,< 1 Miliar,Persis di VWAP,Distribusi Pro (Guyuran),Gorengan Sepi (< 5M),Anomali Tinggi (150-300%),Mark-Up (Fase Pesta),Normal,Normal,Naik 1 Hari Beruntun,TP: 535 | CL: 501,Open = High (Tekanan Jual),Menengah (1:1),Golden Cross (Awal Bullish),Sentimen Positif 📰,Normal / Sedang Transisi,Dekat Support Fibo 50.0%,6,WAIT & SEE,TIDAK ADA,2026-08-19 16:40:03,Biasa / Mengikuti Pasar
16:40,ASGR,Token Mati (Perlu Update),Mid Cap (Lapis 2),Undervalued (Murah),7.885592,1.2268068,1770.0,1826,1740,1970,-0.5617977528089888,256000,Normal,48,Negatif,Downtrend,Bearish,Bearish MACD,Konsolidasi / Transisi,Normal,Distribusi (Turun),Normal,Dominan Jual (Guyur),Normal,Sedang,Normal,Dekat Support (Low Risk),< 1 Miliar,Persis di VWAP,Distribusi Pro (Guyuran),Gorengan Sepi (< 5M),Sepi (< 50%),Distribution (Fase Jualan),Normal,Normal,Turun 1 Hari Beruntun,TP: 1841 | CL: 1722,Normal,Sangat Menarik (> 1:3),Oversold (Jenuh Jual - Peluang),Sentimen Positif 📰,Normal / Sedang Transisi,Mendekati Fibo 38.2%,1,WAIT & SEE,TIDAK ADA,2026-08-19 16:40:03,Biasa / Mengikuti Pasar
16:40,ASII,Token Mati (Perlu Update),Big Cap (Lapis 1),Undervalued (Murah),6.3913736,0.82072204,4740.0,4963,4720,5300,-1.0438413361169103,39787400,Normal,38,Negatif,Downtrend,Bearish,Strong Bearish,Konsolidasi / Transisi,Normal,Distribusi (Turun),Normal,Dominan Jual (Guyur),Bottom Rebound,Sedang,Normal,Dekat Support (Low Risk),> 1 Miliar,Di Bawah VWAP (Lemah),Distribusi Pro (Guyuran),Sultan (> 50M/hari),Normal (50-150%),Distribution (Fase Jualan),Normal,Normal,Turun 1 Hari Beruntun,TP: 4939 | CL: 4606,Normal,Sangat Menarik (> 1:3),Oversold (Jenuh Jual - Peluang),Sentimen Positif 📰,Normal / Sedang Transisi,Golden Rebound Fibo 78.6% 🎯,1,WAIT & SEE,TIDAK ADA,2026-08-19 16:40:03,Biasa / Mengikuti Pasar
16:40,ASJT,Token Mati (Perlu Update),Small Cap (Lapis 3),Fair Value (Wajar),0.0,0.7180403,156.0,155,149,212,-1.8867924528301887,291100,Normal,49,Negatif,Uptrend,Golden Cross,Bullish MACD,Awal Reversal (5>20),Normal,Akumulasi (Naik),Normal,Dominan Jual (Guyur),Squeeze,Rendah,Normal,Area Tengah,< 1 Miliar,Persis di VWAP,Akumulasi Pro (Smart Money),Gorengan Sepi (< 5M),Normal (50-150%),Accumulation (Kumpul Barang),Spesialis Tiang Jemuran (Banting Pucuk),Normal,Turun 1 Hari Beruntun,TP: 164 | CL: 150,Open = High (Tekanan Jual),Sangat Menarik (> 1:3),Netral / Sideways,Sentimen Positif 📰,Supply Kering (Siap Pump) 🏜️,Mendekati Fibo 78.6%,5,WAIT & SEE,TIDAK ADA,2026-08-19 16:40:03,Biasa / Mengikuti Pasar
16:40,ASMI,Token Mati (Perlu Update),Small Cap (Lapis 3),Fair Value (Wajar),0.0,0.55347997,16.0,16,15,20,0.0,14352800,Normal,46,Negatif,Downtrend,Bearish,Strong Bearish,Konsolidasi / Transisi,Normal,Distribusi (Turun),Normal,Tidak Ada Transaksi,Normal,Tinggi,Doji (Ragu-ragu),Area Tengah,< 1 Miliar,Di Bawah VWAP (Lemah),Distribusi Pro (Guyuran),Gorengan Sepi (< 5M),Normal (50-150%),Distribution (Fase Jualan),Normal,Normal,Sideways / Stagnan,TP: 17 | CL: 15,Normal,Sangat Menarik (> 1:3),Netral / Sideways,Netral / Sepi Berita,Normal / Sedang Transisi,Mengambang (Jauh dari Fibo),0,WAIT & SEE,TIDAK ADA,2026-08-19 16:40:03,Biasa / Mengikuti Pasar
16:40,ASRI,Token Mati (Perlu Update),Mid Cap (Lapis 2),Undervalued (Murah),8.90884,0.22018874,130.0,121,115,141,-0.7633587786259541,121219800,Tembus MA20,64,Negatif,Uptrend,Bullish,Strong Bullish,Perfect Uptrend (5>20>50),Normal,Distribusi (Turun),Normal,Dominan Jual (Guyur),Breakout Upper,Sedang,Doji (Ragu-ragu),Rawan Pucuk (High Risk),> 1 Miliar,Persis di VWAP,Distribusi Pro (Guyuran),Ritel Aktif (5M - 50M),Ledakan Ekstrem (> 300%),Mark-Up (Fase Pesta),Spesialis Tiang Jemuran (Banting Pucuk),Normal,Turun 1 Hari Beruntun,TP: 137 | CL: 124,Normal,Tidak Ideal (< 1:1),Death Cross (Awal Bearish),Sentimen Negatif ⚠️,Normal / Sedang Transisi,Mendekati Fibo 38.2%,5,WAIT & SEE,TIDAK ADA,2026-08-19 16:40:03,Biasa / Mengikuti Pasar
16:40,ASRM,Token Mati (Perlu Update),Small Cap (Lapis 3),Overvalued (Mahal),64.13302,0.44470212,270.0,266,250,278,0.0,42100,Tembus MA20,62,Negatif,Uptrend,Bullish,Bearish MACD,Perfect Uptrend (5>20>50),Normal,Akumulasi (Naik),Normal,Dominan Beli (Hajar Kanan),Squeeze,Rendah,Doji (Ragu-ragu),Area Tengah,< 1 Miliar,Di Atas VWAP (Kuat),Akumulasi Pro (Smart Money),Gorengan Sepi (< 5M),Anomali Tinggi (150-300%),Mark-Up (Fase Pesta),Normal,Jarum Bawah (Sinyal Pantulan Kuat),Sideways / Stagnan,TP: 278 | CL: 264,Normal,Tidak Ideal (< 1:1),Netral / Sideways,Sentimen Positif 📰,Normal / Sedang Transisi,Golden Rebound Fibo 23.6% 🎯,7,BELI,TIDAK ADA,2026-08-19 16:40:03,Biasa / Mengikuti Pasar
16:40,ASSA,Token Mati (Perlu Update),Mid Cap (Lapis 2),Undervalued (Murah),5.7604713,1.0530354,645.0,618,565,670,0.0,5207100,Normal,60,Negatif,Uptrend,Bullish,Strong Bullish,Perfect Uptrend (5>20>50),Normal,Akumulasi (Naik),Normal,Dominan Jual (Guyur),Normal,Sedang,Doji (Ragu-ragu),Rawan Pucuk (High Risk),> 1 Miliar,Persis di VWAP,Distribusi Pro (Guyuran),Gorengan Sepi (< 5M),Normal (50-150%),Mark-Up (Fase Pesta),Spesialis Tiang Jemuran (Banting Pucuk),Normal,Sideways / Stagnan,TP: 683 | CL: 619,Normal,Tidak Ideal (< 1:1),Netral / Sideways,Sentimen Positif 📰,Normal / Sedang Transisi,Mendekati Fibo 38.2%,6,WAIT & SEE,TIDAK ADA,2026-08-19 16:40:03,Biasa / Mengikuti Pasar
16:40,ATIC,Token Mati (Perlu Update),Mid Cap (Lapis 2),Fair Value (Wajar),7.4014997,1.7231776,464.0,468,450,515,0.0,93400,Normal,47,Negatif,Downtrend,Bearish,Strong Bearish,Strong Downtrend (5<20<50),Normal,Akumulasi (Naik),Normal,Dominan Beli (Hajar Kanan),Squeeze,Rendah,Doji (Ragu-ragu),Area Tengah,< 1 Miliar,Persis di VWAP,Akumulasi Pro (Smart Money),Gorengan Sepi (< 5M),Normal (50-150%),Mark-Down (Fase Runtuh),Spesialis Tiang Jemuran (Banting Pucuk),Jarum Bawah (Sinyal Pantulan Kuat),Sideways / Stagnan,TP: 487 | CL: 448,Normal,Sangat Menarik (> 1:3),Golden Cross (Awal Bullish),Netral / Sepi Berita,Normal / Sedang Transisi,Mendekati Fibo Bottom / 100%,2,WAIT & SEE,TIDAK ADA,2026-08-19 16:40:03,Biasa / Mengikuti Pasar
16:40,AUTO,Token Mati (Perlu Update),Big Cap (Lapis 1),Undervalued (Murah),5.8479533,0.8831257,2930.0,2764,2540,2970,0.0,2256100,Tembus MA20,82,Negatif,Uptrend,Bullish,Strong Bullish,Perfect Uptrend (5>20>50),Normal,Akumulasi (Naik),Normal,Seimbang / Adu Mekanik,Normal,Sedang,Doji (Ragu-ragu),Rawan Pucuk (High Risk),> 1 Miliar,Di Atas VWAP (Kuat),Akumulasi Pro (Smart Money),Ritel Aktif (5M - 50M),Normal (50-150%),Mark-Up (Fase Pesta),Spesialis Tiang Jemuran (Banting Pucuk),Jarum Bawah (Sinyal Pantulan Kuat),Sideways / Stagnan,TP: 3021 | CL: 2869,Normal,Tidak Ideal (< 1:1),Overbought (Jenuh Beli - Rawan),Sentimen Positif 📰,Normal / Sedang Transisi,Mendekati Fibo 23.6%,7,BELI,TIDAK ADA,2026-08-19 16:40:03,Biasa / Mengikuti Pasar
16:40,BABP,Token Mati (Perlu Update),Mid Cap (Lapis 2),Overvalued (Mahal),26.88172,0.58640707,50.0,50,50,50,0.0,623000,Normal,48,Negatif,Downtrend,Bearish,Bullish MACD,Konsolidasi / Transisi,Normal,Netral,Normal,Tidak Ada Transaksi,Squeeze,Rendah,Doji (Ragu-ragu),Dekat Support (Low Risk),< 1 Miliar,Persis di VWAP,Netral,Gorengan Sepi (< 5M),Normal (50-150%),Sideways,Solid (Jarang Dibanting),Normal,Sideways / Stagnan,TP: 51 | CL: 49,Normal,Di Area Support,Oversold (Jenuh Jual - Peluang),Sentimen Positif 📰,Normal / Sedang Transisi,Golden Rebound Fibo Bottom / 100% 🎯,2,WAIT & SEE,TIDAK ADA,2026-08-19 16:40:03,Biasa / Mengikuti Pasar
16:40,BACA,Token Mati (Perlu Update),Mid Cap (Lapis 2),Fair Value (Wajar),16.246498,0.339857,116.0,116,111,121,-0.8547008547008548,2154300,Tembus MA20,53,Negatif,Downtrend,Bullish,Bearish MACD,Perfect Uptrend (5>20>50),Normal,Distribusi (Turun),Normal,Dominan Jual (Guyur),Squeeze,Rendah,Normal,Area Tengah,< 1 Miliar,Persis di VWAP,Distribusi Pro (Guyuran),Gorengan Sepi (< 5M),Normal (50-150%),Distribution (Fase Jualan),Normal,Normal,Turun 1 Hari Beruntun,TP: 121 | CL: 112,Open = High (Tekanan Jual),Menengah (1:1),Netral / Sideways,Sentimen Negatif ⚠️,Normal / Sedang Transisi,Mendekati Fibo 50.0%,3,WAIT & SEE,TIDAK ADA,2026-08-19 16:40:03,Biasa / Mengikuti Pasar
16:40,BAJA,Token Mati (Perlu Update),Small Cap (Lapis 3),Overvalued (Mahal),410.0,13.833241,328.0,298,163,376,-9.392265193370166,4219100,Normal,66,Negatif,Uptrend,Bullish,Bearish MACD,Perfect Uptrend (5>20>50),Normal,Distribusi (Turun),Normal,Dominan Jual (Guyur),Normal,Tinggi,Normal,Rawan Pucuk (High Risk),> 1 Miliar,Di Bawah VWAP (Lemah),Distribusi Pro (Guyuran),Gorengan Sepi (< 5M),Normal (50-150%),Mark-Up (Fase Pesta),Normal,Normal,Turun 1 Hari Beruntun,TP: 356 | CL: 308,Open = High (Tekanan Jual),Tidak Ideal (< 1:1),Death Cross (Awal Bearish),Netral / Sepi Berita,Normal / Sedang Transisi,Mendekati Fibo 23.6%,3,WAIT & SEE,TIDAK ADA,2026-08-19 16:40:03,Biasa / Mengikuti Pasar
16:40,BALI,Token Mati (Perlu Update),Mid Cap (Lapis 2),Overvalued (Mahal),27.61884,2.031093,1255.0,1223,1170,1360,0.8032128514056224,77100,Tembus MA20,56,Positif,Uptrend,Golden Cross,Bullish MACD,Awal Reversal (5>20),Akumulasi Kuat,Akumulasi (Naik),Normal,Dominan Jual (Guyur),Squeeze,Rendah,Doji (Ragu-ragu),Area Tengah,< 1 Miliar,Persis di VWAP,Akumulasi Pro (Smart Money),Gorengan Sepi (< 5M),Anomali Tinggi (150-300%),Accumulation (Kumpul Barang),Spesialis Tiang Jemuran (Banting Pucuk),Normal,Naik 2 Hari Beruntun,TP: 1296 | CL: 1227,Normal,Menengah (1:1),Netral / Sideways,Sentimen Negatif ⚠️,Normal / Sedang Transisi,Dekat Support Fibo 61.8% (Golden Ratio),8,BELI,TIDAK ADA,2026-08-19 16:40:03,Biasa / Mengikuti Pasar
16:40,BAPA,Token Mati (Perlu Update),Small Cap (Lapis 3),Fair Value (Wajar),0.0,0.8455071,145.0,166,137,234,0.0,14062200,Normal,34,Negatif,Downtrend,Bearish,Bullish MACD,Strong Downtrend (5<20<50),Normal,Distribusi (Turun),Normal,Seimbang / Adu Mekanik,Normal,Tinggi,Doji (Ragu-ragu),Area Tengah,> 1 Miliar,Persis di VWAP,Distribusi Pro (Guyuran),Gorengan Sepi (< 5M),Normal (50-150%),Mark-Down (Fase Runtuh),Normal,Jarum Bawah (Sinyal Pantulan Kuat),Sideways / Stagnan,TP: 160 | CL: 134,Normal,Sangat Menarik (> 1:3),Oversold (Jenuh Jual - Peluang),Netral / Sepi Berita,Normal / Sedang Transisi,Mendekati Fibo Bottom / 100%,1,WAIT & SEE,TIDAK ADA,2026-08-19 16:40:03,Biasa / Mengikuti Pasar
16:40,BATA,Token Mati (Perlu Update),Small Cap (Lapis 3),Fair Value (Wajar),0.0,-0.433301,59.0,59,59,59,0.0,0,Normal,45,Negatif,Downtrend,Bearish,Bullish MACD,Konsolidasi / Transisi,Normal,Netral,Normal,Tidak Ada Transaksi,Squeeze,Rendah,Doji (Ragu-ragu),Dekat Support (Low Risk),< 1 Miliar,Di Atas VWAP (Kuat),Netral,Gorengan Sepi (< 5M),Normal (50-150%),Sideways,Solid (Jarang Dibanting),Normal,Sideways / Stagnan,TP: 60 | CL: 58,Normal,Di Area Support,Oversold (Jenuh Jual - Peluang),Netral / Sepi Berita,Normal / Sedang Transisi,Golden Rebound Fibo 78.6% 🎯,1,WAIT & SEE,TIDAK ADA,2026-08-19 16:40:03,Biasa / Mengikuti Pasar
16:40,BAYU,Token Mati (Perlu Update),Small Cap (Lapis 3),Overvalued (Mahal),53.11013,0.74368775,1250.0,1171,1050,1255,2.880658436213992,266600,Tembus MA20,71,Positif,Uptrend,Bullish,Strong Bullish,Perfect Uptrend (5>20>50),Akumulasi Kuat,Akumulasi (Naik),Normal,Dominan Beli (Hajar Kanan),Breakout Upper,Sedang,Normal,Rawan Pucuk (High Risk),< 1 Miliar,Di Atas VWAP (Kuat),Akumulasi Pro (Smart Money),Gorengan Sepi (< 5M),Ledakan Ekstrem (> 300%),Mark-Up (Fase Pesta),Solid (Jarang Dibanting),Normal,Naik 2 Hari Beruntun,TP: 1316 | CL: 1205,Normal,Tidak Ideal (< 1:1),Overbought (Jenuh Beli - Rawan),Sentimen Positif 📰,Normal / Sedang Transisi,Mendekati Fibo 23.6%,10,BELI,TIDAK ADA,2026-08-19 16:40:03,Biasa / Mengikuti Pasar
16:40,BBCA,Token Mati (Perlu Update),Big Cap (Lapis 1),Fair Value (Wajar),13.404116,2.8730254,6325.0,6348,6125,6550,0.3968253968253968,53553200,Normal,51,Positif,Downtrend,Bearish,Bearish MACD,Konsolidasi / Transisi,Normal,Akumulasi (Naik),Normal,Dominan Jual (Guyur),Squeeze,Rendah,Normal,Area Tengah,> 1 Miliar,Persis di VWAP,Akumulasi Pro (Smart Money),Sultan (> 50M/hari),Normal (50-150%),Distribution (Fase Jualan),Normal,Normal,Naik 1 Hari Beruntun,TP: 6520 | CL: 6194,Open = Low (Bullish Kuat),Menengah (1:1),Netral / Sideways,Sentimen Positif 📰,Normal / Sedang Transisi,Dekat Support Fibo 23.6%,4,WAIT & SEE,TIDAK ADA,2026-08-19 16:40:03,Biasa / Mengikuti Pasar
16:40,BBHI,Token Mati (Perlu Update),Big Cap (Lapis 1),Overvalued (Mahal),33.333332,2.6642957,905.0,910,895,945,0.0,4945700,Normal,46,Negatif,Downtrend,Bearish,Strong Bearish,Strong Downtrend (5<20<50),Normal,Distribusi (Turun),Normal,Seimbang / Adu Mekanik,Squeeze,Rendah,Doji (Ragu-ragu),Dekat Support (Low Risk),> 1 Miliar,Persis di VWAP,Distribusi Pro (Guyuran),Ritel Aktif (5M - 50M),Sepi (< 50%),Mark-Down (Fase Runtuh),Spesialis Tiang Jemuran (Banting Pucuk),Normal,Sideways / Stagnan,TP: 930 | CL: 888,Normal,Sangat Menarik (> 1:3),Oversold (Jenuh Jual - Peluang),Sentimen Positif 📰,Normal / Sedang Transisi,Golden Rebound Fibo 61.8% (Golden Ratio) 🎯,1,WAIT & SEE,TIDAK ADA,2026-08-19 16:40:03,Biasa / Mengikuti Pasar
16:40,BBKP,Token Mati (Perlu Update),Big Cap (Lapis 1),Fair Value (Wajar),0.0,1.303872,56.0,54,51,57,1.8181818181818181,44021800,Normal,61,Positif,Uptrend,Bullish,Strong Bullish,Perfect Uptrend (5>20>50),Normal,Akumulasi (Naik),Normal,Dominan Beli (Hajar Kanan),Normal,Sedang,Marubozu (Strong Bullish),Area Tengah,> 1 Miliar,Di Atas VWAP (Kuat),Akumulasi Pro (Smart Money),Gorengan Sepi (< 5M),Normal (50-150%),Mark-Up (Fase Pesta),Spesialis Tiang Jemuran (Banting Pucuk),Normal,Naik 1 Hari Beruntun,TP: 58 | CL: 54,Open = Low (Bullish Kuat),Tidak Ideal (< 1:1),Netral / Sideways,Sentimen Positif 📰,Normal / Sedang Transisi,Dekat Support Fibo 38.2%,8,BELI,TIDAK ADA,2026-08-19 16:40:03,Biasa / Mengikuti Pasar
16:40,BBLD,Token Mati (Perlu Update),Mid Cap (Lapis 2),Overvalued (Mahal),345.58826,0.8126511,705.0,608,560,750,17.5,645500,Tembus MA20,69,Positif,Uptrend,Golden Cross,Strong Bullish,Perfect Uptrend (5>20>50),Akumulasi Kuat,Akumulasi (Naik),Gap Up (+3.3%),Seimbang / Adu Mekanik,Breakout Upper,Tinggi,Normal,Rawan Pucuk (High Risk),< 1 Miliar,Di Atas VWAP (Kuat),Akumulasi Pro (Smart Money),Gorengan Sepi (< 5M),Ledakan Ekstrem (> 300%),Mark-Up (Fase Pesta),Spesialis Tiang Jemuran (Banting Pucuk),Normal,Naik 1 Hari Beruntun,TP: 792 | CL: 646,Normal,Tidak Ideal (< 1:1),Netral / Sideways,Sentimen Positif 📰,Normal / Sedang Transisi,Dekat Support Fibo 23.6%,10,BELI,TIDAK ADA,2026-08-19 16:40:03,⚠️ Anomali (Sudah Terbang)
16:40,BBMD,Token Mati (Perlu Update),Mid Cap (Lapis 2),Overvalued (Mahal),26.157347,1.4708737,1955.0,1997,1900,2050,-3.217821782178218,6800,Normal,44,Negatif,Downtrend,Bullish,Bearish MACD,Perfect Uptrend (5>20>50),Normal,Distribusi (Turun),Normal,Dominan Jual (Guyur),Squeeze,Rendah,Normal,Dekat Support (Low Risk),< 1 Miliar,Di Bawah VWAP (Lemah),Distribusi Pro (Guyuran),Gorengan Sepi (< 5M),Normal (50-150%),Distribution (Fase Jualan),Solid (Jarang Dibanting),Normal,Turun 1 Hari Beruntun,TP: 1987 | CL: 1933,Open = High (Tekanan Jual),Ideal (1:2),Netral / Sideways,Sentimen Positif 📰,Supply Kering (Siap Pump) 🏜️,Golden Rebound Fibo 61.8% (Golden Ratio) 🎯,2,WAIT & SEE,TIDAK ADA,2026-08-19 16:40:03,Biasa / Mengikuti Pasar
16:40,BBNI,Token Mati (Perlu Update),Big Cap (Lapis 1),Undervalued (Murah),6.4142985,0.80691594,3570.0,3575,3450,3690,-0.5571030640668524,16662500,Normal,51,Negatif,Downtrend,Bullish,Bearish MACD,Perfect Uptrend (5>20>50),Normal,Akumulasi (Naik),Normal,Dominan Jual (Guyur),Squeeze,Rendah,Normal,Area Tengah,> 1 Miliar,Persis di VWAP,Akumulasi Pro (Smart Money),Sultan (> 50M/hari),Normal (50-150%),Distribution (Fase Jualan),Normal,Normal,Turun 2 Hari Beruntun,TP: 3671 | CL: 3502,Normal,Menengah (1:1),Netral / Sideways,Sentimen Positif 📰,Normal / Sedang Transisi,Mendekati Fibo 50.0%,4,WAIT & SEE,TIDAK ADA,2026-08-19 16:40:03,Biasa / Mengikuti Pasar
16:40,BBRI,Token Mati (Perlu Update),Big Cap (Lapis 1),Undervalued (Murah),7.917738,1.3712773,3090.0,3039,2910,3160,0.3246753246753247,86136300,Normal,58,Positif,Uptrend,Bullish,Strong Bullish,Perfect Uptrend (5>20>50),Normal,Akumulasi (Naik),Normal,Dominan Beli (Hajar Kanan),Normal,Sedang,Normal,Area Tengah,> 1 Miliar,Persis di VWAP,Akumulasi Pro (Smart Money),Sultan (> 50M/hari),Normal (50-150%),Mark-Up (Fase Pesta),Normal,Jarum Bawah (Sinyal Pantulan Kuat),Naik 1 Hari Beruntun,TP: 3182 | CL: 3028,Normal,Tidak Ideal (< 1:1),Death Cross (Awal Bearish),Netral / Sepi Berita,Normal / Sedang Transisi,Golden Rebound Fibo 23.6% 🎯,7,BELI,TIDAK ADA,2026-08-19 16:40:03,Biasa / Mengikuti Pasar
16:40,BBRM,Token Mati (Perlu Update),Small Cap (Lapis 3),Overvalued (Mahal),8.339376,19166.666,115.0,115,107,125,0.0,1742900,Normal,49,Negatif,Downtrend,Bearish,Bearish MACD,Konsolidasi / Transisi,Normal,Distribusi (Turun),Normal,Seimbang / Adu Mekanik,Normal,Sedang,Doji (Ragu-ragu),Area Tengah,< 1 Miliar,Persis di VWAP,Distribusi Pro (Guyuran),Gorengan Sepi (< 5M),Sepi (< 50%),Distribution (Fase Jualan),Normal,Jarum Bawah (Sinyal Pantulan Kuat),Sideways / Stagnan,TP: 123 | CL: 109,Normal,Menengah (1:1),Netral / Sideways,Netral / Sepi Berita,Supply Kering (Siap Pump) 🏜️,Mendekati Fibo 61.8% (Golden Ratio),0,WAIT & SEE,TIDAK ADA,2026-08-19 16:40:03,Biasa / Mengikuti Pasar
16:40,BBTN,Token Mati (Perlu Update),Big Cap (Lapis 1),Undervalued (Murah),4.0430813,0.45027977,1200.0,1219,1180,1275,-1.2345679012345678,13688500,Tembus MA20,46,Negatif,Downtrend,Bearish,Bearish MACD,Konsolidasi / Transisi,Normal,Distribusi (Turun),Normal,Dominan Jual (Guyur),Squeeze,Rendah,Normal,Dekat Support (Low Risk),> 1 Miliar,Di Bawah VWAP (Lemah),Distribusi Pro (Guyuran),Ritel Aktif (5M - 50M),Normal (50-150%),Distribution (Fase Jualan),Normal,Normal,Turun 2 Hari Beruntun,TP: 1236 | CL: 1175,Normal,Sangat Menarik (> 1:3),Netral / Sideways,Sentimen Positif 📰,Normal / Sedang Transisi,Dekat Support Fibo 61.8% (Golden Ratio),2,WAIT & SEE,TIDAK ADA,2026-08-19 16:40:03,Biasa / Mengikuti Pasar
16:40,BBYB,Token Mati (Perlu Update),Mid Cap (Lapis 2),Undervalued (Murah),5.757368,0.7612465,252.0,253,220,274,0.0,10146300,Normal,52,Negatif,Downtrend,Bearish,Bearish MACD,Konsolidasi / Transisi,Normal,Akumulasi (Naik),Normal,Seimbang / Adu Mekanik,Normal,Sedang,Normal,Rawan Pucuk (High Risk),> 1 Miliar,Di Bawah VWAP (Lemah),Distribusi Pro (Guyuran),Ritel Aktif (5M - 50M),Sepi (< 50%),Distribution (Fase Jualan),Normal,Normal,Sideways / Stagnan,TP: 268 | CL: 240,Normal,Tidak Ideal (< 1:1),Netral / Sideways,Sentimen Positif 📰,Normal / Sedang Transisi,Mendekati Fibo 50.0%,3,WAIT & SEE,TIDAK ADA,2026-08-19 16:40:03,Biasa / Mengikuti Pasar
16:40,BCAP,Token Mati (Perlu Update),Mid Cap (Lapis 2),Undervalued (Murah),7.374631,0.46965998,50.0,50,50,52,0.0,95600,Normal,46,Negatif,Downtrend,Bearish,Strong Bearish,Konsolidasi / Transisi,Normal,Netral,Normal,Tidak Ada Transaksi,Squeeze,Rendah,Doji (Ragu-ragu),Dekat Support (Low Risk),< 1 Miliar,Persis di VWAP,Netral,Gorengan Sepi (< 5M),Sepi (< 50%),Distribution (Fase Jualan),Solid (Jarang Dibanting),Normal,Sideways / Stagnan,TP: 51 | CL: 49,Normal,Di Area Support,Oversold (Jenuh Jual - Peluang),Sentimen Positif 📰,Supply Kering (Siap Pump) 🏜️,Golden Rebound Fibo Bottom / 100% 🎯,1,WAIT & SEE,TIDAK ADA,2026-08-19 16:40:03,Biasa / Mengikuti Pasar
16:40,BCIC,Token Mati (Perlu Update),Mid Cap (Lapis 2),Fair Value (Wajar),0.0,0.59583193,129.0,127,116,150,-1.5267175572519083,314500,Normal,54,Negatif,Uptrend,Bullish,Strong Bullish,Perfect Uptrend (5>20>50),Normal,Akumulasi (Naik),Normal,Seimbang / Adu Mekanik,Squeeze,Rendah,Normal,Rawan Pucuk (High Risk),< 1 Miliar,Di Bawah VWAP (Lemah),Distribusi Pro (Guyuran),Gorengan Sepi (< 5M),Sepi (< 50%),Mark-Up (Fase Pesta),Spesialis Tiang Jemuran (Banting Pucuk),Normal,Turun 1 Hari Beruntun,TP: 139 | CL: 122,Open = High (Tekanan Jual),Ideal (1:2),Netral / Sideways,Sentimen Positif 📰,Supply Kering (Siap Pump) 🏜️,Golden Rebound Fibo 50.0% 🎯,6,WAIT & SEE,TIDAK ADA,2026-08-19 16:40:03,Biasa / Mengikuti Pasar
16:40,BCIP,Token Mati (Perlu Update),Small Cap (Lapis 3),Undervalued (Murah),4.5323744,0.18142392,64.0,63,61,65,0.0,9643800,Normal,60,Negatif,Uptrend,Bearish,Bearish MACD,Konsolidasi / Transisi,Normal,Akumulasi (Naik),Normal,Seimbang / Adu Mekanik,Squeeze,Rendah,Doji (Ragu-ragu),Area Tengah,< 1 Miliar,Di Atas VWAP (Kuat),Akumulasi Pro (Smart Money),Gorengan Sepi (< 5M),Normal (50-150%),Mark-Up (Fase Pesta),Normal,Normal,Sideways / Stagnan,TP: 67 | CL: 61,Normal,Tidak Ideal (< 1:1),Netral / Sideways,Sentimen Positif 📰,Normal / Sedang Transisi,Dekat Support Fibo 50.0%,4,WAIT & SEE,TIDAK ADA,2026-08-19 16:40:03,Biasa / Mengikuti Pasar
16:40,BDMN,Token Mati (Perlu Update),Big Cap (Lapis 1),Undervalued (Murah),9.231494,0.77548647,4310.0,4211,4010,4680,0.23255813953488372,1229500,Normal,55,Positif,Uptrend,Bullish,Bearish MACD,Perfect Uptrend (5>20>50),Normal,Distribusi (Turun),Normal,Seimbang / Adu Mekanik,Normal,Sedang,Normal,Area Tengah,> 1 Miliar,Di Atas VWAP (Kuat),Distribusi Pro (Guyuran),Ritel Aktif (5M - 50M),Sepi (< 50%),Mark-Up (Fase Pesta),Normal,Normal,Naik 2 Hari Beruntun,TP: 4524 | CL: 4167,Open = High (Tekanan Jual),Menengah (1:1),Golden Cross (Awal Bullish),Sentimen Positif 📰,Normal / Sedang Transisi,Mendekati Fibo 61.8% (Golden Ratio),5,WAIT & SEE,TIDAK ADA,2026-08-19 16:40:03,Biasa / Mengikuti Pasar
16:40,BEKS,Token Mati (Perlu Update),Mid Cap (Lapis 2),Fair Value (Wajar),17.692308,0.6303615,23.0,22,20,24,-4.166666666666666,5608500,Normal,55,Negatif,Uptrend,Bullish,Strong Bullish,Perfect Uptrend (5>20>50),Normal,Akumulasi (Naik),Normal,Dominan Jual (Guyur),Normal,Tinggi,Normal,Rawan Pucuk (High Risk),< 1 Miliar,Di Bawah VWAP (Lemah),Distribusi Pro (Guyuran),Gorengan Sepi (< 5M),Normal (50-150%),Mark-Up (Fase Pesta),Normal,Normal,Turun 1 Hari Beruntun,TP: 23 | CL: 22,Open = High (Tekanan Jual),Tidak Ideal (< 1:1),Death Cross (Awal Bearish),Netral / Sepi Berita,Normal / Sedang Transisi,Dekat Support Fibo 38.2%,5,WAIT & SEE,TIDAK ADA,2026-08-19 16:40:03,Biasa / Mengikuti Pasar
16:40,BEST,Token Mati (Perlu Update),Mid Cap (Lapis 2),Undervalued (Murah),4.9668875,0.25168154,119.0,107,98,124,-0.8333333333333334,53061600,Tembus MA20,69,Negatif,Uptrend,Bullish,Strong Bullish,Perfect Uptrend (5>20>50),Akumulasi Kuat,Akumulasi (Naik),Normal,Dominan Jual (Guyur),Normal,Tinggi,Normal,Rawan Pucuk (High Risk),> 1 Miliar,Di Atas VWAP (Kuat),Akumulasi Pro (Smart Money),Gorengan Sepi (< 5M),Anomali Tinggi (150-300%),Mark-Up (Fase Pesta),Normal,Normal,Turun 1 Hari Beruntun,TP: 127 | CL: 113,Normal,Tidak Ideal (< 1:1),Netral / Sideways,Sentimen Negatif ⚠️,Normal / Sedang Transisi,Mendekati Fibo 23.6%,7,BELI,TIDAK ADA,2026-08-19 16:40:03,Biasa / Mengikuti Pasar
16:40,BFIN,Token Mati (Perlu Update),Big Cap (Lapis 1),Undervalued (Murah),8.474576,1.2330506,915.0,877,750,960,-1.6129032258064515,7588700,Normal,62,Negatif,Uptrend,Bullish,Bearish MACD,Perfect Uptrend (5>20>50),Normal,Akumulasi (Naik),Normal,Seimbang / Adu Mekanik,Normal,Tinggi,Normal,Rawan Pucuk (High Risk),> 1 Miliar,Persis di VWAP,Akumulasi Pro (Smart Money),Ritel Aktif (5M - 50M),Sepi (< 50%),Mark-Up (Fase Pesta),Spesialis Tiang Jemuran (Banting Pucuk),Normal,Turun 1 Hari Beruntun,TP: 973 | CL: 875,Open = High (Tekanan Jual),Tidak Ideal (< 1:1),Death Cross (Awal Bearish),Sentimen Positif 📰,Normal / Sedang Transisi,Mendekati Fibo 23.6%,5,WAIT & SEE,TIDAK ADA,2026-08-19 16:40:03,Biasa / Mengikuti Pasar
16:40,BGTG,Token Mati (Perlu Update),Mid Cap (Lapis 2),Undervalued (Murah),11.2719755,0.6945241,108.0,110,105,117,-0.9174311926605505,1798200,Normal,45,Negatif,Downtrend,Bearish,Strong Bearish,Konsolidasi / Transisi,Normal,Distribusi (Turun),Normal,Dominan Jual (Guyur),Normal,Sedang,Normal,Dekat Support (Low Risk),< 1 Miliar,Di Bawah VWAP (Lemah),Distribusi Pro (Guyuran),Gorengan Sepi (< 5M),Normal (50-150%),Distribution (Fase Jualan),Normal,Normal,Turun 2 Hari Beruntun,TP: 113 | CL: 104,Normal,Ideal (1:2),Netral / Sideways,Sentimen Positif 📰,Normal / Sedang Transisi,Dekat Support Fibo 38.2%,1,WAIT & SEE,TIDAK ADA,2026-08-19 16:40:03,Biasa / Mengikuti Pasar
16:40,BHIT,Token Mati (Perlu Update),Mid Cap (Lapis 2),Undervalued (Murah),5.5309734,0.12685269,25.0,25,25,28,-3.8461538461538463,7819800,Normal,43,Negatif,Downtrend,Death Cross,Strong Bearish,Strong Downtrend (5<20<50),Normal,Distribusi (Turun),Gap Down (-3.8%),Dominan Jual (Guyur),Normal,Sedang,Doji (Ragu-ragu),Dekat Support (Low Risk),< 1 Miliar,Di Bawah VWAP (Lemah),Distribusi Pro (Guyuran),Gorengan Sepi (< 5M),Normal (50-150%),Mark-Down (Fase Runtuh),Normal,Normal,Turun 1 Hari Beruntun,TP: 26 | CL: 24,Normal,Di Area Support,Netral / Sideways,Netral / Sepi Berita,Normal / Sedang Transisi,Dekat Support Fibo 78.6%,0,WAIT & SEE,TIDAK ADA,2026-08-19 16:40:03,Biasa / Mengikuti Pasar
16:40,BIKA,Token Mati (Perlu Update),Small Cap (Lapis 3),Fair Value (Wajar),0.5161944,-0.19020678,55.0,55,55,55,0.0,0,Normal,0,Negatif,Downtrend,Bearish,Bearish MACD,Konsolidasi / Transisi,Normal,Netral,Normal,Tidak Ada Transaksi,Squeeze,Rendah,Doji (Ragu-ragu),Dekat Support (Low Risk),< 1 Miliar,Di Atas VWAP (Kuat),Netral,Gorengan Sepi (< 5M),Normal (50-150%),Sideways,Solid (Jarang Dibanting),Normal,Sideways / Stagnan,TP: 56 | CL: 54,Normal,Di Area Support,Oversold (Jenuh Jual - Peluang),Netral / Sepi Berita,Normal / Sedang Transisi,Normal / Sideways,0,WAIT & SEE,TIDAK ADA,2026-08-19 16:40:03,Biasa / Mengikuti Pasar
16:40,BIMA,Token Mati (Perlu Update),Small Cap (Lapis 3),Fair Value (Wajar),0.0,2.058233,82.0,82,82,82,0.0,0,Normal,0,Negatif,Downtrend,Bearish,Bearish MACD,Konsolidasi / Transisi,Normal,Netral,Normal,Tidak Ada Transaksi,Squeeze,Rendah,Doji (Ragu-ragu),Dekat Support (Low Risk),< 1 Miliar,Di Atas VWAP (Kuat),Netral,Gorengan Sepi (< 5M),Normal (50-150%),Sideways,Solid (Jarang Dibanting),Normal,Sideways / Stagnan,TP: 83 | CL: 81,Normal,Di Area Support,Oversold (Jenuh Jual - Peluang),Netral / Sepi Berita,Normal / Sedang Transisi,Normal / Sideways,0,WAIT & SEE,TIDAK ADA,2026-08-19 16:40:03,Biasa / Mengikuti Pasar
16:40,BINA,Token Mati (Perlu Update),Big Cap (Lapis 1),Overvalued (Mahal),0.0,8.816504,4280.0,4123,3950,4400,3.132530120481928,67000,Normal,60,Positif,Uptrend,Golden Cross,Strong Bullish,Perfect Uptrend (5>20>50),Normal,Akumulasi (Naik),Normal,Dominan Beli (Hajar Kanan),Normal,Sedang,Normal,Area Tengah,< 1 Miliar,Di Atas VWAP (Kuat),Akumulasi Pro (Smart Money),Gorengan Sepi (< 5M),Sepi (< 50%),Mark-Up (Fase Pesta),Normal,Normal,Naik 3 Hari Beruntun,TP: 4483 | CL: 4144,Normal,Tidak Ideal (< 1:1),Netral / Sideways,Sentimen Positif 📰,Supply Kering (Siap Pump) 🏜️,Mendekati Fibo 23.6%,8,BELI,TIDAK ADA,2026-08-19 16:40:03,Biasa / Mengikuti Pasar
16:40,BIPI,Token Mati (Perlu Update),Mid Cap (Lapis 2),Overvalued (Mahal),34.72222,21428.57,151.0,150,132,175,0.0,342338700,Normal,52,Negatif,Uptrend,Golden Cross,Bearish MACD,Perfect Uptrend (5>20>50),Normal,Akumulasi (Naik),Normal,Dominan Beli (Hajar Kanan),Normal,Tinggi,Doji (Ragu-ragu),Rawan Pucuk (High Risk),> 1 Miliar,Persis di VWAP,Akumulasi Pro (Smart Money),Sultan (> 50M/hari),Normal (50-150%),Mark-Up (Fase Pesta),Spesialis Tiang Jemuran (Banting Pucuk),Jarum Bawah (Sinyal Pantulan Kuat),Sideways / Stagnan,TP: 164 | CL: 141,Normal,Menengah (1:1),Netral / Sideways,Sentimen Negatif ⚠️,Normal / Sedang Transisi,Mengambang (Jauh dari Fibo),5,WAIT & SEE,TIDAK ADA,2026-08-19 16:40:03,Biasa / Mengikuti Pasar
16:40,BIPP,Token Mati (Perlu Update),Small Cap (Lapis 3),Fair Value (Wajar),0.0,0.39440817,63.0,65,58,79,-3.076923076923077,5555300,Normal,47,Negatif,Downtrend,Death Cross,Bearish MACD,Konsolidasi / Transisi,Normal,Distribusi (Turun),Normal,Dominan Jual (Guyur),Normal,Tinggi,Normal,Area Tengah,< 1 Miliar,Di Bawah VWAP (Lemah),Distribusi Pro (Guyuran),Gorengan Sepi (< 5M),Sepi (< 50%),Distribution (Fase Jualan),Spesialis Tiang Jemuran (Banting Pucuk),Normal,Turun 1 Hari Beruntun,TP: 71 | CL: 57,Normal,Sangat Menarik (> 1:3),Netral / Sideways,Sentimen Positif 📰,Normal / Sedang Transisi,Mendekati Fibo 61.8% (Golden Ratio),1,WAIT & SEE,TIDAK ADA,2026-08-19 16:40:03,Biasa / Mengikuti Pasar
16:40,BIRD,Token Mati (Perlu Update),Mid Cap (Lapis 2),Undervalued (Murah),6.693818,0.679384,1660.0,1618,1580,1670,0.6060606060606061,662500,Normal,68,Positif,Uptrend,Bullish,Bearish MACD,Perfect Uptrend (5>20>50),Normal,Akumulasi (Naik),Normal,Dominan Beli (Hajar Kanan),Squeeze,Rendah,Normal,Area Tengah,> 1 Miliar,Di Atas VWAP (Kuat),Akumulasi Pro (Smart Money),Gorengan Sepi (< 5M),Normal (50-150%),Mark-Up (Fase Pesta),Normal,Normal,Naik 2 Hari Beruntun,TP: 1695 | CL: 1636,Normal,Tidak Ideal (< 1:1),Overbought (Jenuh Beli - Rawan),Sentimen Positif 📰,Normal / Sedang Transisi,Mengambang (Jauh dari Fibo),7,BELI,TIDAK ADA,2026-08-19 16:40:03,Biasa / Mengikuti Pasar
16:40,BISI,Token Mati (Perlu Update),Mid Cap (Lapis 2),Undervalued (Murah),8.347655,0.57627654,680.0,671,630,700,0.0,304900,Normal,54,Negatif,Uptrend,Bullish,Strong Bullish,Perfect Uptrend (5>20>50),Normal,Distribusi (Turun),Normal,Dominan Beli (Hajar Kanan),Normal,Sedang,Doji (Ragu-ragu),Area Tengah,< 1 Miliar,Persis di VWAP,Akumulasi Pro (Smart Money),Gorengan Sepi (< 5M),Normal (50-150%),Mark-Up (Fase Pesta),Normal,Jarum Bawah (Sinyal Pantulan Kuat),Sideways / Stagnan,TP: 706 | CL: 662,Normal,Tidak Ideal (< 1:1),Death Cross (Awal Bearish),Sentimen Positif 📰,Normal / Sedang Transisi,Golden Rebound Fibo 50.0% 🎯,6,WAIT & SEE,TIDAK ADA,2026-08-19 16:40:03,Biasa / Mengikuti Pasar
16:40,BJBR,Token Mati (Perlu Update),Mid Cap (Lapis 2),Undervalued (Murah),5.7605367,0.51415086,790.0,787,770,795,0.0,1916400,Tembus MA20,55,Negatif,Uptrend,Bullish,Bearish MACD,Perfect Uptrend (5>20>50),Normal,Akumulasi (Naik),Normal,Dominan Beli (Hajar Kanan),Squeeze,Rendah,Doji (Ragu-ragu),Dekat Support (Low Risk),> 1 Miliar,Persis di VWAP,Akumulasi Pro (Smart Money),Gorengan Sepi (< 5M),Normal (50-150%),Mark-Up (Fase Pesta),Normal,Jarum Bawah (Sinyal Pantulan Kuat),Sideways / Stagnan,TP: 805 | CL: 779,Normal,Tidak Ideal (< 1:1),Death Cross (Awal Bearish),Sentimen Positif 📰,Normal / Sedang Transisi,Golden Rebound Fibo 38.2% 🎯,7,BELI,TIDAK ADA,2026-08-19 16:40:03,Biasa / Mengikuti Pasar
16:40,BJTM,Token Mati (Perlu Update),Mid Cap (Lapis 2),Undervalued (Murah),4.9837074,0.5991501,515.0,517,510,535,0.0,3310900,Normal,49,Negatif,Downtrend,Bearish,Strong Bearish,Konsolidasi / Transisi,Normal,Akumulasi (Naik),Normal,Dominan Jual (Guyur),Squeeze,Rendah,Doji (Ragu-ragu),Dekat Support (Low Risk),> 1 Miliar,Persis di VWAP,Akumulasi Pro (Smart Money),Gorengan Sepi (< 5M),Normal (50-150%),Distribution (Fase Jualan),Normal,Normal,Sideways / Stagnan,TP: 526 | CL: 507,Normal,Sangat Menarik (> 1:3),Netral / Sideways,Sentimen Positif 📰,Normal / Sedang Transisi,Dekat Support Fibo 50.0%,2,WAIT & SEE,TIDAK ADA,2026-08-19 16:40:03,Biasa / Mengikuti Pasar
16:40,BKDP,Token Mati (Perlu Update),Mid Cap (Lapis 2),Overvalued (Mahal),0.0,4.2375007,169.0,165,141,180,0.0,0,Normal,68,Negatif,Uptrend,Bullish,Bearish MACD,Perfect Uptrend (5>20>50),Normal,Netral,Normal,Tidak Ada Transaksi,Normal,Tinggi,Doji (Ragu-ragu),Rawan Pucuk (High Risk),< 1 Miliar,Di Atas VWAP (Kuat),Netral,Gorengan Sepi (< 5M),Normal (50-150%),Mark-Up (Fase Pesta),Normal,Normal,Sideways / Stagnan,TP: 170 | CL: 168,Normal,Tidak Ideal (< 1:1),Netral / Sideways,Netral / Sepi Berita,Normal / Sedang Transisi,Mengambang (Jauh dari Fibo),3,WAIT & SEE,TIDAK ADA,2026-08-19 16:40:03,Biasa / Mengikuti Pasar
16:40,BKSL,Token Mati (Perlu Update),Big Cap (Lapis 1),Undervalued (Murah),14.444445,0.853401,79.0,71,63,82,2.5974025974025974,747214900,Tembus MA20,65,Positif,Uptrend,Bullish,Strong Bullish,Perfect Uptrend (5>20>50),Akumulasi Kuat,Akumulasi (Naik),Normal,Seimbang / Adu Mekanik,Normal,Tinggi,Normal,Rawan Pucuk (High Risk),> 1 Miliar,Di Atas VWAP (Kuat),Akumulasi Pro (Smart Money),Ritel Aktif (5M - 50M),Anomali Tinggi (150-300%),Mark-Up (Fase Pesta),Spesialis Tiang Jemuran (Banting Pucuk),Normal,Naik 3 Hari Beruntun,TP: 86 | CL: 74,Normal,Tidak Ideal (< 1:1),Netral / Sideways,Sentimen Negatif ⚠️,Normal / Sedang Transisi,Dekat Support Fibo 38.2%,8,BELI,TIDAK ADA,2026-08-19 16:40:03,🔥 ANOMALI BANDAR (Siap Ledakan)
16:40,BKSW,Token Mati (Perlu Update),Mid Cap (Lapis 2),Fair Value (Wajar),0.0,0.39682835,53.0,52,51,54,0.0,531300,Normal,55,Negatif,Uptrend,Golden Cross,Strong Bullish,Perfect Uptrend (5>20>50),Normal,Akumulasi (Naik),Normal,Dominan Beli (Hajar Kanan),Squeeze,Rendah,Doji (Ragu-ragu),Area Tengah,< 1 Miliar,Persis di VWAP,Distribusi Pro (Guyuran),Gorengan Sepi (< 5M),Sepi (< 50%),Mark-Up (Fase Pesta),Normal,Jarum Bawah (Sinyal Pantulan Kuat),Sideways / Stagnan,TP: 55 | CL: 51,Normal,Tidak Ideal (< 1:1),Netral / Sideways,Netral / Sepi Berita,Normal / Sedang Transisi,Golden Rebound Fibo 61.8% (Golden Ratio) 🎯,6,WAIT & SEE,TIDAK ADA,2026-08-19 16:40:03,Biasa / Mengikuti Pasar
16:40,BLTA,Token Mati (Perlu Update),Small Cap (Lapis 3),Overvalued (Mahal),30.275229,11000.0,33.0,33,32,35,0.0,2388100,Normal,49,Negatif,Downtrend,Golden Cross,Bullish MACD,Awal Reversal (5>20),Normal,Akumulasi (Naik),Normal,Tidak Ada Transaksi,Normal,Sedang,Doji (Ragu-ragu),Area Tengah,< 1 Miliar,Di Bawah VWAP (Lemah),Distribusi Pro (Guyuran),Gorengan Sepi (< 5M),Normal (50-150%),Mark-Down (Fase Runtuh),Spesialis Tiang Jemuran (Banting Pucuk),Normal,Sideways / Stagnan,TP: 34 | CL: 32,Normal,Ideal (1:2),Netral / Sideways,Netral / Sepi Berita,Normal / Sedang Transisi,Dekat Support Fibo 61.8% (Golden Ratio),3,WAIT & SEE,TIDAK ADA,2026-08-19 16:40:03,Biasa / Mengikuti Pasar
16:40,BLTZ,Token Mati (Perlu Update),Mid Cap (Lapis 2),Overvalued (Mahal),27.855152,4.515451,2200.0,2473,2190,2540,-3.9301310043668125,200,Tembus MA20,1,Negatif,Downtrend,Bearish,Strong Bearish,Strong Downtrend (5<20<50),Normal,Distribusi (Turun),Gap Down (-4.4%),Dominan Beli (Hajar Kanan),Normal,Tinggi,Marubozu (Strong Bullish),Dekat Support (Low Risk),< 1 Miliar,Di Bawah VWAP (Lemah),Akumulasi Pro (Smart Money),Gorengan Sepi (< 5M),Normal (50-150%),Mark-Down (Fase Runtuh),Solid (Jarang Dibanting),Normal,Turun 1 Hari Beruntun,TP: 2237 | CL: 2175,Open = Low (Bullish Kuat),Sangat Menarik (> 1:3),Oversold (Jenuh Jual - Peluang),Netral / Sepi Berita,Normal / Sedang Transisi,Golden Rebound Fibo Bottom / 100% 🎯,2,WAIT & SEE,TIDAK ADA,2026-08-19 16:40:03,🔥 ANOMALI BANDAR (Siap Ledakan)
16:40,BMAS,Token Mati (Perlu Update),Mid Cap (Lapis 2),Overvalued (Mahal),2460.0,1.3694208,492.0,488,460,610,-0.4048582995951417,207500,Normal,52,Negatif,Uptrend,Bullish,Strong Bullish,Perfect Uptrend (5>20>50),Normal,Akumulasi (Naik),Normal,Seimbang / Adu Mekanik,Normal,Sedang,Normal,Area Tengah,< 1 Miliar,Persis di VWAP,Akumulasi Pro (Smart Money),Gorengan Sepi (< 5M),Sepi (< 50%),Mark-Up (Fase Pesta),Normal,Normal,Turun 1 Hari Beruntun,TP: 549 | CL: 453,Normal,Sangat Menarik (> 1:3),Oversold (Jenuh Jual - Peluang),Netral / Sepi Berita,Normal / Sedang Transisi,Golden Rebound Fibo 78.6% 🎯,5,WAIT & SEE,TIDAK ADA,2026-08-19 16:40:03,Biasa / Mengikuti Pasar
16:40,BMRI,Token Mati (Perlu Update),Big Cap (Lapis 1),Undervalued (Murah),6.20392,1.3577265,4150.0,4187,4060,4490,0.0,62948900,Normal,48,Negatif,Downtrend,Bearish,Strong Bearish,Konsolidasi / Transisi,Normal,Akumulasi (Naik),Normal,Dominan Jual (Guyur),Normal,Sedang,Normal,Dekat Support (Low Risk),> 1 Miliar,Persis di VWAP,Akumulasi Pro (Smart Money),Sultan (> 50M/hari),Normal (50-150%),Distribution (Fase Jualan),Normal,Normal,Sideways / Stagnan,TP: 4262 | CL: 4075,Normal,Sangat Menarik (> 1:3),Netral / Sideways,Sentimen Positif 📰,Normal / Sedang Transisi,Dekat Support Fibo 50.0%,2,WAIT & SEE,TIDAK ADA,2026-08-19 16:40:03,Biasa / Mengikuti Pasar
16:40,BMSR,Token Mati (Perlu Update),Small Cap (Lapis 3),Undervalued (Murah),3.1502423,0.37697548,312.0,308,300,324,2.631578947368421,167300,Tembus MA20,56,Positif,Uptrend,Bearish,Bearish MACD,Konsolidasi / Transisi,Akumulasi Kuat,Akumulasi (Naik),Normal,Seimbang / Adu Mekanik,Squeeze,Rendah,Normal,Area Tengah,< 1 Miliar,Persis di VWAP,Akumulasi Pro (Smart Money),Gorengan Sepi (< 5M),Ledakan Ekstrem (> 300%),Mark-Up (Fase Pesta),Normal,Normal,Naik 1 Hari Beruntun,TP: 322 | CL: 305,Open = Low (Bullish Kuat),Menengah (1:1),Netral / Sideways,Sentimen Positif 📰,Normal / Sedang Transisi,Mendekati Fibo 50.0%,7,BELI,TIDAK ADA,2026-08-19 16:40:03,Biasa / Mengikuti Pasar
16:40,BMTR,Token Mati (Perlu Update),Mid Cap (Lapis 2),Undervalued (Murah),2.878788,0.11604412,114.0,115,110,124,-1.7241379310344827,65352800,Tembus MA20,46,Negatif,Downtrend,Bearish,Strong Bearish,Strong Downtrend (5<20<50),Normal,Akumulasi (Naik),Normal,Dominan Jual (Guyur),Normal,Sedang,Normal,Area Tengah,> 1 Miliar,Persis di VWAP,Akumulasi Pro (Smart Money),Ritel Aktif (5M - 50M),Normal (50-150%),Mark-Down (Fase Runtuh),Normal,Normal,Turun 1 Hari Beruntun,TP: 119 | CL: 110,Normal,Ideal (1:2),Netral / Sideways,Sentimen Negatif ⚠️,Normal / Sedang Transisi,Mendekati Fibo 78.6%,2,WAIT & SEE,TIDAK ADA,2026-08-19 16:40:03,Biasa / Mengikuti Pasar
16:40,BNBA,Token Mati (Perlu Update),Mid Cap (Lapis 2),Overvalued (Mahal),137.96297,0.77518654,745.0,738,720,775,2.054794520547945,164000,Tembus MA20,54,Positif,Uptrend,Bearish,Strong Bearish,Strong Downtrend (5<20<50),Normal,Akumulasi (Naik),Normal,Dominan Beli (Hajar Kanan),Squeeze,Rendah,Normal,Area Tengah,< 1 Miliar,Di Atas VWAP (Kuat),Akumulasi Pro (Smart Money),Gorengan Sepi (< 5M),Normal (50-150%),Accumulation (Kumpul Barang),Normal,Normal,Naik 1 Hari Beruntun,TP: 768 | CL: 729,Normal,Menengah (1:1),Netral / Sideways,Netral / Sepi Berita,Normal / Sedang Transisi,Dekat Support Fibo 50.0%,6,WAIT & SEE,TIDAK ADA,2026-08-19 16:40:03,Biasa / Mengikuti Pasar
16:40,BNBR,Token Mati (Perlu Update),Big Cap (Lapis 1),Overvalued (Mahal),45.90909,4.52793,101.0,101,88,122,0.0,696206300,Normal,52,Negatif,Downtrend,Bearish,Bearish MACD,Konsolidasi / Transisi,Normal,Akumulasi (Naik),Normal,Seimbang / Adu Mekanik,Normal,Tinggi,Doji (Ragu-ragu),Rawan Pucuk (High Risk),> 1 Miliar,Persis di VWAP,Distribusi Pro (Guyuran),Sultan (> 50M/hari),Sepi (< 50%),Distribution (Fase Jualan),Normal,Normal,Sideways / Stagnan,TP: 110 | CL: 94,Normal,Ideal (1:2),Netral / Sideways,Sentimen Positif 📰,Normal / Sedang Transisi,Mengambang (Jauh dari Fibo),3,WAIT & SEE,TIDAK ADA,2026-08-19 16:40:03,🔥 ANOMALI BANDAR (Siap Ledakan)
16:40,BNGA,Token Mati (Perlu Update),Big Cap (Lapis 1),Undervalued (Murah),6.177366,0.75502306,1680.0,1651,1620,1690,-0.591715976331361,1801000,Normal,66,Negatif,Uptrend,Bullish,Strong Bullish,Perfect Uptrend (5>20>50),Normal,Akumulasi (Naik),Normal,Seimbang / Adu Mekanik,Squeeze,Rendah,Normal,Area Tengah,> 1 Miliar,Persis di VWAP,Akumulasi Pro (Smart Money),Gorengan Sepi (< 5M),Normal (50-150%),Mark-Up (Fase Pesta),Spesialis Tiang Jemuran (Banting Pucuk),Normal,Turun 1 Hari Beruntun,TP: 1706 | CL: 1662,Open = High (Tekanan Jual),Tidak Ideal (< 1:1),Overbought (Jenuh Beli - Rawan),Sentimen Positif 📰,Normal / Sedang Transisi,Mendekati Fibo 23.6%,6,WAIT & SEE,TIDAK ADA,2026-08-19 16:40:03,Biasa / Mengikuti Pasar
16:40,BNII,Token Mati (Perlu Update),Big Cap (Lapis 1),Undervalued (Murah),8.261986,0.46520597,193.0,191,186,197,-0.5154639175257731,480300,Normal,55,Negatif,Uptrend,Bullish,Bearish MACD,Perfect Uptrend (5>20>50),Normal,Distribusi (Turun),Normal,Seimbang / Adu Mekanik,Squeeze,Rendah,Normal,Area Tengah,< 1 Miliar,Persis di VWAP,Akumulasi Pro (Smart Money),Gorengan Sepi (< 5M),Normal (50-150%),Mark-Up (Fase Pesta),Normal,Normal,Turun 1 Hari Beruntun,TP: 197 | CL: 190,Open = High (Tekanan Jual),Tidak Ideal (< 1:1),Death Cross (Awal Bearish),Sentimen Positif 📰,Supply Kering (Siap Pump) 🏜️,Golden Rebound Fibo 23.6% 🎯,4,WAIT & SEE,TIDAK ADA,2026-08-19 16:40:03,Biasa / Mengikuti Pasar
16:40,BNLI,Token Mati (Perlu Update),Big Cap (Lapis 1),Fair Value (Wajar),21.061913,1.7229234,2150.0,2221,2000,2430,0.46728971962616817,64200,Normal,35,Positif,Downtrend,Bearish,Bullish MACD,Strong Downtrend (5<20<50),Normal,Akumulasi (Naik),Normal,Dominan Beli (Hajar Kanan),Normal,Tinggi,Doji (Ragu-ragu),Area Tengah,< 1 Miliar,Di Atas VWAP (Kuat),Akumulasi Pro (Smart Money),Gorengan Sepi (< 5M),Normal (50-150%),Mark-Down (Fase Runtuh),Solid (Jarang Dibanting),Jarum Bawah (Sinyal Pantulan Kuat),Naik 2 Hari Beruntun,TP: 2247 | CL: 2085,Normal,Ideal (1:2),Netral / Sideways,Sentimen Positif 📰,Normal / Sedang Transisi,Mengambang (Jauh dari Fibo),5,WAIT & SEE,TIDAK ADA,2026-08-19 16:40:03,Biasa / Mengikuti Pasar
16:40,BOLT,Token Mati (Perlu Update),Mid Cap (Lapis 2),Fair Value (Wajar),12.468633,2.2071683,795.0,796,770,815,0.0,6600,Normal,51,Negatif,Downtrend,Bearish,Bearish MACD,Konsolidasi / Transisi,Normal,Distribusi (Turun),Normal,Seimbang / Adu Mekanik,Squeeze,Rendah,Normal,Area Tengah,< 1 Miliar,Persis di VWAP,Distribusi Pro (Guyuran),Gorengan Sepi (< 5M),Normal (50-150%),Distribution (Fase Jualan),Normal,Normal,Sideways / Stagnan,TP: 813 | CL: 782,Open = High (Tekanan Jual),Tidak Ideal (< 1:1),Netral / Sideways,Sentimen Positif 📰,Normal / Sedang Transisi,Dekat Support Fibo 61.8% (Golden Ratio),2,WAIT & SEE,TIDAK ADA,2026-08-19 16:40:03,Biasa / Mengikuti Pasar
16:40,BPFI,Token Mati (Perlu Update),Small Cap (Lapis 3),Undervalued (Murah),6.678841,0.55479705,256.0,260,244,286,0.7874015748031495,1136200,Tembus MA20,49,Positif,Downtrend,Bearish,Bearish MACD,Konsolidasi / Transisi,Akumulasi Kuat,Akumulasi (Naik),Normal,Dominan Jual (Guyur),Normal,Sedang,Doji (Ragu-ragu),Area Tengah,< 1 Miliar,Di Bawah VWAP (Lemah),Distribusi Pro (Guyuran),Gorengan Sepi (< 5M),Ledakan Ekstrem (> 300%),Distribution (Fase Jualan),Normal,Normal,Naik 1 Hari Beruntun,TP: 277 | CL: 242,Normal,Ideal (1:2),Netral / Sideways,Sentimen Positif 📰,Normal / Sedang Transisi,Dekat Support Fibo 50.0%,5,WAIT & SEE,TIDAK ADA,2026-08-19 16:40:03,Biasa / Mengikuti Pasar
16:40,BPII,Token Mati (Perlu Update),Mid Cap (Lapis 2),Overvalued (Mahal),56.97941,3.4811056,498.0,447,432,520,0.8097165991902834,140100,Tembus MA20,70,Positif,Uptrend,Bullish,Strong Bullish,Perfect Uptrend (5>20>50),Distribusi Kuat,Akumulasi (Naik),Gap Up (+3.2%),Seimbang / Adu Mekanik,Breakout Upper,Tinggi,Normal,Rawan Pucuk (High Risk),< 1 Miliar,Di Atas VWAP (Kuat),Akumulasi Pro (Smart Money),Gorengan Sepi (< 5M),Ledakan Ekstrem (> 300%),Mark-Up (Fase Pesta),Spesialis Tiang Jemuran (Banting Pucuk),Jarum Bawah (Sinyal Pantulan Kuat),Naik 3 Hari Beruntun,TP: 549 | CL: 463,Normal,Tidak Ideal (< 1:1),Netral / Sideways,Sentimen Positif 📰,Supply Banjir (Distribusi) 🌊,Golden Rebound Fibo 50.0% 🎯,9,BELI,TIDAK ADA,2026-08-19 16:40:03,Biasa / Mengikuti Pasar
16:40,BRAM,Token Mati (Perlu Update),Mid Cap (Lapis 2),Overvalued (Mahal),19.092876,9473.685,4500.0,4517,4440,4790,-1.098901098901099,1200,Normal,48,Negatif,Downtrend,Bullish,Bearish MACD,Perfect Uptrend (5>20>50),Normal,Akumulasi (Naik),Normal,Dominan Jual (Guyur),Squeeze,Rendah,Normal,Dekat Support (Low Risk),< 1 Miliar,Di Bawah VWAP (Lemah),Distribusi Pro (Guyuran),Gorengan Sepi (< 5M),Normal (50-150%),Distribution (Fase Jualan),Normal,Normal,Turun 1 Hari Beruntun,TP: 4675 | CL: 4382,Normal,Sangat Menarik (> 1:3),Netral / Sideways,Sentimen Positif 📰,Normal / Sedang Transisi,Dekat Support Fibo 61.8% (Golden Ratio),3,WAIT & SEE,TIDAK ADA,2026-08-19 16:40:03,Biasa / Mengikuti Pasar
16:40,BRMS,Token Mati (Perlu Update),Big Cap (Lapis 1),Overvalued (Mahal),126.76057,70000.0,630.0,596,535,670,-2.3255813953488373,189883800,Normal,59,Negatif,Uptrend,Bullish,Strong Bullish,Perfect Uptrend (5>20>50),Normal,Akumulasi (Naik),Normal,Seimbang / Adu Mekanik,Normal,Tinggi,Normal,Rawan Pucuk (High Risk),> 1 Miliar,Persis di VWAP,Akumulasi Pro (Smart Money),Sultan (> 50M/hari),Sepi (< 50%),Mark-Up (Fase Pesta),Spesialis Tiang Jemuran (Banting Pucuk),Normal,Turun 1 Hari Beruntun,TP: 678 | CL: 597,Normal,Tidak Ideal (< 1:1),Death Cross (Awal Bearish),Sentimen Positif 📰,Normal / Sedang Transisi,Mendekati Fibo 50.0%,6,WAIT & SEE,TIDAK ADA,2026-08-19 16:40:03,Biasa / Mengikuti Pasar
16:40,BRNA,Token Mati (Perlu Update),Small Cap (Lapis 3),Fair Value (Wajar),0.0,0.66493917,650.0,628,585,750,-2.9850746268656714,122000,Normal,55,Negatif,Uptrend,Bullish,Strong Bullish,Perfect Uptrend (5>20>50),Normal,Akumulasi (Naik),Normal,Dominan Jual (Guyur),Normal,Tinggi,Normal,Rawan Pucuk (High Risk),< 1 Miliar,Di Bawah VWAP (Lemah),Distribusi Pro (Guyuran),Gorengan Sepi (< 5M),Sepi (< 50%),Mark-Up (Fase Pesta),Spesialis Tiang Jemuran (Banting Pucuk),Normal,Turun 2 Hari Beruntun,TP: 741 | CL: 589,Open = High (Tekanan Jual),Ideal (1:2),Netral / Sideways,Sentimen Negatif ⚠️,Normal / Sedang Transisi,Dekat Support Fibo 50.0%,5,WAIT & SEE,TIDAK ADA,2026-08-19 16:40:03,Biasa / Mengikuti Pasar
16:40,BRPT,Token Mati (Perlu Update),Big Cap (Lapis 1),Overvalued (Mahal),69.345795,71346.16,1860.0,1833,1690,1965,0.8130081300813009,44295600,Normal,55,Positif,Uptrend,Bullish,Bearish MACD,Perfect Uptrend (5>20>50),Normal,Akumulasi (Naik),Normal,Seimbang / Adu Mekanik,Normal,Sedang,Normal,Rawan Pucuk (High Risk),> 1 Miliar,Di Bawah VWAP (Lemah),Akumulasi Pro (Smart Money),Sultan (> 50M/hari),Sepi (< 50%),Mark-Up (Fase Pesta),Normal,Normal,Naik 1 Hari Beruntun,TP: 1980 | CL: 1780,Normal,Tidak Ideal (< 1:1),Death Cross (Awal Bearish),Sentimen Positif 📰,Normal / Sedang Transisi,Dekat Support Fibo 38.2%,6,WAIT & SEE,TIDAK ADA,2026-08-19 16:40:03,Biasa / Mengikuti Pasar
16:40,BSDE,Token Mati (Perlu Update),Big Cap (Lapis 1),Undervalued (Murah),7.3595505,0.30563346,655.0,587,555,705,7.377049180327869,132928700,Tembus MA20,69,Positif,Uptrend,Bullish,Strong Bullish,Perfect Uptrend (5>20>50),Akumulasi Kuat,Akumulasi (Naik),Gap Up (+5.7%),Dominan Jual (Guyur),Breakout Upper,Sedang,Normal,Rawan Pucuk (High Risk),> 1 Miliar,Di Atas VWAP (Kuat),Distribusi Pro (Guyuran),Ritel Aktif (5M - 50M),Ledakan Ekstrem (> 300%),Mark-Up (Fase Pesta),Spesialis Tiang Jemuran (Banting Pucuk),Normal,Naik 3 Hari Beruntun,TP: 692 | CL: 630,Normal,Tidak Ideal (< 1:1),Death Cross (Awal Bearish),Sentimen Positif 📰,Normal / Sedang Transisi,Dekat Support Fibo 38.2%,10,BELI,TIDAK ADA,2026-08-19 16:40:03,⚠️ Anomali (Sudah Terbang)
16:40,BSIM,Token Mati (Perlu Update),Big Cap (Lapis 1),Overvalued (Mahal),51.824818,1.6797936,695.0,698,685,735,-2.112676056338028,13200,Normal,47,Negatif,Downtrend,Bearish,Bullish MACD,Strong Downtrend (5<20<50),Normal,Akumulasi (Naik),Normal,Dominan Jual (Guyur),Squeeze,Rendah,Normal,Dekat Support (Low Risk),< 1 Miliar,Persis di VWAP,Distribusi Pro (Guyuran),Gorengan Sepi (< 5M),Normal (50-150%),Mark-Down (Fase Runtuh),Spesialis Tiang Jemuran (Banting Pucuk),Normal,Turun 1 Hari Beruntun,TP: 719 | CL: 678,Open = High (Tekanan Jual),Sangat Menarik (> 1:3),Netral / Sideways,Netral / Sepi Berita,Normal / Sedang Transisi,Dekat Support Fibo 78.6%,2,WAIT & SEE,TIDAK ADA,2026-08-19 16:40:03,Biasa / Mengikuti Pasar
16:40,BSSR,Token Mati (Perlu Update),Big Cap (Lapis 1),Overvalued (Mahal),7.2399817,38859.65,4430.0,4317,4200,4480,-0.44943820224719105,767100,Tembus MA20,76,Negatif,Uptrend,Bullish,Bearish MACD,Perfect Uptrend (5>20>50),Normal,Akumulasi (Naik),Normal,Seimbang / Adu Mekanik,Squeeze,Rendah,Normal,Area Tengah,> 1 Miliar,Persis di VWAP,Akumulasi Pro (Smart Money),Gorengan Sepi (< 5M),Normal (50-150%),Mark-Up (Fase Pesta),Spesialis Tiang Jemuran (Banting Pucuk),Normal,Turun 1 Hari Beruntun,TP: 4485 | CL: 4392,Open = High (Tekanan Jual),Tidak Ideal (< 1:1),Death Cross (Awal Bearish),Sentimen Positif 📰,Normal / Sedang Transisi,Mendekati Fibo 23.6%,6,WAIT & SEE,TIDAK ADA,2026-08-19 16:40:03,Biasa / Mengikuti Pasar
16:40,BSWD,Token Mati (Perlu Update),Mid Cap (Lapis 2),Overvalued (Mahal),59.52381,1.1634822,1125.0,1150,1125,1250,0.0,100,Tembus MA20,0,Negatif,Downtrend,Bearish,Bullish MACD,Strong Downtrend (5<20<50),Normal,Netral,Normal,Tidak Ada Transaksi,Normal,Tinggi,Doji (Ragu-ragu),Dekat Support (Low Risk),< 1 Miliar,Persis di VWAP,Netral,Gorengan Sepi (< 5M),Ledakan Ekstrem (> 300%),Mark-Down (Fase Runtuh),Solid (Jarang Dibanting),Normal,Sideways / Stagnan,TP: 1126 | CL: 1124,Normal,Di Area Support,Oversold (Jenuh Jual - Peluang),Sentimen Positif 📰,Normal / Sedang Transisi,Golden Rebound Fibo Bottom / 100% 🎯,3,WAIT & SEE,TIDAK ADA,2026-08-19 16:40:03,Biasa / Mengikuti Pasar
16:40,BTEK,Token Mati (Perlu Update),Small Cap (Lapis 3),Fair Value (Wajar),0.0,2.0300446,10.0,10,10,12,0.0,29708300,Normal,43,Negatif,Downtrend,Bearish,Strong Bearish,Konsolidasi / Transisi,Normal,Akumulasi (Naik),Gap Up (+10.0%),Dominan Jual (Guyur),Normal,Tinggi,Normal,Dekat Support (Low Risk),< 1 Miliar,Di Bawah VWAP (Lemah),Distribusi Pro (Guyuran),Gorengan Sepi (< 5M),Sepi (< 50%),Distribution (Fase Jualan),Normal,Normal,Sideways / Stagnan,TP: 11 | CL: 9,Open = High (Tekanan Jual),Di Area Support,Netral / Sideways,Netral / Sepi Berita,Normal / Sedang Transisi,Dekat Support Fibo 78.6%,2,WAIT & SEE,TIDAK ADA,2026-08-19 16:40:03,Biasa / Mengikuti Pasar
16:40,BTON,Token Mati (Perlu Update),Small Cap (Lapis 3),Overvalued (Mahal),26.899797,0.7788347,360.0,363,334,380,-0.5524861878453038,6400,Normal,50,Negatif,Downtrend,Bullish,Bearish MACD,Perfect Uptrend (5>20>50),Normal,Akumulasi (Naik),Normal,Dominan Beli (Hajar Kanan),Squeeze,Rendah,Hammer (Potensi Reversal),Area Tengah,< 1 Miliar,Persis di VWAP,Akumulasi Pro (Smart Money),Gorengan Sepi (< 5M),Sepi (< 50%),Distribution (Fase Jualan),Solid (Jarang Dibanting),Jarum Bawah (Sinyal Pantulan Kuat),Turun 1 Hari Beruntun,TP: 377 | CL: 348,Open = High (Tekanan Jual),Tidak Ideal (< 1:1),Death Cross (Awal Bearish),Netral / Sepi Berita,Supply Kering (Siap Pump) 🏜️,Golden Rebound Fibo 61.8% (Golden Ratio) 🎯,3,WAIT & SEE,TIDAK ADA,2026-08-19 16:40:03,Biasa / Mengikuti Pasar
16:40,BTPN,Token Mati (Perlu Update),Big Cap (Lapis 1),Overvalued (Mahal),50.52431,0.4631679,2120.0,2178,2100,2270,-0.4694835680751174,83500,Tembus MA20,40,Negatif,Downtrend,Bearish,Strong Bearish,Konsolidasi / Transisi,Distribusi Kuat,Distribusi (Turun),Normal,Dominan Jual (Guyur),Squeeze,Rendah,Normal,Dekat Support (Low Risk),< 1 Miliar,Di Bawah VWAP (Lemah),Distribusi Pro (Guyuran),Gorengan Sepi (< 5M),Ledakan Ekstrem (> 300%),Distribution (Fase Jualan),Normal,Normal,Turun 1 Hari Beruntun,TP: 2202 | CL: 2065,Normal,Sangat Menarik (> 1:3),Oversold (Jenuh Jual - Peluang),Sentimen Positif 📰,Supply Banjir (Distribusi) 🌊,Mendekati Fibo 78.6%,2,WAIT & SEE,TIDAK ADA,2026-08-19 16:40:03,Biasa / Mengikuti Pasar
16:40,BUDI,Token Mati (Perlu Update),Small Cap (Lapis 3),Undervalued (Murah),5.9113297,0.5965862,216.0,213,204,228,-1.8181818181818181,218300,Normal,55,Negatif,Uptrend,Bullish,Strong Bullish,Perfect Uptrend (5>20>50),Normal,Akumulasi (Naik),Normal,Seimbang / Adu Mekanik,Normal,Sedang,Normal,Area Tengah,< 1 Miliar,Di Bawah VWAP (Lemah),Distribusi Pro (Guyuran),Gorengan Sepi (< 5M),Normal (50-150%),Mark-Up (Fase Pesta),Spesialis Tiang Jemuran (Banting Pucuk),Normal,Turun 2 Hari Beruntun,TP: 226 | CL: 208,Open = High (Tekanan Jual),Menengah (1:1),Netral / Sideways,Sentimen Positif 📰,Normal / Sedang Transisi,Dekat Support Fibo 50.0%,6,WAIT & SEE,TIDAK ADA,2026-08-19 16:40:03,Biasa / Mengikuti Pasar
16:40,BUKK,Token Mati (Perlu Update),Mid Cap (Lapis 2),Undervalued (Murah),13.106243,0.37107307,1035.0,1030,990,1135,1.9704433497536946,40200,Tembus MA20,50,Positif,Uptrend,Bearish,Bullish MACD,Strong Downtrend (5<20<50),Normal,Distribusi (Turun),Normal,Seimbang / Adu Mekanik,Normal,Sedang,Normal,Area Tengah,< 1 Miliar,Di Atas VWAP (Kuat),Distribusi Pro (Guyuran),Gorengan Sepi (< 5M),Normal (50-150%),Accumulation (Kumpul Barang),Normal,Normal,Naik 2 Hari Beruntun,TP: 1090 | CL: 997,Normal,Ideal (1:2),Netral / Sideways,Sentimen Positif 📰,Normal / Sedang Transisi,Mendekati Fibo 61.8% (Golden Ratio),5,WAIT & SEE,TIDAK ADA,2026-08-19 16:40:03,Biasa / Mengikuti Pasar
16:40,BULL,Token Mati (Perlu Update),Mid Cap (Lapis 2),Overvalued (Mahal),12.727783,32428.57,454.0,431,374,482,4.6082949308755765,376339200,Normal,59,Positif,Uptrend,Golden Cross,Bearish MACD,Perfect Uptrend (5>20>50),Normal,Akumulasi (Naik),Normal,Dominan Beli (Hajar Kanan),Normal,Tinggi,Normal,Rawan Pucuk (High Risk),> 1 Miliar,Di Atas VWAP (Kuat),Akumulasi Pro (Smart Money),Sultan (> 50M/hari),Normal (50-150%),Mark-Up (Fase Pesta),Spesialis Tiang Jemuran (Banting Pucuk),Normal,Naik 3 Hari Beruntun,TP: 499 | CL: 423,Normal,Tidak Ideal (< 1:1),Netral / Sideways,Sentimen Positif 📰,Normal / Sedang Transisi,Mendekati Fibo 23.6%,7,BELI,TIDAK ADA,2026-08-19 16:40:03,🔥 ANOMALI BANDAR (Siap Ledakan)
16:40,BUMI,Token Mati (Perlu Update),Big Cap (Lapis 1),Overvalued (Mahal),31.11111,45499.996,182.0,174,157,196,-1.0869565217391304,896192200,Normal,59,Negatif,Uptrend,Bullish,Strong Bullish,Perfect Uptrend (5>20>50),Normal,Akumulasi (Naik),Normal,Dominan Jual (Guyur),Normal,Tinggi,Normal,Rawan Pucuk (High Risk),> 1 Miliar,Persis di VWAP,Akumulasi Pro (Smart Money),Sultan (> 50M/hari),Sepi (< 50%),Mark-Up (Fase Pesta),Spesialis Tiang Jemuran (Banting Pucuk),Normal,Turun 1 Hari Beruntun,TP: 193 | CL: 174,Normal,Tidak Ideal (< 1:1),Death Cross (Awal Bearish),Sentimen Negatif ⚠️,Normal / Sedang Transisi,Dekat Support Fibo 38.2%,5,WAIT & SEE,TIDAK ADA,2026-08-19 16:40:03,🔥 ANOMALI BANDAR (Siap Ledakan)
16:40,BUVA,Token Mati (Perlu Update),Big Cap (Lapis 1),Overvalued (Mahal),776.59576,8.339617,725.0,796,695,1010,0.0,37005800,Normal,41,Negatif,Downtrend,Bearish,Strong Bearish,Strong Downtrend (5<20<50),Normal,Distribusi (Turun),Normal,Seimbang / Adu Mekanik,Normal,Tinggi,Normal,Area Tengah,> 1 Miliar,Persis di VWAP,Akumulasi Pro (Smart Money),Ritel Aktif (5M - 50M),Sepi (< 50%),Mark-Down (Fase Runtuh),Normal,Normal,Sideways / Stagnan,TP: 794 | CL: 678,Normal,Sangat Menarik (> 1:3),Oversold (Jenuh Jual - Peluang),Netral / Sepi Berita,Normal / Sedang Transisi,Golden Rebound Fibo 61.8% (Golden Ratio) 🎯,0,WAIT & SEE,TIDAK ADA,2026-08-19 16:40:03,Biasa / Mengikuti Pasar
16:40,BVIC,Token Mati (Perlu Update),Mid Cap (Lapis 2),Overvalued (Mahal),32.179928,0.3957194,93.0,92,90,98,1.0869565217391304,142300,Normal,57,Positif,Uptrend,Bearish,Bearish MACD,Konsolidasi / Transisi,Normal,Akumulasi (Naik),Normal,Seimbang / Adu Mekanik,Squeeze,Rendah,Doji (Ragu-ragu),Area Tengah,< 1 Miliar,Persis di VWAP,Distribusi Pro (Guyuran),Gorengan Sepi (< 5M),Sepi (< 50%),Mark-Up (Fase Pesta),Spesialis Tiang Jemuran (Banting Pucuk),Normal,Naik 1 Hari Beruntun,TP: 96 | CL: 90,Normal,Ideal (1:2),Netral / Sideways,Sentimen Positif 📰,Supply Kering (Siap Pump) 🏜️,Golden Rebound Fibo 38.2% 🎯,5,WAIT & SEE,TIDAK ADA,2026-08-19 16:40:03,Biasa / Mengikuti Pasar
16:40,BWPT,Token Mati (Perlu Update),Mid Cap (Lapis 2),Undervalued (Murah),7.2148952,0.9648704,92.0,86,74,98,-1.0752688172043012,111446500,Normal,60,Negatif,Uptrend,Bullish,Strong Bullish,Perfect Uptrend (5>20>50),Normal,Akumulasi (Naik),Normal,Dominan Jual (Guyur),Normal,Tinggi,Normal,Rawan Pucuk (High Risk),> 1 Miliar,Persis di VWAP,Distribusi Pro (Guyuran),Ritel Aktif (5M - 50M),Normal (50-150%),Mark-Up (Fase Pesta),Spesialis Tiang Jemuran (Banting Pucuk),Normal,Turun 1 Hari Beruntun,TP: 101 | CL: 85,Normal,Tidak Ideal (< 1:1),Netral / Sideways,Sentimen Positif 📰,Normal / Sedang Transisi,Mendekati Fibo 50.0%,6,WAIT & SEE,TIDAK ADA,2026-08-19 16:40:03,Biasa / Mengikuti Pasar
16:40,BYAN,Token Mati (Perlu Update),Big Cap (Lapis 1),Overvalued (Mahal),35.057213,211148.64,15650.0,12621,11100,18650,-9.406657018813313,4228400,Tembus MA20,72,Negatif,Uptrend,Bullish,Strong Bullish,Perfect Uptrend (5>20>50),Akumulasi Kuat,Akumulasi (Naik),Gap Down (-14.9%),Dominan Jual (Guyur),Breakout Upper,Tinggi,Normal,Rawan Pucuk (High Risk),> 1 Miliar,Di Bawah VWAP (Lemah),Akumulasi Pro (Smart Money),Ritel Aktif (5M - 50M),Ledakan Ekstrem (> 300%),Mark-Up (Fase Pesta),Spesialis Tiang Jemuran (Banting Pucuk),Normal,Turun 1 Hari Beruntun,TP: 16887 | CL: 14825,Open = Low (Bullish Kuat),Tidak Ideal (< 1:1),Death Cross (Awal Bearish),Sentimen Positif 📰,Normal / Sedang Transisi,Mendekati Fibo 38.2%,8,BELI,TIDAK ADA,2026-08-19 16:40:03,Biasa / Mengikuti Pasar
16:40,CANI,Token Mati (Perlu Update),Small Cap (Lapis 3),Fair Value (Wajar),0.0,-3292.6829,135.0,135,135,135,0.0,0,Normal,51,Negatif,Downtrend,Bearish,Bearish MACD,Konsolidasi / Transisi,Normal,Netral,Normal,Tidak Ada Transaksi,Squeeze,Rendah,Doji (Ragu-ragu),Dekat Support (Low Risk),< 1 Miliar,Di Atas VWAP (Kuat),Netral,Gorengan Sepi (< 5M),Normal (50-150%),Sideways,Solid (Jarang Dibanting),Normal,Sideways / Stagnan,TP: 136 | CL: 134,Normal,Di Area Support,Oversold (Jenuh Jual - Peluang),Netral / Sepi Berita,Normal / Sedang Transisi,Golden Rebound Fibo 50.0% 🎯,1,WAIT & SEE,TIDAK ADA,2026-08-19 16:40:03,Biasa / Mengikuti Pasar
16:40,CASS,Token Mati (Perlu Update),Mid Cap (Lapis 2),Fair Value (Wajar),8.02812,2.19057,1850.0,1887,1840,2000,-1.3333333333333335,24600,Normal,43,Negatif,Downtrend,Death Cross,Bearish MACD,Konsolidasi / Transisi,Normal,Distribusi (Turun),Normal,Dominan Jual (Guyur),Squeeze,Rendah,Normal,Dekat Support (Low Risk),< 1 Miliar,Di Bawah VWAP (Lemah),Akumulasi Pro (Smart Money),Gorengan Sepi (< 5M),Sepi (< 50%),Distribution (Fase Jualan),Spesialis Tiang Jemuran (Banting Pucuk),Normal,Turun 2 Hari Beruntun,TP: 1928 | CL: 1797,Normal,Sangat Menarik (> 1:3),Netral / Sideways,Netral / Sepi Berita,Supply Kering (Siap Pump) 🏜️,Golden Rebound Fibo 50.0% 🎯,0,WAIT & SEE,TIDAK ADA,2026-08-19 16:40:03,Biasa / Mengikuti Pasar
16:40,CEKA,Token Mati (Perlu Update),Mid Cap (Lapis 2),Undervalued (Murah),5.9387603,0.62642956,2180.0,2199,2140,2300,-1.3574660633484164,6700,Normal,48,Negatif,Downtrend,Bullish,Bearish MACD,Perfect Uptrend (5>20>50),Normal,Akumulasi (Naik),Normal,Dominan Jual (Guyur),Squeeze,Rendah,Normal,Dekat Support (Low Risk),< 1 Miliar,Persis di VWAP,Akumulasi Pro (Smart Money),Gorengan Sepi (< 5M),Sepi (< 50%),Distribution (Fase Jualan),Spesialis Tiang Jemuran (Banting Pucuk),Normal,Turun 1 Hari Beruntun,TP: 2250 | CL: 2132,Open = High (Tekanan Jual),Sangat Menarik (> 1:3),Netral / Sideways,Sentimen Positif 📰,Normal / Sedang Transisi,Mendekati Fibo 61.8% (Golden Ratio),3,WAIT & SEE,TIDAK ADA,2026-08-19 16:40:03,Biasa / Mengikuti Pasar
16:40,CENT,Token Mati (Perlu Update),Mid Cap (Lapis 2),Fair Value (Wajar),0.0,1.070309,85.0,82,77,89,-2.2988505747126435,3757000,Normal,60,Negatif,Uptrend,Bullish,Strong Bullish,Perfect Uptrend (5>20>50),Normal,Akumulasi (Naik),Normal,Seimbang / Adu Mekanik,Normal,Sedang,Normal,Rawan Pucuk (High Risk),< 1 Miliar,Persis di VWAP,Akumulasi Pro (Smart Money),Gorengan Sepi (< 5M),Normal (50-150%),Mark-Up (Fase Pesta),Normal,Normal,Turun 1 Hari Beruntun,TP: 90 | CL: 81,Open = High (Tekanan Jual),Tidak Ideal (< 1:1),Death Cross (Awal Bearish),Netral / Sepi Berita,Normal / Sedang Transisi,Mendekati Fibo 38.2%,5,WAIT & SEE,TIDAK ADA,2026-08-19 16:40:03,Biasa / Mengikuti Pasar
16:40,CFIN,Token Mati (Perlu Update),Mid Cap (Lapis 2),Undervalued (Murah),6.027584,0.24788007,354.0,345,330,358,1.1428571428571428,5660400,Tembus MA20,68,Positif,Uptrend,Bullish,Bearish MACD,Perfect Uptrend (5>20>50),Normal,Akumulasi (Naik),Normal,Seimbang / Adu Mekanik,Normal,Sedang,Doji (Ragu-ragu),Area Tengah,> 1 Miliar,Persis di VWAP,Distribusi Pro (Guyuran),Gorengan Sepi (< 5M),Anomali Tinggi (150-300%),Mark-Up (Fase Pesta),Normal,Jarum Bawah (Sinyal Pantulan Kuat),Naik 1 Hari Beruntun,TP: 364 | CL: 346,Normal,Tidak Ideal (< 1:1),Netral / Sideways,Sentimen Positif 📰,Normal / Sedang Transisi,Mendekati Fibo 23.6%,7,BELI,TIDAK ADA,2026-08-19 16:40:03,Biasa / Mengikuti Pasar
16:40,CINT,Token Mati (Perlu Update),Small Cap (Lapis 3),Fair Value (Wajar),0.0,0.58177567,177.0,175,167,200,-1.6666666666666667,111300,Normal,54,Negatif,Uptrend,Bullish,Bearish MACD,Perfect Uptrend (5>20>50),Normal,Akumulasi (Naik),Normal,Dominan Jual (Guyur),Normal,Sedang,Normal,Area Tengah,< 1 Miliar,Di Bawah VWAP (Lemah),Distribusi Pro (Guyuran),Gorengan Sepi (< 5M),Sepi (< 50%),Mark-Up (Fase Pesta),Spesialis Tiang Jemuran (Banting Pucuk),Normal,Turun 1 Hari Beruntun,TP: 185 | CL: 171,Open = High (Tekanan Jual),Ideal (1:2),Netral / Sideways,Sentimen Positif 📰,Normal / Sedang Transisi,Dekat Support Fibo 61.8% (Golden Ratio),5,WAIT & SEE,TIDAK ADA,2026-08-19 16:40:03,Biasa / Mengikuti Pasar
16:40,CITA,Token Mati (Perlu Update),Big Cap (Lapis 1),Fair Value (Wajar),9.25232,1.5688138,3210.0,3251,3160,3400,0.9433962264150944,76300,Normal,50,Positif,Downtrend,Bearish,Bearish MACD,Konsolidasi / Transisi,Normal,Distribusi (Turun),Normal,Dominan Beli (Hajar Kanan),Squeeze,Rendah,Normal,Dekat Support (Low Risk),< 1 Miliar,Persis di VWAP,Distribusi Pro (Guyuran),Gorengan Sepi (< 5M),Normal (50-150%),Distribution (Fase Jualan),Spesialis Tiang Jemuran (Banting Pucuk),Normal,Naik 1 Hari Beruntun,TP: 3319 | CL: 3137,Normal,Sangat Menarik (> 1:3),Golden Cross (Awal Bullish),Sentimen Positif 📰,Normal / Sedang Transisi,Dekat Support Fibo 38.2%,3,WAIT & SEE,TIDAK ADA,2026-08-19 16:40:03,Biasa / Mengikuti Pasar
16:40,CLPI,Token Mati (Perlu Update),Small Cap (Lapis 3),Undervalued (Murah),6.587615,0.817147,1600.0,1579,1505,1620,0.0,32100,Normal,65,Negatif,Uptrend,Bullish,Bearish MACD,Perfect Uptrend (5>20>50),Normal,Akumulasi (Naik),Normal,Dominan Beli (Hajar Kanan),Squeeze,Rendah,Marubozu (Strong Bullish),Area Tengah,< 1 Miliar,Persis di VWAP,Distribusi Pro (Guyuran),Gorengan Sepi (< 5M),Sepi (< 50%),Mark-Up (Fase Pesta),Normal,Normal,Sideways / Stagnan,TP: 1637 | CL: 1575,Open = Low (Bullish Kuat),Tidak Ideal (< 1:1),Death Cross (Awal Bearish),Sentimen Positif 📰,Normal / Sedang Transisi,Mendekati Fibo 23.6%,6,WAIT & SEE,TIDAK ADA,2026-08-19 16:40:03,Biasa / Mengikuti Pasar
16:40,CMNP,Token Mati (Perlu Update),Mid Cap (Lapis 2),Undervalued (Murah),7.8726583,0.60611475,1370.0,1360,1305,1395,-0.7246376811594203,35600,Normal,53,Negatif,Uptrend,Bullish,Strong Bullish,Perfect Uptrend (5>20>50),Normal,Akumulasi (Naik),Normal,Dominan Jual (Guyur),Squeeze,Rendah,Normal,Area Tengah,< 1 Miliar,Persis di VWAP,Akumulasi Pro (Smart Money),Gorengan Sepi (< 5M),Sepi (< 50%),Mark-Up (Fase Pesta),Normal,Normal,Turun 1 Hari Beruntun,TP: 1414 | CL: 1340,Open = High (Tekanan Jual),Tidak Ideal (< 1:1),Death Cross (Awal Bearish),Sentimen Positif 📰,Normal / Sedang Transisi,Dekat Support Fibo 61.8% (Golden Ratio),6,WAIT & SEE,TIDAK ADA,2026-08-19 16:40:03,Biasa / Mengikuti Pasar
16:40,CMPP,Token Mati (Perlu Update),Small Cap (Lapis 3),Fair Value (Wajar),0.0,-0.047031812,69.0,69,69,69,0.0,0,Normal,42,Negatif,Downtrend,Bearish,Bullish MACD,Konsolidasi / Transisi,Normal,Netral,Normal,Tidak Ada Transaksi,Squeeze,Rendah,Doji (Ragu-ragu),Dekat Support (Low Risk),< 1 Miliar,Di Atas VWAP (Kuat),Netral,Gorengan Sepi (< 5M),Normal (50-150%),Sideways,Solid (Jarang Dibanting),Normal,Sideways / Stagnan,TP: 70 | CL: 68,Normal,Di Area Support,Oversold (Jenuh Jual - Peluang),Netral / Sepi Berita,Normal / Sedang Transisi,Golden Rebound Fibo 78.6% 🎯,1,WAIT & SEE,TIDAK ADA,2026-08-19 16:40:03,Biasa / Mengikuti Pasar
16:40,CNKO,Token Mati (Perlu Update),Small Cap (Lapis 3),Fair Value (Wajar),1.7281644,-0.35224676,37.0,37,37,37,0.0,0,Normal,44,Negatif,Downtrend,Bearish,Bullish MACD,Konsolidasi / Transisi,Normal,Netral,Normal,Tidak Ada Transaksi,Squeeze,Rendah,Doji (Ragu-ragu),Dekat Support (Low Risk),< 1 Miliar,Di Atas VWAP (Kuat),Netral,Gorengan Sepi (< 5M),Normal (50-150%),Sideways,Solid (Jarang Dibanting),Normal,Sideways / Stagnan,TP: 38 | CL: 36,Normal,Di Area Support,Oversold (Jenuh Jual - Peluang),Netral / Sepi Berita,Normal / Sedang Transisi,Mengambang (Jauh dari Fibo),1,WAIT & SEE,TIDAK ADA,2026-08-19 16:40:03,Biasa / Mengikuti Pasar
16:40,CPIN,Token Mati (Perlu Update),Big Cap (Lapis 1),Undervalued (Murah),6.565178,1.4002864,2980.0,3146,2970,3370,-0.9966777408637874,13187800,Normal,38,Negatif,Downtrend,Bearish,Strong Bearish,Strong Downtrend (5<20<50),Normal,Distribusi (Turun),Normal,Dominan Jual (Guyur),Bottom Rebound,Sedang,Normal,Dekat Support (Low Risk),> 1 Miliar,Di Bawah VWAP (Lemah),Distribusi Pro (Guyuran),Ritel Aktif (5M - 50M),Normal (50-150%),Mark-Down (Fase Runtuh),Normal,Normal,Turun 2 Hari Beruntun,TP: 3097 | CL: 2901,Normal,Sangat Menarik (> 1:3),Oversold (Jenuh Jual - Peluang),Sentimen Negatif ⚠️,Normal / Sedang Transisi,Golden Rebound Fibo Bottom / 100% 🎯,0,WAIT & SEE,TIDAK ADA,2026-08-19 16:40:03,Biasa / Mengikuti Pasar
16:40,CPRO,Token Mati (Perlu Update),Mid Cap (Lapis 2),Undervalued (Murah),9.259259,0.7482902,50.0,50,50,54,-1.9607843137254901,37110100,Normal,45,Negatif,Downtrend,Bullish,Strong Bullish,Perfect Uptrend (5>20>50),Normal,Distribusi (Turun),Normal,Dominan Jual (Guyur),Squeeze,Rendah,Normal,Dekat Support (Low Risk),> 1 Miliar,Di Bawah VWAP (Lemah),Akumulasi Pro (Smart Money),Gorengan Sepi (< 5M),Sepi (< 50%),Distribution (Fase Jualan),Spesialis Tiang Jemuran (Banting Pucuk),Normal,Turun 2 Hari Beruntun,TP: 52 | CL: 48,Open = High (Tekanan Jual),Di Area Support,Netral / Sideways,Sentimen Positif 📰,Normal / Sedang Transisi,Dekat Support Fibo Bottom / 100%,3,WAIT & SEE,TIDAK ADA,2026-08-19 16:40:03,Biasa / Mengikuti Pasar
16:40,CSAP,Token Mati (Perlu Update),Mid Cap (Lapis 2),Undervalued (Murah),9.006211,0.4527098,290.0,288,270,360,1.3986013986013985,538600,Normal,52,Positif,Uptrend,Bullish,Bearish MACD,Perfect Uptrend (5>20>50),Normal,Akumulasi (Naik),Normal,Dominan Jual (Guyur),Squeeze,Rendah,Doji (Ragu-ragu),Area Tengah,< 1 Miliar,Di Bawah VWAP (Lemah),Distribusi Pro (Guyuran),Gorengan Sepi (< 5M),Sepi (< 50%),Mark-Up (Fase Pesta),Spesialis Tiang Jemuran (Banting Pucuk),Normal,Naik 1 Hari Beruntun,TP: 325 | CL: 266,Normal,Sangat Menarik (> 1:3),Golden Cross (Awal Bullish),Sentimen Positif 📰,Normal / Sedang Transisi,Mendekati Fibo 78.6%,6,WAIT & SEE,TIDAK ADA,2026-08-19 16:40:03,Biasa / Mengikuti Pasar
16:40,CTBN,Token Mati (Perlu Update),Mid Cap (Lapis 2),Overvalued (Mahal),44.95516,31328.123,4010.0,4196,3950,4770,0.25,4900,Normal,26,Positif,Downtrend,Bearish,Bullish MACD,Strong Downtrend (5<20<50),Normal,Akumulasi (Naik),Normal,Dominan Beli (Hajar Kanan),Normal,Tinggi,Marubozu (Strong Bullish),Dekat Support (Low Risk),< 1 Miliar,Persis di VWAP,Distribusi Pro (Guyuran),Gorengan Sepi (< 5M),Normal (50-150%),Mark-Down (Fase Runtuh),Spesialis Tiang Jemuran (Banting Pucuk),Normal,Naik 1 Hari Beruntun,TP: 4158 | CL: 3910,Open = Low (Bullish Kuat),Sangat Menarik (> 1:3),Oversold (Jenuh Jual - Peluang),Sentimen Positif 📰,Normal / Sedang Transisi,Golden Rebound Fibo Bottom / 100% 🎯,5,WAIT & SEE,TIDAK ADA,2026-08-19 16:40:03,Biasa / Mengikuti Pasar
16:40,CTRA,Token Mati (Perlu Update),Big Cap (Lapis 1),Undervalued (Murah),4.5949125,0.472878,625.0,593,550,655,-0.7936507936507936,23396400,Tembus MA20,62,Negatif,Uptrend,Bullish,Strong Bullish,Perfect Uptrend (5>20>50),Normal,Akumulasi (Naik),Normal,Dominan Jual (Guyur),Normal,Tinggi,Normal,Rawan Pucuk (High Risk),> 1 Miliar,Persis di VWAP,Akumulasi Pro (Smart Money),Ritel Aktif (5M - 50M),Anomali Tinggi (150-300%),Mark-Up (Fase Pesta),Normal,Normal,Turun 1 Hari Beruntun,TP: 657 | CL: 603,Open = Low (Bullish Kuat),Tidak Ideal (< 1:1),Death Cross (Awal Bearish),Sentimen Positif 📰,Normal / Sedang Transisi,Dekat Support Fibo 23.6%,7,BELI,TIDAK ADA,2026-08-19 16:40:03,Biasa / Mengikuti Pasar
16:40,CTTH,Token Mati (Perlu Update),Small Cap (Lapis 3),Fair Value (Wajar),0.0,1.0310019,128.0,128,115,148,-0.7751937984496124,14072200,Normal,49,Negatif,Downtrend,Bullish,Strong Bullish,Perfect Uptrend (5>20>50),Normal,Akumulasi (Naik),Gap Up (+2.3%),Seimbang / Adu Mekanik,Normal,Tinggi,Normal,Rawan Pucuk (High Risk),> 1 Miliar,Di Bawah VWAP (Lemah),Distribusi Pro (Guyuran),Gorengan Sepi (< 5M),Normal (50-150%),Distribution (Fase Jualan),Spesialis Tiang Jemuran (Banting Pucuk),Normal,Turun 1 Hari Beruntun,TP: 143 | CL: 117,Normal,Ideal (1:2),Netral / Sideways,Sentimen Negatif ⚠️,Normal / Sedang Transisi,Mengambang (Jauh dari Fibo),4,WAIT & SEE,TIDAK ADA,2026-08-19 16:40:03,Biasa / Mengikuti Pasar
16:40,DART,Token Mati (Perlu Update),Small Cap (Lapis 3),Fair Value (Wajar),0.0,0.4908498,167.0,143,121,214,0.6024096385542169,2090700,Normal,60,Positif,Uptrend,Bullish,Strong Bullish,Perfect Uptrend (5>20>50),Normal,Akumulasi (Naik),Gap Up (+4.2%),Dominan Jual (Guyur),Normal,Tinggi,Normal,Rawan Pucuk (High Risk),< 1 Miliar,Di Bawah VWAP (Lemah),Akumulasi Pro (Smart Money),Gorengan Sepi (< 5M),Sepi (< 50%),Mark-Up (Fase Pesta),Spesialis Tiang Jemuran (Banting Pucuk),Normal,Naik 1 Hari Beruntun,TP: 195 | CL: 147,Normal,Menengah (1:1),Golden Cross (Awal Bullish),Sentimen Positif 📰,Normal / Sedang Transisi,Mendekati Fibo 50.0%,8,BELI,TIDAK ADA,2026-08-19 16:40:03,Biasa / Mengikuti Pasar
16:40,DEFI,Token Mati (Perlu Update),Small Cap (Lapis 3),Fair Value (Wajar),0.0,2.7413108,109.0,107,100,126,4.807692307692308,28863900,Tembus MA20,51,Positif,Uptrend,Bearish,Bullish MACD,Strong Downtrend (5<20<50),Normal,Akumulasi (Naik),Normal,Seimbang / Adu Mekanik,Normal,Sedang,Normal,Area Tengah,> 1 Miliar,Di Atas VWAP (Kuat),Distribusi Pro (Guyuran),Gorengan Sepi (< 5M),Normal (50-150%),Accumulation (Kumpul Barang),Spesialis Tiang Jemuran (Banting Pucuk),Normal,Naik 1 Hari Beruntun,TP: 117 | CL: 103,Open = Low (Bullish Kuat),Ideal (1:2),Golden Cross (Awal Bullish),Sentimen Positif 📰,Normal / Sedang Transisi,Mendekati Fibo 78.6%,7,BELI,TIDAK ADA,2026-08-19 16:40:03,Biasa / Mengikuti Pasar
16:40,DEWA,Token Mati (Perlu Update),Big Cap (Lapis 1),Fair Value (Wajar),3.8045828,2.1222205,440.0,455,424,496,-1.345291479820628,245879200,Normal,53,Negatif,Downtrend,Bearish,Bearish MACD,Konsolidasi / Transisi,Normal,Distribusi (Turun),Normal,Dominan Jual (Guyur),Normal,Sedang,Normal,Area Tengah,> 1 Miliar,Di Bawah VWAP (Lemah),Distribusi Pro (Guyuran),Sultan (> 50M/hari),Sepi (< 50%),Distribution (Fase Jualan),Spesialis Tiang Jemuran (Banting Pucuk),Normal,Turun 2 Hari Beruntun,TP: 471 | CL: 418,Normal,Sangat Menarik (> 1:3),Oversold (Jenuh Jual - Peluang),Sentimen Positif 📰,Normal / Sedang Transisi,Golden Rebound Fibo 23.6% 🎯,2,WAIT & SEE,TIDAK ADA,2026-08-19 16:40:03,🔥 ANOMALI BANDAR (Siap Ledakan)
16:40,DGIK,Token Mati (Perlu Update),Small Cap (Lapis 3),Undervalued (Murah),12.488522,0.91978896,136.0,128,121,147,0.7407407407407408,6355500,Tembus MA20,63,Positif,Uptrend,Golden Cross,Strong Bullish,Perfect Uptrend (5>20>50),Normal,Akumulasi (Naik),Gap Up (+3.7%),Dominan Jual (Guyur),Breakout Upper,Sedang,Normal,Rawan Pucuk (High Risk),< 1 Miliar,Di Atas VWAP (Kuat),Distribusi Pro (Guyuran),Gorengan Sepi (< 5M),Normal (50-150%),Mark-Up (Fase Pesta),Spesialis Tiang Jemuran (Banting Pucuk),Normal,Naik 4 Hari Beruntun,TP: 146 | CL: 129,Normal,Tidak Ideal (< 1:1),Netral / Sideways,Sentimen Positif 📰,Normal / Sedang Transisi,Dekat Support Fibo 38.2%,9,BELI,TIDAK ADA,2026-08-19 16:40:03,Biasa / Mengikuti Pasar
16:40,DILD,Token Mati (Perlu Update),Mid Cap (Lapis 2),Fair Value (Wajar),19.897959,0.2144314,117.0,116,113,126,0.8620689655172413,90409200,Tembus MA20,54,Positif,Uptrend,Bearish,Bearish MACD,Konsolidasi / Transisi,Akumulasi Kuat,Akumulasi (Naik),Normal,Dominan Jual (Guyur),Squeeze,Rendah,Normal,Area Tengah,> 1 Miliar,Persis di VWAP,Distribusi Pro (Guyuran),Gorengan Sepi (< 5M),Ledakan Ekstrem (> 300%),Mark-Up (Fase Pesta),Normal,Normal,Naik 2 Hari Beruntun,TP: 123 | CL: 112,Normal,Ideal (1:2),Golden Cross (Awal Bullish),Sentimen Positif 📰,Normal / Sedang Transisi,Dekat Support Fibo 38.2%,7,BELI,TIDAK ADA,2026-08-19 16:40:03,Biasa / Mengikuti Pasar
16:40,DKFT,Token Mati (Perlu Update),Mid Cap (Lapis 2),Fair Value (Wajar),5.509182,2.365744,660.0,662,620,715,0.7633587786259541,2103100,Normal,50,Positif,Downtrend,Bearish,Bearish MACD,Konsolidasi / Transisi,Normal,Akumulasi (Naik),Normal,Seimbang / Adu Mekanik,Normal,Sedang,Doji (Ragu-ragu),Area Tengah,> 1 Miliar,Persis di VWAP,Akumulasi Pro (Smart Money),Gorengan Sepi (< 5M),Sepi (< 50%),Distribution (Fase Jualan),Normal,Jarum Bawah (Sinyal Pantulan Kuat),Naik 1 Hari Beruntun,TP: 696 | CL: 635,Normal,Menengah (1:1),Golden Cross (Awal Bullish),Sentimen Positif 📰,Normal / Sedang Transisi,Golden Rebound Fibo 38.2% 🎯,3,WAIT & SEE,TIDAK ADA,2026-08-19 16:40:03,Biasa / Mengikuti Pasar
16:40,DLTA,Token Mati (Perlu Update),Mid Cap (Lapis 2),Fair Value (Wajar),9.625264,2.1161556,1780.0,1780,1760,1805,-0.2801120448179272,19700,Normal,54,Negatif,Downtrend,Bullish,Bearish MACD,Perfect Uptrend (5>20>50),Normal,Akumulasi (Naik),Normal,Seimbang / Adu Mekanik,Squeeze,Rendah,Normal,Dekat Support (Low Risk),< 1 Miliar,Persis di VWAP,Distribusi Pro (Guyuran),Gorengan Sepi (< 5M),Sepi (< 50%),Distribution (Fase Jualan),Normal,Normal,Turun 1 Hari Beruntun,TP: 1806 | CL: 1762,Open = High (Tekanan Jual),Menengah (1:1),Netral / Sideways,Sentimen Positif 📰,Normal / Sedang Transisi,Dekat Support Fibo 23.6%,4,WAIT & SEE,TIDAK ADA,2026-08-19 16:40:03,Biasa / Mengikuti Pasar
16:40,DMAS,Token Mati (Perlu Update),Mid Cap (Lapis 2),Undervalued (Murah),4.975278,1.1074806,161.0,145,136,169,0.0,563269000,Tembus MA20,80,Negatif,Uptrend,Bullish,Strong Bullish,Perfect Uptrend (5>20>50),Normal,Akumulasi (Naik),Normal,Dominan Jual (Guyur),Breakout Upper,Tinggi,Doji (Ragu-ragu),Rawan Pucuk (High Risk),> 1 Miliar,Di Atas VWAP (Kuat),Akumulasi Pro (Smart Money),Ritel Aktif (5M - 50M),Ledakan Ekstrem (> 300%),Mark-Up (Fase Pesta),Normal,Normal,Sideways / Stagnan,TP: 168 | CL: 156,Normal,Tidak Ideal (< 1:1),Death Cross (Awal Bearish),Sentimen Positif 📰,Normal / Sedang Transisi,Dekat Support Fibo 23.6%,7,BELI,TIDAK ADA,2026-08-19 16:40:03,🔥 ANOMALI BANDAR (Siap Ledakan)
16:40,DNAR,Token Mati (Perlu Update),Mid Cap (Lapis 2),Undervalued (Murah),9.794989,0.55736065,129.0,123,116,133,0.0,606100,Normal,67,Negatif,Uptrend,Bullish,Strong Bullish,Perfect Uptrend (5>20>50),Normal,Akumulasi (Naik),Normal,Seimbang / Adu Mekanik,Breakout Upper,Sedang,Normal,Rawan Pucuk (High Risk),< 1 Miliar,Di Atas VWAP (Kuat),Akumulasi Pro (Smart Money),Gorengan Sepi (< 5M),Sepi (< 50%),Mark-Up (Fase Pesta),Spesialis Tiang Jemuran (Banting Pucuk),Normal,Sideways / Stagnan,TP: 136 | CL: 124,Open = High (Tekanan Jual),Tidak Ideal (< 1:1),Netral / Sideways,Sentimen Positif 📰,Normal / Sedang Transisi,Dekat Support Fibo 38.2%,6,WAIT & SEE,TIDAK ADA,2026-08-19 16:40:03,Biasa / Mengikuti Pasar
16:40,DNET,Token Mati (Perlu Update),Big Cap (Lapis 1),Overvalued (Mahal),126.58228,8.9945545,9900.0,9781,9375,10000,0.0,4000,Normal,53,Negatif,Uptrend,Bearish,Bullish MACD,Strong Downtrend (5<20<50),Normal,Akumulasi (Naik),Normal,Dominan Beli (Hajar Kanan),Squeeze,Rendah,Doji (Ragu-ragu),Area Tengah,< 1 Miliar,Di Atas VWAP (Kuat),Akumulasi Pro (Smart Money),Gorengan Sepi (< 5M),Sepi (< 50%),Accumulation (Kumpul Barang),Normal,Jarum Bawah (Sinyal Pantulan Kuat),Sideways / Stagnan,TP: 10240 | CL: 9673,Normal,Tidak Ideal (< 1:1),Netral / Sideways,Sentimen Positif 📰,Normal / Sedang Transisi,Golden Rebound Fibo 61.8% (Golden Ratio) 🎯,6,WAIT & SEE,TIDAK ADA,2026-08-19 16:40:03,Biasa / Mengikuti Pasar
16:40,DOID,Token Mati (Perlu Update),Mid Cap (Lapis 2),Overvalued (Mahal),0.0,209999.98,210.0,215,200,238,0.0,601800,Normal,48,Negatif,Downtrend,Bearish,Bearish MACD,Konsolidasi / Transisi,Normal,Distribusi (Turun),Normal,Seimbang / Adu Mekanik,Normal,Sedang,Doji (Ragu-ragu),Area Tengah,< 1 Miliar,Persis di VWAP,Distribusi Pro (Guyuran),Gorengan Sepi (< 5M),Sepi (< 50%),Distribution (Fase Jualan),Normal,Normal,Sideways / Stagnan,TP: 220 | CL: 203,Normal,Ideal (1:2),Netral / Sideways,Sentimen Negatif ⚠️,Normal / Sedang Transisi,Dekat Support Fibo 61.8% (Golden Ratio),0,WAIT & SEE,TIDAK ADA,2026-08-19 16:40:03,Biasa / Mengikuti Pasar
16:40,DPNS,Token Mati (Perlu Update),Small Cap (Lapis 3),Undervalued (Murah),4.298511,0.3023119,310.0,310,310,310,0.0,0,Normal,0,Negatif,Downtrend,Bearish,Bearish MACD,Konsolidasi / Transisi,Normal,Netral,Normal,Tidak Ada Transaksi,Squeeze,Rendah,Doji (Ragu-ragu),Dekat Support (Low Risk),< 1 Miliar,Di Atas VWAP (Kuat),Netral,Gorengan Sepi (< 5M),Normal (50-150%),Sideways,Solid (Jarang Dibanting),Normal,Sideways / Stagnan,TP: 311 | CL: 309,Normal,Di Area Support,Oversold (Jenuh Jual - Peluang),Netral / Sepi Berita,Normal / Sedang Transisi,Normal / Sideways,0,WAIT & SEE,TIDAK ADA,2026-08-19 16:40:03,Biasa / Mengikuti Pasar
16:40,DSFI,Token Mati (Perlu Update),Small Cap (Lapis 3),Undervalued (Murah),9.055076,0.54299915,85.0,81,77,91,2.4096385542168677,30503600,Tembus MA20,63,Positif,Uptrend,Bullish,Bearish MACD,Perfect Uptrend (5>20>50),Akumulasi Kuat,Akumulasi (Naik),Normal,Seimbang / Adu Mekanik,Breakout Upper,Sedang,Normal,Rawan Pucuk (High Risk),> 1 Miliar,Persis di VWAP,Distribusi Pro (Guyuran),Gorengan Sepi (< 5M),Anomali Tinggi (150-300%),Mark-Up (Fase Pesta),Spesialis Tiang Jemuran (Banting Pucuk),Normal,Naik 2 Hari Beruntun,TP: 91 | CL: 80,Normal,Tidak Ideal (< 1:1),Netral / Sideways,Sentimen Negatif ⚠️,Normal / Sedang Transisi,Mendekati Fibo 38.2%,7,BELI,TIDAK ADA,2026-08-19 16:40:03,Biasa / Mengikuti Pasar
16:40,DSNG,Token Mati (Perlu Update),Big Cap (Lapis 1),Undervalued (Murah),7.484865,1.2029108,1360.0,1332,1210,1410,0.0,3008200,Normal,58,Negatif,Uptrend,Bearish,Bearish MACD,Konsolidasi / Transisi,Normal,Akumulasi (Naik),Normal,Seimbang / Adu Mekanik,Normal,Sedang,Normal,Rawan Pucuk (High Risk),> 1 Miliar,Di Atas VWAP (Kuat),Akumulasi Pro (Smart Money),Gorengan Sepi (< 5M),Normal (50-150%),Mark-Up (Fase Pesta),Solid (Jarang Dibanting),Normal,Sideways / Stagnan,TP: 1437 | CL: 1308,Normal,Tidak Ideal (< 1:1),Netral / Sideways,Sentimen Positif 📰,Normal / Sedang Transisi,Dekat Support Fibo 23.6%,4,WAIT & SEE,TIDAK ADA,2026-08-19 16:40:03,Biasa / Mengikuti Pasar
16:40,DSSA,Token Mati (Perlu Update),Big Cap (Lapis 1),Overvalued (Mahal),40.865387,85000.0,1020.0,912,805,1075,4.615384615384616,399419100,Normal,66,Positif,Uptrend,Bullish,Strong Bullish,Perfect Uptrend (5>20>50),Normal,Akumulasi (Naik),Normal,Dominan Beli (Hajar Kanan),Normal,Tinggi,Normal,Rawan Pucuk (High Risk),> 1 Miliar,Di Atas VWAP (Kuat),Akumulasi Pro (Smart Money),Sultan (> 50M/hari),Normal (50-150%),Mark-Up (Fase Pesta),Spesialis Tiang Jemuran (Banting Pucuk),Normal,Naik 1 Hari Beruntun,TP: 1112 | CL: 958,Normal,Tidak Ideal (< 1:1),Netral / Sideways,Sentimen Positif 📰,Normal / Sedang Transisi,Mengambang (Jauh dari Fibo),8,BELI,TIDAK ADA,2026-08-19 16:40:03,🔥 ANOMALI BANDAR (Siap Ledakan)
16:40,DUTI,Token Mati (Perlu Update),Mid Cap (Lapis 2),Undervalued (Murah),14.0208845,0.85934734,4780.0,4335,4050,4800,4.595185995623632,300,Normal,93,Positif,Uptrend,Bullish,Strong Bullish,Perfect Uptrend (5>20>50),Normal,Akumulasi (Naik),Gap Up (+5.0%),Dominan Jual (Guyur),Breakout Upper,Sedang,Normal,Rawan Pucuk (High Risk),< 1 Miliar,Di Atas VWAP (Kuat),Akumulasi Pro (Smart Money),Gorengan Sepi (< 5M),Sepi (< 50%),Mark-Up (Fase Pesta),Solid (Jarang Dibanting),Normal,Naik 3 Hari Beruntun,TP: 4860 | CL: 4726,Open = High (Tekanan Jual),Tidak Ideal (< 1:1),Overbought (Jenuh Beli - Rawan),Sentimen Positif 📰,Normal / Sedang Transisi,Mendekati Fibo 23.6%,8,BELI,TIDAK ADA,2026-08-19 16:40:03,🔥 ANOMALI BANDAR (Siap Ledakan)
16:40,DVLA,Token Mati (Perlu Update),Mid Cap (Lapis 2),Undervalued (Murah),12.952943,1.1796688,1580.0,1583,1550,1600,0.0,6200,Normal,55,Negatif,Downtrend,Bearish,Bearish MACD,Konsolidasi / Transisi,Normal,Distribusi (Turun),Normal,Seimbang / Adu Mekanik,Squeeze,Rendah,Doji (Ragu-ragu),Dekat Support (Low Risk),< 1 Miliar,Persis di VWAP,Distribusi Pro (Guyuran),Gorengan Sepi (< 5M),Normal (50-150%),Distribution (Fase Jualan),Normal,Jarum Bawah (Sinyal Pantulan Kuat),Sideways / Stagnan,TP: 1607 | CL: 1561,Normal,Tidak Ideal (< 1:1),Netral / Sideways,Sentimen Positif 📰,Normal / Sedang Transisi,Golden Rebound Fibo 23.6% 🎯,2,WAIT & SEE,TIDAK ADA,2026-08-19 16:40:03,Biasa / Mengikuti Pasar
16:40,DYAN,Token Mati (Perlu Update),Small Cap (Lapis 3),Undervalued (Murah),8.4651165,0.52439594,90.0,84,77,92,0.0,3584000,Normal,70,Negatif,Uptrend,Bullish,Strong Bullish,Perfect Uptrend (5>20>50),Normal,Akumulasi (Naik),Normal,Seimbang / Adu Mekanik,Breakout Upper,Sedang,Normal,Rawan Pucuk (High Risk),< 1 Miliar,Di Atas VWAP (Kuat),Akumulasi Pro (Smart Money),Gorengan Sepi (< 5M),Normal (50-150%),Mark-Up (Fase Pesta),Spesialis Tiang Jemuran (Banting Pucuk),Normal,Sideways / Stagnan,TP: 96 | CL: 85,Normal,Tidak Ideal (< 1:1),Overbought (Jenuh Beli - Rawan),Sentimen Positif 📰,Normal / Sedang Transisi,Mendekati Fibo 38.2%,6,WAIT & SEE,TIDAK ADA,2026-08-19 16:40:03,Biasa / Mengikuti Pasar
16:40,ECII,Token Mati (Perlu Update),Small Cap (Lapis 3),Fair Value (Wajar),0.0,0.19205321,155.0,157,143,190,0.0,604400,Normal,52,Negatif,Downtrend,Bearish,Bearish MACD,Konsolidasi / Transisi,Normal,Akumulasi (Naik),Normal,Seimbang / Adu Mekanik,Normal,Tinggi,Doji (Ragu-ragu),Area Tengah,< 1 Miliar,Persis di VWAP,Distribusi Pro (Guyuran),Gorengan Sepi (< 5M),Normal (50-150%),Distribution (Fase Jualan),Spesialis Tiang Jemuran (Banting Pucuk),Jarum Bawah (Sinyal Pantulan Kuat),Sideways / Stagnan,TP: 165 | CL: 148,Normal,Ideal (1:2),Golden Cross (Awal Bullish),Netral / Sepi Berita,Normal / Sedang Transisi,Mendekati Fibo 50.0%,2,WAIT & SEE,TIDAK ADA,2026-08-19 16:40:03,Biasa / Mengikuti Pasar
16:40,EKAD,Token Mati (Perlu Update),Mid Cap (Lapis 2),Undervalued (Murah),2.0509596,0.85014737,300.0,202,164,368,-4.45859872611465,7466900,Normal,85,Negatif,Uptrend,Bullish,Strong Bullish,Perfect Uptrend (5>20>50),Normal,Akumulasi (Naik),Normal,Seimbang / Adu Mekanik,Normal,Tinggi,Normal,Rawan Pucuk (High Risk),> 1 Miliar,Di Bawah VWAP (Lemah),Distribusi Pro (Guyuran),Ritel Aktif (5M - 50M),Sepi (< 50%),Mark-Up (Fase Pesta),Normal,Normal,Turun 2 Hari Beruntun,TP: 331 | CL: 279,Open = High (Tekanan Jual),Tidak Ideal (< 1:1),Death Cross (Awal Bearish),Netral / Sepi Berita,Supply Banjir (Distribusi) 🌊,Mengambang (Jauh dari Fibo),5,WAIT & SEE,TIDAK ADA,2026-08-19 16:40:03,Biasa / Mengikuti Pasar
16:40,ELSA,Token Mati (Perlu Update),Mid Cap (Lapis 2),Undervalued (Murah),6.3919187,0.9620961,715.0,690,650,740,2.142857142857143,44506200,Tembus MA20,62,Positif,Uptrend,Bullish,Bearish MACD,Perfect Uptrend (5>20>50),Normal,Akumulasi (Naik),Normal,Seimbang / Adu Mekanik,Normal,Sedang,Normal,Rawan Pucuk (High Risk),> 1 Miliar,Di Atas VWAP (Kuat),Akumulasi Pro (Smart Money),Ritel Aktif (5M - 50M),Anomali Tinggi (150-300%),Mark-Up (Fase Pesta),Normal,Normal,Naik 3 Hari Beruntun,TP: 755 | CL: 688,Normal,Tidak Ideal (< 1:1),Netral / Sideways,Netral / Sepi Berita,Normal / Sedang Transisi,Mendekati Fibo 23.6%,6,WAIT & SEE,TIDAK ADA,2026-08-19 16:40:03,Biasa / Mengikuti Pasar
16:40,ELTY,Token Mati (Perlu Update),Mid Cap (Lapis 2),Fair Value (Wajar),0.0,0.29855907,38.0,35,29,46,-2.564102564102564,48291600,Normal,60,Negatif,Uptrend,Bullish,Strong Bullish,Perfect Uptrend (5>20>50),Normal,Distribusi (Turun),Gap Down (-2.6%),Tidak Ada Transaksi,Normal,Tinggi,Doji (Ragu-ragu),Rawan Pucuk (High Risk),> 1 Miliar,Di Bawah VWAP (Lemah),Akumulasi Pro (Smart Money),Gorengan Sepi (< 5M),Sepi (< 50%),Mark-Up (Fase Pesta),Normal,Normal,Turun 2 Hari Beruntun,TP: 41 | CL: 35,Normal,Tidak Ideal (< 1:1),Death Cross (Awal Bearish),Netral / Sepi Berita,Normal / Sedang Transisi,Mendekati Fibo 38.2%,4,WAIT & SEE,TIDAK ADA,2026-08-19 16:40:03,Biasa / Mengikuti Pasar
16:40,EMDE,Token Mati (Perlu Update),Small Cap (Lapis 3),Fair Value (Wajar),0.0,0.13951126,75.0,73,66,94,0.0,21635700,Normal,54,Negatif,Uptrend,Bullish,Bearish MACD,Perfect Uptrend (5>20>50),Normal,Distribusi (Turun),Normal,Dominan Jual (Guyur),Normal,Tinggi,Normal,Rawan Pucuk (High Risk),> 1 Miliar,Di Bawah VWAP (Lemah),Distribusi Pro (Guyuran),Gorengan Sepi (< 5M),Sepi (< 50%),Mark-Up (Fase Pesta),Spesialis Tiang Jemuran (Banting Pucuk),Normal,Sideways / Stagnan,TP: 83 | CL: 69,Normal,Ideal (1:2),Netral / Sideways,Sentimen Negatif ⚠️,Normal / Sedang Transisi,Mendekati Fibo 50.0%,3,WAIT & SEE,TIDAK ADA,2026-08-19 16:40:03,Biasa / Mengikuti Pasar
16:40,EMTK,Token Mati (Perlu Update),Big Cap (Lapis 1),Undervalued (Murah),14.301281,0.87698203,525.0,520,494,570,0.9615384615384616,59435400,Tembus MA20,51,Positif,Uptrend,Bearish,Bullish MACD,Strong Downtrend (5<20<50),Normal,Akumulasi (Naik),Normal,Seimbang / Adu Mekanik,Normal,Sedang,Normal,Area Tengah,> 1 Miliar,Di Atas VWAP (Kuat),Distribusi Pro (Guyuran),Ritel Aktif (5M - 50M),Normal (50-150%),Accumulation (Kumpul Barang),Spesialis Tiang Jemuran (Banting Pucuk),Normal,Naik 3 Hari Beruntun,TP: 553 | CL: 506,Normal,Menengah (1:1),Netral / Sideways,Sentimen Positif 📰,Normal / Sedang Transisi,Mengambang (Jauh dari Fibo),7,BELI,TIDAK ADA,2026-08-19 16:40:03,Biasa / Mengikuti Pasar
16:40,ENRG,Token Mati (Perlu Update),Big Cap (Lapis 1),Overvalued (Mahal),21.91943,37000.0,1295.0,1323,1205,1610,2.371541501976284,66816200,Normal,49,Positif,Downtrend,Bearish,Strong Bearish,Konsolidasi / Transisi,Normal,Distribusi (Turun),Normal,Dominan Beli (Hajar Kanan),Normal,Tinggi,Normal,Area Tengah,> 1 Miliar,Persis di VWAP,Distribusi Pro (Guyuran),Sultan (> 50M/hari),Normal (50-150%),Distribution (Fase Jualan),Normal,Normal,Naik 2 Hari Beruntun,TP: 1396 | CL: 1227,Normal,Sangat Menarik (> 1:3),Golden Cross (Awal Bullish),Sentimen Positif 📰,Normal / Sedang Transisi,Dekat Support Fibo 50.0%,3,WAIT & SEE,TIDAK ADA,2026-08-19 16:40:03,Biasa / Mengikuti Pasar
16:40,EPMT,Token Mati (Perlu Update),Mid Cap (Lapis 2),Undervalued (Murah),7.7101507,0.7741718,2360.0,2330,2260,2460,0.0,102000,Tembus MA20,54,Negatif,Uptrend,Bullish,Strong Bullish,Perfect Uptrend (5>20>50),Normal,Akumulasi (Naik),Normal,Dominan Beli (Hajar Kanan),Squeeze,Rendah,Marubozu (Strong Bullish),Area Tengah,< 1 Miliar,Persis di VWAP,Akumulasi Pro (Smart Money),Gorengan Sepi (< 5M),Normal (50-150%),Mark-Up (Fase Pesta),Spesialis Tiang Jemuran (Banting Pucuk),Normal,Sideways / Stagnan,TP: 2450 | CL: 2300,Open = Low (Bullish Kuat),Menengah (1:1),Netral / Sideways,Sentimen Positif 📰,Normal / Sedang Transisi,Dekat Support Fibo 38.2%,8,BELI,TIDAK ADA,2026-08-19 16:40:03,Biasa / Mengikuti Pasar
16:40,ERAA,Token Mati (Perlu Update),Mid Cap (Lapis 2),Undervalued (Murah),5.1904655,0.76891726,466.0,433,366,488,0.43103448275862066,160847600,Tembus MA20,78,Positif,Uptrend,Bullish,Strong Bullish,Perfect Uptrend (5>20>50),Normal,Akumulasi (Naik),Normal,Dominan Jual (Guyur),Normal,Tinggi,Doji (Ragu-ragu),Rawan Pucuk (High Risk),> 1 Miliar,Persis di VWAP,Distribusi Pro (Guyuran),Ritel Aktif (5M - 50M),Anomali Tinggi (150-300%),Mark-Up (Fase Pesta),Spesialis Tiang Jemuran (Banting Pucuk),Normal,Naik 3 Hari Beruntun,TP: 494 | CL: 446,Normal,Tidak Ideal (< 1:1),Death Cross (Awal Bearish),Sentimen Positif 📰,Normal / Sedang Transisi,Mendekati Fibo 23.6%,8,BELI,TIDAK ADA,2026-08-19 16:40:03,Biasa / Mengikuti Pasar
16:40,ERTX,Token Mati (Perlu Update),Small Cap (Lapis 3),Overvalued (Mahal),185999.98,8086.9565,186.0,183,154,232,-0.53475935828877,229400,Normal,61,Negatif,Uptrend,Bullish,Bearish MACD,Perfect Uptrend (5>20>50),Normal,Distribusi (Turun),Normal,Dominan Beli (Hajar Kanan),Normal,Tinggi,Doji (Ragu-ragu),Rawan Pucuk (High Risk),< 1 Miliar,Persis di VWAP,Akumulasi Pro (Smart Money),Gorengan Sepi (< 5M),Sepi (< 50%),Mark-Up (Fase Pesta),Spesialis Tiang Jemuran (Banting Pucuk),Jarum Bawah (Sinyal Pantulan Kuat),Turun 3 Hari Beruntun,TP: 206 | CL: 172,Normal,Menengah (1:1),Netral / Sideways,Sentimen Positif 📰,Normal / Sedang Transisi,Golden Rebound Fibo 38.2% 🎯,5,WAIT & SEE,TIDAK ADA,2026-08-19 16:40:03,Biasa / Mengikuti Pasar
16:40,ESSA,Token Mati (Perlu Update),Big Cap (Lapis 1),Overvalued (Mahal),11.760242,24800.0,625.0,641,600,735,-3.8461538461538463,95483400,Normal,48,Negatif,Downtrend,Bullish,Bearish MACD,Perfect Uptrend (5>20>50),Normal,Distribusi (Turun),Normal,Dominan Jual (Guyur),Normal,Tinggi,Normal,Area Tengah,> 1 Miliar,Di Bawah VWAP (Lemah),Distribusi Pro (Guyuran),Sultan (> 50M/hari),Normal (50-150%),Distribution (Fase Jualan),Normal,Normal,Turun 4 Hari Beruntun,TP: 670 | CL: 594,Open = High (Tekanan Jual),Sangat Menarik (> 1:3),Netral / Sideways,Sentimen Negatif ⚠️,Normal / Sedang Transisi,Dekat Support Fibo 50.0%,1,WAIT & SEE,TIDAK ADA,2026-08-19 16:40:03,Biasa / Mengikuti Pasar
16:40,ESTI,Token Mati (Perlu Update),Small Cap (Lapis 3),Overvalued (Mahal),157000.0,1.7646397,157.0,158,126,220,-2.484472049689441,1825400,Normal,52,Negatif,Downtrend,Bullish,Bearish MACD,Perfect Uptrend (5>20>50),Normal,Distribusi (Turun),Normal,Dominan Jual (Guyur),Normal,Tinggi,Normal,Rawan Pucuk (High Risk),< 1 Miliar,Di Bawah VWAP (Lemah),Distribusi Pro (Guyuran),Gorengan Sepi (< 5M),Sepi (< 50%),Distribution (Fase Jualan),Spesialis Tiang Jemuran (Banting Pucuk),Normal,Turun 6 Hari Beruntun,TP: 190 | CL: 134,Open = High (Tekanan Jual),Ideal (1:2),Netral / Sideways,Netral / Sepi Berita,Normal / Sedang Transisi,Mengambang (Jauh dari Fibo),2,WAIT & SEE,TIDAK ADA,2026-08-19 16:40:03,Biasa / Mengikuti Pasar
16:40,ETWA,Token Mati (Perlu Update),Small Cap (Lapis 3),Fair Value (Wajar),0.0,-0.75840473,70.0,70,70,70,0.0,0,Normal,0,Negatif,Downtrend,Bearish,Bearish MACD,Konsolidasi / Transisi,Normal,Netral,Normal,Tidak Ada Transaksi,Squeeze,Rendah,Doji (Ragu-ragu),Dekat Support (Low Risk),< 1 Miliar,Di Atas VWAP (Kuat),Netral,Gorengan Sepi (< 5M),Normal (50-150%),Sideways,Solid (Jarang Dibanting),Normal,Sideways / Stagnan,TP: 71 | CL: 69,Normal,Di Area Support,Oversold (Jenuh Jual - Peluang),Netral / Sepi Berita,Normal / Sedang Transisi,Normal / Sideways,0,WAIT & SEE,TIDAK ADA,2026-08-19 16:40:03,Biasa / Mengikuti Pasar
16:40,EXCL,Token Mati (Perlu Update),Big Cap (Lapis 1),Fair Value (Wajar),0.0,1.7860935,2860.0,2547,2350,2930,-1.718213058419244,9153000,Tembus MA20,66,Negatif,Uptrend,Bullish,Strong Bullish,Perfect Uptrend (5>20>50),Normal,Akumulasi (Naik),Normal,Seimbang / Adu Mekanik,Breakout Upper,Tinggi,Normal,Rawan Pucuk (High Risk),> 1 Miliar,Di Atas VWAP (Kuat),Akumulasi Pro (Smart Money),Ritel Aktif (5M - 50M),Normal (50-150%),Mark-Up (Fase Pesta),Solid (Jarang Dibanting),Normal,Turun 1 Hari Beruntun,TP: 3021 | CL: 2752,Normal,Tidak Ideal (< 1:1),Overbought (Jenuh Beli - Rawan),Netral / Sepi Berita,Normal / Sedang Transisi,Mendekati Fibo 38.2%,6,WAIT & SEE,TIDAK ADA,2026-08-19 16:40:03,Biasa / Mengikuti Pasar
16:40,FAST,Token Mati (Perlu Update),Mid Cap (Lapis 2),Overvalued (Mahal),0.0,7.3537784,452.0,361,270,565,-14.716981132075471,125384200,Tembus MA20,64,Negatif,Uptrend,Bullish,Strong Bullish,Perfect Uptrend (5>20>50),Distribusi Kuat,Akumulasi (Naik),Gap Down (-10.6%),Dominan Jual (Guyur),Normal,Tinggi,Normal,Rawan Pucuk (High Risk),> 1 Miliar,Di Bawah VWAP (Lemah),Distribusi Pro (Guyuran),Ritel Aktif (5M - 50M),Anomali Tinggi (150-300%),Mark-Up (Fase Pesta),Normal,Normal,Turun 1 Hari Beruntun,TP: 539 | CL: 393,Normal,Tidak Ideal (< 1:1),Death Cross (Awal Bearish),Sentimen Positif 📰,Supply Banjir (Distribusi) 🌊,Mengambang (Jauh dari Fibo),7,BELI,TIDAK ADA,2026-08-19 16:40:03,🔥 ANOMALI BANDAR (Siap Ledakan)
16:40,FASW,Token Mati (Perlu Update),Big Cap (Lapis 1),Overvalued (Mahal),0.0,3.013094,5312.4970703125,5312,5312,5312,0.0,0,Normal,0,Negatif,Downtrend,Bearish,Bearish MACD,Konsolidasi / Transisi,Normal,Netral,Normal,Tidak Ada Transaksi,Squeeze,Rendah,Doji (Ragu-ragu),Dekat Support (Low Risk),< 1 Miliar,Di Atas VWAP (Kuat),Netral,Gorengan Sepi (< 5M),Normal (50-150%),Sideways,Solid (Jarang Dibanting),Normal,Sideways / Stagnan,TP: 5313 | CL: 5311,Normal,Di Area Support,Oversold (Jenuh Jual - Peluang),Netral / Sepi Berita,Normal / Sedang Transisi,Normal / Sideways,0,WAIT & SEE,TIDAK ADA,2026-08-19 16:40:03,Biasa / Mengikuti Pasar
16:40,FISH,Token Mati (Perlu Update),Mid Cap (Lapis 2),Overvalued (Mahal),56.179775,17142.857,600.0,612,570,680,0.0,49300,Normal,43,Negatif,Downtrend,Bearish,Strong Bearish,Konsolidasi / Transisi,Normal,Distribusi (Turun),Normal,Dominan Jual (Guyur),Normal,Sedang,Doji (Ragu-ragu),Area Tengah,< 1 Miliar,Persis di VWAP,Akumulasi Pro (Smart Money),Gorengan Sepi (< 5M),Normal (50-150%),Distribution (Fase Jualan),Normal,Normal,Sideways / Stagnan,TP: 625 | CL: 582,Normal,Ideal (1:2),Netral / Sideways,Sentimen Positif 📰,Normal / Sedang Transisi,Dekat Support Fibo 61.8% (Golden Ratio),1,WAIT & SEE,TIDAK ADA,2026-08-19 16:40:03,Biasa / Mengikuti Pasar
16:40,FMII,Token Mati (Perlu Update),Mid Cap (Lapis 2),Fair Value (Wajar),0.0,2.3636951,256.0,250,240,260,0.7874015748031495,13500,Normal,56,Positif,Uptrend,Bullish,Strong Bullish,Awal Reversal (5>20),Normal,Distribusi (Turun),Normal,Dominan Beli (Hajar Kanan),Squeeze,Rendah,Hammer (Potensi Reversal),Area Tengah,< 1 Miliar,Di Atas VWAP (Kuat),Distribusi Pro (Guyuran),Gorengan Sepi (< 5M),Normal (50-150%),Accumulation (Kumpul Barang),Normal,Jarum Bawah (Sinyal Pantulan Kuat),Naik 1 Hari Beruntun,TP: 269 | CL: 246,Normal,Tidak Ideal (< 1:1),Netral / Sideways,Sentimen Positif 📰,Normal / Sedang Transisi,Golden Rebound Fibo 23.6% 🎯,7,BELI,TIDAK ADA,2026-08-19 16:40:03,Biasa / Mengikuti Pasar
16:40,FORU,Token Mati (Perlu Update),Mid Cap (Lapis 2),Overvalued (Mahal),0.0,67.475204,2280.0,2639,1865,3610,-3.79746835443038,575500,Normal,41,Negatif,Downtrend,Bearish,Strong Bearish,Strong Downtrend (5<20<50),Normal,Akumulasi (Naik),Normal,Dominan Jual (Guyur),Normal,Tinggi,Normal,Rawan Pucuk (High Risk),> 1 Miliar,Di Atas VWAP (Kuat),Akumulasi Pro (Smart Money),Gorengan Sepi (< 5M),Sepi (< 50%),Mark-Down (Fase Runtuh),Normal,Normal,Turun 1 Hari Beruntun,TP: 2597 | CL: 2068,Open = High (Tekanan Jual),Sangat Menarik (> 1:3),Golden Cross (Awal Bullish),Sentimen Positif 📰,Normal / Sedang Transisi,Dekat Support Fibo 61.8% (Golden Ratio),2,WAIT & SEE,TIDAK ADA,2026-08-19 16:40:03,Biasa / Mengikuti Pasar
16:40,FPNI,Token Mati (Perlu Update),Mid Cap (Lapis 2),Overvalued (Mahal),9.811251,26250.0,510.0,393,290,540,17.51152073732719,98916400,Tembus MA20,79,Positif,Uptrend,Bullish,Strong Bullish,Perfect Uptrend (5>20>50),Akumulasi Kuat,Akumulasi (Naik),Normal,Dominan Beli (Hajar Kanan),Breakout Upper,Tinggi,Normal,Rawan Pucuk (High Risk),> 1 Miliar,Di Atas VWAP (Kuat),Akumulasi Pro (Smart Money),Ritel Aktif (5M - 50M),Ledakan Ekstrem (> 300%),Mark-Up (Fase Pesta),Normal,Normal,Naik 2 Hari Beruntun,TP: 566 | CL: 472,Normal,Tidak Ideal (< 1:1),Netral / Sideways,Netral / Sepi Berita,Normal / Sedang Transisi,Mengambang (Jauh dari Fibo),9,BELI,TIDAK ADA,2026-08-19 16:40:03,⚠️ Anomali (Sudah Terbang)
16:40,GDST,Token Mati (Perlu Update),Mid Cap (Lapis 2),Undervalued (Murah),10.306406,0.69207174,112.0,107,89,150,0.0,3540900,Normal,56,Negatif,Uptrend,Bullish,Bearish MACD,Perfect Uptrend (5>20>50),Normal,Distribusi (Turun),Normal,Seimbang / Adu Mekanik,Normal,Tinggi,Doji (Ragu-ragu),Rawan Pucuk (High Risk),< 1 Miliar,Di Bawah VWAP (Lemah),Distribusi Pro (Guyuran),Gorengan Sepi (< 5M),Sepi (< 50%),Mark-Up (Fase Pesta),Spesialis Tiang Jemuran (Banting Pucuk),Jarum Bawah (Sinyal Pantulan Kuat),Sideways / Stagnan,TP: 129 | CL: 100,Normal,Ideal (1:2),Golden Cross (Awal Bullish),Sentimen Positif 📰,Normal / Sedang Transisi,Mendekati Fibo 50.0%,4,WAIT & SEE,TIDAK ADA,2026-08-19 16:40:03,Biasa / Mengikuti Pasar
16:40,GDYR,Token Mati (Perlu Update),Small Cap (Lapis 3),Overvalued (Mahal),182500.0,7348.993,1095.0,1097,1060,1165,0.45871559633027525,11200,Normal,50,Positif,Downtrend,Golden Cross,Bearish MACD,Perfect Uptrend (5>20>50),Normal,Distribusi (Turun),Normal,Dominan Jual (Guyur),Squeeze,Rendah,Normal,Area Tengah,< 1 Miliar,Persis di VWAP,Akumulasi Pro (Smart Money),Gorengan Sepi (< 5M),Sepi (< 50%),Distribution (Fase Jualan),Normal,Normal,Naik 1 Hari Beruntun,TP: 1128 | CL: 1072,Open = High (Tekanan Jual),Ideal (1:2),Death Cross (Awal Bearish),Netral / Sepi Berita,Supply Banjir (Distribusi) 🌊,Dekat Support Fibo 61.8% (Golden Ratio),2,WAIT & SEE,TIDAK ADA,2026-08-19 16:40:03,Biasa / Mengikuti Pasar
16:40,GEMA,Token Mati (Perlu Update),Small Cap (Lapis 3),Fair Value (Wajar),0.0,0.30242345,81.0,80,79,87,0.0,3822000,Tembus MA20,54,Negatif,Uptrend,Bearish,Bearish MACD,Konsolidasi / Transisi,Normal,Akumulasi (Naik),Normal,Dominan Jual (Guyur),Squeeze,Rendah,Doji (Ragu-ragu),Dekat Support (Low Risk),< 1 Miliar,Persis di VWAP,Distribusi Pro (Guyuran),Gorengan Sepi (< 5M),Anomali Tinggi (150-300%),Mark-Up (Fase Pesta),Spesialis Tiang Jemuran (Banting Pucuk),Normal,Sideways / Stagnan,TP: 84 | CL: 78,Normal,Sangat Menarik (> 1:3),Golden Cross (Awal Bullish),Sentimen Negatif ⚠️,Normal / Sedang Transisi,Dekat Support Fibo 50.0%,4,WAIT & SEE,TIDAK ADA,2026-08-19 16:40:03,Biasa / Mengikuti Pasar
16:40,GEMS,Token Mati (Perlu Update),Big Cap (Lapis 1),Overvalued (Mahal),9.480034,49624.06,6600.0,6543,6350,6800,-1.1235955056179776,40700,Normal,54,Negatif,Uptrend,Bullish,Strong Bullish,Perfect Uptrend (5>20>50),Normal,Akumulasi (Naik),Normal,Dominan Jual (Guyur),Squeeze,Rendah,Normal,Area Tengah,< 1 Miliar,Persis di VWAP,Akumulasi Pro (Smart Money),Gorengan Sepi (< 5M),Normal (50-150%),Mark-Up (Fase Pesta),Spesialis Tiang Jemuran (Banting Pucuk),Normal,Turun 1 Hari Beruntun,TP: 6792 | CL: 6471,Normal,Tidak Ideal (< 1:1),Death Cross (Awal Bearish),Sentimen Positif 📰,Normal / Sedang Transisi,Dekat Support Fibo 61.8% (Golden Ratio),6,WAIT & SEE,TIDAK ADA,2026-08-19 16:40:03,Biasa / Mengikuti Pasar
16:40,GGRM,Token Mati (Perlu Update),Big Cap (Lapis 1),Undervalued (Murah),8.790352,0.60649496,20175.0,19477,17225,21825,-0.4932182490752158,891700,Normal,61,Negatif,Uptrend,Bullish,Bearish MACD,Perfect Uptrend (5>20>50),Normal,Akumulasi (Naik),Normal,Seimbang / Adu Mekanik,Normal,Tinggi,Normal,Rawan Pucuk (High Risk),> 1 Miliar,Persis di VWAP,Distribusi Pro (Guyuran),Ritel Aktif (5M - 50M),Sepi (< 50%),Mark-Up (Fase Pesta),Spesialis Tiang Jemuran (Banting Pucuk),Normal,Turun 1 Hari Beruntun,TP: 21388 | CL: 19366,Normal,Tidak Ideal (< 1:1),Death Cross (Awal Bearish),Sentimen Positif 📰,Normal / Sedang Transisi,Dekat Support Fibo 23.6%,5,WAIT & SEE,TIDAK ADA,2026-08-19 16:40:03,Biasa / Mengikuti Pasar
16:40,GIAA,Token Mati (Perlu Update),Big Cap (Lapis 1),Fair Value (Wajar),0.0,0.0,73.0,60,52,84,-2.666666666666667,184732500,Normal,69,Negatif,Uptrend,Bullish,Strong Bullish,Perfect Uptrend (5>20>50),Normal,Distribusi (Turun),Normal,Dominan Jual (Guyur),Normal,Tinggi,Normal,Rawan Pucuk (High Risk),> 1 Miliar,Di Bawah VWAP (Lemah),Akumulasi Pro (Smart Money),Ritel Aktif (5M - 50M),Sepi (< 50%),Mark-Up (Fase Pesta),Solid (Jarang Dibanting),Normal,Turun 2 Hari Beruntun,TP: 80 | CL: 67,Normal,Tidak Ideal (< 1:1),Death Cross (Awal Bearish),Netral / Sepi Berita,Normal / Sedang Transisi,Mendekati Fibo 38.2%,4,WAIT & SEE,TIDAK ADA,2026-08-19 16:40:03,Biasa / Mengikuti Pasar
16:40,GJTL,Token Mati (Perlu Update),Mid Cap (Lapis 2),Undervalued (Murah),2.921353,0.42258376,1330.0,1260,1115,1350,0.7575757575757576,7691500,Tembus MA20,70,Positif,Uptrend,Bullish,Strong Bullish,Perfect Uptrend (5>20>50),Normal,Akumulasi (Naik),Normal,Seimbang / Adu Mekanik,Normal,Tinggi,Normal,Rawan Pucuk (High Risk),> 1 Miliar,Di Atas VWAP (Kuat),Akumulasi Pro (Smart Money),Ritel Aktif (5M - 50M),Anomali Tinggi (150-300%),Mark-Up (Fase Pesta),Normal,Normal,Naik 3 Hari Beruntun,TP: 1385 | CL: 1292,Normal,Tidak Ideal (< 1:1),Netral / Sideways,Sentimen Positif 📰,Normal / Sedang Transisi,Mendekati Fibo 23.6%,8,BELI,TIDAK ADA,2026-08-19 16:40:03,Biasa / Mengikuti Pasar
16:40,GLOB,Token Mati (Perlu Update),Small Cap (Lapis 3),Fair Value (Wajar),0.0,-0.14307141,155.0,155,155,155,0.0,0,Normal,0,Negatif,Downtrend,Bearish,Bearish MACD,Konsolidasi / Transisi,Normal,Netral,Normal,Tidak Ada Transaksi,Squeeze,Rendah,Doji (Ragu-ragu),Dekat Support (Low Risk),< 1 Miliar,Di Atas VWAP (Kuat),Netral,Gorengan Sepi (< 5M),Normal (50-150%),Sideways,Solid (Jarang Dibanting),Normal,Sideways / Stagnan,TP: 156 | CL: 154,Normal,Di Area Support,Oversold (Jenuh Jual - Peluang),Netral / Sepi Berita,Normal / Sedang Transisi,Normal / Sideways,0,WAIT & SEE,TIDAK ADA,2026-08-19 16:40:03,Biasa / Mengikuti Pasar
16:40,GMTD,Token Mati (Perlu Update),Mid Cap (Lapis 2),Overvalued (Mahal),94.29,1.5061668,1255.0,1291,1220,1550,-1.953125,1900,Normal,43,Negatif,Downtrend,Bearish,Bullish MACD,Strong Downtrend (5<20<50),Normal,Distribusi (Turun),Normal,Dominan Jual (Guyur),Normal,Sedang,Normal,Dekat Support (Low Risk),< 1 Miliar,Persis di VWAP,Akumulasi Pro (Smart Money),Gorengan Sepi (< 5M),Sepi (< 50%),Mark-Down (Fase Runtuh),Spesialis Tiang Jemuran (Banting Pucuk),Normal,Turun 2 Hari Beruntun,TP: 1338 | CL: 1199,Open = High (Tekanan Jual),Sangat Menarik (> 1:3),Oversold (Jenuh Jual - Peluang),Sentimen Positif 📰,Normal / Sedang Transisi,Mendekati Fibo Bottom / 100%,2,WAIT & SEE,TIDAK ADA,2026-08-19 16:40:03,Biasa / Mengikuti Pasar
16:40,GOLD,Token Mati (Perlu Update),Small Cap (Lapis 3),Fair Value (Wajar),22.4,0.76409334,266.0,268,258,322,0.7575757575757576,98600,Normal,51,Positif,Downtrend,Bearish,Bearish MACD,Konsolidasi / Transisi,Normal,Distribusi (Turun),Gap Up (+5.3%),Dominan Jual (Guyur),Normal,Sedang,Normal,Area Tengah,< 1 Miliar,Di Bawah VWAP (Lemah),Distribusi Pro (Guyuran),Gorengan Sepi (< 5M),Normal (50-150%),Distribution (Fase Jualan),Spesialis Tiang Jemuran (Banting Pucuk),Normal,Naik 1 Hari Beruntun,TP: 284 | CL: 253,Normal,Sangat Menarik (> 1:3),Golden Cross (Awal Bullish),Netral / Sepi Berita,Supply Kering (Siap Pump) 🏜️,Golden Rebound Fibo 61.8% (Golden Ratio) 🎯,3,WAIT & SEE,TIDAK ADA,2026-08-19 16:40:03,Biasa / Mengikuti Pasar
16:40,GPRA,Token Mati (Perlu Update),Small Cap (Lapis 3),Undervalued (Murah),6.9899244,0.34928176,110.0,105,97,114,-0.9009009009009009,199033200,Tembus MA20,61,Negatif,Uptrend,Bullish,Strong Bullish,Perfect Uptrend (5>20>50),Normal,Distribusi (Turun),Normal,Dominan Jual (Guyur),Normal,Sedang,Normal,Rawan Pucuk (High Risk),> 1 Miliar,Di Atas VWAP (Kuat),Akumulasi Pro (Smart Money),Ritel Aktif (5M - 50M),Normal (50-150%),Mark-Up (Fase Pesta),Normal,Normal,Turun 1 Hari Beruntun,TP: 117 | CL: 105,Normal,Tidak Ideal (< 1:1),Death Cross (Awal Bearish),Sentimen Positif 📰,Normal / Sedang Transisi,Dekat Support Fibo 23.6%,6,WAIT & SEE,TIDAK ADA,2026-08-19 16:40:03,Biasa / Mengikuti Pasar
16:40,GSMF,Token Mati (Perlu Update),Mid Cap (Lapis 2),Overvalued (Mahal),52.631577,0.552093,90.0,87,83,97,1.1235955056179776,5465700,Normal,57,Positif,Uptrend,Golden Cross,Strong Bullish,Perfect Uptrend (5>20>50),Normal,Akumulasi (Naik),Normal,Seimbang / Adu Mekanik,Squeeze,Rendah,Normal,Area Tengah,< 1 Miliar,Di Atas VWAP (Kuat),Distribusi Pro (Guyuran),Gorengan Sepi (< 5M),Normal (50-150%),Mark-Up (Fase Pesta),Spesialis Tiang Jemuran (Banting Pucuk),Normal,Naik 1 Hari Beruntun,TP: 97 | CL: 85,Normal,Menengah (1:1),Netral / Sideways,Netral / Sepi Berita,Normal / Sedang Transisi,Mengambang (Jauh dari Fibo),6,WAIT & SEE,TIDAK ADA,2026-08-19 16:40:03,Biasa / Mengikuti Pasar
16:40,GTBO,Token Mati (Perlu Update),Small Cap (Lapis 3),Overvalued (Mahal),0.0,9444.445,170.0,170,170,170,0.0,0,Normal,27,Negatif,Downtrend,Bearish,Bullish MACD,Konsolidasi / Transisi,Normal,Netral,Normal,Tidak Ada Transaksi,Squeeze,Rendah,Doji (Ragu-ragu),Dekat Support (Low Risk),< 1 Miliar,Di Atas VWAP (Kuat),Netral,Gorengan Sepi (< 5M),Normal (50-150%),Sideways,Solid (Jarang Dibanting),Normal,Sideways / Stagnan,TP: 171 | CL: 169,Normal,Di Area Support,Oversold (Jenuh Jual - Peluang),Netral / Sepi Berita,Normal / Sedang Transisi,Mengambang (Jauh dari Fibo),1,WAIT & SEE,TIDAK ADA,2026-08-19 16:40:03,Biasa / Mengikuti Pasar
16:40,GWSA,Token Mati (Perlu Update),Mid Cap (Lapis 2),Undervalued (Murah),8.571428,0.15727124,147.0,133,120,149,3.5211267605633805,2313600,Tembus MA20,71,Positif,Uptrend,Bullish,Strong Bullish,Perfect Uptrend (5>20>50),Normal,Akumulasi (Naik),Normal,Dominan Beli (Hajar Kanan),Normal,Tinggi,Normal,Rawan Pucuk (High Risk),< 1 Miliar,Di Atas VWAP (Kuat),Akumulasi Pro (Smart Money),Gorengan Sepi (< 5M),Normal (50-150%),Mark-Up (Fase Pesta),Spesialis Tiang Jemuran (Banting Pucuk),Normal,Naik 2 Hari Beruntun,TP: 158 | CL: 139,Normal,Tidak Ideal (< 1:1),Netral / Sideways,Sentimen Negatif ⚠️,Normal / Sedang Transisi,Mengambang (Jauh dari Fibo),8,BELI,TIDAK ADA,2026-08-19 16:40:03,Biasa / Mengikuti Pasar
16:40,GZCO,Token Mati (Perlu Update),Small Cap (Lapis 3),Undervalued (Murah),8.811475,0.82420874,172.0,166,142,202,0.0,7965400,Normal,60,Negatif,Uptrend,Bullish,Bearish MACD,Perfect Uptrend (5>20>50),Normal,Akumulasi (Naik),Normal,Seimbang / Adu Mekanik,Normal,Tinggi,Doji (Ragu-ragu),Rawan Pucuk (High Risk),> 1 Miliar,Persis di VWAP,Distribusi Pro (Guyuran),Gorengan Sepi (< 5M),Sepi (< 50%),Mark-Up (Fase Pesta),Spesialis Tiang Jemuran (Banting Pucuk),Jarum Bawah (Sinyal Pantulan Kuat),Sideways / Stagnan,TP: 188 | CL: 161,Normal,Menengah (1:1),Netral / Sideways,Sentimen Positif 📰,Normal / Sedang Transisi,Mendekati Fibo 38.2%,5,WAIT & SEE,TIDAK ADA,2026-08-19 16:40:03,Biasa / Mengikuti Pasar
16:40,HADE,Token Mati (Perlu Update),Small Cap (Lapis 3),Overvalued (Mahal),0.0,8.603239,17.0,18,17,20,0.0,4574100,Tembus MA20,44,Negatif,Downtrend,Bearish,Strong Bearish,Konsolidasi / Transisi,Normal,Distribusi (Turun),Normal,Tidak Ada Transaksi,Bottom Rebound,Tinggi,Doji (Ragu-ragu),Dekat Support (Low Risk),< 1 Miliar,Di Bawah VWAP (Lemah),Distribusi Pro (Guyuran),Gorengan Sepi (< 5M),Normal (50-150%),Distribution (Fase Jualan),Normal,Normal,Sideways / Stagnan,TP: 18 | CL: 16,Normal,Di Area Support,Oversold (Jenuh Jual - Peluang),Netral / Sepi Berita,Normal / Sedang Transisi,Mendekati Fibo 50.0%,1,WAIT & SEE,TIDAK ADA,2026-08-19 16:40:03,Biasa / Mengikuti Pasar
16:40,HDFA,Token Mati (Perlu Update),Small Cap (Lapis 3),Fair Value (Wajar),0.0,1.3149506,99.0,94,86,130,1.0204081632653061,10893300,Tembus MA20,57,Positif,Uptrend,Bullish,Strong Bullish,Perfect Uptrend (5>20>50),Normal,Akumulasi (Naik),Normal,Dominan Jual (Guyur),Normal,Tinggi,Doji (Ragu-ragu),Rawan Pucuk (High Risk),> 1 Miliar,Di Bawah VWAP (Lemah),Distribusi Pro (Guyuran),Gorengan Sepi (< 5M),Anomali Tinggi (150-300%),Mark-Up (Fase Pesta),Spesialis Tiang Jemuran (Banting Pucuk),Normal,Naik 2 Hari Beruntun,TP: 114 | CL: 88,Normal,Ideal (1:2),Golden Cross (Awal Bullish),Netral / Sepi Berita,Normal / Sedang Transisi,Mendekati Fibo 61.8% (Golden Ratio),7,BELI,TIDAK ADA,2026-08-19 16:40:03,Biasa / Mengikuti Pasar
16:40,HERO,Token Mati (Perlu Update),Mid Cap (Lapis 2),Overvalued (Mahal),110.963455,0.81170607,334.0,341,318,372,-1.183431952662722,846600,Tembus MA20,47,Negatif,Downtrend,Bearish,Bearish MACD,Konsolidasi / Transisi,Distribusi Kuat,Distribusi (Turun),Normal,Seimbang / Adu Mekanik,Squeeze,Rendah,Normal,Area Tengah,< 1 Miliar,Persis di VWAP,Akumulasi Pro (Smart Money),Gorengan Sepi (< 5M),Anomali Tinggi (150-300%),Distribution (Fase Jualan),Normal,Normal,Turun 2 Hari Beruntun,TP: 362 | CL: 314,Normal,Ideal (1:2),Netral / Sideways,Netral / Sepi Berita,Normal / Sedang Transisi,Dekat Support Fibo 78.6%,1,WAIT & SEE,TIDAK ADA,2026-08-19 16:40:03,Biasa / Mengikuti Pasar
16:40,HEXA,Token Mati (Perlu Update),Mid Cap (Lapis 2),Overvalued (Mahal),14.405802,21633.662,4360.0,4462,4350,4570,-0.683371298405467,318900,Tembus MA20,37,Negatif,Downtrend,Bearish,Strong Bearish,Konsolidasi / Transisi,Normal,Distribusi (Turun),Normal,Dominan Jual (Guyur),Squeeze,Rendah,Normal,Dekat Support (Low Risk),> 1 Miliar,Persis di VWAP,Distribusi Pro (Guyuran),Gorengan Sepi (< 5M),Normal (50-150%),Distribution (Fase Jualan),Normal,Normal,Turun 6 Hari Beruntun,TP: 4417 | CL: 4321,Normal,Sangat Menarik (> 1:3),Oversold (Jenuh Jual - Peluang),Sentimen Positif 📰,Supply Banjir (Distribusi) 🌊,Golden Rebound Fibo 50.0% 🎯,2,WAIT & SEE,TIDAK ADA,2026-08-19 16:40:03,Biasa / Mengikuti Pasar
16:40,HITS,Token Mati (Perlu Update),Small Cap (Lapis 3),Overvalued (Mahal),24.21712,14499.999,116.0,116,116,116,0.0,0,Normal,0,Negatif,Downtrend,Bearish,Bearish MACD,Konsolidasi / Transisi,Normal,Netral,Normal,Tidak Ada Transaksi,Squeeze,Rendah,Doji (Ragu-ragu),Dekat Support (Low Risk),< 1 Miliar,Di Atas VWAP (Kuat),Netral,Gorengan Sepi (< 5M),Normal (50-150%),Sideways,Solid (Jarang Dibanting),Normal,Sideways / Stagnan,TP: 117 | CL: 115,Normal,Di Area Support,Oversold (Jenuh Jual - Peluang),Netral / Sepi Berita,Normal / Sedang Transisi,Normal / Sideways,0,WAIT & SEE,TIDAK ADA,2026-08-19 16:40:03,Biasa / Mengikuti Pasar
16:40,HMSP,Token Mati (Perlu Update),Big Cap (Lapis 1),Overvalued (Mahal),9.797388,3.283537,735.0,738,705,790,-1.342281879194631,9987700,Normal,53,Negatif,Downtrend,Bullish,Bearish MACD,Perfect Uptrend (5>20>50),Normal,Distribusi (Turun),Normal,Dominan Jual (Guyur),Normal,Sedang,Normal,Area Tengah,> 1 Miliar,Persis di VWAP,Akumulasi Pro (Smart Money),Ritel Aktif (5M - 50M),Normal (50-150%),Distribution (Fase Jualan),Normal,Normal,Turun 2 Hari Beruntun,TP: 769 | CL: 711,Open = High (Tekanan Jual),Ideal (1:2),Netral / Sideways,Sentimen Positif 📰,Normal / Sedang Transisi,Mendekati Fibo 38.2%,3,WAIT & SEE,TIDAK ADA,2026-08-19 16:40:03,Biasa / Mengikuti Pasar
16:40,HRUM,Token Mati (Perlu Update),Big Cap (Lapis 1),Overvalued (Mahal),14.6447,12054.795,880.0,840,775,910,-0.5649717514124294,15671600,Normal,60,Negatif,Uptrend,Bullish,Strong Bullish,Perfect Uptrend (5>20>50),Normal,Akumulasi (Naik),Normal,Seimbang / Adu Mekanik,Normal,Sedang,Normal,Rawan Pucuk (High Risk),> 1 Miliar,Di Atas VWAP (Kuat),Akumulasi Pro (Smart Money),Ritel Aktif (5M - 50M),Normal (50-150%),Mark-Up (Fase Pesta),Normal,Normal,Turun 1 Hari Beruntun,TP: 936 | CL: 842,Normal,Tidak Ideal (< 1:1),Netral / Sideways,Sentimen Positif 📰,Normal / Sedang Transisi,Mendekati Fibo 23.6%,6,WAIT & SEE,TIDAK ADA,2026-08-19 16:40:03,Biasa / Mengikuti Pasar
16:40,IATA,Token Mati (Perlu Update),Mid Cap (Lapis 2),Overvalued (Mahal),68.53933,30499.998,121.0,92,57,138,10.0,1564780200,Tembus MA20,70,Positif,Uptrend,Bullish,Strong Bullish,Perfect Uptrend (5>20>50),Normal,Akumulasi (Naik),Normal,Dominan Beli (Hajar Kanan),Normal,Tinggi,Normal,Rawan Pucuk (High Risk),> 1 Miliar,Persis di VWAP,Distribusi Pro (Guyuran),Sultan (> 50M/hari),Normal (50-150%),Mark-Up (Fase Pesta),Normal,Normal,Naik 1 Hari Beruntun,TP: 142 | CL: 106,Normal,Tidak Ideal (< 1:1),Netral / Sideways,Netral / Sepi Berita,Normal / Sedang Transisi,Mendekati Fibo 23.6%,8,BELI,TIDAK ADA,2026-08-19 16:40:03,⚠️ Anomali (Sudah Terbang)
16:40,IBFN,Token Mati (Perlu Update),Small Cap (Lapis 3),Fair Value (Wajar),0.0,-0.12351173,63.0,63,63,63,0.0,0,Normal,46,Negatif,Downtrend,Bearish,Bullish MACD,Konsolidasi / Transisi,Normal,Netral,Normal,Tidak Ada Transaksi,Squeeze,Rendah,Doji (Ragu-ragu),Dekat Support (Low Risk),< 1 Miliar,Di Atas VWAP (Kuat),Netral,Gorengan Sepi (< 5M),Normal (50-150%),Sideways,Solid (Jarang Dibanting),Normal,Sideways / Stagnan,TP: 64 | CL: 62,Normal,Di Area Support,Oversold (Jenuh Jual - Peluang),Netral / Sepi Berita,Normal / Sedang Transisi,Golden Rebound Fibo 61.8% (Golden Ratio) 🎯,1,WAIT & SEE,TIDAK ADA,2026-08-19 16:40:03,Biasa / Mengikuti Pasar
16:40,IBST,Token Mati (Perlu Update),Big Cap (Lapis 1),Overvalued (Mahal),29.15477,4.1746283,8475.0,8475,8475,8475,0.0,0,Normal,0,Negatif,Downtrend,Bearish,Bearish MACD,Konsolidasi / Transisi,Normal,Netral,Normal,Tidak Ada Transaksi,Squeeze,Rendah,Doji (Ragu-ragu),Dekat Support (Low Risk),< 1 Miliar,Di Atas VWAP (Kuat),Netral,Gorengan Sepi (< 5M),Normal (50-150%),Sideways,Solid (Jarang Dibanting),Normal,Sideways / Stagnan,TP: 8476 | CL: 8474,Normal,Di Area Support,Oversold (Jenuh Jual - Peluang),Netral / Sepi Berita,Normal / Sedang Transisi,Normal / Sideways,0,WAIT & SEE,TIDAK ADA,2026-08-19 16:40:03,Biasa / Mengikuti Pasar
16:40,ICBP,Token Mati (Perlu Update),Big Cap (Lapis 1),Fair Value (Wajar),12.0876,1.6907396,7650.0,7302,6875,7800,0.32786885245901637,1880300,Normal,72,Positif,Uptrend,Bullish,Strong Bullish,Perfect Uptrend (5>20>50),Normal,Akumulasi (Naik),Normal,Dominan Jual (Guyur),Normal,Tinggi,Doji (Ragu-ragu),Rawan Pucuk (High Risk),> 1 Miliar,Persis di VWAP,Distribusi Pro (Guyuran),Ritel Aktif (5M - 50M),Sepi (< 50%),Mark-Up (Fase Pesta),Normal,Normal,Naik 3 Hari Beruntun,TP: 7904 | CL: 7480,Normal,Tidak Ideal (< 1:1),Overbought (Jenuh Beli - Rawan),Sentimen Negatif ⚠️,Normal / Sedang Transisi,Mendekati Fibo 23.6%,6,WAIT & SEE,TIDAK ADA,2026-08-19 16:40:03,Biasa / Mengikuti Pasar
16:40,ICON,Token Mati (Perlu Update),Small Cap (Lapis 3),Fair Value (Wajar),0.0,0.93213105,132.0,115,96,153,-0.7518796992481203,14188400,Normal,67,Negatif,Uptrend,Bullish,Strong Bullish,Perfect Uptrend (5>20>50),Normal,Distribusi (Turun),Normal,Dominan Jual (Guyur),Normal,Tinggi,Normal,Rawan Pucuk (High Risk),> 1 Miliar,Persis di VWAP,Akumulasi Pro (Smart Money),Ritel Aktif (5M - 50M),Sepi (< 50%),Mark-Up (Fase Pesta),Spesialis Tiang Jemuran (Banting Pucuk),Normal,Turun 3 Hari Beruntun,TP: 151 | CL: 118,Normal,Tidak Ideal (< 1:1),Death Cross (Awal Bearish),Sentimen Positif 📰,Normal / Sedang Transisi,Dekat Support Fibo 38.2%,5,WAIT & SEE,TIDAK ADA,2026-08-19 16:40:03,Biasa / Mengikuti Pasar
16:40,IGAR,Token Mati (Perlu Update),Small Cap (Lapis 3),Undervalued (Murah),6.200707,0.5911889,456.0,438,414,500,0.8849557522123894,15600,Normal,72,Positif,Uptrend,Bullish,Strong Bullish,Perfect Uptrend (5>20>50),Normal,Akumulasi (Naik),Normal,Seimbang / Adu Mekanik,Normal,Sedang,Normal,Rawan Pucuk (High Risk),< 1 Miliar,Di Atas VWAP (Kuat),Akumulasi Pro (Smart Money),Gorengan Sepi (< 5M),Sepi (< 50%),Mark-Up (Fase Pesta),Spesialis Tiang Jemuran (Banting Pucuk),Normal,Naik 1 Hari Beruntun,TP: 473 | CL: 444,Open = Low (Bullish Kuat),Menengah (1:1),Netral / Sideways,Sentimen Positif 📰,Normal / Sedang Transisi,Dekat Support Fibo 50.0%,7,BELI,TIDAK ADA,2026-08-19 16:40:03,Biasa / Mengikuti Pasar
16:40,IKAI,Token Mati (Perlu Update),Small Cap (Lapis 3),Fair Value (Wajar),0.0,0.45331892,21.0,20,19,23,5.0,6229500,Normal,53,Positif,Uptrend,Bearish,Bearish MACD,Konsolidasi / Transisi,Normal,Distribusi (Turun),Normal,Dominan Beli (Hajar Kanan),Normal,Tinggi,Marubozu (Strong Bullish),Rawan Pucuk (High Risk),< 1 Miliar,Di Atas VWAP (Kuat),Distribusi Pro (Guyuran),Gorengan Sepi (< 5M),Normal (50-150%),Mark-Up (Fase Pesta),Normal,Normal,Naik 1 Hari Beruntun,TP: 22 | CL: 20,Open = Low (Bullish Kuat),Menengah (1:1),Netral / Sideways,Netral / Sepi Berita,Normal / Sedang Transisi,Dekat Support Fibo 38.2%,4,WAIT & SEE,TIDAK ADA,2026-08-19 16:40:03,Biasa / Mengikuti Pasar
16:40,IKBI,Token Mati (Perlu Update),Small Cap (Lapis 3),Overvalued (Mahal),4.9037924,7291.667,525.0,554,504,753,-0.9433962264150944,1132900,Normal,46,Negatif,Downtrend,Death Cross,Bearish MACD,Konsolidasi / Transisi,Normal,Distribusi (Turun),Normal,Seimbang / Adu Mekanik,Normal,Tinggi,Normal,Area Tengah,< 1 Miliar,Di Bawah VWAP (Lemah),Distribusi Pro (Guyuran),Gorengan Sepi (< 5M),Sepi (< 50%),Distribution (Fase Jualan),Normal,Normal,Turun 2 Hari Beruntun,TP: 606 | CL: 470,Normal,Sangat Menarik (> 1:3),Oversold (Jenuh Jual - Peluang),Sentimen Positif 📰,Normal / Sedang Transisi,Mendekati Fibo 78.6%,1,WAIT & SEE,TIDAK ADA,2026-08-19 16:40:03,Biasa / Mengikuti Pasar
16:40,IMAS,Token Mati (Perlu Update),Mid Cap (Lapis 2),Overvalued (Mahal),35.64317,0.25231218,900.0,859,820,910,4.651162790697675,453800,Tembus MA20,66,Positif,Uptrend,Golden Cross,Strong Bullish,Perfect Uptrend (5>20>50),Normal,Akumulasi (Naik),Normal,Dominan Beli (Hajar Kanan),Squeeze,Rendah,Normal,Area Tengah,< 1 Miliar,Di Atas VWAP (Kuat),Akumulasi Pro (Smart Money),Gorengan Sepi (< 5M),Anomali Tinggi (150-300%),Mark-Up (Fase Pesta),Normal,Normal,Naik 1 Hari Beruntun,TP: 943 | CL: 870,Normal,Tidak Ideal (< 1:1),Netral / Sideways,Sentimen Positif 📰,Normal / Sedang Transisi,Dekat Support Fibo 50.0%,9,BELI,TIDAK ADA,2026-08-19 16:40:03,Biasa / Mengikuti Pasar
16:40,IMJS,Token Mati (Perlu Update),Mid Cap (Lapis 2),Undervalued (Murah),9.151414,0.32541105,165.0,157,143,172,1.2269938650306749,2570200,Normal,62,Positif,Uptrend,Bullish,Bearish MACD,Perfect Uptrend (5>20>50),Normal,Akumulasi (Naik),Normal,Dominan Beli (Hajar Kanan),Normal,Tinggi,Normal,Rawan Pucuk (High Risk),< 1 Miliar,Di Atas VWAP (Kuat),Akumulasi Pro (Smart Money),Gorengan Sepi (< 5M),Normal (50-150%),Mark-Up (Fase Pesta),Spesialis Tiang Jemuran (Banting Pucuk),Normal,Naik 3 Hari Beruntun,TP: 175 | CL: 158,Normal,Tidak Ideal (< 1:1),Netral / Sideways,Sentimen Positif 📰,Normal / Sedang Transisi,Mendekati Fibo 38.2%,7,BELI,TIDAK ADA,2026-08-19 16:40:03,Biasa / Mengikuti Pasar
16:40,IMPC,Token Mati (Perlu Update),Big Cap (Lapis 1),Overvalued (Mahal),96.53465,23.652338,1370.0,1508,1355,1645,-2.142857142857143,8908700,Normal,36,Negatif,Downtrend,Bearish,Strong Bearish,Strong Downtrend (5<20<50),Normal,Distribusi (Turun),Normal,Seimbang / Adu Mekanik,Normal,Tinggi,Normal,Dekat Support (Low Risk),> 1 Miliar,Di Bawah VWAP (Lemah),Distribusi Pro (Guyuran),Ritel Aktif (5M - 50M),Normal (50-150%),Mark-Down (Fase Runtuh),Spesialis Tiang Jemuran (Banting Pucuk),Normal,Turun 2 Hari Beruntun,TP: 1458 | CL: 1310,Open = High (Tekanan Jual),Sangat Menarik (> 1:3),Oversold (Jenuh Jual - Peluang),Netral / Sepi Berita,Normal / Sedang Transisi,Mengambang (Jauh dari Fibo),0,WAIT & SEE,TIDAK ADA,2026-08-19 16:40:03,Biasa / Mengikuti Pasar
16:40,INAF,Token Mati (Perlu Update),Small Cap (Lapis 3),Fair Value (Wajar),0.0,-0.5276603,126.0,126,126,126,0.0,0,Normal,0,Negatif,Downtrend,Bearish,Bearish MACD,Konsolidasi / Transisi,Normal,Netral,Normal,Tidak Ada Transaksi,Squeeze,Rendah,Doji (Ragu-ragu),Dekat Support (Low Risk),< 1 Miliar,Di Atas VWAP (Kuat),Netral,Gorengan Sepi (< 5M),Normal (50-150%),Sideways,Solid (Jarang Dibanting),Normal,Sideways / Stagnan,TP: 127 | CL: 125,Normal,Di Area Support,Oversold (Jenuh Jual - Peluang),Netral / Sepi Berita,Normal / Sedang Transisi,Normal / Sideways,0,WAIT & SEE,TIDAK ADA,2026-08-19 16:40:03,Biasa / Mengikuti Pasar
16:40,INAI,Token Mati (Perlu Update),Small Cap (Lapis 3),Fair Value (Wajar),0.0,1.7012656,173.0,174,157,220,-1.1428571428571428,377800,Normal,55,Negatif,Downtrend,Bearish,Bearish MACD,Konsolidasi / Transisi,Normal,Akumulasi (Naik),Normal,Seimbang / Adu Mekanik,Normal,Sedang,Normal,Rawan Pucuk (High Risk),< 1 Miliar,Persis di VWAP,Distribusi Pro (Guyuran),Gorengan Sepi (< 5M),Sepi (< 50%),Distribution (Fase Jualan),Spesialis Tiang Jemuran (Banting Pucuk),Normal,Turun 1 Hari Beruntun,TP: 190 | CL: 161,Open = High (Tekanan Jual),Ideal (1:2),Netral / Sideways,Sentimen Negatif ⚠️,Normal / Sedang Transisi,Dekat Support Fibo 50.0%,2,WAIT & SEE,TIDAK ADA,2026-08-19 16:40:03,Biasa / Mengikuti Pasar
16:40,INCI,Token Mati (Perlu Update),Small Cap (Lapis 3),Undervalued (Murah),7.9015217,0.28532615,665.0,665,635,690,-0.7462686567164178,37500,Tembus MA20,51,Negatif,Downtrend,Bullish,Bearish MACD,Perfect Uptrend (5>20>50),Normal,Distribusi (Turun),Normal,Dominan Jual (Guyur),Squeeze,Rendah,Normal,Area Tengah,< 1 Miliar,Persis di VWAP,Akumulasi Pro (Smart Money),Gorengan Sepi (< 5M),Normal (50-150%),Sideways,Spesialis Tiang Jemuran (Banting Pucuk),Normal,Turun 1 Hari Beruntun,TP: 699 | CL: 641,Normal,Tidak Ideal (< 1:1),Netral / Sideways,Sentimen Positif 📰,Normal / Sedang Transisi,Dekat Support Fibo 38.2%,4,WAIT & SEE,TIDAK ADA,2026-08-19 16:40:03,Biasa / Mengikuti Pasar
16:40,INCO,Token Mati (Perlu Update),Big Cap (Lapis 1),Overvalued (Mahal),19.333334,18866.172,5050.0,5134,4620,5700,-3.8095238095238098,8307100,Normal,49,Negatif,Downtrend,Bullish,Bearish MACD,Perfect Uptrend (5>20>50),Normal,Akumulasi (Naik),Normal,Dominan Jual (Guyur),Normal,Tinggi,Normal,Area Tengah,> 1 Miliar,Di Bawah VWAP (Lemah),Distribusi Pro (Guyuran),Ritel Aktif (5M - 50M),Normal (50-150%),Distribution (Fase Jualan),Normal,Normal,Turun 1 Hari Beruntun,TP: 5455 | CL: 4779,Open = High (Tekanan Jual),Ideal (1:2),Netral / Sideways,Sentimen Positif 📰,Normal / Sedang Transisi,Dekat Support Fibo 38.2%,3,WAIT & SEE,TIDAK ADA,2026-08-19 16:40:03,Biasa / Mengikuti Pasar
16:40,INDF,Token Mati (Perlu Update),Big Cap (Lapis 1),Undervalued (Murah),6.674312,0.83324254,7275.0,7141,6775,7450,-1.0204081632653061,4326400,Normal,61,Negatif,Uptrend,Bullish,Bearish MACD,Perfect Uptrend (5>20>50),Normal,Distribusi (Turun),Normal,Dominan Jual (Guyur),Normal,Sedang,Normal,Area Tengah,> 1 Miliar,Persis di VWAP,Akumulasi Pro (Smart Money),Ritel Aktif (5M - 50M),Normal (50-150%),Mark-Up (Fase Pesta),Normal,Normal,Turun 2 Hari Beruntun,TP: 7502 | CL: 7123,Normal,Tidak Ideal (< 1:1),Death Cross (Awal Bearish),Netral / Sepi Berita,Normal / Sedang Transisi,Mendekati Fibo 23.6%,3,WAIT & SEE,TIDAK ADA,2026-08-19 16:40:03,Biasa / Mengikuti Pasar
16:40,INDR,Token Mati (Perlu Update),Mid Cap (Lapis 2),Overvalued (Mahal),8.439879,4166.6665,2350.0,2228,1930,2570,-1.6736401673640167,21700,Normal,61,Negatif,Uptrend,Bullish,Strong Bullish,Perfect Uptrend (5>20>50),Normal,Distribusi (Turun),Normal,Seimbang / Adu Mekanik,Normal,Tinggi,Normal,Rawan Pucuk (High Risk),< 1 Miliar,Di Bawah VWAP (Lemah),Akumulasi Pro (Smart Money),Gorengan Sepi (< 5M),Normal (50-150%),Mark-Up (Fase Pesta),Spesialis Tiang Jemuran (Banting Pucuk),Normal,Turun 3 Hari Beruntun,TP: 2561 | CL: 2209,Normal,Tidak Ideal (< 1:1),Death Cross (Awal Bearish),Netral / Sepi Berita,Normal / Sedang Transisi,Dekat Support Fibo 23.6%,4,WAIT & SEE,TIDAK ADA,2026-08-19 16:40:03,Biasa / Mengikuti Pasar
16:40,INDS,Token Mati (Perlu Update),Mid Cap (Lapis 2),Overvalued (Mahal),26.666666,0.498493,260.0,273,258,294,-0.7633587786259541,1648500,Normal,42,Negatif,Downtrend,Bearish,Strong Bearish,Konsolidasi / Transisi,Normal,Distribusi (Turun),Normal,Seimbang / Adu Mekanik,Bottom Rebound,Sedang,Normal,Dekat Support (Low Risk),< 1 Miliar,Di Bawah VWAP (Lemah),Akumulasi Pro (Smart Money),Gorengan Sepi (< 5M),Normal (50-150%),Distribution (Fase Jualan),Normal,Normal,Turun 4 Hari Beruntun,TP: 275 | CL: 249,Open = High (Tekanan Jual),Sangat Menarik (> 1:3),Oversold (Jenuh Jual - Peluang),Sentimen Positif 📰,Normal / Sedang Transisi,Mendekati Fibo 78.6%,1,WAIT & SEE,TIDAK ADA,2026-08-19 16:40:03,Biasa / Mengikuti Pasar
16:40,INDX,Token Mati (Perlu Update),Small Cap (Lapis 3),Overvalued (Mahal),769.2308,1.1392765,60.0,60,60,60,0.0,0,Normal,32,Negatif,Downtrend,Bearish,Bullish MACD,Konsolidasi / Transisi,Normal,Netral,Normal,Tidak Ada Transaksi,Squeeze,Rendah,Doji (Ragu-ragu),Dekat Support (Low Risk),< 1 Miliar,Di Atas VWAP (Kuat),Netral,Gorengan Sepi (< 5M),Normal (50-150%),Sideways,Solid (Jarang Dibanting),Normal,Sideways / Stagnan,TP: 61 | CL: 59,Normal,Di Area Support,Oversold (Jenuh Jual - Peluang),Netral / Sepi Berita,Normal / Sedang Transisi,Mengambang (Jauh dari Fibo),1,WAIT & SEE,TIDAK ADA,2026-08-19 16:40:03,Biasa / Mengikuti Pasar
16:40,INDY,Token Mati (Perlu Update),Big Cap (Lapis 1),Overvalued (Mahal),52.1687,11347.826,2610.0,2561,2310,2760,-2.973977695167286,18505900,Normal,56,Negatif,Uptrend,Golden Cross,Bearish MACD,Perfect Uptrend (5>20>50),Normal,Akumulasi (Naik),Normal,Dominan Jual (Guyur),Normal,Sedang,Normal,Rawan Pucuk (High Risk),> 1 Miliar,Di Atas VWAP (Kuat),Distribusi Pro (Guyuran),Sultan (> 50M/hari),Normal (50-150%),Mark-Up (Fase Pesta),Normal,Normal,Turun 1 Hari Beruntun,TP: 2858 | CL: 2444,Normal,Tidak Ideal (< 1:1),Death Cross (Awal Bearish),Sentimen Positif 📰,Normal / Sedang Transisi,Mendekati Fibo 38.2%,5,WAIT & SEE,TIDAK ADA,2026-08-19 16:40:03,Biasa / Mengikuti Pasar
16:40,INKP,Token Mati (Perlu Update),Big Cap (Lapis 1),Overvalued (Mahal),4.0172453,6596.958,8675.0,8261,7550,8850,-0.5730659025787965,3233300,Normal,69,Negatif,Uptrend,Bullish,Strong Bullish,Perfect Uptrend (5>20>50),Normal,Akumulasi (Naik),Normal,Dominan Jual (Guyur),Normal,Sedang,Normal,Rawan Pucuk (High Risk),> 1 Miliar,Di Atas VWAP (Kuat),Akumulasi Pro (Smart Money),Ritel Aktif (5M - 50M),Normal (50-150%),Mark-Up (Fase Pesta),Normal,Normal,Turun 1 Hari Beruntun,TP: 9060 | CL: 8417,Normal,Tidak Ideal (< 1:1),Overbought (Jenuh Beli - Rawan),Sentimen Positif 📰,Normal / Sedang Transisi,Mendekati Fibo 23.6%,6,WAIT & SEE,TIDAK ADA,2026-08-19 16:40:03,Biasa / Mengikuti Pasar
16:40,INPC,Token Mati (Perlu Update),Mid Cap (Lapis 2),Fair Value (Wajar),0.0,0.7573897,146.0,139,129,149,5.797101449275362,10782300,Tembus MA20,62,Positif,Uptrend,Golden Cross,Bearish MACD,Perfect Uptrend (5>20>50),Akumulasi Kuat,Akumulasi (Naik),Normal,Dominan Beli (Hajar Kanan),Breakout Upper,Sedang,Normal,Rawan Pucuk (High Risk),> 1 Miliar,Di Atas VWAP (Kuat),Akumulasi Pro (Smart Money),Gorengan Sepi (< 5M),Ledakan Ekstrem (> 300%),Mark-Up (Fase Pesta),Spesialis Tiang Jemuran (Banting Pucuk),Normal,Naik 1 Hari Beruntun,TP: 155 | CL: 140,Normal,Tidak Ideal (< 1:1),Netral / Sideways,Netral / Sepi Berita,Normal / Sedang Transisi,Dekat Support Fibo 23.6%,8,BELI,TIDAK ADA,2026-08-19 16:40:03,Biasa / Mengikuti Pasar
16:40,INPP,Token Mati (Perlu Update),Mid Cap (Lapis 2),Overvalued (Mahal),278.19547,1.4427538,740.0,716,670,850,0.0,873100,Tembus MA20,55,Negatif,Uptrend,Bullish,Strong Bullish,Awal Reversal (5>20),Akumulasi Kuat,Distribusi (Turun),Normal,Dominan Beli (Hajar Kanan),Normal,Tinggi,Hammer (Potensi Reversal),Rawan Pucuk (High Risk),< 1 Miliar,Persis di VWAP,Akumulasi Pro (Smart Money),Gorengan Sepi (< 5M),Anomali Tinggi (150-300%),Accumulation (Kumpul Barang),Normal,Jarum Bawah (Sinyal Pantulan Kuat),Sideways / Stagnan,TP: 819 | CL: 687,Normal,Ideal (1:2),Netral / Sideways,Sentimen Positif 📰,Normal / Sedang Transisi,Golden Rebound Fibo 50.0% 🎯,8,BELI,TIDAK ADA,2026-08-19 16:40:03,Biasa / Mengikuti Pasar
16:40,INTA,Token Mati (Perlu Update),Small Cap (Lapis 3),Fair Value (Wajar),0.0,-0.106124796,61.0,61,61,61,0.0,0,Normal,43,Negatif,Downtrend,Bearish,Bullish MACD,Konsolidasi / Transisi,Normal,Netral,Normal,Tidak Ada Transaksi,Squeeze,Rendah,Doji (Ragu-ragu),Dekat Support (Low Risk),< 1 Miliar,Di Atas VWAP (Kuat),Netral,Gorengan Sepi (< 5M),Normal (50-150%),Sideways,Solid (Jarang Dibanting),Normal,Sideways / Stagnan,TP: 62 | CL: 60,Normal,Di Area Support,Oversold (Jenuh Jual - Peluang),Netral / Sepi Berita,Normal / Sedang Transisi,Mendekati Fibo Bottom / 100%,1,WAIT & SEE,TIDAK ADA,2026-08-19 16:40:03,Biasa / Mengikuti Pasar
16:40,INTD,Token Mati (Perlu Update),Small Cap (Lapis 3),Overvalued (Mahal),57.350563,4.910946,284.0,260,224,342,-1.3888888888888888,106400,Normal,67,Negatif,Uptrend,Bullish,Strong Bullish,Perfect Uptrend (5>20>50),Normal,Distribusi (Turun),Normal,Dominan Jual (Guyur),Normal,Tinggi,Normal,Rawan Pucuk (High Risk),< 1 Miliar,Di Bawah VWAP (Lemah),Distribusi Pro (Guyuran),Gorengan Sepi (< 5M),Sepi (< 50%),Mark-Up (Fase Pesta),Spesialis Tiang Jemuran (Banting Pucuk),Normal,Turun 1 Hari Beruntun,TP: 326 | CL: 255,Normal,Tidak Ideal (< 1:1),Netral / Sideways,Sentimen Negatif ⚠️,Supply Banjir (Distribusi) 🌊,Dekat Support Fibo 50.0%,4,WAIT & SEE,TIDAK ADA,2026-08-19 16:40:03,Biasa / Mengikuti Pasar
16:40,INTP,Token Mati (Perlu Update),Big Cap (Lapis 1),Undervalued (Murah),7.8235626,0.82595384,5500.0,5014,4530,5525,0.0,2559500,Tembus MA20,79,Negatif,Uptrend,Bullish,Strong Bullish,Perfect Uptrend (5>20>50),Normal,Distribusi (Turun),Normal,Dominan Beli (Hajar Kanan),Normal,Tinggi,Doji (Ragu-ragu),Rawan Pucuk (High Risk),> 1 Miliar,Di Atas VWAP (Kuat),Akumulasi Pro (Smart Money),Ritel Aktif (5M - 50M),Normal (50-150%),Mark-Up (Fase Pesta),Normal,Jarum Bawah (Sinyal Pantulan Kuat),Sideways / Stagnan,TP: 5756 | CL: 5329,Normal,Tidak Ideal (< 1:1),Overbought (Jenuh Beli - Rawan),Sentimen Positif 📰,Normal / Sedang Transisi,Mengambang (Jauh dari Fibo),7,BELI,TIDAK ADA,2026-08-19 16:40:03,Biasa / Mengikuti Pasar
16:40,IPOL,Token Mati (Perlu Update),Small Cap (Lapis 3),Overvalued (Mahal),19.614712,4148.148,112.0,109,102,136,0.9009009009009009,518100,Normal,58,Positif,Uptrend,Bullish,Strong Bullish,Perfect Uptrend (5>20>50),Normal,Akumulasi (Naik),Normal,Seimbang / Adu Mekanik,Normal,Sedang,Normal,Area Tengah,< 1 Miliar,Di Bawah VWAP (Lemah),Distribusi Pro (Guyuran),Gorengan Sepi (< 5M),Sepi (< 50%),Mark-Up (Fase Pesta),Spesialis Tiang Jemuran (Banting Pucuk),Normal,Naik 1 Hari Beruntun,TP: 120 | CL: 106,Open = Low (Bullish Kuat),Ideal (1:2),Golden Cross (Awal Bullish),Netral / Sepi Berita,Normal / Sedang Transisi,Dekat Support Fibo 61.8% (Golden Ratio),6,WAIT & SEE,TIDAK ADA,2026-08-19 16:40:03,Biasa / Mengikuti Pasar
16:40,ISAT,Token Mati (Perlu Update),Big Cap (Lapis 1),Fair Value (Wajar),11.814419,2.3850894,2740.0,2116,1855,2850,5.384615384615385,145231500,Tembus MA20,82,Positif,Uptrend,Bullish,Strong Bullish,Perfect Uptrend (5>20>50),Akumulasi Kuat,Akumulasi (Naik),Normal,Seimbang / Adu Mekanik,Breakout Upper,Tinggi,Normal,Rawan Pucuk (High Risk),> 1 Miliar,Di Atas VWAP (Kuat),Akumulasi Pro (Smart Money),Sultan (> 50M/hari),Normal (50-150%),Mark-Up (Fase Pesta),Normal,Normal,Naik 6 Hari Beruntun,TP: 2976 | CL: 2582,Open = Low (Bullish Kuat),Tidak Ideal (< 1:1),Overbought (Jenuh Beli - Rawan),Netral / Sepi Berita,Normal / Sedang Transisi,Mengambang (Jauh dari Fibo),8,BELI,TIDAK ADA,2026-08-19 16:40:03,⚠️ Anomali (Sudah Terbang)
16:40,ISSP,Token Mati (Perlu Update),Mid Cap (Lapis 2),Undervalued (Murah),5.405405,0.5249222,430.0,427,398,448,-0.9216589861751152,1359500,Tembus MA20,58,Negatif,Uptrend,Bullish,Bearish MACD,Perfect Uptrend (5>20>50),Normal,Distribusi (Turun),Normal,Dominan Jual (Guyur),Normal,Sedang,Normal,Area Tengah,< 1 Miliar,Persis di VWAP,Distribusi Pro (Guyuran),Gorengan Sepi (< 5M),Normal (50-150%),Mark-Up (Fase Pesta),Normal,Normal,Turun 1 Hari Beruntun,TP: 446 | CL: 418,Normal,Tidak Ideal (< 1:1),Netral / Sideways,Sentimen Positif 📰,Normal / Sedang Transisi,Dekat Support Fibo 23.6%,5,WAIT & SEE,TIDAK ADA,2026-08-19 16:40:03,Biasa / Mengikuti Pasar
16:40,ITMA,Token Mati (Perlu Update),Mid Cap (Lapis 2),Overvalued (Mahal),47.269894,6981.567,1515.0,1369,1295,1625,13.909774436090224,240100,Tembus MA20,65,Positif,Uptrend,Bearish,Bullish MACD,Strong Downtrend (5<20<50),Akumulasi Kuat,Akumulasi (Naik),Gap Up (+3.4%),Seimbang / Adu Mekanik,Breakout Upper,Sedang,Normal,Rawan Pucuk (High Risk),< 1 Miliar,Di Atas VWAP (Kuat),Akumulasi Pro (Smart Money),Gorengan Sepi (< 5M),Ledakan Ekstrem (> 300%),Accumulation (Kumpul Barang),Normal,Normal,Naik 3 Hari Beruntun,TP: 1628 | CL: 1439,Normal,Tidak Ideal (< 1:1),Netral / Sideways,Sentimen Positif 📰,Normal / Sedang Transisi,Mengambang (Jauh dari Fibo),9,BELI,TIDAK ADA,2026-08-19 16:40:03,⚠️ Anomali (Sudah Terbang)
16:40,ITMG,Token Mati (Perlu Update),Big Cap (Lapis 1),Overvalued (Mahal),7.424611,14611.143,25175.0,24661,24175,25275,1.7171717171717171,1253000,Normal,63,Positif,Uptrend,Bullish,Bearish MACD,Perfect Uptrend (5>20>50),Normal,Akumulasi (Naik),Normal,Dominan Beli (Hajar Kanan),Squeeze,Rendah,Normal,Area Tengah,> 1 Miliar,Di Atas VWAP (Kuat),Akumulasi Pro (Smart Money),Ritel Aktif (5M - 50M),Normal (50-150%),Mark-Up (Fase Pesta),Normal,Normal,Naik 1 Hari Beruntun,TP: 25852 | CL: 24723,Normal,Tidak Ideal (< 1:1),Netral / Sideways,Sentimen Positif 📰,Normal / Sedang Transisi,Mendekati Fibo 23.6%,7,BELI,TIDAK ADA,2026-08-19 16:40:03,Biasa / Mengikuti Pasar
16:40,JAWA,Token Mati (Perlu Update),Mid Cap (Lapis 2),Fair Value (Wajar),0.0,1.5334871,129.0,126,118,142,0.0,710500,Normal,58,Negatif,Uptrend,Bullish,Strong Bullish,Perfect Uptrend (5>20>50),Normal,Akumulasi (Naik),Normal,Seimbang / Adu Mekanik,Normal,Sedang,Normal,Area Tengah,< 1 Miliar,Persis di VWAP,Distribusi Pro (Guyuran),Gorengan Sepi (< 5M),Normal (50-150%),Mark-Up (Fase Pesta),Spesialis Tiang Jemuran (Banting Pucuk),Normal,Sideways / Stagnan,TP: 137 | CL: 123,Normal,Menengah (1:1),Netral / Sideways,Netral / Sepi Berita,Normal / Sedang Transisi,Dekat Support Fibo 61.8% (Golden Ratio),5,WAIT & SEE,TIDAK ADA,2026-08-19 16:40:03,Biasa / Mengikuti Pasar
16:40,JECC,Token Mati (Perlu Update),Small Cap (Lapis 3),Undervalued (Murah),5.3314986,0.5167614,620.0,630,585,655,-3.125,57300,Tembus MA20,45,Negatif,Downtrend,Bullish,Bearish MACD,Perfect Uptrend (5>20>50),Distribusi Kuat,Distribusi (Turun),Normal,Dominan Jual (Guyur),Squeeze,Rendah,Normal,Area Tengah,< 1 Miliar,Di Bawah VWAP (Lemah),Distribusi Pro (Guyuran),Gorengan Sepi (< 5M),Anomali Tinggi (150-300%),Distribution (Fase Jualan),Normal,Normal,Turun 1 Hari Beruntun,TP: 644 | CL: 603,Open = High (Tekanan Jual),Menengah (1:1),Netral / Sideways,Sentimen Positif 📰,Normal / Sedang Transisi,Mendekati Fibo 61.8% (Golden Ratio),3,WAIT & SEE,TIDAK ADA,2026-08-19 16:40:03,Biasa / Mengikuti Pasar
16:40,JIHD,Token Mati (Perlu Update),Mid Cap (Lapis 2),Fair Value (Wajar),0.0,0.29503092,444.0,433,410,456,1.36986301369863,474500,Tembus MA20,58,Positif,Uptrend,Bullish,Strong Bullish,Perfect Uptrend (5>20>50),Normal,Akumulasi (Naik),Normal,Dominan Beli (Hajar Kanan),Normal,Sedang,Doji (Ragu-ragu),Area Tengah,< 1 Miliar,Persis di VWAP,Akumulasi Pro (Smart Money),Gorengan Sepi (< 5M),Normal (50-150%),Mark-Up (Fase Pesta),Spesialis Tiang Jemuran (Banting Pucuk),Jarum Bawah (Sinyal Pantulan Kuat),Naik 1 Hari Beruntun,TP: 463 | CL: 431,Normal,Tidak Ideal (< 1:1),Netral / Sideways,Netral / Sepi Berita,Normal / Sedang Transisi,Golden Rebound Fibo 38.2% 🎯,8,BELI,TIDAK ADA,2026-08-19 16:40:03,Biasa / Mengikuti Pasar
16:40,JKON,Token Mati (Perlu Update),Mid Cap (Lapis 2),Undervalued (Murah),5.046948,0.41821676,87.0,78,65,102,1.1627906976744187,27108100,Normal,66,Positif,Uptrend,Bullish,Strong Bullish,Perfect Uptrend (5>20>50),Normal,Akumulasi (Naik),Normal,Seimbang / Adu Mekanik,Normal,Tinggi,Doji (Ragu-ragu),Rawan Pucuk (High Risk),> 1 Miliar,Persis di VWAP,Distribusi Pro (Guyuran),Gorengan Sepi (< 5M),Normal (50-150%),Mark-Up (Fase Pesta),Spesialis Tiang Jemuran (Banting Pucuk),Normal,Naik 1 Hari Beruntun,TP: 96 | CL: 80,Normal,Tidak Ideal (< 1:1),Netral / Sideways,Sentimen Positif 📰,Normal / Sedang Transisi,Dekat Support Fibo 38.2%,7,BELI,TIDAK ADA,2026-08-19 16:40:03,Biasa / Mengikuti Pasar
16:40,JPFA,Token Mati (Perlu Update),Big Cap (Lapis 1),Undervalued (Murah),5.2145915,1.301975,2300.0,2193,2070,2450,-1.2875536480686696,8129200,Normal,66,Negatif,Uptrend,Bullish,Strong Bullish,Perfect Uptrend (5>20>50),Normal,Akumulasi (Naik),Normal,Seimbang / Adu Mekanik,Normal,Sedang,Normal,Rawan Pucuk (High Risk),> 1 Miliar,Persis di VWAP,Distribusi Pro (Guyuran),Ritel Aktif (5M - 50M),Normal (50-150%),Mark-Up (Fase Pesta),Spesialis Tiang Jemuran (Banting Pucuk),Normal,Turun 1 Hari Beruntun,TP: 2411 | CL: 2225,Normal,Tidak Ideal (< 1:1),Death Cross (Awal Bearish),Sentimen Positif 📰,Normal / Sedang Transisi,Dekat Support Fibo 50.0%,6,WAIT & SEE,TIDAK ADA,2026-08-19 16:40:03,Biasa / Mengikuti Pasar
16:40,JRPT,Token Mati (Perlu Update),Big Cap (Lapis 1),Undervalued (Murah),9.974021,1.2602727,1075.0,1080,1070,1135,-0.4629629629629629,346700,Normal,46,Negatif,Downtrend,Death Cross,Bearish MACD,Konsolidasi / Transisi,Normal,Distribusi (Turun),Normal,Seimbang / Adu Mekanik,Squeeze,Rendah,Normal,Dekat Support (Low Risk),< 1 Miliar,Persis di VWAP,Akumulasi Pro (Smart Money),Gorengan Sepi (< 5M),Sepi (< 50%),Distribution (Fase Jualan),Solid (Jarang Dibanting),Normal,Turun 1 Hari Beruntun,TP: 1093 | CL: 1062,Open = Low (Bullish Kuat),Sangat Menarik (> 1:3),Oversold (Jenuh Jual - Peluang),Sentimen Positif 📰,Normal / Sedang Transisi,Golden Rebound Fibo 50.0% 🎯,1,WAIT & SEE,TIDAK ADA,2026-08-19 16:40:03,Biasa / Mengikuti Pasar
16:40,JSMR,Token Mati (Perlu Update),Big Cap (Lapis 1),Undervalued (Murah),5.7556934,0.54422206,2780.0,2741,2660,2830,0.7246376811594203,2963700,Tembus MA20,54,Positif,Uptrend,Bullish,Strong Bullish,Awal Reversal (5>20),Normal,Akumulasi (Naik),Normal,Seimbang / Adu Mekanik,Squeeze,Rendah,Normal,Area Tengah,> 1 Miliar,Persis di VWAP,Akumulasi Pro (Smart Money),Ritel Aktif (5M - 50M),Normal (50-150%),Accumulation (Kumpul Barang),Normal,Normal,Naik 2 Hari Beruntun,TP: 2857 | CL: 2728,Normal,Tidak Ideal (< 1:1),Netral / Sideways,Sentimen Positif 📰,Normal / Sedang Transisi,Dekat Support Fibo 61.8% (Golden Ratio),8,BELI,TIDAK ADA,2026-08-19 16:40:03,Biasa / Mengikuti Pasar
16:40,JSPT,Token Mati (Perlu Update),Mid Cap (Lapis 2),Undervalued (Murah),7.1278396,1.3256301,1425.0,1408,1325,1600,1.4234875444839856,2300,Normal,54,Positif,Uptrend,Bearish,Bearish MACD,Konsolidasi / Transisi,Normal,Akumulasi (Naik),Normal,Dominan Beli (Hajar Kanan),Normal,Tinggi,Normal,Area Tengah,< 1 Miliar,Di Atas VWAP (Kuat),Akumulasi Pro (Smart Money),Gorengan Sepi (< 5M),Sepi (< 50%),Mark-Up (Fase Pesta),Normal,Normal,Naik 1 Hari Beruntun,TP: 1550 | CL: 1341,Open = Low (Bullish Kuat),Ideal (1:2),Golden Cross (Awal Bullish),Sentimen Positif 📰,Normal / Sedang Transisi,Mendekati Fibo 38.2%,6,WAIT & SEE,TIDAK ADA,2026-08-19 16:40:03,Biasa / Mengikuti Pasar
16:40,JTPE,Token Mati (Perlu Update),Mid Cap (Lapis 2),Overvalued (Mahal),12.111741,3.41886,620.0,609,580,625,-0.8,305100,Normal,57,Negatif,Uptrend,Bullish,Strong Bullish,Perfect Uptrend (5>20>50),Normal,Akumulasi (Naik),Normal,Seimbang / Adu Mekanik,Squeeze,Rendah,Normal,Area Tengah,< 1 Miliar,Persis di VWAP,Akumulasi Pro (Smart Money),Gorengan Sepi (< 5M),Sepi (< 50%),Mark-Up (Fase Pesta),Normal,Normal,Turun 1 Hari Beruntun,TP: 643 | CL: 604,Open = High (Tekanan Jual),Tidak Ideal (< 1:1),Overbought (Jenuh Beli - Rawan),Sentimen Positif 📰,Normal / Sedang Transisi,Mendekati Fibo 23.6%,6,WAIT & SEE,TIDAK ADA,2026-08-19 16:40:03,Biasa / Mengikuti Pasar
16:40,KAEF,Token Mati (Perlu Update),Mid Cap (Lapis 2),Fair Value (Wajar),0.0,0.8419078,438.0,450,420,488,0.0,312200,Normal,39,Negatif,Downtrend,Bearish,Strong Bearish,Konsolidasi / Transisi,Normal,Distribusi (Turun),Normal,Dominan Jual (Guyur),Squeeze,Rendah,Doji (Ragu-ragu),Area Tengah,< 1 Miliar,Persis di VWAP,Distribusi Pro (Guyuran),Gorengan Sepi (< 5M),Normal (50-150%),Distribution (Fase Jualan),Spesialis Tiang Jemuran (Banting Pucuk),Normal,Sideways / Stagnan,TP: 460 | CL: 422,Normal,Ideal (1:2),Netral / Sideways,Sentimen Positif 📰,Normal / Sedang Transisi,Mengambang (Jauh dari Fibo),1,WAIT & SEE,TIDAK ADA,2026-08-19 16:40:03,Biasa / Mengikuti Pasar
16:40,KARW,Token Mati (Perlu Update),Small Cap (Lapis 3),Overvalued (Mahal),238.20226,-3854.5454,212.0,212,212,212,0.0,0,Normal,29,Negatif,Downtrend,Bearish,Bullish MACD,Konsolidasi / Transisi,Normal,Netral,Normal,Tidak Ada Transaksi,Squeeze,Rendah,Doji (Ragu-ragu),Dekat Support (Low Risk),< 1 Miliar,Di Atas VWAP (Kuat),Netral,Gorengan Sepi (< 5M),Normal (50-150%),Sideways,Solid (Jarang Dibanting),Normal,Sideways / Stagnan,TP: 213 | CL: 211,Normal,Di Area Support,Oversold (Jenuh Jual - Peluang),Netral / Sepi Berita,Normal / Sedang Transisi,Golden Rebound Fibo Bottom / 100% 🎯,1,WAIT & SEE,TIDAK ADA,2026-08-19 16:40:03,Biasa / Mengikuti Pasar
16:40,KBLI,Token Mati (Perlu Update),Mid Cap (Lapis 2),Undervalued (Murah),5.924829,0.4418309,320.0,325,318,340,-1.2345679012345678,131200,Normal,46,Negatif,Downtrend,Death Cross,Bearish MACD,Konsolidasi / Transisi,Normal,Distribusi (Turun),Normal,Dominan Jual (Guyur),Squeeze,Rendah,Normal,Dekat Support (Low Risk),< 1 Miliar,Di Bawah VWAP (Lemah),Distribusi Pro (Guyuran),Gorengan Sepi (< 5M),Sepi (< 50%),Distribution (Fase Jualan),Spesialis Tiang Jemuran (Banting Pucuk),Normal,Turun 1 Hari Beruntun,TP: 330 | CL: 312,Open = High (Tekanan Jual),Sangat Menarik (> 1:3),Oversold (Jenuh Jual - Peluang),Sentimen Positif 📰,Normal / Sedang Transisi,Golden Rebound Fibo 61.8% (Golden Ratio) 🎯,1,WAIT & SEE,TIDAK ADA,2026-08-19 16:40:03,Biasa / Mengikuti Pasar
16:40,KBLM,Token Mati (Perlu Update),Small Cap (Lapis 3),Overvalued (Mahal),98.32905,0.23723505,306.0,300,286,312,-1.2903225806451613,29200,Normal,57,Negatif,Uptrend,Bullish,Strong Bullish,Perfect Uptrend (5>20>50),Normal,Distribusi (Turun),Normal,Seimbang / Adu Mekanik,Squeeze,Rendah,Normal,Area Tengah,< 1 Miliar,Persis di VWAP,Akumulasi Pro (Smart Money),Gorengan Sepi (< 5M),Normal (50-150%),Mark-Up (Fase Pesta),Normal,Normal,Turun 1 Hari Beruntun,TP: 318 | CL: 297,Open = High (Tekanan Jual),Tidak Ideal (< 1:1),Death Cross (Awal Bearish),Sentimen Positif 📰,Normal / Sedang Transisi,Mendekati Fibo 38.2%,5,WAIT & SEE,TIDAK ADA,2026-08-19 16:40:03,Biasa / Mengikuti Pasar
16:40,KBLV,Token Mati (Perlu Update),Small Cap (Lapis 3),Fair Value (Wajar),0.0,0.16374369,143.0,135,116,172,-1.3793103448275863,13482300,Normal,59,Negatif,Uptrend,Bullish,Bearish MACD,Perfect Uptrend (5>20>50),Normal,Akumulasi (Naik),Gap Up (+2.8%),Dominan Jual (Guyur),Normal,Tinggi,Normal,Rawan Pucuk (High Risk),> 1 Miliar,Di Bawah VWAP (Lemah),Akumulasi Pro (Smart Money),Ritel Aktif (5M - 50M),Sepi (< 50%),Mark-Up (Fase Pesta),Spesialis Tiang Jemuran (Banting Pucuk),Normal,Turun 1 Hari Beruntun,TP: 163 | CL: 129,Open = High (Tekanan Jual),Menengah (1:1),Netral / Sideways,Sentimen Positif 📰,Normal / Sedang Transisi,Mengambang (Jauh dari Fibo),6,WAIT & SEE,TIDAK ADA,2026-08-19 16:40:03,Biasa / Mengikuti Pasar
16:40,KDSI,Token Mati (Perlu Update),Small Cap (Lapis 3),Undervalued (Murah),2.5649033,0.9341562,460.0,454,426,470,-0.4329004329004329,2100,Normal,59,Negatif,Uptrend,Bullish,Strong Bullish,Perfect Uptrend (5>20>50),Normal,Distribusi (Turun),Gap Down (-2.2%),Dominan Beli (Hajar Kanan),Squeeze,Rendah,Normal,Area Tengah,< 1 Miliar,Persis di VWAP,Distribusi Pro (Guyuran),Gorengan Sepi (< 5M),Sepi (< 50%),Mark-Up (Fase Pesta),Normal,Normal,Turun 1 Hari Beruntun,TP: 479 | CL: 446,Normal,Tidak Ideal (< 1:1),Netral / Sideways,Sentimen Positif 📰,Normal / Sedang Transisi,Dekat Support Fibo 23.6%,6,WAIT & SEE,TIDAK ADA,2026-08-19 16:40:03,Biasa / Mengikuti Pasar
16:40,KIAS,Token Mati (Perlu Update),Small Cap (Lapis 3),Fair Value (Wajar),0.0,0.43421626,21.0,21,21,21,0.0,0,Normal,0,Negatif,Downtrend,Bearish,Bearish MACD,Konsolidasi / Transisi,Normal,Netral,Normal,Tidak Ada Transaksi,Squeeze,Rendah,Doji (Ragu-ragu),Dekat Support (Low Risk),< 1 Miliar,Di Atas VWAP (Kuat),Netral,Gorengan Sepi (< 5M),Normal (50-150%),Sideways,Solid (Jarang Dibanting),Normal,Sideways / Stagnan,TP: 22 | CL: 20,Normal,Di Area Support,Oversold (Jenuh Jual - Peluang),Netral / Sepi Berita,Normal / Sedang Transisi,Normal / Sideways,0,WAIT & SEE,TIDAK ADA,2026-08-19 16:40:03,Biasa / Mengikuti Pasar
16:40,KICI,Token Mati (Perlu Update),Small Cap (Lapis 3),Undervalued (Murah),2.6507978,0.4911468,196.0,194,182,232,1.0309278350515463,294200,Normal,56,Positif,Uptrend,Golden Cross,Bearish MACD,Perfect Uptrend (5>20>50),Normal,Akumulasi (Naik),Normal,Dominan Beli (Hajar Kanan),Squeeze,Rendah,Normal,Area Tengah,< 1 Miliar,Persis di VWAP,Distribusi Pro (Guyuran),Gorengan Sepi (< 5M),Sepi (< 50%),Mark-Up (Fase Pesta),Spesialis Tiang Jemuran (Banting Pucuk),Normal,Naik 1 Hari Beruntun,TP: 210 | CL: 186,Normal,Ideal (1:2),Golden Cross (Awal Bullish),Netral / Sepi Berita,Normal / Sedang Transisi,Dekat Support Fibo 50.0%,6,WAIT & SEE,TIDAK ADA,2026-08-19 16:40:03,Biasa / Mengikuti Pasar
16:40,KIJA,Token Mati (Perlu Update),Mid Cap (Lapis 2),Fair Value (Wajar),0.0,0.5703213,167.0,130,119,202,0.6024096385542169,2532824900,Tembus MA20,75,Positif,Uptrend,Bullish,Strong Bullish,Perfect Uptrend (5>20>50),Distribusi Kuat,Akumulasi (Naik),Normal,Dominan Jual (Guyur),Breakout Upper,Tinggi,Doji (Ragu-ragu),Rawan Pucuk (High Risk),> 1 Miliar,Persis di VWAP,Distribusi Pro (Guyuran),Sultan (> 50M/hari),Ledakan Ekstrem (> 300%),Mark-Up (Fase Pesta),Normal,Normal,Naik 2 Hari Beruntun,TP: 182 | CL: 156,Normal,Tidak Ideal (< 1:1),Death Cross (Awal Bearish),Sentimen Positif 📰,Supply Banjir (Distribusi) 🌊,Dekat Support Fibo 38.2%,8,BELI,TIDAK ADA,2026-08-19 16:40:03,🔥 ANOMALI BANDAR (Siap Ledakan)
16:40,KKGI,Token Mati (Perlu Update),Mid Cap (Lapis 2),Overvalued (Mahal),19.341274,9200.0,278.0,275,264,286,0.7246376811594203,1217500,Tembus MA20,57,Positif,Uptrend,Bearish,Bearish MACD,Konsolidasi / Transisi,Normal,Akumulasi (Naik),Normal,Seimbang / Adu Mekanik,Squeeze,Rendah,Normal,Area Tengah,< 1 Miliar,Persis di VWAP,Akumulasi Pro (Smart Money),Gorengan Sepi (< 5M),Normal (50-150%),Mark-Up (Fase Pesta),Normal,Normal,Naik 2 Hari Beruntun,TP: 288 | CL: 271,Normal,Tidak Ideal (< 1:1),Netral / Sideways,Sentimen Positif 📰,Normal / Sedang Transisi,Mendekati Fibo 23.6%,6,WAIT & SEE,TIDAK ADA,2026-08-19 16:40:03,Biasa / Mengikuti Pasar
16:40,KLBF,Token Mati (Perlu Update),Big Cap (Lapis 1),Undervalued (Murah),9.861809,1.4599953,785.0,756,690,820,-1.875,56263500,Normal,58,Negatif,Uptrend,Bullish,Strong Bullish,Perfect Uptrend (5>20>50),Normal,Distribusi (Turun),Normal,Dominan Jual (Guyur),Normal,Tinggi,Normal,Rawan Pucuk (High Risk),> 1 Miliar,Di Bawah VWAP (Lemah),Akumulasi Pro (Smart Money),Sultan (> 50M/hari),Normal (50-150%),Mark-Up (Fase Pesta),Spesialis Tiang Jemuran (Banting Pucuk),Normal,Turun 1 Hari Beruntun,TP: 828 | CL: 755,Normal,Tidak Ideal (< 1:1),Death Cross (Awal Bearish),Sentimen Positif 📰,Normal / Sedang Transisi,Dekat Support Fibo 23.6%,5,WAIT & SEE,TIDAK ADA,2026-08-19 16:40:03,Biasa / Mengikuti Pasar
16:40,KOBX,Token Mati (Perlu Update),Small Cap (Lapis 3),Overvalued (Mahal),28000.0,0.79051757,168.0,164,144,210,-1.1764705882352942,1395600,Normal,56,Negatif,Uptrend,Bullish,Bearish MACD,Perfect Uptrend (5>20>50),Normal,Akumulasi (Naik),Normal,Dominan Jual (Guyur),Normal,Tinggi,Normal,Rawan Pucuk (High Risk),< 1 Miliar,Persis di VWAP,Distribusi Pro (Guyuran),Gorengan Sepi (< 5M),Sepi (< 50%),Mark-Up (Fase Pesta),Spesialis Tiang Jemuran (Banting Pucuk),Normal,Turun 1 Hari Beruntun,TP: 180 | CL: 159,Normal,Ideal (1:2),Netral / Sideways,Netral / Sepi Berita,Normal / Sedang Transisi,Mendekati Fibo 61.8% (Golden Ratio),4,WAIT & SEE,TIDAK ADA,2026-08-19 16:40:03,Biasa / Mengikuti Pasar
16:40,KOIN,Token Mati (Perlu Update),Small Cap (Lapis 3),Fair Value (Wajar),18.181818,-0.81619835,78.0,78,78,78,0.0,0,Normal,54,Negatif,Downtrend,Bearish,Bearish MACD,Konsolidasi / Transisi,Normal,Netral,Normal,Tidak Ada Transaksi,Squeeze,Rendah,Doji (Ragu-ragu),Dekat Support (Low Risk),< 1 Miliar,Di Atas VWAP (Kuat),Netral,Gorengan Sepi (< 5M),Normal (50-150%),Sideways,Solid (Jarang Dibanting),Normal,Sideways / Stagnan,TP: 79 | CL: 77,Normal,Di Area Support,Oversold (Jenuh Jual - Peluang),Netral / Sepi Berita,Normal / Sedang Transisi,Golden Rebound Fibo 38.2% 🎯,1,WAIT & SEE,TIDAK ADA,2026-08-19 16:40:03,Biasa / Mengikuti Pasar
16:40,KONI,Token Mati (Perlu Update),Small Cap (Lapis 3),Overvalued (Mahal),33.224014,3.986436,2330.0,2396,2250,2660,0.0,16500,Normal,42,Negatif,Downtrend,Bearish,Strong Bearish,Strong Downtrend (5<20<50),Normal,Akumulasi (Naik),Normal,Seimbang / Adu Mekanik,Bottom Rebound,Sedang,Normal,Area Tengah,< 1 Miliar,Persis di VWAP,Distribusi Pro (Guyuran),Gorengan Sepi (< 5M),Normal (50-150%),Mark-Down (Fase Runtuh),Spesialis Tiang Jemuran (Banting Pucuk),Normal,Sideways / Stagnan,TP: 2470 | CL: 2236,Open = Low (Bullish Kuat),Sangat Menarik (> 1:3),Netral / Sideways,Netral / Sepi Berita,Supply Kering (Siap Pump) 🏜️,Mengambang (Jauh dari Fibo),1,WAIT & SEE,TIDAK ADA,2026-08-19 16:40:03,Biasa / Mengikuti Pasar
16:40,KOPI,Token Mati (Perlu Update),Small Cap (Lapis 3),Overvalued (Mahal),86.44566,1.9488382,206.0,206,190,260,0.9803921568627451,2125700,Normal,53,Positif,Downtrend,Bearish,Bearish MACD,Konsolidasi / Transisi,Normal,Akumulasi (Naik),Normal,Dominan Jual (Guyur),Normal,Sedang,Normal,Area Tengah,< 1 Miliar,Di Bawah VWAP (Lemah),Distribusi Pro (Guyuran),Gorengan Sepi (< 5M),Anomali Tinggi (150-300%),Distribution (Fase Jualan),Spesialis Tiang Jemuran (Banting Pucuk),Normal,Naik 1 Hari Beruntun,TP: 223 | CL: 194,Normal,Sangat Menarik (> 1:3),Golden Cross (Awal Bullish),Sentimen Positif 📰,Normal / Sedang Transisi,Mengambang (Jauh dari Fibo),4,WAIT & SEE,TIDAK ADA,2026-08-19 16:40:03,Biasa / Mengikuti Pasar
16:40,KPIG,Token Mati (Perlu Update),Mid Cap (Lapis 2),Undervalued (Murah),10.485133,0.24350087,67.0,78,66,90,-2.898550724637681,201698700,Tembus MA20,29,Negatif,Downtrend,Bearish,Strong Bearish,Strong Downtrend (5<20<50),Normal,Distribusi (Turun),Normal,Seimbang / Adu Mekanik,Bottom Rebound,Tinggi,Normal,Dekat Support (Low Risk),> 1 Miliar,Di Bawah VWAP (Lemah),Akumulasi Pro (Smart Money),Ritel Aktif (5M - 50M),Normal (50-150%),Mark-Down (Fase Runtuh),Normal,Normal,Turun 2 Hari Beruntun,TP: 73 | CL: 62,Open = High (Tekanan Jual),Sangat Menarik (> 1:3),Oversold (Jenuh Jual - Peluang),Netral / Sepi Berita,Normal / Sedang Transisi,Golden Rebound Fibo Bottom / 100% 🎯,1,WAIT & SEE,TIDAK ADA,2026-08-19 16:40:03,🔥 ANOMALI BANDAR (Siap Ledakan)
16:40,KRAS,Token Mati (Perlu Update),Mid Cap (Lapis 2),Overvalued (Mahal),0.5294033,6342.857,224.0,226,208,250,-0.8849557522123894,4464600,Tembus MA20,51,Negatif,Downtrend,Bearish,Bearish MACD,Konsolidasi / Transisi,Normal,Akumulasi (Naik),Normal,Seimbang / Adu Mekanik,Normal,Sedang,Normal,Area Tengah,> 1 Miliar,Persis di VWAP,Akumulasi Pro (Smart Money),Gorengan Sepi (< 5M),Normal (50-150%),Distribution (Fase Jualan),Spesialis Tiang Jemuran (Banting Pucuk),Normal,Turun 1 Hari Beruntun,TP: 238 | CL: 214,Normal,Ideal (1:2),Netral / Sideways,Sentimen Negatif ⚠️,Normal / Sedang Transisi,Dekat Support Fibo 38.2%,3,WAIT & SEE,TIDAK ADA,2026-08-19 16:40:03,Biasa / Mengikuti Pasar
16:40,KREN,Token Mati (Perlu Update),Small Cap (Lapis 3),Overvalued (Mahal),0.0,100.0,12.0,13,12,15,-7.6923076923076925,9843500,Normal,42,Negatif,Downtrend,Bearish,Bearish MACD,Konsolidasi / Transisi,Normal,Distribusi (Turun),Normal,Dominan Jual (Guyur),Normal,Sedang,Normal,Dekat Support (Low Risk),< 1 Miliar,Di Bawah VWAP (Lemah),Distribusi Pro (Guyuran),Gorengan Sepi (< 5M),Normal (50-150%),Distribution (Fase Jualan),Spesialis Tiang Jemuran (Banting Pucuk),Normal,Turun 1 Hari Beruntun,TP: 12 | CL: 11,Open = High (Tekanan Jual),Di Area Support,Oversold (Jenuh Jual - Peluang),Netral / Sepi Berita,Normal / Sedang Transisi,Mengambang (Jauh dari Fibo),0,WAIT & SEE,TIDAK ADA,2026-08-19 16:40:03,🔥 ANOMALI BANDAR (Siap Ledakan)
16:40,LAPD,Token Mati (Perlu Update),Small Cap (Lapis 3),Fair Value (Wajar),0.0,-10.953825,65.0,64,59,74,1.5625,99051000,Tembus MA20,50,Positif,Uptrend,Bullish,Strong Bullish,Perfect Uptrend (5>20>50),Akumulasi Kuat,Akumulasi (Naik),Normal,Dominan Jual (Guyur),Normal,Tinggi,Normal,Rawan Pucuk (High Risk),> 1 Miliar,Di Bawah VWAP (Lemah),Distribusi Pro (Guyuran),Gorengan Sepi (< 5M),Anomali Tinggi (150-300%),Mark-Up (Fase Pesta),Spesialis Tiang Jemuran (Banting Pucuk),Normal,Naik 1 Hari Beruntun,TP: 71 | CL: 60,Normal,Ideal (1:2),Golden Cross (Awal Bullish),Sentimen Positif 📰,Normal / Sedang Transisi,Dekat Support Fibo 61.8% (Golden Ratio),8,BELI,TIDAK ADA,2026-08-19 16:40:03,Biasa / Mengikuti Pasar
16:40,LEAD,Token Mati (Perlu Update),Small Cap (Lapis 3),Overvalued (Mahal),0.0,12333.334,111.0,107,97,119,0.0,18697000,Normal,56,Negatif,Uptrend,Bullish,Bearish MACD,Perfect Uptrend (5>20>50),Normal,Akumulasi (Naik),Normal,Dominan Beli (Hajar Kanan),Normal,Tinggi,Hammer (Potensi Reversal),Rawan Pucuk (High Risk),> 1 Miliar,Persis di VWAP,Akumulasi Pro (Smart Money),Gorengan Sepi (< 5M),Normal (50-150%),Mark-Up (Fase Pesta),Spesialis Tiang Jemuran (Banting Pucuk),Jarum Bawah (Sinyal Pantulan Kuat),Sideways / Stagnan,TP: 121 | CL: 104,Open = High (Tekanan Jual),Tidak Ideal (< 1:1),Netral / Sideways,Netral / Sepi Berita,Normal / Sedang Transisi,Mendekati Fibo 50.0%,5,WAIT & SEE,TIDAK ADA,2026-08-19 16:40:03,Biasa / Mengikuti Pasar
16:40,LINK,Token Mati (Perlu Update),Mid Cap (Lapis 2),Fair Value (Wajar),0.0,1.317647,1505.0,1425,1340,1655,-2.272727272727273,17300,Tembus MA20,56,Negatif,Uptrend,Bullish,Strong Bullish,Awal Reversal (5>20),Normal,Distribusi (Turun),Normal,Dominan Jual (Guyur),Normal,Tinggi,Normal,Rawan Pucuk (High Risk),< 1 Miliar,Di Bawah VWAP (Lemah),Distribusi Pro (Guyuran),Gorengan Sepi (< 5M),Normal (50-150%),Accumulation (Kumpul Barang),Spesialis Tiang Jemuran (Banting Pucuk),Normal,Turun 2 Hari Beruntun,TP: 1615 | CL: 1431,Open = High (Tekanan Jual),Tidak Ideal (< 1:1),Death Cross (Awal Bearish),Netral / Sepi Berita,Supply Banjir (Distribusi) 🌊,Dekat Support Fibo 38.2%,5,WAIT & SEE,TIDAK ADA,2026-08-19 16:40:03,Biasa / Mengikuti Pasar
16:40,LION,Token Mati (Perlu Update),Small Cap (Lapis 3),Fair Value (Wajar),0.0,0.4056781,348.0,349,326,422,0.5780346820809248,44200,Normal,51,Positif,Downtrend,Bearish,Bearish MACD,Konsolidasi / Transisi,Normal,Akumulasi (Naik),Normal,Dominan Jual (Guyur),Squeeze,Rendah,Doji (Ragu-ragu),Area Tengah,< 1 Miliar,Di Atas VWAP (Kuat),Distribusi Pro (Guyuran),Gorengan Sepi (< 5M),Normal (50-150%),Distribution (Fase Jualan),Normal,Normal,Naik 3 Hari Beruntun,TP: 368 | CL: 334,Normal,Sangat Menarik (> 1:3),Netral / Sideways,Sentimen Positif 📰,Supply Kering (Siap Pump) 🏜️,Mendekati Fibo 61.8% (Golden Ratio),4,WAIT & SEE,TIDAK ADA,2026-08-19 16:40:03,Biasa / Mengikuti Pasar
16:40,LMPI,Token Mati (Perlu Update),Small Cap (Lapis 3),Fair Value (Wajar),0.0,-4.0594325,153.0,143,136,183,3.3783783783783785,11307900,Tembus MA20,60,Positif,Uptrend,Bullish,Strong Bullish,Perfect Uptrend (5>20>50),Akumulasi Kuat,Akumulasi (Naik),Normal,Dominan Jual (Guyur),Normal,Tinggi,Normal,Rawan Pucuk (High Risk),> 1 Miliar,Di Bawah VWAP (Lemah),Distribusi Pro (Guyuran),Gorengan Sepi (< 5M),Anomali Tinggi (150-300%),Mark-Up (Fase Pesta),Spesialis Tiang Jemuran (Banting Pucuk),Normal,Naik 1 Hari Beruntun,TP: 168 | CL: 142,Normal,Ideal (1:2),Golden Cross (Awal Bullish),Sentimen Negatif ⚠️,Normal / Sedang Transisi,Dekat Support Fibo 50.0%,8,BELI,TIDAK ADA,2026-08-19 16:40:03,Biasa / Mengikuti Pasar
16:40,LMSH,Token Mati (Perlu Update),Small Cap (Lapis 3),Undervalued (Murah),12.194541,0.26389357,256.0,256,256,256,0.0,0,Normal,0,Negatif,Downtrend,Bearish,Bearish MACD,Konsolidasi / Transisi,Normal,Netral,Normal,Tidak Ada Transaksi,Squeeze,Rendah,Doji (Ragu-ragu),Dekat Support (Low Risk),< 1 Miliar,Di Atas VWAP (Kuat),Netral,Gorengan Sepi (< 5M),Normal (50-150%),Sideways,Solid (Jarang Dibanting),Normal,Sideways / Stagnan,TP: 257 | CL: 255,Normal,Di Area Support,Oversold (Jenuh Jual - Peluang),Netral / Sepi Berita,Normal / Sedang Transisi,Normal / Sideways,0,WAIT & SEE,TIDAK ADA,2026-08-19 16:40:03,Biasa / Mengikuti Pasar
16:40,LPCK,Token Mati (Perlu Update),Mid Cap (Lapis 2),Undervalued (Murah),11.960784,0.45558837,610.0,569,505,670,0.8264462809917356,1005300,Tembus MA20,67,Positif,Uptrend,Bullish,Strong Bullish,Perfect Uptrend (5>20>50),Normal,Akumulasi (Naik),Normal,Dominan Jual (Guyur),Normal,Tinggi,Normal,Rawan Pucuk (High Risk),< 1 Miliar,Persis di VWAP,Distribusi Pro (Guyuran),Gorengan Sepi (< 5M),Normal (50-150%),Mark-Up (Fase Pesta),Spesialis Tiang Jemuran (Banting Pucuk),Normal,Naik 1 Hari Beruntun,TP: 665 | CL: 573,Normal,Tidak Ideal (< 1:1),Netral / Sideways,Sentimen Positif 📰,Normal / Sedang Transisi,Mendekati Fibo 38.2%,8,BELI,TIDAK ADA,2026-08-19 16:40:03,Biasa / Mengikuti Pasar
16:40,LPGI,Token Mati (Perlu Update),Mid Cap (Lapis 2),Fair Value (Wajar),12.08003,1.7198384,640.0,634,585,685,1.5873015873015872,11400,Normal,49,Positif,Uptrend,Bearish,Bullish MACD,Strong Downtrend (5<20<50),Normal,Akumulasi (Naik),Normal,Dominan Beli (Hajar Kanan),Squeeze,Rendah,Normal,Area Tengah,< 1 Miliar,Di Atas VWAP (Kuat),Akumulasi Pro (Smart Money),Gorengan Sepi (< 5M),Sepi (< 50%),Accumulation (Kumpul Barang),Normal,Normal,Naik 1 Hari Beruntun,TP: 684 | CL: 610,Normal,Tidak Ideal (< 1:1),Netral / Sideways,Sentimen Positif 📰,Supply Kering (Siap Pump) 🏜️,Golden Rebound Fibo 61.8% (Golden Ratio) 🎯,6,WAIT & SEE,TIDAK ADA,2026-08-19 16:40:03,Biasa / Mengikuti Pasar
16:40,LPIN,Token Mati (Perlu Update),Small Cap (Lapis 3),Undervalued (Murah),6.897679,0.51954705,422.0,419,410,438,0.0,51200,Normal,60,Negatif,Uptrend,Golden Cross,Bearish MACD,Perfect Uptrend (5>20>50),Normal,Akumulasi (Naik),Normal,Seimbang / Adu Mekanik,Squeeze,Rendah,Doji (Ragu-ragu),Dekat Support (Low Risk),< 1 Miliar,Persis di VWAP,Distribusi Pro (Guyuran),Gorengan Sepi (< 5M),Normal (50-150%),Mark-Up (Fase Pesta),Normal,Normal,Sideways / Stagnan,TP: 434 | CL: 413,Normal,Menengah (1:1),Golden Cross (Awal Bullish),Sentimen Positif 📰,Normal / Sedang Transisi,Dekat Support Fibo 23.6%,5,WAIT & SEE,TIDAK ADA,2026-08-19 16:40:03,Biasa / Mengikuti Pasar
16:40,LPKR,Token Mati (Perlu Update),Mid Cap (Lapis 2),Undervalued (Murah),6.4292784,0.15139376,65.0,62,59,74,1.5625,493420400,Tembus MA20,58,Positif,Uptrend,Bullish,Strong Bullish,Perfect Uptrend (5>20>50),Normal,Akumulasi (Naik),Normal,Seimbang / Adu Mekanik,Normal,Sedang,Doji (Ragu-ragu),Rawan Pucuk (High Risk),> 1 Miliar,Di Atas VWAP (Kuat),Akumulasi Pro (Smart Money),Ritel Aktif (5M - 50M),Normal (50-150%),Mark-Up (Fase Pesta),Spesialis Tiang Jemuran (Banting Pucuk),Normal,Naik 2 Hari Beruntun,TP: 70 | CL: 61,Normal,Ideal (1:2),Golden Cross (Awal Bullish),Sentimen Negatif ⚠️,Normal / Sedang Transisi,Dekat Support Fibo 61.8% (Golden Ratio),7,BELI,TIDAK ADA,2026-08-19 16:40:03,🔥 ANOMALI BANDAR (Siap Ledakan)
16:40,LPLI,Token Mati (Perlu Update),Small Cap (Lapis 3),Undervalued (Murah),0.5203779,0.16541968,244.0,248,236,296,0.0,224900,Normal,48,Negatif,Downtrend,Bearish,Strong Bearish,Konsolidasi / Transisi,Normal,Distribusi (Turun),Normal,Seimbang / Adu Mekanik,Normal,Sedang,Normal,Area Tengah,< 1 Miliar,Di Bawah VWAP (Lemah),Distribusi Pro (Guyuran),Gorengan Sepi (< 5M),Normal (50-150%),Distribution (Fase Jualan),Spesialis Tiang Jemuran (Banting Pucuk),Normal,Sideways / Stagnan,TP: 262 | CL: 231,Open = High (Tekanan Jual),Sangat Menarik (> 1:3),Golden Cross (Awal Bullish),Sentimen Positif 📰,Normal / Sedang Transisi,Dekat Support Fibo 61.8% (Golden Ratio),1,WAIT & SEE,TIDAK ADA,2026-08-19 16:40:03,Biasa / Mengikuti Pasar
16:40,LPPF,Token Mati (Perlu Update),Mid Cap (Lapis 2),Overvalued (Mahal),4.653374,11.971033,1615.0,1575,1515,1620,0.0,810900,Normal,62,Negatif,Uptrend,Bullish,Strong Bullish,Perfect Uptrend (5>20>50),Normal,Akumulasi (Naik),Normal,Dominan Beli (Hajar Kanan),Squeeze,Rendah,Hammer (Potensi Reversal),Area Tengah,> 1 Miliar,Di Atas VWAP (Kuat),Akumulasi Pro (Smart Money),Gorengan Sepi (< 5M),Normal (50-150%),Mark-Up (Fase Pesta),Normal,Jarum Bawah (Sinyal Pantulan Kuat),Sideways / Stagnan,TP: 1656 | CL: 1587,Open = High (Tekanan Jual),Tidak Ideal (< 1:1),Overbought (Jenuh Beli - Rawan),Sentimen Positif 📰,Normal / Sedang Transisi,Golden Rebound Fibo 23.6% 🎯,7,BELI,TIDAK ADA,2026-08-19 16:40:03,Biasa / Mengikuti Pasar
16:40,LPPS,Token Mati (Perlu Update),Small Cap (Lapis 3),Fair Value (Wajar),0.0,0.20229062,81.0,81,77,88,-1.2195121951219512,1391500,Normal,55,Negatif,Downtrend,Bearish,Bearish MACD,Konsolidasi / Transisi,Normal,Distribusi (Turun),Normal,Seimbang / Adu Mekanik,Normal,Sedang,Normal,Area Tengah,< 1 Miliar,Persis di VWAP,Distribusi Pro (Guyuran),Gorengan Sepi (< 5M),Sepi (< 50%),Distribution (Fase Jualan),Spesialis Tiang Jemuran (Banting Pucuk),Normal,Turun 1 Hari Beruntun,TP: 87 | CL: 76,Open = High (Tekanan Jual),Ideal (1:2),Netral / Sideways,Sentimen Positif 📰,Supply Kering (Siap Pump) 🏜️,Mendekati Fibo 38.2%,2,WAIT & SEE,TIDAK ADA,2026-08-19 16:40:03,Biasa / Mengikuti Pasar
16:40,LRNA,Token Mati (Perlu Update),Small Cap (Lapis 3),Fair Value (Wajar),0.0,0.24668096,188.0,185,177,242,-0.5291005291005291,95800,Normal,55,Negatif,Uptrend,Bullish,Strong Bullish,Perfect Uptrend (5>20>50),Normal,Distribusi (Turun),Normal,Dominan Jual (Guyur),Squeeze,Rendah,Normal,Area Tengah,< 1 Miliar,Di Bawah VWAP (Lemah),Distribusi Pro (Guyuran),Gorengan Sepi (< 5M),Sepi (< 50%),Mark-Up (Fase Pesta),Spesialis Tiang Jemuran (Banting Pucuk),Normal,Turun 2 Hari Beruntun,TP: 202 | CL: 178,Normal,Sangat Menarik (> 1:3),Oversold (Jenuh Jual - Peluang),Sentimen Positif 📰,Supply Kering (Siap Pump) 🏜️,Mengambang (Jauh dari Fibo),5,WAIT & SEE,TIDAK ADA,2026-08-19 16:40:03,Biasa / Mengikuti Pasar
16:40,LSIP,Token Mati (Perlu Update),Mid Cap (Lapis 2),Undervalued (Murah),4.6707377,0.6737697,1420.0,1415,1330,1485,0.35335689045936397,5329100,Normal,59,Positif,Uptrend,Death Cross,Bearish MACD,Konsolidasi / Transisi,Normal,Akumulasi (Naik),Normal,Seimbang / Adu Mekanik,Normal,Sedang,Normal,Area Tengah,> 1 Miliar,Persis di VWAP,Akumulasi Pro (Smart Money),Ritel Aktif (5M - 50M),Normal (50-150%),Mark-Up (Fase Pesta),Normal,Normal,Naik 2 Hari Beruntun,TP: 1471 | CL: 1385,Normal,Tidak Ideal (< 1:1),Golden Cross (Awal Bullish),Netral / Sepi Berita,Normal / Sedang Transisi,Mendekati Fibo 23.6%,4,WAIT & SEE,TIDAK ADA,2026-08-19 16:40:03,Biasa / Mengikuti Pasar
16:40,LTLS,Token Mati (Perlu Update),Mid Cap (Lapis 2),Undervalued (Murah),6.5922923,0.37422267,845.0,817,740,865,0.5952380952380952,69700,Normal,66,Positif,Uptrend,Bullish,Strong Bullish,Perfect Uptrend (5>20>50),Normal,Akumulasi (Naik),Normal,Seimbang / Adu Mekanik,Normal,Tinggi,Normal,Rawan Pucuk (High Risk),< 1 Miliar,Persis di VWAP,Akumulasi Pro (Smart Money),Gorengan Sepi (< 5M),Normal (50-150%),Mark-Up (Fase Pesta),Normal,Normal,Naik 1 Hari Beruntun,TP: 887 | CL: 816,Normal,Tidak Ideal (< 1:1),Death Cross (Awal Bearish),Sentimen Positif 📰,Normal / Sedang Transisi,Mendekati Fibo 23.6%,7,BELI,TIDAK ADA,2026-08-19 16:40:03,Biasa / Mengikuti Pasar
16:40,MAIN,Token Mati (Perlu Update),Mid Cap (Lapis 2),Undervalued (Murah),3.2216184,0.52172196,670.0,686,645,735,0.0,932100,Normal,45,Negatif,Downtrend,Bearish,Strong Bearish,Konsolidasi / Transisi,Normal,Distribusi (Turun),Normal,Seimbang / Adu Mekanik,Normal,Sedang,Doji (Ragu-ragu),Area Tengah,< 1 Miliar,Persis di VWAP,Distribusi Pro (Guyuran),Gorengan Sepi (< 5M),Normal (50-150%),Distribution (Fase Jualan),Normal,Normal,Sideways / Stagnan,TP: 700 | CL: 650,Normal,Ideal (1:2),Golden Cross (Awal Bullish),Netral / Sepi Berita,Supply Kering (Siap Pump) 🏜️,Mendekati Fibo 78.6%,0,WAIT & SEE,TIDAK ADA,2026-08-19 16:40:03,Biasa / Mengikuti Pasar
16:40,MAPI,Token Mati (Perlu Update),Big Cap (Lapis 1),Fair Value (Wajar),10.101349,1.7871159,1500.0,1566,1360,1940,-1.639344262295082,1244500,Normal,45,Negatif,Downtrend,Bearish,Strong Bearish,Konsolidasi / Transisi,Normal,Distribusi (Turun),Normal,Dominan Jual (Guyur),Normal,Tinggi,Normal,Rawan Pucuk (High Risk),> 1 Miliar,Di Bawah VWAP (Lemah),Distribusi Pro (Guyuran),Ritel Aktif (5M - 50M),Sepi (< 50%),Distribution (Fase Jualan),Normal,Normal,Turun 1 Hari Beruntun,TP: 1658 | CL: 1394,Open = High (Tekanan Jual),Sangat Menarik (> 1:3),Oversold (Jenuh Jual - Peluang),Sentimen Negatif ⚠️,Normal / Sedang Transisi,Golden Rebound Fibo 78.6% 🎯,0,WAIT & SEE,TIDAK ADA,2026-08-19 16:40:03,Biasa / Mengikuti Pasar
16:40,MAYA,Token Mati (Perlu Update),Mid Cap (Lapis 2),Overvalued (Mahal),76.83398,0.26805967,199.0,199,192,208,0.0,531500,Normal,53,Negatif,Downtrend,Bearish,Bearish MACD,Konsolidasi / Transisi,Normal,Akumulasi (Naik),Normal,Dominan Beli (Hajar Kanan),Squeeze,Rendah,Doji (Ragu-ragu),Area Tengah,< 1 Miliar,Persis di VWAP,Akumulasi Pro (Smart Money),Gorengan Sepi (< 5M),Normal (50-150%),Distribution (Fase Jualan),Normal,Jarum Bawah (Sinyal Pantulan Kuat),Sideways / Stagnan,TP: 207 | CL: 193,Normal,Menengah (1:1),Golden Cross (Awal Bullish),Netral / Sepi Berita,Normal / Sedang Transisi,Golden Rebound Fibo 23.6% 🎯,3,WAIT & SEE,TIDAK ADA,2026-08-19 16:40:03,Biasa / Mengikuti Pasar
16:40,MBAP,Token Mati (Perlu Update),Mid Cap (Lapis 2),Overvalued (Mahal),82.260765,9800.0,1470.0,1437,1390,1500,0.3412969283276451,34200,Normal,60,Positif,Uptrend,Bullish,Strong Bullish,Perfect Uptrend (5>20>50),Normal,Akumulasi (Naik),Normal,Seimbang / Adu Mekanik,Squeeze,Rendah,Normal,Area Tengah,< 1 Miliar,Di Atas VWAP (Kuat),Akumulasi Pro (Smart Money),Gorengan Sepi (< 5M),Normal (50-150%),Mark-Up (Fase Pesta),Spesialis Tiang Jemuran (Banting Pucuk),Jarum Bawah (Sinyal Pantulan Kuat),Naik 3 Hari Beruntun,TP: 1533 | CL: 1427,Normal,Tidak Ideal (< 1:1),Netral / Sideways,Sentimen Positif 📰,Normal / Sedang Transisi,Mendekati Fibo 50.0%,7,BELI,TIDAK ADA,2026-08-19 16:40:03,Biasa / Mengikuti Pasar
16:40,MBSS,Token Mati (Perlu Update),Mid Cap (Lapis 2),Undervalued (Murah),13.350945,1.2058189,2830.0,2793,2530,2940,0.0,1008500,Normal,64,Negatif,Uptrend,Bullish,Bearish MACD,Perfect Uptrend (5>20>50),Normal,Distribusi (Turun),Normal,Dominan Jual (Guyur),Normal,Sedang,Doji (Ragu-ragu),Rawan Pucuk (High Risk),> 1 Miliar,Persis di VWAP,Distribusi Pro (Guyuran),Gorengan Sepi (< 5M),Normal (50-150%),Mark-Up (Fase Pesta),Spesialis Tiang Jemuran (Banting Pucuk),Normal,Sideways / Stagnan,TP: 2894 | CL: 2787,Normal,Tidak Ideal (< 1:1),Netral / Sideways,Sentimen Negatif ⚠️,Normal / Sedang Transisi,Mendekati Fibo 23.6%,3,WAIT & SEE,TIDAK ADA,2026-08-19 16:40:03,Biasa / Mengikuti Pasar
16:40,MBTO,Token Mati (Perlu Update),Small Cap (Lapis 3),Fair Value (Wajar),0.0,0.38845205,128.0,126,115,167,-0.7751937984496124,7648300,Normal,56,Negatif,Uptrend,Bullish,Bearish MACD,Perfect Uptrend (5>20>50),Normal,Akumulasi (Naik),Normal,Dominan Jual (Guyur),Normal,Tinggi,Doji (Ragu-ragu),Rawan Pucuk (High Risk),< 1 Miliar,Persis di VWAP,Akumulasi Pro (Smart Money),Gorengan Sepi (< 5M),Normal (50-150%),Mark-Up (Fase Pesta),Spesialis Tiang Jemuran (Banting Pucuk),Normal,Turun 1 Hari Beruntun,TP: 141 | CL: 118,Normal,Sangat Menarik (> 1:3),Netral / Sideways,Sentimen Negatif ⚠️,Normal / Sedang Transisi,Mengambang (Jauh dari Fibo),4,WAIT & SEE,TIDAK ADA,2026-08-19 16:40:03,Biasa / Mengikuti Pasar
16:40,MCOR,Token Mati (Perlu Update),Mid Cap (Lapis 2),Undervalued (Murah),8.510638,0.35441217,68.0,68,67,70,-1.4492753623188406,1204100,Normal,48,Negatif,Downtrend,Bullish,Bearish MACD,Perfect Uptrend (5>20>50),Normal,Akumulasi (Naik),Normal,Dominan Jual (Guyur),Squeeze,Rendah,Doji (Ragu-ragu),Dekat Support (Low Risk),< 1 Miliar,Persis di VWAP,Akumulasi Pro (Smart Money),Gorengan Sepi (< 5M),Normal (50-150%),Distribution (Fase Jualan),Spesialis Tiang Jemuran (Banting Pucuk),Normal,Turun 1 Hari Beruntun,TP: 70 | CL: 66,Normal,Ideal (1:2),Netral / Sideways,Sentimen Positif 📰,Normal / Sedang Transisi,Dekat Support Fibo 38.2%,3,WAIT & SEE,TIDAK ADA,2026-08-19 16:40:03,Biasa / Mengikuti Pasar
16:40,MDIA,Token Mati (Perlu Update),Big Cap (Lapis 1),Overvalued (Mahal),3500.0,11.9591675,280.0,205,76,296,0.0,0,Normal,87,Negatif,Uptrend,Bullish,Strong Bullish,Perfect Uptrend (5>20>50),Normal,Akumulasi (Naik),Normal,Tidak Ada Transaksi,Normal,Tinggi,Doji (Ragu-ragu),Rawan Pucuk (High Risk),< 1 Miliar,Di Atas VWAP (Kuat),Akumulasi Pro (Smart Money),Sultan (> 50M/hari),Sepi (< 50%),Mark-Up (Fase Pesta),Spesialis Tiang Jemuran (Banting Pucuk),Normal,Sideways / Stagnan,TP: 319 | CL: 253,Normal,Tidak Ideal (< 1:1),Overbought (Jenuh Beli - Rawan),Netral / Sepi Berita,Normal / Sedang Transisi,Mengambang (Jauh dari Fibo),5,WAIT & SEE,TIDAK ADA,2026-08-19 16:40:03,Biasa / Mengikuti Pasar
16:40,MDKA,Token Mati (Perlu Update),Big Cap (Lapis 1),Overvalued (Mahal),1647.3988,81428.57,2850.0,2803,2550,3080,-1.0416666666666665,14637700,Normal,54,Negatif,Uptrend,Bullish,Bearish MACD,Perfect Uptrend (5>20>50),Normal,Distribusi (Turun),Normal,Dominan Jual (Guyur),Normal,Tinggi,Normal,Rawan Pucuk (High Risk),> 1 Miliar,Persis di VWAP,Distribusi Pro (Guyuran),Sultan (> 50M/hari),Sepi (< 50%),Mark-Up (Fase Pesta),Spesialis Tiang Jemuran (Banting Pucuk),Normal,Turun 2 Hari Beruntun,TP: 3036 | CL: 2725,Normal,Tidak Ideal (< 1:1),Netral / Sideways,Sentimen Positif 📰,Normal / Sedang Transisi,Mendekati Fibo 38.2%,4,WAIT & SEE,TIDAK ADA,2026-08-19 16:40:03,Biasa / Mengikuti Pasar
16:40,MDLN,Token Mati (Perlu Update),Small Cap (Lapis 3),Fair Value (Wajar),0.0,0.1902421,50.0,50,50,55,0.0,1815400,Normal,48,Negatif,Downtrend,Bearish,Strong Bearish,Strong Downtrend (5<20<50),Normal,Netral,Normal,Tidak Ada Transaksi,Squeeze,Rendah,Doji (Ragu-ragu),Dekat Support (Low Risk),< 1 Miliar,Persis di VWAP,Distribusi Pro (Guyuran),Gorengan Sepi (< 5M),Sepi (< 50%),Mark-Down (Fase Runtuh),Spesialis Tiang Jemuran (Banting Pucuk),Normal,Sideways / Stagnan,TP: 50 | CL: 49,Normal,Di Area Support,Oversold (Jenuh Jual - Peluang),Sentimen Positif 📰,Supply Kering (Siap Pump) 🏜️,Golden Rebound Fibo Bottom / 100% 🎯,1,WAIT & SEE,TIDAK ADA,2026-08-19 16:40:03,Biasa / Mengikuti Pasar
16:40,MDRN,Token Mati (Perlu Update),Small Cap (Lapis 3),Fair Value (Wajar),2.8230186,-0.8300345,26.0,26,26,26,0.0,0,Normal,36,Negatif,Downtrend,Bearish,Bullish MACD,Konsolidasi / Transisi,Normal,Netral,Normal,Tidak Ada Transaksi,Squeeze,Rendah,Doji (Ragu-ragu),Dekat Support (Low Risk),< 1 Miliar,Di Atas VWAP (Kuat),Netral,Gorengan Sepi (< 5M),Normal (50-150%),Sideways,Solid (Jarang Dibanting),Normal,Sideways / Stagnan,TP: 27 | CL: 25,Normal,Di Area Support,Oversold (Jenuh Jual - Peluang),Netral / Sepi Berita,Normal / Sedang Transisi,Mendekati Fibo Bottom / 100%,1,WAIT & SEE,TIDAK ADA,2026-08-19 16:40:03,Biasa / Mengikuti Pasar
16:40,MEDC,Token Mati (Perlu Update),Big Cap (Lapis 1),Overvalued (Mahal),13.142175,16067.415,1430.0,1316,1225,1440,6.7164179104477615,85746500,Tembus MA20,65,Positif,Uptrend,Bullish,Strong Bullish,Perfect Uptrend (5>20>50),Normal,Akumulasi (Naik),Normal,Dominan Beli (Hajar Kanan),Breakout Upper,Sedang,Normal,Rawan Pucuk (High Risk),> 1 Miliar,Di Atas VWAP (Kuat),Akumulasi Pro (Smart Money),Sultan (> 50M/hari),Anomali Tinggi (150-300%),Mark-Up (Fase Pesta),Normal,Normal,Naik 3 Hari Beruntun,TP: 1521 | CL: 1368,Normal,Tidak Ideal (< 1:1),Netral / Sideways,Sentimen Positif 📰,Normal / Sedang Transisi,Mendekati Fibo 38.2%,9,BELI,TIDAK ADA,2026-08-19 16:40:03,Biasa / Mengikuti Pasar
16:40,MEGA,Token Mati (Perlu Update),Big Cap (Lapis 1),Fair Value (Wajar),14.235514,2.0840025,1985.0,1985,1750,2010,0.5063291139240507,10200,Normal,49,Positif,Downtrend,Bearish,Strong Bearish,Strong Downtrend (5<20<50),Normal,Distribusi (Turun),Normal,Dominan Beli (Hajar Kanan),Squeeze,Rendah,Normal,Rawan Pucuk (High Risk),< 1 Miliar,Persis di VWAP,Akumulasi Pro (Smart Money),Gorengan Sepi (< 5M),Sepi (< 50%),Mark-Down (Fase Runtuh),Normal,Normal,Naik 1 Hari Beruntun,TP: 2032 | CL: 1953,Normal,Tidak Ideal (< 1:1),Overbought (Jenuh Beli - Rawan),Sentimen Positif 📰,Normal / Sedang Transisi,Dekat Support Fibo 50.0%,3,WAIT & SEE,TIDAK ADA,2026-08-19 16:40:03,Biasa / Mengikuti Pasar
16:40,MERK,Token Mati (Perlu Update),Mid Cap (Lapis 2),Fair Value (Wajar),5.2349677,1.807257,3890.0,3940,3700,4030,-1.2690355329949239,8500,Normal,50,Negatif,Downtrend,Death Cross,Bearish MACD,Konsolidasi / Transisi,Normal,Distribusi (Turun),Normal,Dominan Jual (Guyur),Squeeze,Rendah,Normal,Area Tengah,< 1 Miliar,Persis di VWAP,Distribusi Pro (Guyuran),Gorengan Sepi (< 5M),Sepi (< 50%),Distribution (Fase Jualan),Normal,Normal,Turun 1 Hari Beruntun,TP: 4033 | CL: 3794,Open = High (Tekanan Jual),Tidak Ideal (< 1:1),Death Cross (Awal Bearish),Sentimen Positif 📰,Supply Kering (Siap Pump) 🏜️,Golden Rebound Fibo 23.6% 🎯,1,WAIT & SEE,TIDAK ADA,2026-08-19 16:40:03,Biasa / Mengikuti Pasar
16:40,MFMI,Token Mati (Perlu Update),Small Cap (Lapis 3),Overvalued (Mahal),37.839096,8.798884,1300.0,1300,1300,1300,0.0,0,Normal,100,Negatif,Downtrend,Bearish,Bearish MACD,Konsolidasi / Transisi,Normal,Netral,Normal,Tidak Ada Transaksi,Squeeze,Rendah,Doji (Ragu-ragu),Dekat Support (Low Risk),< 1 Miliar,Di Atas VWAP (Kuat),Netral,Gorengan Sepi (< 5M),Normal (50-150%),Sideways,Solid (Jarang Dibanting),Normal,Sideways / Stagnan,TP: 1301 | CL: 1299,Normal,Di Area Support,Oversold (Jenuh Jual - Peluang),Netral / Sepi Berita,Normal / Sedang Transisi,Golden Rebound Fibo 23.6% 🎯,1,WAIT & SEE,TIDAK ADA,2026-08-19 16:40:03,Biasa / Mengikuti Pasar
16:40,MGNA,Token Mati (Perlu Update),Small Cap (Lapis 3),Overvalued (Mahal),2.6927989,12.072185,96.0,104,89,163,-2.0408163265306123,1269000,Normal,43,Negatif,Downtrend,Bearish,Bearish MACD,Konsolidasi / Transisi,Normal,Distribusi (Turun),Normal,Dominan Jual (Guyur),Normal,Tinggi,Normal,Area Tengah,< 1 Miliar,Di Bawah VWAP (Lemah),Distribusi Pro (Guyuran),Gorengan Sepi (< 5M),Sepi (< 50%),Distribution (Fase Jualan),Spesialis Tiang Jemuran (Banting Pucuk),Normal,Turun 3 Hari Beruntun,TP: 112 | CL: 85,Normal,Sangat Menarik (> 1:3),Oversold (Jenuh Jual - Peluang),Sentimen Negatif ⚠️,Normal / Sedang Transisi,Mengambang (Jauh dari Fibo),0,WAIT & SEE,TIDAK ADA,2026-08-19 16:40:03,Biasa / Mengikuti Pasar
16:40,MICE,Token Mati (Perlu Update),Small Cap (Lapis 3),Undervalued (Murah),7.3201337,0.31718796,525.0,518,500,540,0.0,19000,Normal,58,Negatif,Uptrend,Bullish,Bearish MACD,Perfect Uptrend (5>20>50),Normal,Akumulasi (Naik),Normal,Seimbang / Adu Mekanik,Squeeze,Rendah,Doji (Ragu-ragu),Area Tengah,< 1 Miliar,Persis di VWAP,Distribusi Pro (Guyuran),Gorengan Sepi (< 5M),Sepi (< 50%),Mark-Up (Fase Pesta),Normal,Normal,Sideways / Stagnan,TP: 542 | CL: 513,Normal,Tidak Ideal (< 1:1),Death Cross (Awal Bearish),Sentimen Positif 📰,Supply Kering (Siap Pump) 🏜️,Golden Rebound Fibo 23.6% 🎯,5,WAIT & SEE,TIDAK ADA,2026-08-19 16:40:03,Biasa / Mengikuti Pasar
16:40,MIDI,Token Mati (Perlu Update),Mid Cap (Lapis 2),Fair Value (Wajar),10.39548,1.9924058,274.0,279,266,296,-0.7246376811594203,11576900,Tembus MA20,45,Negatif,Downtrend,Bearish,Strong Bearish,Strong Downtrend (5<20<50),Normal,Distribusi (Turun),Normal,Dominan Jual (Guyur),Normal,Sedang,Normal,Area Tengah,> 1 Miliar,Persis di VWAP,Distribusi Pro (Guyuran),Gorengan Sepi (< 5M),Normal (50-150%),Mark-Down (Fase Runtuh),Normal,Normal,Turun 1 Hari Beruntun,TP: 286 | CL: 266,Normal,Ideal (1:2),Golden Cross (Awal Bullish),Sentimen Positif 📰,Normal / Sedang Transisi,Dekat Support Fibo 78.6%,2,WAIT & SEE,TIDAK ADA,2026-08-19 16:40:03,Biasa / Mengikuti Pasar
16:40,MIKA,Token Mati (Perlu Update),Big Cap (Lapis 1),Overvalued (Mahal),17.508385,3.3744605,1775.0,1783,1690,1905,0.8522727272727272,4096700,Normal,51,Positif,Downtrend,Death Cross,Bearish MACD,Konsolidasi / Transisi,Normal,Akumulasi (Naik),Normal,Dominan Beli (Hajar Kanan),Normal,Sedang,Normal,Area Tengah,> 1 Miliar,Persis di VWAP,Akumulasi Pro (Smart Money),Gorengan Sepi (< 5M),Normal (50-150%),Distribution (Fase Jualan),Normal,Normal,Naik 1 Hari Beruntun,TP: 1873 | CL: 1709,Normal,Ideal (1:2),Golden Cross (Awal Bullish),Sentimen Positif 📰,Normal / Sedang Transisi,Mendekati Fibo 38.2%,5,WAIT & SEE,TIDAK ADA,2026-08-19 16:40:03,Biasa / Mengikuti Pasar
16:40,MIRA,Token Mati (Perlu Update),Small Cap (Lapis 3),Fair Value (Wajar),0.0,0.7516076,27.0,25,20,31,-6.896551724137931,5731200,Normal,56,Negatif,Uptrend,Bullish,Strong Bullish,Perfect Uptrend (5>20>50),Normal,Distribusi (Turun),Gap Down (-3.4%),Dominan Jual (Guyur),Normal,Tinggi,Normal,Rawan Pucuk (High Risk),< 1 Miliar,Di Bawah VWAP (Lemah),Akumulasi Pro (Smart Money),Gorengan Sepi (< 5M),Sepi (< 50%),Mark-Up (Fase Pesta),Solid (Jarang Dibanting),Normal,Turun 2 Hari Beruntun,TP: 29 | CL: 25,Open = High (Tekanan Jual),Tidak Ideal (< 1:1),Death Cross (Awal Bearish),Netral / Sepi Berita,Normal / Sedang Transisi,Mengambang (Jauh dari Fibo),4,WAIT & SEE,TIDAK ADA,2026-08-19 16:40:03,Biasa / Mengikuti Pasar
16:40,MITI,Token Mati (Perlu Update),Small Cap (Lapis 3),Overvalued (Mahal),58.333336,1.688836,210.0,187,153,256,5.0,2536800,Normal,64,Positif,Uptrend,Bullish,Strong Bullish,Perfect Uptrend (5>20>50),Normal,Akumulasi (Naik),Normal,Dominan Beli (Hajar Kanan),Normal,Tinggi,Marubozu (Strong Bullish),Rawan Pucuk (High Risk),< 1 Miliar,Di Atas VWAP (Kuat),Akumulasi Pro (Smart Money),Gorengan Sepi (< 5M),Normal (50-150%),Mark-Up (Fase Pesta),Normal,Normal,Naik 2 Hari Beruntun,TP: 239 | CL: 190,Open = Low (Bullish Kuat),Tidak Ideal (< 1:1),Netral / Sideways,Netral / Sepi Berita,Normal / Sedang Transisi,Dekat Support Fibo 38.2%,7,BELI,TIDAK ADA,2026-08-19 16:40:03,Biasa / Mengikuti Pasar
16:40,MKPI,Token Mati (Perlu Update),Big Cap (Lapis 1),Fair Value (Wajar),17.857143,2.794557,21975.0,21840,21050,22075,0.0,40500,Normal,65,Negatif,Uptrend,Bullish,Bearish MACD,Perfect Uptrend (5>20>50),Normal,Akumulasi (Naik),Normal,Dominan Jual (Guyur),Squeeze,Rendah,Normal,Area Tengah,< 1 Miliar,Persis di VWAP,Akumulasi Pro (Smart Money),Gorengan Sepi (< 5M),Normal (50-150%),Mark-Up (Fase Pesta),Normal,Normal,Sideways / Stagnan,TP: 22167 | CL: 21846,Normal,Tidak Ideal (< 1:1),Death Cross (Awal Bearish),Sentimen Positif 📰,Normal / Sedang Transisi,Dekat Support Fibo 23.6%,5,WAIT & SEE,TIDAK ADA,2026-08-19 16:40:03,Biasa / Mengikuti Pasar
16:40,MLBI,Token Mati (Perlu Update),Big Cap (Lapis 1),Overvalued (Mahal),11.251862,13.112096,6875.0,6737,6300,7200,-1.4336917562724014,25700,Normal,62,Negatif,Uptrend,Bullish,Bearish MACD,Perfect Uptrend (5>20>50),Normal,Akumulasi (Naik),Normal,Dominan Jual (Guyur),Normal,Tinggi,Normal,Area Tengah,< 1 Miliar,Di Bawah VWAP (Lemah),Akumulasi Pro (Smart Money),Gorengan Sepi (< 5M),Sepi (< 50%),Mark-Up (Fase Pesta),Normal,Normal,Turun 1 Hari Beruntun,TP: 7094 | CL: 6728,Open = High (Tekanan Jual),Tidak Ideal (< 1:1),Death Cross (Awal Bearish),Sentimen Positif 📰,Normal / Sedang Transisi,Dekat Support Fibo 23.6%,5,WAIT & SEE,TIDAK ADA,2026-08-19 16:40:03,Biasa / Mengikuti Pasar
16:40,MLIA,Token Mati (Perlu Update),Mid Cap (Lapis 2),Fair Value (Wajar),0.0,0.2954538,234.0,231,230,236,-0.847457627118644,26100,Normal,50,Negatif,Uptrend,Bullish,Bullish MACD,Awal Reversal (5>20),Normal,Akumulasi (Naik),Normal,Seimbang / Adu Mekanik,Squeeze,Rendah,Normal,Dekat Support (Low Risk),< 1 Miliar,Persis di VWAP,Akumulasi Pro (Smart Money),Gorengan Sepi (< 5M),Normal (50-150%),Accumulation (Kumpul Barang),Solid (Jarang Dibanting),Normal,Turun 1 Hari Beruntun,TP: 237 | CL: 231,Open = High (Tekanan Jual),Tidak Ideal (< 1:1),Death Cross (Awal Bearish),Sentimen Negatif ⚠️,Normal / Sedang Transisi,Dekat Support Fibo Bottom / 100%,4,WAIT & SEE,TIDAK ADA,2026-08-19 16:40:03,Biasa / Mengikuti Pasar
16:40,MLPL,Token Mati (Perlu Update),Mid Cap (Lapis 2),Fair Value (Wajar),0.0,0.24501207,96.0,96,91,109,1.0526315789473684,18484900,Normal,55,Positif,Downtrend,Bearish,Bearish MACD,Konsolidasi / Transisi,Normal,Akumulasi (Naik),Normal,Dominan Beli (Hajar Kanan),Normal,Sedang,Normal,Area Tengah,> 1 Miliar,Persis di VWAP,Akumulasi Pro (Smart Money),Gorengan Sepi (< 5M),Sepi (< 50%),Distribution (Fase Jualan),Spesialis Tiang Jemuran (Banting Pucuk),Normal,Naik 2 Hari Beruntun,TP: 102 | CL: 91,Normal,Ideal (1:2),Golden Cross (Awal Bullish),Sentimen Positif 📰,Normal / Sedang Transisi,Mendekati Fibo 38.2%,5,WAIT & SEE,TIDAK ADA,2026-08-19 16:40:03,Biasa / Mengikuti Pasar
16:40,MLPT,Token Mati (Perlu Update),Big Cap (Lapis 1),Overvalued (Mahal),159.28659,80.16591,1285.0,1590,1265,2030,-5.166051660516605,3646400,Normal,45,Negatif,Downtrend,Bearish,Bearish MACD,Konsolidasi / Transisi,Normal,Distribusi (Turun),Normal,Dominan Jual (Guyur),Bottom Rebound,Tinggi,Normal,Dekat Support (Low Risk),> 1 Miliar,Di Bawah VWAP (Lemah),Distribusi Pro (Guyuran),Gorengan Sepi (< 5M),Normal (50-150%),Distribution (Fase Jualan),Normal,Normal,Turun 4 Hari Beruntun,TP: 1492 | CL: 1146,Open = High (Tekanan Jual),Sangat Menarik (> 1:3),Oversold (Jenuh Jual - Peluang),Netral / Sepi Berita,Normal / Sedang Transisi,Golden Rebound Fibo 50.0% 🎯,0,WAIT & SEE,TIDAK ADA,2026-08-19 16:40:03,Biasa / Mengikuti Pasar
16:40,MMLP,Token Mati (Perlu Update),Mid Cap (Lapis 2),Fair Value (Wajar),20.253164,0.4498632,304.0,294,280,320,4.10958904109589,3411200,Tembus MA20,60,Positif,Uptrend,Bearish,Bullish MACD,Strong Downtrend (5<20<50),Akumulasi Kuat,Akumulasi (Naik),Normal,Seimbang / Adu Mekanik,Squeeze,Rendah,Normal,Area Tengah,> 1 Miliar,Persis di VWAP,Distribusi Pro (Guyuran),Gorengan Sepi (< 5M),Ledakan Ekstrem (> 300%),Accumulation (Kumpul Barang),Spesialis Tiang Jemuran (Banting Pucuk),Normal,Naik 2 Hari Beruntun,TP: 319 | CL: 294,Open = Low (Bullish Kuat),Tidak Ideal (< 1:1),Netral / Sideways,Netral / Sepi Berita,Normal / Sedang Transisi,Dekat Support Fibo 50.0%,7,BELI,TIDAK ADA,2026-08-19 16:40:03,Biasa / Mengikuti Pasar
16:40,MNCN,Token Mati (Perlu Update),Mid Cap (Lapis 2),Undervalued (Murah),2.256138,0.12137041,204.0,203,198,222,0.9900990099009901,46745600,Tembus MA20,51,Positif,Uptrend,Bearish,Strong Bearish,Strong Downtrend (5<20<50),Normal,Akumulasi (Naik),Normal,Seimbang / Adu Mekanik,Squeeze,Rendah,Normal,Area Tengah,> 1 Miliar,Di Atas VWAP (Kuat),Akumulasi Pro (Smart Money),Ritel Aktif (5M - 50M),Normal (50-150%),Accumulation (Kumpul Barang),Solid (Jarang Dibanting),Normal,Naik 2 Hari Beruntun,TP: 209 | CL: 200,Open = Low (Bullish Kuat),Sangat Menarik (> 1:3),Netral / Sideways,Sentimen Positif 📰,Normal / Sedang Transisi,Dekat Support Fibo 78.6%,6,WAIT & SEE,TIDAK ADA,2026-08-19 16:40:03,Biasa / Mengikuti Pasar
16:40,MPMX,Token Mati (Perlu Update),Mid Cap (Lapis 2),Undervalued (Murah),8.474576,0.78806055,1005.0,998,975,1020,0.5,2384100,Normal,61,Positif,Uptrend,Bullish,Bearish MACD,Perfect Uptrend (5>20>50),Normal,Distribusi (Turun),Normal,Seimbang / Adu Mekanik,Squeeze,Rendah,Normal,Area Tengah,> 1 Miliar,Persis di VWAP,Akumulasi Pro (Smart Money),Gorengan Sepi (< 5M),Normal (50-150%),Mark-Up (Fase Pesta),Normal,Normal,Naik 1 Hari Beruntun,TP: 1025 | CL: 991,Open = Low (Bullish Kuat),Tidak Ideal (< 1:1),Netral / Sideways,Sentimen Positif 📰,Normal / Sedang Transisi,Mendekati Fibo 23.6%,5,WAIT & SEE,TIDAK ADA,2026-08-19 16:40:03,Biasa / Mengikuti Pasar
16:40,MPPA,Token Mati (Perlu Update),Mid Cap (Lapis 2),Fair Value (Wajar),0.0,-16.996185,49.0,48,46,52,-2.0,4543900,Normal,53,Negatif,Uptrend,Bullish,Strong Bullish,Perfect Uptrend (5>20>50),Normal,Distribusi (Turun),Gap Down (-2.0%),Tidak Ada Transaksi,Normal,Sedang,Doji (Ragu-ragu),Area Tengah,< 1 Miliar,Di Bawah VWAP (Lemah),Akumulasi Pro (Smart Money),Gorengan Sepi (< 5M),Sepi (< 50%),Mark-Up (Fase Pesta),Solid (Jarang Dibanting),Normal,Turun 1 Hari Beruntun,TP: 50 | CL: 47,Normal,Menengah (1:1),Netral / Sideways,Netral / Sepi Berita,Normal / Sedang Transisi,Mendekati Fibo 38.2%,4,WAIT & SEE,TIDAK ADA,2026-08-19 16:40:03,Biasa / Mengikuti Pasar
16:40,MRAT,Token Mati (Perlu Update),Small Cap (Lapis 3),Overvalued (Mahal),56.107384,0.3095134,418.0,438,414,550,0.966183574879227,464600,Normal,33,Positif,Downtrend,Bearish,Strong Bearish,Strong Downtrend (5<20<50),Normal,Distribusi (Turun),Normal,Dominan Jual (Guyur),Squeeze,Rendah,Doji (Ragu-ragu),Dekat Support (Low Risk),< 1 Miliar,Di Bawah VWAP (Lemah),Distribusi Pro (Guyuran),Gorengan Sepi (< 5M),Sepi (< 50%),Mark-Down (Fase Runtuh),Spesialis Tiang Jemuran (Banting Pucuk),Normal,Naik 1 Hari Beruntun,TP: 443 | CL: 401,Normal,Sangat Menarik (> 1:3),Netral / Sideways,Sentimen Positif 📰,Normal / Sedang Transisi,Dekat Support Fibo Bottom / 100%,2,WAIT & SEE,TIDAK ADA,2026-08-19 16:40:03,Biasa / Mengikuti Pasar
16:40,MREI,Token Mati (Perlu Update),Small Cap (Lapis 3),Undervalued (Murah),5.1679587,0.29116395,920.0,920,920,920,0.0,0,Normal,31,Negatif,Downtrend,Bearish,Bullish MACD,Konsolidasi / Transisi,Normal,Netral,Normal,Tidak Ada Transaksi,Squeeze,Rendah,Doji (Ragu-ragu),Dekat Support (Low Risk),< 1 Miliar,Di Atas VWAP (Kuat),Netral,Gorengan Sepi (< 5M),Normal (50-150%),Sideways,Solid (Jarang Dibanting),Normal,Sideways / Stagnan,TP: 921 | CL: 919,Normal,Di Area Support,Oversold (Jenuh Jual - Peluang),Netral / Sepi Berita,Normal / Sedang Transisi,Golden Rebound Fibo 61.8% (Golden Ratio) 🎯,1,WAIT & SEE,TIDAK ADA,2026-08-19 16:40:03,Biasa / Mengikuti Pasar
16:40,MSKY,Token Mati (Perlu Update),Small Cap (Lapis 3),Fair Value (Wajar),0.0,0.9293288,66.0,64,56,76,1.5384615384615385,21187300,Normal,53,Positif,Uptrend,Bullish,Strong Bullish,Perfect Uptrend (5>20>50),Normal,Distribusi (Turun),Normal,Dominan Jual (Guyur),Normal,Tinggi,Normal,Rawan Pucuk (High Risk),> 1 Miliar,Di Bawah VWAP (Lemah),Distribusi Pro (Guyuran),Gorengan Sepi (< 5M),Sepi (< 50%),Mark-Up (Fase Pesta),Spesialis Tiang Jemuran (Banting Pucuk),Normal,Naik 1 Hari Beruntun,TP: 74 | CL: 60,Open = Low (Bullish Kuat),Menengah (1:1),Netral / Sideways,Sentimen Positif 📰,Normal / Sedang Transisi,Dekat Support Fibo 50.0%,6,WAIT & SEE,TIDAK ADA,2026-08-19 16:40:03,Biasa / Mengikuti Pasar
16:40,MTDL,Token Mati (Perlu Update),Mid Cap (Lapis 2),Undervalued (Murah),7.571303,1.2979518,510.0,509,500,525,-1.9230769230769231,3333300,Tembus MA20,50,Negatif,Uptrend,Bearish,Bullish MACD,Konsolidasi / Transisi,Normal,Akumulasi (Naik),Normal,Seimbang / Adu Mekanik,Squeeze,Rendah,Normal,Dekat Support (Low Risk),> 1 Miliar,Persis di VWAP,Distribusi Pro (Guyuran),Gorengan Sepi (< 5M),Normal (50-150%),Mark-Up (Fase Pesta),Spesialis Tiang Jemuran (Banting Pucuk),Normal,Turun 1 Hari Beruntun,TP: 526 | CL: 498,Open = High (Tekanan Jual),Ideal (1:2),Netral / Sideways,Sentimen Positif 📰,Normal / Sedang Transisi,Dekat Support Fibo 50.0%,5,WAIT & SEE,TIDAK ADA,2026-08-19 16:40:03,Biasa / Mengikuti Pasar
16:40,MTFN,Token Mati (Perlu Update),Small Cap (Lapis 3),Fair Value (Wajar),0.0,-0.75691414,13.0,13,13,13,0.0,0,Normal,38,Negatif,Downtrend,Bearish,Bullish MACD,Konsolidasi / Transisi,Normal,Netral,Normal,Tidak Ada Transaksi,Squeeze,Rendah,Doji (Ragu-ragu),Dekat Support (Low Risk),< 1 Miliar,Di Atas VWAP (Kuat),Netral,Gorengan Sepi (< 5M),Normal (50-150%),Sideways,Solid (Jarang Dibanting),Normal,Sideways / Stagnan,TP: 14 | CL: 12,Normal,Di Area Support,Oversold (Jenuh Jual - Peluang),Netral / Sepi Berita,Normal / Sedang Transisi,Mengambang (Jauh dari Fibo),1,WAIT & SEE,TIDAK ADA,2026-08-19 16:40:03,Biasa / Mengikuti Pasar
16:40,MTLA,Token Mati (Perlu Update),Mid Cap (Lapis 2),Undervalued (Murah),10.6622925,0.7134175,520.0,519,500,575,0.9708737864077669,34600,Tembus MA20,51,Positif,Uptrend,Bearish,Bearish MACD,Konsolidasi / Transisi,Normal,Akumulasi (Naik),Normal,Seimbang / Adu Mekanik,Normal,Sedang,Doji (Ragu-ragu),Area Tengah,< 1 Miliar,Persis di VWAP,Distribusi Pro (Guyuran),Gorengan Sepi (< 5M),Anomali Tinggi (150-300%),Mark-Up (Fase Pesta),Normal,Normal,Naik 1 Hari Beruntun,TP: 556 | CL: 495,Normal,Ideal (1:2),Golden Cross (Awal Bullish),Netral / Sepi Berita,Normal / Sedang Transisi,Dekat Support Fibo 61.8% (Golden Ratio),5,WAIT & SEE,TIDAK ADA,2026-08-19 16:40:03,Biasa / Mengikuti Pasar
16:40,MTSM,Token Mati (Perlu Update),Small Cap (Lapis 3),Overvalued (Mahal),0.0,4.03548,500.0,500,500,500,0.0,0,Normal,0,Negatif,Downtrend,Bearish,Bearish MACD,Konsolidasi / Transisi,Normal,Netral,Normal,Tidak Ada Transaksi,Squeeze,Rendah,Doji (Ragu-ragu),Dekat Support (Low Risk),< 1 Miliar,Di Atas VWAP (Kuat),Netral,Gorengan Sepi (< 5M),Normal (50-150%),Sideways,Solid (Jarang Dibanting),Normal,Sideways / Stagnan,TP: 501 | CL: 499,Normal,Di Area Support,Oversold (Jenuh Jual - Peluang),Netral / Sepi Berita,Normal / Sedang Transisi,Normal / Sideways,0,WAIT & SEE,TIDAK ADA,2026-08-19 16:40:03,Biasa / Mengikuti Pasar
16:40,MYOH,Token Mati (Perlu Update),Mid Cap (Lapis 2),Overvalued (Mahal),8.983763,13292.683,1090.0,1050,1015,1260,-0.9090909090909091,85600,Normal,60,Negatif,Uptrend,Bullish,Strong Bullish,Perfect Uptrend (5>20>50),Normal,Akumulasi (Naik),Normal,Dominan Jual (Guyur),Squeeze,Rendah,Normal,Area Tengah,< 1 Miliar,Persis di VWAP,Distribusi Pro (Guyuran),Gorengan Sepi (< 5M),Sepi (< 50%),Mark-Up (Fase Pesta),Spesialis Tiang Jemuran (Banting Pucuk),Normal,Turun 1 Hari Beruntun,TP: 1162 | CL: 1041,Normal,Ideal (1:2),Netral / Sideways,Netral / Sepi Berita,Normal / Sedang Transisi,Dekat Support Fibo 61.8% (Golden Ratio),5,WAIT & SEE,TIDAK ADA,2026-08-19 16:40:03,Biasa / Mengikuti Pasar
16:40,MYOR,Token Mati (Perlu Update),Big Cap (Lapis 1),Fair Value (Wajar),10.786678,2.006732,1655.0,1697,1650,1850,-1.1940298507462688,6679200,Normal,41,Negatif,Downtrend,Bearish,Strong Bearish,Strong Downtrend (5<20<50),Normal,Distribusi (Turun),Normal,Dominan Jual (Guyur),Bottom Rebound,Sedang,Normal,Dekat Support (Low Risk),> 1 Miliar,Di Bawah VWAP (Lemah),Distribusi Pro (Guyuran),Ritel Aktif (5M - 50M),Normal (50-150%),Mark-Down (Fase Runtuh),Normal,Normal,Turun 1 Hari Beruntun,TP: 1710 | CL: 1618,Normal,Sangat Menarik (> 1:3),Oversold (Jenuh Jual - Peluang),Sentimen Positif 📰,Normal / Sedang Transisi,Mendekati Fibo 78.6%,1,WAIT & SEE,TIDAK ADA,2026-08-19 16:40:03,Biasa / Mengikuti Pasar
16:40,MYTX,Token Mati (Perlu Update),Small Cap (Lapis 3),Fair Value (Wajar),3.5344827,-0.5943063,41.0,41,41,41,0.0,0,Normal,43,Negatif,Downtrend,Bearish,Bullish MACD,Konsolidasi / Transisi,Normal,Netral,Normal,Tidak Ada Transaksi,Squeeze,Rendah,Doji (Ragu-ragu),Dekat Support (Low Risk),< 1 Miliar,Di Atas VWAP (Kuat),Netral,Gorengan Sepi (< 5M),Normal (50-150%),Sideways,Solid (Jarang Dibanting),Normal,Sideways / Stagnan,TP: 42 | CL: 40,Normal,Di Area Support,Oversold (Jenuh Jual - Peluang),Netral / Sepi Berita,Normal / Sedang Transisi,Mengambang (Jauh dari Fibo),1,WAIT & SEE,TIDAK ADA,2026-08-19 16:40:03,Biasa / Mengikuti Pasar
16:40,NELY,Token Mati (Perlu Update),Small Cap (Lapis 3),Undervalued (Murah),7.2479367,0.5422222,202.0,202,194,212,0.0,269000,Normal,49,Negatif,Downtrend,Bearish,Bullish MACD,Konsolidasi / Transisi,Normal,Akumulasi (Naik),Normal,Dominan Beli (Hajar Kanan),Squeeze,Rendah,Doji (Ragu-ragu),Area Tengah,< 1 Miliar,Persis di VWAP,Akumulasi Pro (Smart Money),Gorengan Sepi (< 5M),Sepi (< 50%),Distribution (Fase Jualan),Spesialis Tiang Jemuran (Banting Pucuk),Jarum Bawah (Sinyal Pantulan Kuat),Sideways / Stagnan,TP: 210 | CL: 196,Normal,Menengah (1:1),Netral / Sideways,Sentimen Positif 📰,Normal / Sedang Transisi,Golden Rebound Fibo 61.8% (Golden Ratio) 🎯,4,WAIT & SEE,TIDAK ADA,2026-08-19 16:40:03,Biasa / Mengikuti Pasar
16:40,NIKL,Token Mati (Perlu Update),Small Cap (Lapis 3),Overvalued (Mahal),15.097276,8818.182,193.0,193,177,208,0.0,2377600,Normal,49,Negatif,Downtrend,Bearish,Bullish MACD,Konsolidasi / Transisi,Normal,Akumulasi (Naik),Normal,Seimbang / Adu Mekanik,Normal,Sedang,Normal,Area Tengah,< 1 Miliar,Persis di VWAP,Distribusi Pro (Guyuran),Gorengan Sepi (< 5M),Sepi (< 50%),Distribution (Fase Jualan),Spesialis Tiang Jemuran (Banting Pucuk),Jarum Bawah (Sinyal Pantulan Kuat),Sideways / Stagnan,TP: 205 | CL: 184,Normal,Tidak Ideal (< 1:1),Netral / Sideways,Sentimen Positif 📰,Normal / Sedang Transisi,Mengambang (Jauh dari Fibo),3,WAIT & SEE,TIDAK ADA,2026-08-19 16:40:03,Biasa / Mengikuti Pasar
16:40,NIRO,Token Mati (Perlu Update),Mid Cap (Lapis 2),Fair Value (Wajar),0.0,2.1104608,159.0,154,130,192,-0.625,267100,Normal,53,Negatif,Uptrend,Bullish,Bearish MACD,Perfect Uptrend (5>20>50),Normal,Akumulasi (Naik),Normal,Seimbang / Adu Mekanik,Normal,Tinggi,Normal,Rawan Pucuk (High Risk),< 1 Miliar,Persis di VWAP,Akumulasi Pro (Smart Money),Gorengan Sepi (< 5M),Normal (50-150%),Mark-Up (Fase Pesta),Spesialis Tiang Jemuran (Banting Pucuk),Normal,Turun 1 Hari Beruntun,TP: 181 | CL: 144,Normal,Menengah (1:1),Netral / Sideways,Netral / Sepi Berita,Normal / Sedang Transisi,Mengambang (Jauh dari Fibo),4,WAIT & SEE,TIDAK ADA,2026-08-19 16:40:03,Biasa / Mengikuti Pasar
16:40,NISP,Token Mati (Perlu Update),Big Cap (Lapis 1),Undervalued (Murah),5.493057,0.6539901,1250.0,1263,1225,1310,-0.7936507936507936,1660100,Normal,48,Negatif,Downtrend,Bearish,Bearish MACD,Konsolidasi / Transisi,Normal,Distribusi (Turun),Normal,Dominan Jual (Guyur),Squeeze,Rendah,Normal,Dekat Support (Low Risk),> 1 Miliar,Persis di VWAP,Akumulasi Pro (Smart Money),Gorengan Sepi (< 5M),Normal (50-150%),Distribution (Fase Jualan),Spesialis Tiang Jemuran (Banting Pucuk),Normal,Turun 1 Hari Beruntun,TP: 1286 | CL: 1225,Normal,Ideal (1:2),Netral / Sideways,Sentimen Positif 📰,Normal / Sedang Transisi,Dekat Support Fibo 38.2%,1,WAIT & SEE,TIDAK ADA,2026-08-19 16:40:03,Biasa / Mengikuti Pasar
16:40,NOBU,Token Mati (Perlu Update),Mid Cap (Lapis 2),Undervalued (Murah),6.365372,0.8399225,500.0,479,432,535,1.214574898785425,346900,Normal,59,Positif,Uptrend,Bullish,Strong Bullish,Perfect Uptrend (5>20>50),Normal,Akumulasi (Naik),Normal,Seimbang / Adu Mekanik,Normal,Tinggi,Normal,Rawan Pucuk (High Risk),< 1 Miliar,Persis di VWAP,Distribusi Pro (Guyuran),Gorengan Sepi (< 5M),Sepi (< 50%),Mark-Up (Fase Pesta),Spesialis Tiang Jemuran (Banting Pucuk),Normal,Naik 1 Hari Beruntun,TP: 531 | CL: 478,Open = Low (Bullish Kuat),Tidak Ideal (< 1:1),Death Cross (Awal Bearish),Sentimen Positif 📰,Normal / Sedang Transisi,Mendekati Fibo 38.2%,7,BELI,TIDAK ADA,2026-08-19 16:40:03,Biasa / Mengikuti Pasar
16:40,NRCA,Token Mati (Perlu Update),Mid Cap (Lapis 2),Undervalued (Murah),7.3367095,1.0372549,565.0,513,462,585,3.669724770642202,13734500,Tembus MA20,69,Positif,Uptrend,Bullish,Strong Bullish,Perfect Uptrend (5>20>50),Akumulasi Kuat,Akumulasi (Naik),Normal,Seimbang / Adu Mekanik,Breakout Upper,Tinggi,Normal,Rawan Pucuk (High Risk),> 1 Miliar,Di Atas VWAP (Kuat),Akumulasi Pro (Smart Money),Gorengan Sepi (< 5M),Anomali Tinggi (150-300%),Mark-Up (Fase Pesta),Normal,Normal,Naik 2 Hari Beruntun,TP: 609 | CL: 535,Normal,Tidak Ideal (< 1:1),Overbought (Jenuh Beli - Rawan),Sentimen Positif 📰,Normal / Sedang Transisi,Mengambang (Jauh dari Fibo),9,BELI,TIDAK ADA,2026-08-19 16:40:03,Biasa / Mengikuti Pasar
16:40,OKAS,Token Mati (Perlu Update),Small Cap (Lapis 3),Overvalued (Mahal),0.0,18142.857,130.0,109,97,143,10.16949152542373,93619400,Tembus MA20,73,Positif,Uptrend,Bullish,Strong Bullish,Perfect Uptrend (5>20>50),Akumulasi Kuat,Akumulasi (Naik),Normal,Seimbang / Adu Mekanik,Breakout Upper,Tinggi,Normal,Rawan Pucuk (High Risk),> 1 Miliar,Di Atas VWAP (Kuat),Distribusi Pro (Guyuran),Gorengan Sepi (< 5M),Ledakan Ekstrem (> 300%),Mark-Up (Fase Pesta),Spesialis Tiang Jemuran (Banting Pucuk),Normal,Naik 2 Hari Beruntun,TP: 144 | CL: 120,Normal,Tidak Ideal (< 1:1),Netral / Sideways,Sentimen Positif 📰,Normal / Sedang Transisi,Dekat Support Fibo 23.6%,9,BELI,TIDAK ADA,2026-08-19 16:40:03,⚠️ Anomali (Sudah Terbang)
16:40,OMRE,Token Mati (Perlu Update),Mid Cap (Lapis 2),Fair Value (Wajar),0.0,0.90933055,990.0,1019,905,1250,2.0618556701030926,13200,Normal,47,Positif,Downtrend,Bearish,Strong Bearish,Strong Downtrend (5<20<50),Normal,Akumulasi (Naik),Gap Down (-3.6%),Dominan Beli (Hajar Kanan),Normal,Tinggi,Marubozu (Strong Bullish),Area Tengah,< 1 Miliar,Di Atas VWAP (Kuat),Akumulasi Pro (Smart Money),Gorengan Sepi (< 5M),Normal (50-150%),Mark-Down (Fase Runtuh),Spesialis Tiang Jemuran (Banting Pucuk),Normal,Naik 1 Hari Beruntun,TP: 1111 | CL: 909,Open = Low (Bullish Kuat),Sangat Menarik (> 1:3),Golden Cross (Awal Bullish),Netral / Sepi Berita,Normal / Sedang Transisi,Mengambang (Jauh dari Fibo),3,WAIT & SEE,TIDAK ADA,2026-08-19 16:40:03,Biasa / Mengikuti Pasar
16:40,PADI,Token Mati (Perlu Update),Small Cap (Lapis 3),Overvalued (Mahal),0.0,5.535499,69.0,71,61,84,-1.4285714285714286,103239000,Normal,46,Negatif,Downtrend,Bearish,Strong Bearish,Konsolidasi / Transisi,Normal,Akumulasi (Naik),Normal,Dominan Jual (Guyur),Normal,Tinggi,Normal,Rawan Pucuk (High Risk),> 1 Miliar,Di Bawah VWAP (Lemah),Distribusi Pro (Guyuran),Ritel Aktif (5M - 50M),Sepi (< 50%),Distribution (Fase Jualan),Spesialis Tiang Jemuran (Banting Pucuk),Normal,Turun 2 Hari Beruntun,TP: 75 | CL: 64,Normal,Ideal (1:2),Netral / Sideways,Netral / Sepi Berita,Normal / Sedang Transisi,Mengambang (Jauh dari Fibo),1,WAIT & SEE,TIDAK ADA,2026-08-19 16:40:03,Biasa / Mengikuti Pasar
16:40,PALM,Token Mati (Perlu Update),Mid Cap (Lapis 2),Undervalued (Murah),8.1172495,0.90481246,288.0,295,282,318,0.0,79400,Normal,40,Negatif,Downtrend,Bearish,Strong Bearish,Strong Downtrend (5<20<50),Normal,Distribusi (Turun),Normal,Seimbang / Adu Mekanik,Normal,Sedang,Doji (Ragu-ragu),Dekat Support (Low Risk),< 1 Miliar,Persis di VWAP,Akumulasi Pro (Smart Money),Gorengan Sepi (< 5M),Sepi (< 50%),Mark-Down (Fase Runtuh),Normal,Normal,Sideways / Stagnan,TP: 298 | CL: 280,Normal,Sangat Menarik (> 1:3),Golden Cross (Awal Bullish),Sentimen Positif 📰,Normal / Sedang Transisi,Mendekati Fibo 61.8% (Golden Ratio),1,WAIT & SEE,TIDAK ADA,2026-08-19 16:40:03,Biasa / Mengikuti Pasar
16:40,PANR,Token Mati (Perlu Update),Small Cap (Lapis 3),Fair Value (Wajar),0.0,0.64002115,426.0,419,404,436,2.403846153846154,21100,Normal,54,Positif,Uptrend,Bullish,Strong Bullish,Perfect Uptrend (5>20>50),Normal,Distribusi (Turun),Normal,Dominan Beli (Hajar Kanan),Normal,Sedang,Normal,Area Tengah,< 1 Miliar,Di Atas VWAP (Kuat),Distribusi Pro (Guyuran),Gorengan Sepi (< 5M),Sepi (< 50%),Mark-Up (Fase Pesta),Normal,Normal,Naik 1 Hari Beruntun,TP: 439 | CL: 417,Normal,Tidak Ideal (< 1:1),Netral / Sideways,Sentimen Positif 📰,Normal / Sedang Transisi,Mendekati Fibo 78.6%,7,BELI,TIDAK ADA,2026-08-19 16:40:03,Biasa / Mengikuti Pasar
16:40,PANS,Token Mati (Perlu Update),Mid Cap (Lapis 2),Undervalued (Murah),6.455885,0.7845559,1560.0,1552,1515,1595,-0.3194888178913738,94400,Normal,54,Negatif,Uptrend,Bearish,Bearish MACD,Konsolidasi / Transisi,Normal,Akumulasi (Naik),Normal,Seimbang / Adu Mekanik,Squeeze,Rendah,Normal,Dekat Support (Low Risk),< 1 Miliar,Persis di VWAP,Akumulasi Pro (Smart Money),Gorengan Sepi (< 5M),Normal (50-150%),Mark-Up (Fase Pesta),Normal,Normal,Turun 1 Hari Beruntun,TP: 1596 | CL: 1535,Open = High (Tekanan Jual),Tidak Ideal (< 1:1),Netral / Sideways,Sentimen Positif 📰,Normal / Sedang Transisi,Dekat Support Fibo 23.6%,4,WAIT & SEE,TIDAK ADA,2026-08-19 16:40:03,Biasa / Mengikuti Pasar
16:40,PBRX,Token Mati (Perlu Update),Small Cap (Lapis 3),Overvalued (Mahal),0.0,9000.0,27.0,26,26,28,0.0,6074200,Tembus MA20,51,Negatif,Uptrend,Bearish,Bullish MACD,Strong Downtrend (5<20<50),Normal,Distribusi (Turun),Gap Down (-3.7%),Dominan Beli (Hajar Kanan),Normal,Sedang,Marubozu (Strong Bullish),Area Tengah,< 1 Miliar,Di Atas VWAP (Kuat),Akumulasi Pro (Smart Money),Gorengan Sepi (< 5M),Normal (50-150%),Accumulation (Kumpul Barang),Normal,Normal,Sideways / Stagnan,TP: 28 | CL: 25,Open = Low (Bullish Kuat),Menengah (1:1),Netral / Sideways,Netral / Sepi Berita,Normal / Sedang Transisi,Mendekati Fibo 61.8% (Golden Ratio),5,WAIT & SEE,TIDAK ADA,2026-08-19 16:40:03,Biasa / Mengikuti Pasar
16:40,PDES,Token Mati (Perlu Update),Small Cap (Lapis 3),Fair Value (Wajar),0.0,2.48175,376.0,399,370,590,-2.083333333333333,141400,Normal,41,Negatif,Downtrend,Bearish,Strong Bearish,Strong Downtrend (5<20<50),Normal,Distribusi (Turun),Normal,Seimbang / Adu Mekanik,Normal,Tinggi,Normal,Dekat Support (Low Risk),< 1 Miliar,Di Bawah VWAP (Lemah),Akumulasi Pro (Smart Money),Gorengan Sepi (< 5M),Sepi (< 50%),Mark-Down (Fase Runtuh),Normal,Normal,Turun 6 Hari Beruntun,TP: 436 | CL: 335,Open = High (Tekanan Jual),Sangat Menarik (> 1:3),Oversold (Jenuh Jual - Peluang),Sentimen Positif 📰,Normal / Sedang Transisi,Golden Rebound Fibo Bottom / 100% 🎯,1,WAIT & SEE,TIDAK ADA,2026-08-19 16:40:03,Biasa / Mengikuti Pasar
16:40,PEGE,Token Mati (Perlu Update),Small Cap (Lapis 3),Fair Value (Wajar),0.0,2.3022835,111.0,98,87,116,2.7777777777777777,43354300,Tembus MA20,62,Positif,Uptrend,Bullish,Strong Bullish,Awal Reversal (5>20),Normal,Akumulasi (Naik),Normal,Seimbang / Adu Mekanik,Normal,Tinggi,Normal,Rawan Pucuk (High Risk),> 1 Miliar,Di Atas VWAP (Kuat),Distribusi Pro (Guyuran),Gorengan Sepi (< 5M),Normal (50-150%),Accumulation (Kumpul Barang),Normal,Normal,Naik 1 Hari Beruntun,TP: 120 | CL: 104,Normal,Tidak Ideal (< 1:1),Netral / Sideways,Netral / Sepi Berita,Normal / Sedang Transisi,Mengambang (Jauh dari Fibo),7,BELI,TIDAK ADA,2026-08-19 16:40:03,Biasa / Mengikuti Pasar
16:40,PGAS,Token Mati (Perlu Update),Big Cap (Lapis 1),Overvalued (Mahal),8.404774,12820.513,1505.0,1506,1470,1580,-0.6600660066006601,13184100,Normal,51,Negatif,Downtrend,Bearish,Bullish MACD,Konsolidasi / Transisi,Normal,Distribusi (Turun),Normal,Dominan Jual (Guyur),Squeeze,Rendah,Normal,Dekat Support (Low Risk),> 1 Miliar,Persis di VWAP,Distribusi Pro (Guyuran),Ritel Aktif (5M - 50M),Normal (50-150%),Distribution (Fase Jualan),Spesialis Tiang Jemuran (Banting Pucuk),Normal,Turun 1 Hari Beruntun,TP: 1546 | CL: 1477,Normal,Ideal (1:2),Netral / Sideways,Sentimen Positif 📰,Normal / Sedang Transisi,Mendekati Fibo 78.6%,3,WAIT & SEE,TIDAK ADA,2026-08-19 16:40:03,Biasa / Mengikuti Pasar
16:40,PGLI,Token Mati (Perlu Update),Small Cap (Lapis 3),Overvalued (Mahal),0.0,7.805531,210.0,203,182,246,0.0,38400,Normal,57,Negatif,Uptrend,Bullish,Strong Bullish,Perfect Uptrend (5>20>50),Normal,Akumulasi (Naik),Gap Up (+2.9%),Dominan Jual (Guyur),Normal,Tinggi,Normal,Rawan Pucuk (High Risk),< 1 Miliar,Di Bawah VWAP (Lemah),Distribusi Pro (Guyuran),Gorengan Sepi (< 5M),Sepi (< 50%),Mark-Up (Fase Pesta),Spesialis Tiang Jemuran (Banting Pucuk),Normal,Sideways / Stagnan,TP: 236 | CL: 192,Open = High (Tekanan Jual),Menengah (1:1),Netral / Sideways,Netral / Sepi Berita,Normal / Sedang Transisi,Dekat Support Fibo 50.0%,6,WAIT & SEE,TIDAK ADA,2026-08-19 16:40:03,Biasa / Mengikuti Pasar
16:40,PICO,Token Mati (Perlu Update),Small Cap (Lapis 3),Fair Value (Wajar),0.0,0.36085162,135.0,131,123,143,0.7462686567164178,247100,Normal,59,Positif,Uptrend,Bullish,Strong Bullish,Perfect Uptrend (5>20>50),Normal,Akumulasi (Naik),Normal,Seimbang / Adu Mekanik,Squeeze,Rendah,Doji (Ragu-ragu),Area Tengah,< 1 Miliar,Persis di VWAP,Distribusi Pro (Guyuran),Gorengan Sepi (< 5M),Sepi (< 50%),Mark-Up (Fase Pesta),Normal,Jarum Bawah (Sinyal Pantulan Kuat),Naik 1 Hari Beruntun,TP: 142 | CL: 130,Normal,Tidak Ideal (< 1:1),Netral / Sideways,Netral / Sepi Berita,Supply Kering (Siap Pump) 🏜️,Golden Rebound Fibo 50.0% 🎯,6,WAIT & SEE,TIDAK ADA,2026-08-19 16:40:03,Biasa / Mengikuti Pasar
16:40,PJAA,Token Mati (Perlu Update),Small Cap (Lapis 3),Undervalued (Murah),4.580916,0.4070988,458.0,456,444,470,0.0,15700,Normal,52,Negatif,Uptrend,Bullish,Strong Bullish,Perfect Uptrend (5>20>50),Normal,Akumulasi (Naik),Normal,Dominan Beli (Hajar Kanan),Squeeze,Rendah,Normal,Area Tengah,< 1 Miliar,Persis di VWAP,Akumulasi Pro (Smart Money),Gorengan Sepi (< 5M),Sepi (< 50%),Mark-Up (Fase Pesta),Normal,Normal,Sideways / Stagnan,TP: 470 | CL: 449,Normal,Tidak Ideal (< 1:1),Netral / Sideways,Sentimen Positif 📰,Normal / Sedang Transisi,Dekat Support Fibo 50.0%,7,BELI,TIDAK ADA,2026-08-19 16:40:03,Biasa / Mengikuti Pasar
16:40,PKPK,Token Mati (Perlu Update),Mid Cap (Lapis 2),Overvalued (Mahal),45.74428,13.482004,3660.0,3836,3450,4070,-0.2724795640326975,551600,Normal,50,Negatif,Downtrend,Bearish,Bearish MACD,Konsolidasi / Transisi,Normal,Distribusi (Turun),Normal,Seimbang / Adu Mekanik,Bottom Rebound,Sedang,Normal,Area Tengah,> 1 Miliar,Di Bawah VWAP (Lemah),Distribusi Pro (Guyuran),Gorengan Sepi (< 5M),Normal (50-150%),Distribution (Fase Jualan),Normal,Normal,Turun 2 Hari Beruntun,TP: 3845 | CL: 3536,Open = High (Tekanan Jual),Ideal (1:2),Oversold (Jenuh Jual - Peluang),Sentimen Positif 📰,Normal / Sedang Transisi,Mengambang (Jauh dari Fibo),1,WAIT & SEE,TIDAK ADA,2026-08-19 16:40:03,Biasa / Mengikuti Pasar
16:40,PLIN,Token Mati (Perlu Update),Mid Cap (Lapis 2),Undervalued (Murah),8.896923,0.78069234,2510.0,2510,2510,2510,0.0,0,Normal,100,Negatif,Downtrend,Bearish,Bearish MACD,Konsolidasi / Transisi,Normal,Netral,Normal,Tidak Ada Transaksi,Squeeze,Rendah,Doji (Ragu-ragu),Dekat Support (Low Risk),< 1 Miliar,Di Atas VWAP (Kuat),Netral,Gorengan Sepi (< 5M),Normal (50-150%),Sideways,Solid (Jarang Dibanting),Normal,Sideways / Stagnan,TP: 2511 | CL: 2509,Normal,Di Area Support,Oversold (Jenuh Jual - Peluang),Netral / Sepi Berita,Normal / Sedang Transisi,Golden Rebound Fibo 23.6% 🎯,1,WAIT & SEE,TIDAK ADA,2026-08-19 16:40:03,Biasa / Mengikuti Pasar
16:40,PNBN,Token Mati (Perlu Update),Big Cap (Lapis 1),Undervalued (Murah),7.92393,0.40623382,900.0,899,870,925,-0.5524861878453038,1604200,Normal,51,Negatif,Uptrend,Bullish,Bearish MACD,Perfect Uptrend (5>20>50),Normal,Distribusi (Turun),Normal,Seimbang / Adu Mekanik,Squeeze,Rendah,Normal,Area Tengah,> 1 Miliar,Persis di VWAP,Akumulasi Pro (Smart Money),Gorengan Sepi (< 5M),Normal (50-150%),Mark-Up (Fase Pesta),Normal,Normal,Turun 2 Hari Beruntun,TP: 923 | CL: 884,Open = High (Tekanan Jual),Tidak Ideal (< 1:1),Death Cross (Awal Bearish),Sentimen Positif 📰,Normal / Sedang Transisi,Dekat Support Fibo 38.2%,4,WAIT & SEE,TIDAK ADA,2026-08-19 16:40:03,Biasa / Mengikuti Pasar
16:40,PNBS,Token Mati (Perlu Update),Mid Cap (Lapis 2),Overvalued (Mahal),26.424871,0.6578353,50.0,50,50,51,0.0,9326200,Tembus MA20,47,Negatif,Downtrend,Bearish,Strong Bearish,Konsolidasi / Transisi,Normal,Akumulasi (Naik),Normal,Dominan Jual (Guyur),Squeeze,Rendah,Doji (Ragu-ragu),Dekat Support (Low Risk),< 1 Miliar,Persis di VWAP,Distribusi Pro (Guyuran),Gorengan Sepi (< 5M),Normal (50-150%),Distribution (Fase Jualan),Spesialis Tiang Jemuran (Banting Pucuk),Normal,Sideways / Stagnan,TP: 50 | CL: 49,Normal,Di Area Support,Oversold (Jenuh Jual - Peluang),Sentimen Positif 📰,Normal / Sedang Transisi,Golden Rebound Fibo Bottom / 100% 🎯,3,WAIT & SEE,TIDAK ADA,2026-08-19 16:40:03,Biasa / Mengikuti Pasar
16:40,PNIN,Token Mati (Perlu Update),Mid Cap (Lapis 2),Undervalued (Murah),2.7012732,0.13116832,710.0,715,695,750,-0.6993006993006993,149800,Normal,45,Negatif,Downtrend,Bearish,Bullish MACD,Strong Downtrend (5<20<50),Normal,Distribusi (Turun),Normal,Seimbang / Adu Mekanik,Squeeze,Rendah,Normal,Dekat Support (Low Risk),< 1 Miliar,Persis di VWAP,Akumulasi Pro (Smart Money),Gorengan Sepi (< 5M),Normal (50-150%),Mark-Down (Fase Runtuh),Normal,Normal,Turun 1 Hari Beruntun,TP: 734 | CL: 693,Open = High (Tekanan Jual),Ideal (1:2),Netral / Sideways,Netral / Sepi Berita,Normal / Sedang Transisi,Dekat Support Fibo 61.8% (Golden Ratio),1,WAIT & SEE,TIDAK ADA,2026-08-19 16:40:03,Biasa / Mengikuti Pasar
16:40,PNLF,Token Mati (Perlu Update),Mid Cap (Lapis 2),Undervalued (Murah),3.599516,0.24148095,238.0,229,220,244,0.0,26434900,Tembus MA20,66,Negatif,Uptrend,Bullish,Strong Bullish,Perfect Uptrend (5>20>50),Normal,Akumulasi (Naik),Normal,Seimbang / Adu Mekanik,Squeeze,Rendah,Doji (Ragu-ragu),Area Tengah,> 1 Miliar,Persis di VWAP,Distribusi Pro (Guyuran),Ritel Aktif (5M - 50M),Normal (50-150%),Mark-Up (Fase Pesta),Spesialis Tiang Jemuran (Banting Pucuk),Normal,Sideways / Stagnan,TP: 246 | CL: 232,Normal,Tidak Ideal (< 1:1),Netral / Sideways,Sentimen Positif 📰,Normal / Sedang Transisi,Dekat Support Fibo 38.2%,7,BELI,TIDAK ADA,2026-08-19 16:40:03,Biasa / Mengikuti Pasar
16:40,PSAB,Token Mati (Perlu Update),Big Cap (Lapis 1),Overvalued (Mahal),2.6759567,23043.479,530.0,460,412,540,0.0,70043800,Normal,74,Negatif,Uptrend,Bullish,Strong Bullish,Perfect Uptrend (5>20>50),Normal,Akumulasi (Naik),Normal,Seimbang / Adu Mekanik,Normal,Tinggi,Doji (Ragu-ragu),Rawan Pucuk (High Risk),> 1 Miliar,Di Atas VWAP (Kuat),Akumulasi Pro (Smart Money),Ritel Aktif (5M - 50M),Normal (50-150%),Mark-Up (Fase Pesta),Normal,Jarum Bawah (Sinyal Pantulan Kuat),Sideways / Stagnan,TP: 567 | CL: 505,Normal,Tidak Ideal (< 1:1),Overbought (Jenuh Beli - Rawan),Sentimen Positif 📰,Normal / Sedang Transisi,Mengambang (Jauh dari Fibo),6,WAIT & SEE,TIDAK ADA,2026-08-19 16:40:03,Biasa / Mengikuti Pasar
16:40,PSDN,Token Mati (Perlu Update),Small Cap (Lapis 3),Overvalued (Mahal),22.431507,4.0228477,131.0,128,109,160,-1.5037593984962405,1160600,Normal,54,Negatif,Uptrend,Bullish,Bearish MACD,Perfect Uptrend (5>20>50),Normal,Akumulasi (Naik),Normal,Dominan Jual (Guyur),Normal,Tinggi,Normal,Rawan Pucuk (High Risk),< 1 Miliar,Di Bawah VWAP (Lemah),Distribusi Pro (Guyuran),Gorengan Sepi (< 5M),Sepi (< 50%),Mark-Up (Fase Pesta),Spesialis Tiang Jemuran (Banting Pucuk),Normal,Turun 2 Hari Beruntun,TP: 146 | CL: 120,Normal,Menengah (1:1),Netral / Sideways,Sentimen Positif 📰,Normal / Sedang Transisi,Mendekati Fibo 50.0%,5,WAIT & SEE,TIDAK ADA,2026-08-19 16:40:03,Biasa / Mengikuti Pasar
16:40,PSKT,Token Mati (Perlu Update),Mid Cap (Lapis 2),Overvalued (Mahal),0.0,7.041335,216.0,220,200,238,-0.9174311926605505,2217400,Normal,51,Negatif,Downtrend,Bearish,Bearish MACD,Konsolidasi / Transisi,Normal,Distribusi (Turun),Normal,Dominan Beli (Hajar Kanan),Normal,Sedang,Normal,Area Tengah,< 1 Miliar,Persis di VWAP,Akumulasi Pro (Smart Money),Gorengan Sepi (< 5M),Sepi (< 50%),Distribution (Fase Jualan),Normal,Normal,Turun 1 Hari Beruntun,TP: 230 | CL: 206,Normal,Menengah (1:1),Netral / Sideways,Sentimen Negatif ⚠️,Normal / Sedang Transisi,Mengambang (Jauh dari Fibo),2,WAIT & SEE,TIDAK ADA,2026-08-19 16:40:03,Biasa / Mengikuti Pasar
16:40,PTBA,Token Mati (Perlu Update),Big Cap (Lapis 1),Undervalued (Murah),8.169878,1.1595984,2370.0,2362,2310,2460,0.0,8237900,Normal,50,Negatif,Uptrend,Bearish,Bullish MACD,Strong Downtrend (5<20<50),Normal,Akumulasi (Naik),Normal,Seimbang / Adu Mekanik,Squeeze,Rendah,Normal,Dekat Support (Low Risk),> 1 Miliar,Persis di VWAP,Akumulasi Pro (Smart Money),Ritel Aktif (5M - 50M),Normal (50-150%),Accumulation (Kumpul Barang),Normal,Normal,Sideways / Stagnan,TP: 2422 | CL: 2335,Normal,Ideal (1:2),Netral / Sideways,Sentimen Positif 📰,Normal / Sedang Transisi,Dekat Support Fibo 78.6%,4,WAIT & SEE,TIDAK ADA,2026-08-19 16:40:03,Biasa / Mengikuti Pasar
16:40,PTIS,Token Mati (Perlu Update),Small Cap (Lapis 3),Overvalued (Mahal),0.0,6810.8105,252.0,265,248,314,-0.7874015748031495,95400,Tembus MA20,35,Negatif,Downtrend,Bearish,Strong Bearish,Strong Downtrend (5<20<50),Normal,Distribusi (Turun),Normal,Dominan Jual (Guyur),Normal,Sedang,Normal,Dekat Support (Low Risk),< 1 Miliar,Di Bawah VWAP (Lemah),Distribusi Pro (Guyuran),Gorengan Sepi (< 5M),Normal (50-150%),Mark-Down (Fase Runtuh),Spesialis Tiang Jemuran (Banting Pucuk),Normal,Turun 4 Hari Beruntun,TP: 277 | CL: 234,Normal,Sangat Menarik (> 1:3),Oversold (Jenuh Jual - Peluang),Netral / Sepi Berita,Normal / Sedang Transisi,Mendekati Fibo Bottom / 100%,1,WAIT & SEE,TIDAK ADA,2026-08-19 16:40:03,Biasa / Mengikuti Pasar
16:40,PTPP,Token Mati (Perlu Update),Mid Cap (Lapis 2),Fair Value (Wajar),0.0,0.38235277,210.0,203,195,228,3.9603960396039604,11928100,Tembus MA20,58,Positif,Uptrend,Golden Cross,Strong Bullish,Perfect Uptrend (5>20>50),Normal,Akumulasi (Naik),Normal,Dominan Beli (Hajar Kanan),Normal,Sedang,Normal,Area Tengah,> 1 Miliar,Di Atas VWAP (Kuat),Akumulasi Pro (Smart Money),Gorengan Sepi (< 5M),Normal (50-150%),Mark-Up (Fase Pesta),Spesialis Tiang Jemuran (Banting Pucuk),Normal,Naik 1 Hari Beruntun,TP: 221 | CL: 202,Normal,Menengah (1:1),Netral / Sideways,Sentimen Negatif ⚠️,Normal / Sedang Transisi,Mendekati Fibo 50.0%,8,BELI,TIDAK ADA,2026-08-19 16:40:03,Biasa / Mengikuti Pasar
16:40,PTRO,Token Mati (Perlu Update),Big Cap (Lapis 1),Overvalued (Mahal),100.59685,200961.53,5250.0,4912,4420,5600,-0.9433962264150944,20808300,Normal,63,Negatif,Uptrend,Bullish,Strong Bullish,Perfect Uptrend (5>20>50),Normal,Akumulasi (Naik),Normal,Seimbang / Adu Mekanik,Normal,Tinggi,Normal,Rawan Pucuk (High Risk),> 1 Miliar,Di Bawah VWAP (Lemah),Akumulasi Pro (Smart Money),Sultan (> 50M/hari),Sepi (< 50%),Mark-Up (Fase Pesta),Spesialis Tiang Jemuran (Banting Pucuk),Jarum Bawah (Sinyal Pantulan Kuat),Turun 1 Hari Beruntun,TP: 5636 | CL: 4992,Normal,Tidak Ideal (< 1:1),Death Cross (Awal Bearish),Sentimen Positif 📰,Normal / Sedang Transisi,Mendekati Fibo 23.6%,6,WAIT & SEE,TIDAK ADA,2026-08-19 16:40:03,Biasa / Mengikuti Pasar
16:40,PTSN,Token Mati (Perlu Update),Mid Cap (Lapis 2),Overvalued (Mahal),7.2572575,12083.333,290.0,274,244,340,2.112676056338028,444200,Normal,65,Positif,Uptrend,Bullish,Strong Bullish,Perfect Uptrend (5>20>50),Normal,Akumulasi (Naik),Normal,Dominan Beli (Hajar Kanan),Normal,Tinggi,Normal,Rawan Pucuk (High Risk),< 1 Miliar,Di Atas VWAP (Kuat),Akumulasi Pro (Smart Money),Gorengan Sepi (< 5M),Normal (50-150%),Mark-Up (Fase Pesta),Spesialis Tiang Jemuran (Banting Pucuk),Normal,Naik 1 Hari Beruntun,TP: 316 | CL: 272,Normal,Menengah (1:1),Golden Cross (Awal Bullish),Sentimen Positif 📰,Normal / Sedang Transisi,Dekat Support Fibo 38.2%,8,BELI,TIDAK ADA,2026-08-19 16:40:03,Biasa / Mengikuti Pasar
16:40,PTSP,Token Mati (Perlu Update),Small Cap (Lapis 3),Undervalued (Murah),7.2319794,1.0535614,910.0,918,850,1180,-2.1505376344086025,26900,Normal,49,Negatif,Downtrend,Golden Cross,Bearish MACD,Perfect Uptrend (5>20>50),Normal,Akumulasi (Naik),Gap Down (-2.7%),Seimbang / Adu Mekanik,Normal,Sedang,Normal,Area Tengah,< 1 Miliar,Di Bawah VWAP (Lemah),Distribusi Pro (Guyuran),Gorengan Sepi (< 5M),Sepi (< 50%),Distribution (Fase Jualan),Spesialis Tiang Jemuran (Banting Pucuk),Normal,Turun 1 Hari Beruntun,TP: 1025 | CL: 832,Normal,Sangat Menarik (> 1:3),Oversold (Jenuh Jual - Peluang),Sentimen Positif 📰,Normal / Sedang Transisi,Golden Rebound Fibo 78.6% 🎯,3,WAIT & SEE,TIDAK ADA,2026-08-19 16:40:03,Biasa / Mengikuti Pasar
16:40,PUDP,Token Mati (Perlu Update),Small Cap (Lapis 3),Fair Value (Wajar),0.0,0.37542564,286.0,302,280,328,0.0,230000,Tembus MA20,38,Negatif,Downtrend,Bearish,Strong Bearish,Konsolidasi / Transisi,Normal,Distribusi (Turun),Normal,Dominan Jual (Guyur),Normal,Sedang,Doji (Ragu-ragu),Dekat Support (Low Risk),< 1 Miliar,Di Bawah VWAP (Lemah),Distribusi Pro (Guyuran),Gorengan Sepi (< 5M),Normal (50-150%),Distribution (Fase Jualan),Spesialis Tiang Jemuran (Banting Pucuk),Normal,Sideways / Stagnan,TP: 308 | CL: 271,Normal,Sangat Menarik (> 1:3),Oversold (Jenuh Jual - Peluang),Sentimen Positif 📰,Normal / Sedang Transisi,Golden Rebound Fibo 78.6% 🎯,2,WAIT & SEE,TIDAK ADA,2026-08-19 16:40:03,Biasa / Mengikuti Pasar
16:40,PWON,Token Mati (Perlu Update),Big Cap (Lapis 1),Undervalued (Murah),5.77884,0.56078273,266.0,262,252,280,3.10077519379845,275818100,Tembus MA20,56,Positif,Uptrend,Bearish,Strong Bearish,Konsolidasi / Transisi,Akumulasi Kuat,Akumulasi (Naik),Normal,Seimbang / Adu Mekanik,Normal,Sedang,Normal,Area Tengah,> 1 Miliar,Persis di VWAP,Distribusi Pro (Guyuran),Ritel Aktif (5M - 50M),Ledakan Ekstrem (> 300%),Mark-Up (Fase Pesta),Spesialis Tiang Jemuran (Banting Pucuk),Normal,Naik 2 Hari Beruntun,TP: 278 | CL: 257,Normal,Menengah (1:1),Netral / Sideways,Sentimen Positif 📰,Normal / Sedang Transisi,Dekat Support Fibo 50.0%,7,BELI,TIDAK ADA,2026-08-19 16:40:03,Biasa / Mengikuti Pasar
16:40,PYFA,Token Mati (Perlu Update),Mid Cap (Lapis 2),Overvalued (Mahal),0.0,3.4818027,214.0,210,197,228,0.0,4583700,Normal,53,Negatif,Uptrend,Bullish,Strong Bullish,Perfect Uptrend (5>20>50),Normal,Akumulasi (Naik),Normal,Seimbang / Adu Mekanik,Normal,Sedang,Normal,Area Tengah,< 1 Miliar,Di Atas VWAP (Kuat),Akumulasi Pro (Smart Money),Gorengan Sepi (< 5M),Normal (50-150%),Mark-Up (Fase Pesta),Normal,Normal,Sideways / Stagnan,TP: 227 | CL: 204,Open = High (Tekanan Jual),Tidak Ideal (< 1:1),Netral / Sideways,Netral / Sepi Berita,Normal / Sedang Transisi,Mengambang (Jauh dari Fibo),5,WAIT & SEE,TIDAK ADA,2026-08-19 16:40:03,Biasa / Mengikuti Pasar
16:40,RAJA,Token Mati (Perlu Update),Big Cap (Lapis 1),Overvalued (Mahal),24.816177,81000.0,810.0,877,800,980,-1.2195121951219512,52549000,Normal,41,Negatif,Downtrend,Bearish,Strong Bearish,Konsolidasi / Transisi,Normal,Distribusi (Turun),Normal,Seimbang / Adu Mekanik,Normal,Sedang,Normal,Dekat Support (Low Risk),> 1 Miliar,Di Bawah VWAP (Lemah),Distribusi Pro (Guyuran),Sultan (> 50M/hari),Normal (50-150%),Distribution (Fase Jualan),Normal,Normal,Turun 4 Hari Beruntun,TP: 858 | CL: 777,Normal,Sangat Menarik (> 1:3),Oversold (Jenuh Jual - Peluang),Sentimen Positif 📰,Normal / Sedang Transisi,Golden Rebound Fibo 38.2% 🎯,1,WAIT & SEE,TIDAK ADA,2026-08-19 16:40:03,Biasa / Mengikuti Pasar
16:40,RALS,Token Mati (Perlu Update),Mid Cap (Lapis 2),Undervalued (Murah),9.542943,0.64543855,380.0,380,368,386,0.0,463800,Normal,49,Negatif,Downtrend,Bearish,Bearish MACD,Konsolidasi / Transisi,Normal,Distribusi (Turun),Normal,Dominan Jual (Guyur),Squeeze,Rendah,Doji (Ragu-ragu),Area Tengah,< 1 Miliar,Persis di VWAP,Akumulasi Pro (Smart Money),Gorengan Sepi (< 5M),Sepi (< 50%),Distribution (Fase Jualan),Normal,Normal,Sideways / Stagnan,TP: 387 | CL: 374,Normal,Tidak Ideal (< 1:1),Death Cross (Awal Bearish),Sentimen Positif 📰,Normal / Sedang Transisi,Dekat Support Fibo 50.0%,1,WAIT & SEE,TIDAK ADA,2026-08-19 16:40:03,Biasa / Mengikuti Pasar
16:40,RANC,Token Mati (Perlu Update),Small Cap (Lapis 3),Overvalued (Mahal),0.0,3.0072753,520.0,517,500,540,0.0,19600,Normal,50,Negatif,Uptrend,Bullish,Bullish MACD,Awal Reversal (5>20),Normal,Akumulasi (Naik),Normal,Dominan Jual (Guyur),Squeeze,Rendah,Doji (Ragu-ragu),Area Tengah,< 1 Miliar,Persis di VWAP,Akumulasi Pro (Smart Money),Gorengan Sepi (< 5M),Sepi (< 50%),Accumulation (Kumpul Barang),Normal,Normal,Sideways / Stagnan,TP: 543 | CL: 504,Normal,Menengah (1:1),Netral / Sideways,Netral / Sepi Berita,Normal / Sedang Transisi,Dekat Support Fibo 61.8% (Golden Ratio),4,WAIT & SEE,TIDAK ADA,2026-08-19 16:40:03,Biasa / Mengikuti Pasar
16:40,RBMS,Token Mati (Perlu Update),Small Cap (Lapis 3),Fair Value (Wajar),0.0,0.34145534,63.0,65,61,72,-4.545454545454546,18753000,Normal,48,Negatif,Downtrend,Bearish,Bearish MACD,Konsolidasi / Transisi,Normal,Akumulasi (Naik),Normal,Dominan Jual (Guyur),Normal,Sedang,Normal,Area Tengah,> 1 Miliar,Di Bawah VWAP (Lemah),Distribusi Pro (Guyuran),Gorengan Sepi (< 5M),Normal (50-150%),Distribution (Fase Jualan),Normal,Normal,Turun 1 Hari Beruntun,TP: 68 | CL: 59,Open = High (Tekanan Jual),Sangat Menarik (> 1:3),Netral / Sideways,Netral / Sepi Berita,Normal / Sedang Transisi,Mengambang (Jauh dari Fibo),1,WAIT & SEE,TIDAK ADA,2026-08-19 16:40:03,Biasa / Mengikuti Pasar
16:40,RDTX,Token Mati (Perlu Update),Mid Cap (Lapis 2),Undervalued (Murah),8.628114,1.0938396,13425.0,13630,13100,14000,-1.2867647058823528,500,Normal,41,Negatif,Downtrend,Bearish,Bullish MACD,Strong Downtrend (5<20<50),Normal,Distribusi (Turun),Normal,Dominan Beli (Hajar Kanan),Squeeze,Rendah,Hammer (Potensi Reversal),Dekat Support (Low Risk),< 1 Miliar,Di Atas VWAP (Kuat),Akumulasi Pro (Smart Money),Gorengan Sepi (< 5M),Anomali Tinggi (150-300%),Mark-Down (Fase Runtuh),Solid (Jarang Dibanting),Jarum Bawah (Sinyal Pantulan Kuat),Turun 1 Hari Beruntun,TP: 13658 | CL: 13269,Normal,Ideal (1:2),Golden Cross (Awal Bullish),Sentimen Positif 📰,Supply Kering (Siap Pump) 🏜️,Golden Rebound Fibo Bottom / 100% 🎯,3,WAIT & SEE,TIDAK ADA,2026-08-19 16:40:03,Biasa / Mengikuti Pasar
16:40,RELI,Token Mati (Perlu Update),Small Cap (Lapis 3),Overvalued (Mahal),45.079857,1.7814182,525.0,488,460,605,0.0,94300,Tembus MA20,68,Negatif,Uptrend,Bullish,Strong Bullish,Awal Reversal (5>20),Normal,Akumulasi (Naik),Normal,Dominan Jual (Guyur),Breakout Upper,Sedang,Doji (Ragu-ragu),Rawan Pucuk (High Risk),< 1 Miliar,Persis di VWAP,Distribusi Pro (Guyuran),Gorengan Sepi (< 5M),Normal (50-150%),Accumulation (Kumpul Barang),Spesialis Tiang Jemuran (Banting Pucuk),Normal,Sideways / Stagnan,TP: 589 | CL: 481,Normal,Menengah (1:1),Golden Cross (Awal Bullish),Sentimen Negatif ⚠️,Normal / Sedang Transisi,Mendekati Fibo 61.8% (Golden Ratio),6,WAIT & SEE,TIDAK ADA,2026-08-19 16:40:03,Biasa / Mengikuti Pasar
16:40,RICY,Token Mati (Perlu Update),Small Cap (Lapis 3),Fair Value (Wajar),0.0,0.2343615,79.0,79,74,93,-2.4691358024691357,1522700,Normal,51,Negatif,Downtrend,Bullish,Strong Bullish,Perfect Uptrend (5>20>50),Normal,Akumulasi (Naik),Normal,Dominan Jual (Guyur),Squeeze,Rendah,Normal,Area Tengah,< 1 Miliar,Di Bawah VWAP (Lemah),Distribusi Pro (Guyuran),Gorengan Sepi (< 5M),Sepi (< 50%),Sideways,Spesialis Tiang Jemuran (Banting Pucuk),Normal,Turun 1 Hari Beruntun,TP: 84 | CL: 75,Normal,Ideal (1:2),Netral / Sideways,Netral / Sepi Berita,Supply Kering (Siap Pump) 🏜️,Mengambang (Jauh dari Fibo),4,WAIT & SEE,TIDAK ADA,2026-08-19 16:40:03,Biasa / Mengikuti Pasar
16:40,RIGS,Token Mati (Perlu Update),Small Cap (Lapis 3),Overvalued (Mahal),4.7934585,9315.068,680.0,681,660,700,-0.7299270072992701,52000,Tembus MA20,49,Negatif,Downtrend,Bullish,Strong Bullish,Perfect Uptrend (5>20>50),Normal,Distribusi (Turun),Normal,Dominan Jual (Guyur),Squeeze,Rendah,Normal,Area Tengah,< 1 Miliar,Persis di VWAP,Distribusi Pro (Guyuran),Gorengan Sepi (< 5M),Normal (50-150%),Distribution (Fase Jualan),Spesialis Tiang Jemuran (Banting Pucuk),Normal,Turun 1 Hari Beruntun,TP: 701 | CL: 665,Normal,Menengah (1:1),Death Cross (Awal Bearish),Sentimen Positif 📰,Normal / Sedang Transisi,Dekat Support Fibo 23.6%,4,WAIT & SEE,TIDAK ADA,2026-08-19 16:40:03,Biasa / Mengikuti Pasar
16:40,RODA,Token Mati (Perlu Update),Small Cap (Lapis 3),Fair Value (Wajar),0.0,0.48234686,65.0,63,55,77,-2.9850746268656714,11964300,Normal,53,Negatif,Uptrend,Bullish,Strong Bullish,Perfect Uptrend (5>20>50),Normal,Akumulasi (Naik),Gap Up (+3.0%),Dominan Jual (Guyur),Normal,Tinggi,Normal,Rawan Pucuk (High Risk),< 1 Miliar,Di Bawah VWAP (Lemah),Distribusi Pro (Guyuran),Gorengan Sepi (< 5M),Sepi (< 50%),Mark-Up (Fase Pesta),Spesialis Tiang Jemuran (Banting Pucuk),Normal,Turun 1 Hari Beruntun,TP: 74 | CL: 58,Open = High (Tekanan Jual),Menengah (1:1),Netral / Sideways,Sentimen Positif 📰,Normal / Sedang Transisi,Mendekati Fibo 61.8% (Golden Ratio),7,BELI,TIDAK ADA,2026-08-19 16:40:03,Biasa / Mengikuti Pasar
16:40,ROTI,Token Mati (Perlu Update),Mid Cap (Lapis 2),Fair Value (Wajar),17.302572,2.061725,580.0,590,580,615,0.0,731800,Tembus MA20,39,Negatif,Downtrend,Bearish,Strong Bearish,Strong Downtrend (5<20<50),Normal,Distribusi (Turun),Normal,Dominan Jual (Guyur),Squeeze,Rendah,Normal,Dekat Support (Low Risk),< 1 Miliar,Persis di VWAP,Distribusi Pro (Guyuran),Gorengan Sepi (< 5M),Anomali Tinggi (150-300%),Mark-Down (Fase Runtuh),Spesialis Tiang Jemuran (Banting Pucuk),Normal,Sideways / Stagnan,TP: 597 | CL: 568,Open = High (Tekanan Jual),Di Area Support,Oversold (Jenuh Jual - Peluang),Sentimen Positif 📰,Normal / Sedang Transisi,Golden Rebound Fibo 50.0% 🎯,2,WAIT & SEE,TIDAK ADA,2026-08-19 16:40:03,Biasa / Mengikuti Pasar
16:40,RUIS,Token Mati (Perlu Update),Small Cap (Lapis 3),Undervalued (Murah),12.211981,0.2890524,212.0,204,190,216,6.0,1131500,Tembus MA20,60,Positif,Uptrend,Bullish,Bearish MACD,Perfect Uptrend (5>20>50),Normal,Akumulasi (Naik),Normal,Dominan Beli (Hajar Kanan),Normal,Sedang,Normal,Rawan Pucuk (High Risk),< 1 Miliar,Di Atas VWAP (Kuat),Akumulasi Pro (Smart Money),Gorengan Sepi (< 5M),Anomali Tinggi (150-300%),Mark-Up (Fase Pesta),Normal,Normal,Naik 1 Hari Beruntun,TP: 224 | CL: 203,Open = Low (Bullish Kuat),Tidak Ideal (< 1:1),Netral / Sideways,Sentimen Positif 📰,Normal / Sedang Transisi,Mendekati Fibo 23.6%,8,BELI,TIDAK ADA,2026-08-19 16:40:03,Biasa / Mengikuti Pasar
16:40,SAFE,Token Mati (Perlu Update),Small Cap (Lapis 3),Overvalued (Mahal),7.631831,4.207188,398.0,388,358,446,-2.9268292682926833,203800,Normal,58,Negatif,Uptrend,Bullish,Strong Bullish,Perfect Uptrend (5>20>50),Normal,Akumulasi (Naik),Gap Down (-2.4%),Dominan Jual (Guyur),Normal,Tinggi,Normal,Rawan Pucuk (High Risk),< 1 Miliar,Di Bawah VWAP (Lemah),Distribusi Pro (Guyuran),Gorengan Sepi (< 5M),Normal (50-150%),Mark-Up (Fase Pesta),Spesialis Tiang Jemuran (Banting Pucuk),Normal,Turun 2 Hari Beruntun,TP: 427 | CL: 378,Normal,Menengah (1:1),Netral / Sideways,Sentimen Positif 📰,Normal / Sedang Transisi,Mengambang (Jauh dari Fibo),6,WAIT & SEE,TIDAK ADA,2026-08-19 16:40:03,Biasa / Mengikuti Pasar
16:40,SAME,Token Mati (Perlu Update),Mid Cap (Lapis 2),Overvalued (Mahal),226.5625,1.3088355,290.0,296,286,306,0.0,315600,Normal,37,Negatif,Downtrend,Bearish,Bullish MACD,Strong Downtrend (5<20<50),Normal,Distribusi (Turun),Normal,Dominan Jual (Guyur),Squeeze,Rendah,Normal,Dekat Support (Low Risk),< 1 Miliar,Persis di VWAP,Distribusi Pro (Guyuran),Gorengan Sepi (< 5M),Sepi (< 50%),Mark-Down (Fase Runtuh),Spesialis Tiang Jemuran (Banting Pucuk),Normal,Sideways / Stagnan,TP: 299 | CL: 283,Normal,Sangat Menarik (> 1:3),Golden Cross (Awal Bullish),Sentimen Positif 📰,Normal / Sedang Transisi,Mendekati Fibo Bottom / 100%,2,WAIT & SEE,TIDAK ADA,2026-08-19 16:40:03,Biasa / Mengikuti Pasar
16:40,SCCO,Token Mati (Perlu Update),Mid Cap (Lapis 2),Undervalued (Murah),5.6475077,0.3311525,2310.0,2303,2230,2450,-1.282051282051282,16500,Normal,54,Negatif,Uptrend,Bullish,Bearish MACD,Perfect Uptrend (5>20>50),Normal,Akumulasi (Naik),Normal,Dominan Jual (Guyur),Squeeze,Rendah,Normal,Area Tengah,< 1 Miliar,Persis di VWAP,Distribusi Pro (Guyuran),Gorengan Sepi (< 5M),Normal (50-150%),Mark-Up (Fase Pesta),Spesialis Tiang Jemuran (Banting Pucuk),Normal,Turun 1 Hari Beruntun,TP: 2359 | CL: 2277,Normal,Ideal (1:2),Death Cross (Awal Bearish),Sentimen Positif 📰,Normal / Sedang Transisi,Dekat Support Fibo 38.2%,5,WAIT & SEE,TIDAK ADA,2026-08-19 16:40:03,Biasa / Mengikuti Pasar
16:40,SCMA,Token Mati (Perlu Update),Big Cap (Lapis 1),Fair Value (Wajar),13.384813,2.093735,208.0,202,192,218,1.9607843137254901,87550400,Tembus MA20,56,Positif,Uptrend,Bearish,Bullish MACD,Konsolidasi / Transisi,Normal,Akumulasi (Naik),Normal,Dominan Jual (Guyur),Squeeze,Rendah,Normal,Area Tengah,> 1 Miliar,Di Atas VWAP (Kuat),Distribusi Pro (Guyuran),Ritel Aktif (5M - 50M),Anomali Tinggi (150-300%),Accumulation (Kumpul Barang),Spesialis Tiang Jemuran (Banting Pucuk),Normal,Naik 3 Hari Beruntun,TP: 218 | CL: 200,Open = Low (Bullish Kuat),Tidak Ideal (< 1:1),Netral / Sideways,Sentimen Positif 📰,Normal / Sedang Transisi,Mendekati Fibo 50.0%,7,BELI,TIDAK ADA,2026-08-19 16:40:03,Biasa / Mengikuti Pasar
16:40,SDMU,Token Mati (Perlu Update),Small Cap (Lapis 3),Fair Value (Wajar),0.0,2.343773,80.0,79,73,88,2.564102564102564,8582900,Normal,50,Positif,Uptrend,Bearish,Strong Bearish,Konsolidasi / Transisi,Normal,Distribusi (Turun),Normal,Seimbang / Adu Mekanik,Normal,Sedang,Normal,Area Tengah,< 1 Miliar,Persis di VWAP,Distribusi Pro (Guyuran),Gorengan Sepi (< 5M),Normal (50-150%),Mark-Up (Fase Pesta),Spesialis Tiang Jemuran (Banting Pucuk),Normal,Naik 1 Hari Beruntun,TP: 86 | CL: 75,Open = Low (Bullish Kuat),Menengah (1:1),Golden Cross (Awal Bullish),Sentimen Positif 📰,Supply Kering (Siap Pump) 🏜️,Mengambang (Jauh dari Fibo),3,WAIT & SEE,TIDAK ADA,2026-08-19 16:40:03,Biasa / Mengikuti Pasar
16:40,SDPC,Token Mati (Perlu Update),Small Cap (Lapis 3),Undervalued (Murah),5.769824,0.71939397,187.0,183,176,228,1.0810810810810811,56200,Normal,58,Positif,Uptrend,Bullish,Strong Bullish,Perfect Uptrend (5>20>50),Normal,Akumulasi (Naik),Normal,Seimbang / Adu Mekanik,Squeeze,Rendah,Normal,Area Tengah,< 1 Miliar,Persis di VWAP,Distribusi Pro (Guyuran),Gorengan Sepi (< 5M),Sepi (< 50%),Mark-Up (Fase Pesta),Spesialis Tiang Jemuran (Banting Pucuk),Normal,Naik 1 Hari Beruntun,TP: 199 | CL: 178,Open = Low (Bullish Kuat),Sangat Menarik (> 1:3),Golden Cross (Awal Bullish),Sentimen Positif 📰,Supply Kering (Siap Pump) 🏜️,Golden Rebound Fibo 61.8% (Golden Ratio) 🎯,7,BELI,TIDAK ADA,2026-08-19 16:40:03,Biasa / Mengikuti Pasar
16:40,SDRA,Token Mati (Perlu Update),Mid Cap (Lapis 2),Fair Value (Wajar),0.0,0.2873567,218.0,218,206,240,0.9259259259259258,1114900,Normal,51,Positif,Downtrend,Bullish,Bearish MACD,Perfect Uptrend (5>20>50),Normal,Distribusi (Turun),Normal,Dominan Beli (Hajar Kanan),Normal,Sedang,Doji (Ragu-ragu),Area Tengah,< 1 Miliar,Persis di VWAP,Akumulasi Pro (Smart Money),Gorengan Sepi (< 5M),Normal (50-150%),Sideways,Normal,Jarum Bawah (Sinyal Pantulan Kuat),Naik 1 Hari Beruntun,TP: 230 | CL: 209,Normal,Ideal (1:2),Netral / Sideways,Sentimen Positif 📰,Normal / Sedang Transisi,Golden Rebound Fibo 61.8% (Golden Ratio) 🎯,5,WAIT & SEE,TIDAK ADA,2026-08-19 16:40:03,Biasa / Mengikuti Pasar
16:40,SGRO,Token Mati (Perlu Update),Mid Cap (Lapis 2),Fair Value (Wajar),17.123533,1.6888968,4760.0,3986,3170,4850,0.0,14600,Normal,90,Negatif,Uptrend,Bullish,Strong Bullish,Perfect Uptrend (5>20>50),Normal,Akumulasi (Naik),Normal,Dominan Jual (Guyur),Normal,Tinggi,Doji (Ragu-ragu),Rawan Pucuk (High Risk),< 1 Miliar,Di Atas VWAP (Kuat),Akumulasi Pro (Smart Money),Gorengan Sepi (< 5M),Sepi (< 50%),Mark-Up (Fase Pesta),Spesialis Tiang Jemuran (Banting Pucuk),Normal,Sideways / Stagnan,TP: 5060 | CL: 4560,Normal,Tidak Ideal (< 1:1),Overbought (Jenuh Beli - Rawan),Sentimen Positif 📰,Normal / Sedang Transisi,Mengambang (Jauh dari Fibo),6,WAIT & SEE,TIDAK ADA,2026-08-19 16:40:03,Biasa / Mengikuti Pasar
16:40,SHID,Token Mati (Perlu Update),Small Cap (Lapis 3),Fair Value (Wajar),0.0,0.87030965,550.0,598,535,640,0.9174311926605505,2000,Normal,32,Positif,Downtrend,Bearish,Strong Bearish,Strong Downtrend (5<20<50),Normal,Distribusi (Turun),Gap Up (+3.7%),Dominan Jual (Guyur),Bottom Rebound,Tinggi,Normal,Dekat Support (Low Risk),< 1 Miliar,Di Bawah VWAP (Lemah),Distribusi Pro (Guyuran),Gorengan Sepi (< 5M),Sepi (< 50%),Mark-Down (Fase Runtuh),Normal,Normal,Naik 2 Hari Beruntun,TP: 588 | CL: 524,Open = High (Tekanan Jual),Sangat Menarik (> 1:3),Oversold (Jenuh Jual - Peluang),Netral / Sepi Berita,Normal / Sedang Transisi,Mendekati Fibo Bottom / 100%,2,WAIT & SEE,TIDAK ADA,2026-08-19 16:40:03,Biasa / Mengikuti Pasar
16:40,SIDO,Token Mati (Perlu Update),Big Cap (Lapis 1),Overvalued (Mahal),10.623273,3.4003243,348.0,358,344,380,0.0,20953000,Normal,35,Negatif,Downtrend,Bearish,Strong Bearish,Strong Downtrend (5<20<50),Normal,Distribusi (Turun),Normal,Seimbang / Adu Mekanik,Normal,Sedang,Doji (Ragu-ragu),Dekat Support (Low Risk),> 1 Miliar,Persis di VWAP,Distribusi Pro (Guyuran),Ritel Aktif (5M - 50M),Normal (50-150%),Mark-Down (Fase Runtuh),Spesialis Tiang Jemuran (Banting Pucuk),Normal,Sideways / Stagnan,TP: 357 | CL: 341,Normal,Sangat Menarik (> 1:3),Oversold (Jenuh Jual - Peluang),Sentimen Positif 📰,Normal / Sedang Transisi,Golden Rebound Fibo Bottom / 100% 🎯,1,WAIT & SEE,TIDAK ADA,2026-08-19 16:40:03,Biasa / Mengikuti Pasar
16:40,SILO,Token Mati (Perlu Update),Big Cap (Lapis 1),Fair Value (Wajar),24.56435,2.9560683,2340.0,2224,1995,2430,2.1834061135371177,179600,Normal,57,Positif,Uptrend,Bullish,Strong Bullish,Perfect Uptrend (5>20>50),Normal,Distribusi (Turun),Normal,Seimbang / Adu Mekanik,Normal,Tinggi,Normal,Rawan Pucuk (High Risk),< 1 Miliar,Persis di VWAP,Akumulasi Pro (Smart Money),Gorengan Sepi (< 5M),Sepi (< 50%),Mark-Up (Fase Pesta),Solid (Jarang Dibanting),Normal,Naik 2 Hari Beruntun,TP: 2518 | CL: 2220,Open = Low (Bullish Kuat),Tidak Ideal (< 1:1),Netral / Sideways,Sentimen Positif 📰,Normal / Sedang Transisi,Dekat Support Fibo 23.6%,6,WAIT & SEE,TIDAK ADA,2026-08-19 16:40:03,Biasa / Mengikuti Pasar
16:40,SIMP,Token Mati (Perlu Update),Mid Cap (Lapis 2),Undervalued (Murah),4.2506075,0.4410511,595.0,591,555,615,-0.8333333333333334,3429900,Normal,57,Negatif,Uptrend,Bullish,Bearish MACD,Perfect Uptrend (5>20>50),Normal,Distribusi (Turun),Normal,Seimbang / Adu Mekanik,Normal,Sedang,Normal,Area Tengah,> 1 Miliar,Persis di VWAP,Akumulasi Pro (Smart Money),Gorengan Sepi (< 5M),Normal (50-150%),Mark-Up (Fase Pesta),Normal,Normal,Turun 1 Hari Beruntun,TP: 617 | CL: 580,Open = High (Tekanan Jual),Tidak Ideal (< 1:1),Netral / Sideways,Sentimen Positif 📰,Supply Kering (Siap Pump) 🏜️,Mendekati Fibo 23.6%,4,WAIT & SEE,TIDAK ADA,2026-08-19 16:40:03,Biasa / Mengikuti Pasar
16:40,SIPD,Token Mati (Perlu Update),Mid Cap (Lapis 2),Fair Value (Wajar),0.0,1.1657203,750.0,694,660,805,-1.9607843137254901,15500,Normal,65,Negatif,Uptrend,Bullish,Strong Bullish,Awal Reversal (5>20),Normal,Akumulasi (Naik),Normal,Seimbang / Adu Mekanik,Breakout Upper,Sedang,Normal,Rawan Pucuk (High Risk),< 1 Miliar,Di Atas VWAP (Kuat),Akumulasi Pro (Smart Money),Gorengan Sepi (< 5M),Sepi (< 50%),Accumulation (Kumpul Barang),Solid (Jarang Dibanting),Normal,Turun 1 Hari Beruntun,TP: 794 | CL: 720,Normal,Tidak Ideal (< 1:1),Death Cross (Awal Bearish),Sentimen Negatif ⚠️,Supply Banjir (Distribusi) 🌊,Mendekati Fibo 61.8% (Golden Ratio),5,WAIT & SEE,TIDAK ADA,2026-08-19 16:40:03,Biasa / Mengikuti Pasar
16:40,SKBM,Token Mati (Perlu Update),Small Cap (Lapis 3),Undervalued (Murah),6.789649,0.883759,530.0,540,510,585,-0.9345794392523363,115200,Normal,46,Negatif,Downtrend,Bearish,Strong Bearish,Strong Downtrend (5<20<50),Normal,Distribusi (Turun),Normal,Seimbang / Adu Mekanik,Squeeze,Rendah,Doji (Ragu-ragu),Area Tengah,< 1 Miliar,Di Bawah VWAP (Lemah),Akumulasi Pro (Smart Money),Gorengan Sepi (< 5M),Sepi (< 50%),Mark-Down (Fase Runtuh),Normal,Normal,Turun 1 Hari Beruntun,TP: 567 | CL: 505,Normal,Ideal (1:2),Netral / Sideways,Netral / Sepi Berita,Supply Kering (Siap Pump) 🏜️,Mengambang (Jauh dari Fibo),0,WAIT & SEE,TIDAK ADA,2026-08-19 16:40:03,Biasa / Mengikuti Pasar
16:40,SKLT,Token Mati (Perlu Update),Mid Cap (Lapis 2),Fair Value (Wajar),11.660189,1.7016726,206.0,198,183,228,0.9803921568627451,545900,Tembus MA20,61,Positif,Uptrend,Bullish,Strong Bullish,Perfect Uptrend (5>20>50),Normal,Akumulasi (Naik),Normal,Seimbang / Adu Mekanik,Normal,Sedang,Doji (Ragu-ragu),Rawan Pucuk (High Risk),< 1 Miliar,Di Bawah VWAP (Lemah),Distribusi Pro (Guyuran),Gorengan Sepi (< 5M),Normal (50-150%),Mark-Up (Fase Pesta),Spesialis Tiang Jemuran (Banting Pucuk),Normal,Naik 1 Hari Beruntun,TP: 226 | CL: 192,Normal,Tidak Ideal (< 1:1),Netral / Sideways,Sentimen Positif 📰,Normal / Sedang Transisi,Dekat Support Fibo 38.2%,8,BELI,TIDAK ADA,2026-08-19 16:40:03,Biasa / Mengikuti Pasar
16:40,SMAR,Token Mati (Perlu Update),Big Cap (Lapis 1),Undervalued (Murah),3.9888313,0.67876303,5700.0,5660,5400,6000,0.0,111200,Tembus MA20,60,Negatif,Uptrend,Golden Cross,Bearish MACD,Perfect Uptrend (5>20>50),Normal,Akumulasi (Naik),Normal,Seimbang / Adu Mekanik,Normal,Sedang,Doji (Ragu-ragu),Area Tengah,< 1 Miliar,Persis di VWAP,Akumulasi Pro (Smart Money),Gorengan Sepi (< 5M),Anomali Tinggi (150-300%),Mark-Up (Fase Pesta),Normal,Jarum Bawah (Sinyal Pantulan Kuat),Sideways / Stagnan,TP: 5941 | CL: 5539,Normal,Menengah (1:1),Netral / Sideways,Sentimen Positif 📰,Normal / Sedang Transisi,Mendekati Fibo 23.6%,6,WAIT & SEE,TIDAK ADA,2026-08-19 16:40:03,Biasa / Mengikuti Pasar
16:40,SMBR,Token Mati (Perlu Update),Mid Cap (Lapis 2),Undervalued (Murah),11.794139,0.47780386,165.0,164,156,176,-1.1976047904191618,1629600,Normal,53,Negatif,Uptrend,Bullish,Bearish MACD,Perfect Uptrend (5>20>50),Normal,Akumulasi (Naik),Normal,Dominan Jual (Guyur),Normal,Sedang,Normal,Area Tengah,< 1 Miliar,Di Bawah VWAP (Lemah),Distribusi Pro (Guyuran),Gorengan Sepi (< 5M),Sepi (< 50%),Mark-Up (Fase Pesta),Spesialis Tiang Jemuran (Banting Pucuk),Normal,Turun 1 Hari Beruntun,TP: 173 | CL: 159,Normal,Menengah (1:1),Netral / Sideways,Sentimen Positif 📰,Normal / Sedang Transisi,Dekat Support Fibo 38.2%,5,WAIT & SEE,TIDAK ADA,2026-08-19 16:40:03,Biasa / Mengikuti Pasar
16:40,SMCB,Token Mati (Perlu Update),Mid Cap (Lapis 2),Undervalued (Murah),9.337349,0.52530867,775.0,775,775,775,0.0,0,Normal,100,Negatif,Downtrend,Bearish,Bearish MACD,Konsolidasi / Transisi,Normal,Netral,Normal,Tidak Ada Transaksi,Squeeze,Rendah,Doji (Ragu-ragu),Dekat Support (Low Risk),< 1 Miliar,Di Atas VWAP (Kuat),Netral,Gorengan Sepi (< 5M),Normal (50-150%),Sideways,Solid (Jarang Dibanting),Normal,Sideways / Stagnan,TP: 776 | CL: 774,Normal,Di Area Support,Oversold (Jenuh Jual - Peluang),Netral / Sepi Berita,Normal / Sedang Transisi,Golden Rebound Fibo 23.6% 🎯,1,WAIT & SEE,TIDAK ADA,2026-08-19 16:40:03,Biasa / Mengikuti Pasar
16:40,SMDM,Token Mati (Perlu Update),Mid Cap (Lapis 2),Overvalued (Mahal),142.29765,1.1130036,545.0,563,535,585,-1.8018018018018018,45200,Tembus MA20,41,Negatif,Downtrend,Bearish,Strong Bearish,Konsolidasi / Transisi,Normal,Distribusi (Turun),Normal,Seimbang / Adu Mekanik,Squeeze,Rendah,Normal,Dekat Support (Low Risk),< 1 Miliar,Di Bawah VWAP (Lemah),Akumulasi Pro (Smart Money),Gorengan Sepi (< 5M),Anomali Tinggi (150-300%),Distribution (Fase Jualan),Normal,Normal,Turun 1 Hari Beruntun,TP: 570 | CL: 528,Normal,Sangat Menarik (> 1:3),Netral / Sideways,Sentimen Positif 📰,Normal / Sedang Transisi,Mendekati Fibo 61.8% (Golden Ratio),2,WAIT & SEE,TIDAK ADA,2026-08-19 16:40:03,Biasa / Mengikuti Pasar
16:40,SMDR,Token Mati (Perlu Update),Mid Cap (Lapis 2),Overvalued (Mahal),5.7911453,9393.939,310.0,298,279,312,0.6493506493506493,7404400,Normal,65,Positif,Uptrend,Bullish,Strong Bullish,Perfect Uptrend (5>20>50),Normal,Akumulasi (Naik),Normal,Seimbang / Adu Mekanik,Normal,Sedang,Doji (Ragu-ragu),Rawan Pucuk (High Risk),> 1 Miliar,Di Atas VWAP (Kuat),Akumulasi Pro (Smart Money),Gorengan Sepi (< 5M),Normal (50-150%),Mark-Up (Fase Pesta),Normal,Normal,Naik 3 Hari Beruntun,TP: 320 | CL: 303,Normal,Tidak Ideal (< 1:1),Overbought (Jenuh Beli - Rawan),Sentimen Positif 📰,Normal / Sedang Transisi,Mendekati Fibo 23.6%,7,BELI,TIDAK ADA,2026-08-19 16:40:03,Biasa / Mengikuti Pasar
16:40,SMGR,Token Mati (Perlu Update),Big Cap (Lapis 1),Overvalued (Mahal),44.919,0.23587482,1525.0,1524,1430,1640,-1.6129032258064515,11256300,Normal,50,Negatif,Uptrend,Bullish,Strong Bullish,Perfect Uptrend (5>20>50),Normal,Distribusi (Turun),Normal,Dominan Jual (Guyur),Normal,Sedang,Normal,Area Tengah,> 1 Miliar,Di Bawah VWAP (Lemah),Akumulasi Pro (Smart Money),Ritel Aktif (5M - 50M),Normal (50-150%),Mark-Up (Fase Pesta),Normal,Normal,Turun 2 Hari Beruntun,TP: 1610 | CL: 1467,Open = High (Tekanan Jual),Menengah (1:1),Netral / Sideways,Sentimen Positif 📰,Normal / Sedang Transisi,Dekat Support Fibo 78.6%,4,WAIT & SEE,TIDAK ADA,2026-08-19 16:40:03,Biasa / Mengikuti Pasar
16:40,SMMA,Token Mati (Perlu Update),Big Cap (Lapis 1),Overvalued (Mahal),58.9512,4.859239,20100.0,20216,19500,20600,-0.37174721189591076,1900,Tembus MA20,40,Negatif,Downtrend,Bearish,Bullish MACD,Strong Downtrend (5<20<50),Normal,Distribusi (Turun),Normal,Dominan Beli (Hajar Kanan),Squeeze,Rendah,Hammer (Potensi Reversal),Area Tengah,< 1 Miliar,Persis di VWAP,Akumulasi Pro (Smart Money),Gorengan Sepi (< 5M),Anomali Tinggi (150-300%),Mark-Down (Fase Runtuh),Normal,Jarum Bawah (Sinyal Pantulan Kuat),Turun 1 Hari Beruntun,TP: 20466 | CL: 19855,Open = High (Tekanan Jual),Tidak Ideal (< 1:1),Overbought (Jenuh Beli - Rawan),Sentimen Positif 📰,Normal / Sedang Transisi,Golden Rebound Fibo 61.8% (Golden Ratio) 🎯,4,WAIT & SEE,TIDAK ADA,2026-08-19 16:40:03,Biasa / Mengikuti Pasar
16:40,SMMT,Token Mati (Perlu Update),Mid Cap (Lapis 2),Overvalued (Mahal),88.8681,172727.28,1900.0,1858,1715,2010,1.3333333333333335,21800,Normal,57,Positif,Uptrend,Bullish,Strong Bullish,Perfect Uptrend (5>20>50),Normal,Distribusi (Turun),Normal,Dominan Beli (Hajar Kanan),Squeeze,Rendah,Normal,Rawan Pucuk (High Risk),< 1 Miliar,Di Atas VWAP (Kuat),Distribusi Pro (Guyuran),Gorengan Sepi (< 5M),Sepi (< 50%),Mark-Up (Fase Pesta),Spesialis Tiang Jemuran (Banting Pucuk),Normal,Naik 3 Hari Beruntun,TP: 2002 | CL: 1831,Normal,Tidak Ideal (< 1:1),Netral / Sideways,Sentimen Positif 📰,Supply Kering (Siap Pump) 🏜️,Golden Rebound Fibo 38.2% 🎯,7,BELI,TIDAK ADA,2026-08-19 16:40:03,Biasa / Mengikuti Pasar
16:40,SMRA,Token Mati (Perlu Update),Mid Cap (Lapis 2),Undervalued (Murah),9.204325,0.460825,336.0,327,314,348,0.5988023952095809,54123000,Tembus MA20,64,Positif,Uptrend,Bullish,Bearish MACD,Perfect Uptrend (5>20>50),Akumulasi Kuat,Akumulasi (Naik),Normal,Dominan Jual (Guyur),Squeeze,Rendah,Normal,Area Tengah,> 1 Miliar,Persis di VWAP,Distribusi Pro (Guyuran),Ritel Aktif (5M - 50M),Ledakan Ekstrem (> 300%),Mark-Up (Fase Pesta),Normal,Normal,Naik 3 Hari Beruntun,TP: 350 | CL: 326,Open = Low (Bullish Kuat),Tidak Ideal (< 1:1),Death Cross (Awal Bearish),Sentimen Positif 📰,Normal / Sedang Transisi,Mendekati Fibo 23.6%,8,BELI,TIDAK ADA,2026-08-19 16:40:03,Biasa / Mengikuti Pasar
16:40,SMSM,Token Mati (Perlu Update),Big Cap (Lapis 1),Fair Value (Wajar),8.7406435,2.499605,1735.0,1720,1656,1788,0.5797101449275363,1458800,Normal,61,Positif,Uptrend,Bearish,Bearish MACD,Konsolidasi / Transisi,Normal,Akumulasi (Naik),Normal,Seimbang / Adu Mekanik,Squeeze,Rendah,Doji (Ragu-ragu),Area Tengah,> 1 Miliar,Persis di VWAP,Distribusi Pro (Guyuran),Gorengan Sepi (< 5M),Sepi (< 50%),Mark-Up (Fase Pesta),Spesialis Tiang Jemuran (Banting Pucuk),Normal,Naik 3 Hari Beruntun,TP: 1770 | CL: 1711,Normal,Tidak Ideal (< 1:1),Netral / Sideways,Sentimen Positif 📰,Normal / Sedang Transisi,Dekat Support Fibo 38.2%,5,WAIT & SEE,TIDAK ADA,2026-08-19 16:40:03,Biasa / Mengikuti Pasar
16:40,SOCI,Token Mati (Perlu Update),Mid Cap (Lapis 2),Overvalued (Mahal),20.553064,9482.759,545.0,467,376,550,0.0,12285000,Normal,76,Negatif,Uptrend,Bullish,Strong Bullish,Perfect Uptrend (5>20>50),Normal,Akumulasi (Naik),Normal,Dominan Beli (Hajar Kanan),Normal,Tinggi,Doji (Ragu-ragu),Rawan Pucuk (High Risk),> 1 Miliar,Di Atas VWAP (Kuat),Akumulasi Pro (Smart Money),Ritel Aktif (5M - 50M),Normal (50-150%),Mark-Up (Fase Pesta),Normal,Jarum Bawah (Sinyal Pantulan Kuat),Sideways / Stagnan,TP: 586 | CL: 517,Normal,Tidak Ideal (< 1:1),Overbought (Jenuh Beli - Rawan),Sentimen Positif 📰,Normal / Sedang Transisi,Mengambang (Jauh dari Fibo),7,BELI,TIDAK ADA,2026-08-19 16:40:03,Biasa / Mengikuti Pasar
16:40,SONA,Token Mati (Perlu Update),Mid Cap (Lapis 2),Fair Value (Wajar),18.948528,2.4842477,2750.0,2545,2160,3240,-7.718120805369128,12900,Normal,57,Negatif,Uptrend,Bullish,Strong Bullish,Perfect Uptrend (5>20>50),Normal,Akumulasi (Naik),Gap Down (-3.0%),Dominan Jual (Guyur),Normal,Tinggi,Normal,Rawan Pucuk (High Risk),< 1 Miliar,Di Bawah VWAP (Lemah),Akumulasi Pro (Smart Money),Gorengan Sepi (< 5M),Sepi (< 50%),Mark-Up (Fase Pesta),Normal,Normal,Turun 2 Hari Beruntun,TP: 3024 | CL: 2567,Open = High (Tekanan Jual),Tidak Ideal (< 1:1),Death Cross (Awal Bearish),Sentimen Positif 📰,Normal / Sedang Transisi,Dekat Support Fibo 38.2%,6,WAIT & SEE,TIDAK ADA,2026-08-19 16:40:03,Biasa / Mengikuti Pasar
16:40,SPMA,Token Mati (Perlu Update),Small Cap (Lapis 3),Undervalued (Murah),9.810875,0.35024422,166.0,165,160,173,1.2195121951219512,370800,Normal,53,Positif,Uptrend,Bearish,Bearish MACD,Konsolidasi / Transisi,Normal,Akumulasi (Naik),Normal,Seimbang / Adu Mekanik,Squeeze,Rendah,Normal,Area Tengah,< 1 Miliar,Persis di VWAP,Distribusi Pro (Guyuran),Gorengan Sepi (< 5M),Normal (50-150%),Mark-Up (Fase Pesta),Spesialis Tiang Jemuran (Banting Pucuk),Normal,Naik 1 Hari Beruntun,TP: 174 | CL: 160,Normal,Menengah (1:1),Golden Cross (Awal Bullish),Sentimen Positif 📰,Normal / Sedang Transisi,Dekat Support Fibo 50.0%,5,WAIT & SEE,TIDAK ADA,2026-08-19 16:40:03,Biasa / Mengikuti Pasar
16:40,SQMI,Token Mati (Perlu Update),Small Cap (Lapis 3),Overvalued (Mahal),0.0,8.782202,60.0,65,59,74,-3.225806451612903,177212900,Tembus MA20,46,Negatif,Downtrend,Bearish,Bearish MACD,Konsolidasi / Transisi,Distribusi Kuat,Distribusi (Turun),Normal,Dominan Jual (Guyur),Normal,Tinggi,Normal,Dekat Support (Low Risk),> 1 Miliar,Di Bawah VWAP (Lemah),Distribusi Pro (Guyuran),Gorengan Sepi (< 5M),Ledakan Ekstrem (> 300%),Distribution (Fase Jualan),Spesialis Tiang Jemuran (Banting Pucuk),Normal,Turun 1 Hari Beruntun,TP: 68 | CL: 54,Normal,Sangat Menarik (> 1:3),Oversold (Jenuh Jual - Peluang),Sentimen Negatif ⚠️,Supply Banjir (Distribusi) 🌊,Mengambang (Jauh dari Fibo),1,WAIT & SEE,TIDAK ADA,2026-08-19 16:40:03,Biasa / Mengikuti Pasar
16:40,SRAJ,Token Mati (Perlu Update),Big Cap (Lapis 1),Overvalued (Mahal),0.0,146.42334,14875.0,12551,10725,15000,-0.8333333333333334,100,Normal,84,Negatif,Uptrend,Bullish,Strong Bullish,Perfect Uptrend (5>20>50),Normal,Akumulasi (Naik),Normal,Tidak Ada Transaksi,Normal,Tinggi,Doji (Ragu-ragu),Rawan Pucuk (High Risk),< 1 Miliar,Di Atas VWAP (Kuat),Akumulasi Pro (Smart Money),Gorengan Sepi (< 5M),Sepi (< 50%),Mark-Up (Fase Pesta),Spesialis Tiang Jemuran (Banting Pucuk),Normal,Turun 1 Hari Beruntun,TP: 15659 | CL: 14351,Normal,Tidak Ideal (< 1:1),Overbought (Jenuh Beli - Rawan),Sentimen Positif 📰,Normal / Sedang Transisi,Mengambang (Jauh dari Fibo),6,WAIT & SEE,TIDAK ADA,2026-08-19 16:40:03,Biasa / Mengikuti Pasar
16:40,SRSN,Token Mati (Perlu Update),Small Cap (Lapis 3),Undervalued (Murah),3.3816423,0.4814537,71.0,69,61,77,0.0,18302500,Normal,56,Negatif,Uptrend,Bullish,Strong Bullish,Perfect Uptrend (5>20>50),Normal,Akumulasi (Naik),Normal,Seimbang / Adu Mekanik,Normal,Tinggi,Doji (Ragu-ragu),Rawan Pucuk (High Risk),> 1 Miliar,Persis di VWAP,Distribusi Pro (Guyuran),Gorengan Sepi (< 5M),Sepi (< 50%),Mark-Up (Fase Pesta),Normal,Normal,Sideways / Stagnan,TP: 76 | CL: 67,Normal,Tidak Ideal (< 1:1),Netral / Sideways,Sentimen Positif 📰,Normal / Sedang Transisi,Mendekati Fibo 38.2%,6,WAIT & SEE,TIDAK ADA,2026-08-19 16:40:03,Biasa / Mengikuti Pasar
16:40,SRTG,Token Mati (Perlu Update),Big Cap (Lapis 1),Undervalued (Murah),1.3497332,0.39242038,1865.0,1779,1680,1895,0.0,7052600,Tembus MA20,68,Negatif,Uptrend,Bullish,Strong Bullish,Perfect Uptrend (5>20>50),Normal,Akumulasi (Naik),Normal,Dominan Jual (Guyur),Normal,Sedang,Normal,Rawan Pucuk (High Risk),> 1 Miliar,Di Atas VWAP (Kuat),Akumulasi Pro (Smart Money),Ritel Aktif (5M - 50M),Normal (50-150%),Mark-Up (Fase Pesta),Normal,Normal,Sideways / Stagnan,TP: 1932 | CL: 1820,Normal,Tidak Ideal (< 1:1),Overbought (Jenuh Beli - Rawan),Sentimen Positif 📰,Normal / Sedang Transisi,Mengambang (Jauh dari Fibo),7,BELI,TIDAK ADA,2026-08-19 16:40:03,Biasa / Mengikuti Pasar
16:40,SSIA,Token Mati (Perlu Update),Mid Cap (Lapis 2),Overvalued (Mahal),40.022938,1.457289,1750.0,1666,1555,1855,3.5502958579881656,43855800,Tembus MA20,62,Positif,Uptrend,Bullish,Strong Bullish,Perfect Uptrend (5>20>50),Akumulasi Kuat,Akumulasi (Naik),Normal,Dominan Beli (Hajar Kanan),Normal,Sedang,Normal,Rawan Pucuk (High Risk),> 1 Miliar,Di Atas VWAP (Kuat),Akumulasi Pro (Smart Money),Ritel Aktif (5M - 50M),Anomali Tinggi (150-300%),Mark-Up (Fase Pesta),Spesialis Tiang Jemuran (Banting Pucuk),Normal,Naik 3 Hari Beruntun,TP: 1838 | CL: 1690,Normal,Tidak Ideal (< 1:1),Netral / Sideways,Sentimen Positif 📰,Normal / Sedang Transisi,Mendekati Fibo 38.2%,10,BELI,TIDAK ADA,2026-08-19 16:40:03,Biasa / Mengikuti Pasar
16:40,SSMS,Token Mati (Perlu Update),Mid Cap (Lapis 2),Overvalued (Mahal),6.3498855,3.2508447,890.0,939,850,1020,-0.5586592178770949,9008400,Normal,46,Negatif,Downtrend,Bearish,Bearish MACD,Konsolidasi / Transisi,Normal,Distribusi (Turun),Normal,Seimbang / Adu Mekanik,Normal,Tinggi,Normal,Area Tengah,> 1 Miliar,Persis di VWAP,Distribusi Pro (Guyuran),Ritel Aktif (5M - 50M),Normal (50-150%),Distribution (Fase Jualan),Normal,Normal,Turun 1 Hari Beruntun,TP: 949 | CL: 850,Normal,Sangat Menarik (> 1:3),Golden Cross (Awal Bullish),Sentimen Positif 📰,Normal / Sedang Transisi,Dekat Support Fibo 50.0%,1,WAIT & SEE,TIDAK ADA,2026-08-19 16:40:03,Biasa / Mengikuti Pasar
16:40,SSTM,Token Mati (Perlu Update),Small Cap (Lapis 3),Fair Value (Wajar),0.0,2.3388953,402.0,410,382,468,0.0,41300,Normal,46,Negatif,Downtrend,Death Cross,Bearish MACD,Konsolidasi / Transisi,Normal,Distribusi (Turun),Normal,Dominan Beli (Hajar Kanan),Normal,Sedang,Normal,Area Tengah,< 1 Miliar,Di Bawah VWAP (Lemah),Distribusi Pro (Guyuran),Gorengan Sepi (< 5M),Sepi (< 50%),Distribution (Fase Jualan),Normal,Normal,Sideways / Stagnan,TP: 430 | CL: 383,Normal,Sangat Menarik (> 1:3),Netral / Sideways,Sentimen Positif 📰,Normal / Sedang Transisi,Mendekati Fibo 78.6%,2,WAIT & SEE,TIDAK ADA,2026-08-19 16:40:03,Biasa / Mengikuti Pasar
16:40,STAR,Token Mati (Perlu Update),Mid Cap (Lapis 2),Overvalued (Mahal),80.66299,3.8723025,438.0,321,260,515,4.784688995215311,2083100,Tembus MA20,67,Positif,Uptrend,Bullish,Strong Bullish,Perfect Uptrend (5>20>50),Normal,Akumulasi (Naik),Normal,Dominan Jual (Guyur),Normal,Tinggi,Normal,Rawan Pucuk (High Risk),< 1 Miliar,Persis di VWAP,Distribusi Pro (Guyuran),Gorengan Sepi (< 5M),Normal (50-150%),Mark-Up (Fase Pesta),Normal,Normal,Naik 1 Hari Beruntun,TP: 506 | CL: 392,Open = Low (Bullish Kuat),Tidak Ideal (< 1:1),Death Cross (Awal Bearish),Sentimen Positif 📰,Normal / Sedang Transisi,Mendekati Fibo 50.0%,8,BELI,TIDAK ADA,2026-08-19 16:40:03,Biasa / Mengikuti Pasar
16:40,STTP,Token Mati (Perlu Update),Big Cap (Lapis 1),Fair Value (Wajar),9.980938,1.6396539,9425.0,9736,9400,10150,-0.7894736842105263,6200,Normal,41,Negatif,Downtrend,Bearish,Strong Bearish,Strong Downtrend (5<20<50),Normal,Distribusi (Turun),Normal,Dominan Jual (Guyur),Squeeze,Rendah,Normal,Dekat Support (Low Risk),< 1 Miliar,Di Bawah VWAP (Lemah),Distribusi Pro (Guyuran),Gorengan Sepi (< 5M),Normal (50-150%),Mark-Down (Fase Runtuh),Normal,Normal,Turun 2 Hari Beruntun,TP: 9818 | CL: 9162,Open = High (Tekanan Jual),Sangat Menarik (> 1:3),Oversold (Jenuh Jual - Peluang),Netral / Sepi Berita,Normal / Sedang Transisi,Golden Rebound Fibo Bottom / 100% 🎯,0,WAIT & SEE,TIDAK ADA,2026-08-19 16:40:03,Biasa / Mengikuti Pasar
16:40,SULI,Token Mati (Perlu Update),Small Cap (Lapis 3),Overvalued (Mahal),0.0,45499.996,92.0,91,83,139,-1.0752688172043012,4669500,Normal,52,Negatif,Uptrend,Bullish,Bearish MACD,Perfect Uptrend (5>20>50),Normal,Distribusi (Turun),Normal,Dominan Jual (Guyur),Normal,Tinggi,Doji (Ragu-ragu),Rawan Pucuk (High Risk),< 1 Miliar,Di Bawah VWAP (Lemah),Distribusi Pro (Guyuran),Gorengan Sepi (< 5M),Sepi (< 50%),Mark-Up (Fase Pesta),Spesialis Tiang Jemuran (Banting Pucuk),Normal,Turun 3 Hari Beruntun,TP: 104 | CL: 83,Normal,Sangat Menarik (> 1:3),Oversold (Jenuh Jual - Peluang),Netral / Sepi Berita,Normal / Sedang Transisi,Mengambang (Jauh dari Fibo),3,WAIT & SEE,TIDAK ADA,2026-08-19 16:40:03,Biasa / Mengikuti Pasar
16:40,SUPR,Token Mati (Perlu Update),Big Cap (Lapis 1),Overvalued (Mahal),46.2963,6.0289726,43850.0,43850,43850,43850,0.0,0,Normal,0,Negatif,Downtrend,Bearish,Bearish MACD,Konsolidasi / Transisi,Normal,Netral,Normal,Tidak Ada Transaksi,Squeeze,Rendah,Doji (Ragu-ragu),Dekat Support (Low Risk),< 1 Miliar,Di Atas VWAP (Kuat),Netral,Gorengan Sepi (< 5M),Normal (50-150%),Sideways,Solid (Jarang Dibanting),Normal,Sideways / Stagnan,TP: 43851 | CL: 43849,Normal,Di Area Support,Oversold (Jenuh Jual - Peluang),Netral / Sepi Berita,Normal / Sedang Transisi,Normal / Sideways,0,WAIT & SEE,TIDAK ADA,2026-08-19 16:40:03,Biasa / Mengikuti Pasar
16:40,TALF,Token Mati (Perlu Update),Small Cap (Lapis 3),Overvalued (Mahal),47.00855,0.73913497,715.0,776,555,1205,-3.3783783783783785,147100,Normal,47,Negatif,Downtrend,Bullish,Bearish MACD,Perfect Uptrend (5>20>50),Normal,Distribusi (Turun),Normal,Dominan Jual (Guyur),Normal,Tinggi,Normal,Rawan Pucuk (High Risk),< 1 Miliar,Di Bawah VWAP (Lemah),Distribusi Pro (Guyuran),Gorengan Sepi (< 5M),Sepi (< 50%),Distribution (Fase Jualan),Normal,Normal,Turun 6 Hari Beruntun,TP: 925 | CL: 575,Normal,Sangat Menarik (> 1:3),Netral / Sideways,Netral / Sepi Berita,Normal / Sedang Transisi,Mengambang (Jauh dari Fibo),1,WAIT & SEE,TIDAK ADA,2026-08-19 16:40:03,Biasa / Mengikuti Pasar
16:40,TARA,Token Mati (Perlu Update),Small Cap (Lapis 3),Fair Value (Wajar),0.0,0.29026172,30.0,30,29,33,-3.225806451612903,580200,Normal,49,Negatif,Downtrend,Bullish,Strong Bullish,Perfect Uptrend (5>20>50),Normal,Distribusi (Turun),Gap Down (-3.2%),Tidak Ada Transaksi,Normal,Sedang,Doji (Ragu-ragu),Area Tengah,< 1 Miliar,Di Bawah VWAP (Lemah),Akumulasi Pro (Smart Money),Gorengan Sepi (< 5M),Normal (50-150%),Distribution (Fase Jualan),Normal,Normal,Turun 1 Hari Beruntun,TP: 31 | CL: 29,Normal,Sangat Menarik (> 1:3),Netral / Sideways,Netral / Sepi Berita,Normal / Sedang Transisi,Dekat Support Fibo 50.0%,2,WAIT & SEE,TIDAK ADA,2026-08-19 16:40:03,Biasa / Mengikuti Pasar
16:40,TAXI,Token Mati (Perlu Update),Small Cap (Lapis 3),Overvalued (Mahal),0.0,4.198153,15.0,14,12,16,-6.25,28861400,Normal,56,Negatif,Uptrend,Bullish,Strong Bullish,Perfect Uptrend (5>20>50),Normal,Akumulasi (Naik),Normal,Dominan Jual (Guyur),Normal,Tinggi,Normal,Rawan Pucuk (High Risk),< 1 Miliar,Persis di VWAP,Akumulasi Pro (Smart Money),Gorengan Sepi (< 5M),Normal (50-150%),Mark-Up (Fase Pesta),Normal,Normal,Turun 1 Hari Beruntun,TP: 16 | CL: 14,Open = High (Tekanan Jual),Tidak Ideal (< 1:1),Death Cross (Awal Bearish),Netral / Sepi Berita,Normal / Sedang Transisi,Mendekati Fibo 38.2%,5,WAIT & SEE,TIDAK ADA,2026-08-19 16:40:03,Biasa / Mengikuti Pasar
16:40,TBIG,Token Mati (Perlu Update),Big Cap (Lapis 1),Fair Value (Wajar),21.92846,2.463097,1410.0,1405,1330,1500,-2.422145328719723,338200,Normal,51,Negatif,Uptrend,Bearish,Bullish MACD,Strong Downtrend (5<20<50),Normal,Akumulasi (Naik),Normal,Dominan Jual (Guyur),Normal,Sedang,Normal,Area Tengah,< 1 Miliar,Di Atas VWAP (Kuat),Akumulasi Pro (Smart Money),Gorengan Sepi (< 5M),Sepi (< 50%),Accumulation (Kumpul Barang),Normal,Normal,Turun 1 Hari Beruntun,TP: 1477 | CL: 1365,Open = High (Tekanan Jual),Menengah (1:1),Netral / Sideways,Sentimen Positif 📰,Supply Banjir (Distribusi) 🌊,Dekat Support Fibo 38.2%,5,WAIT & SEE,TIDAK ADA,2026-08-19 16:40:03,Biasa / Mengikuti Pasar
16:40,TBLA,Token Mati (Perlu Update),Mid Cap (Lapis 2),Undervalued (Murah),4.251701,0.4061712,625.0,629,600,665,0.0,1040500,Normal,51,Negatif,Downtrend,Bearish,Bearish MACD,Konsolidasi / Transisi,Normal,Akumulasi (Naik),Normal,Seimbang / Adu Mekanik,Squeeze,Rendah,Doji (Ragu-ragu),Area Tengah,< 1 Miliar,Persis di VWAP,Distribusi Pro (Guyuran),Gorengan Sepi (< 5M),Normal (50-150%),Distribution (Fase Jualan),Normal,Normal,Sideways / Stagnan,TP: 648 | CL: 609,Normal,Ideal (1:2),Golden Cross (Awal Bullish),Sentimen Positif 📰,Normal / Sedang Transisi,Dekat Support Fibo 23.6%,3,WAIT & SEE,TIDAK ADA,2026-08-19 16:40:03,Biasa / Mengikuti Pasar
16:40,TBMS,Token Mati (Perlu Update),Small Cap (Lapis 3),Overvalued (Mahal),62631.582,11333.334,1190.0,1191,1095,1400,0.0,21600,Normal,48,Negatif,Downtrend,Golden Cross,Bullish MACD,Awal Reversal (5>20),Normal,Distribusi (Turun),Gap Down (-2.1%),Dominan Jual (Guyur),Normal,Sedang,Normal,Area Tengah,< 1 Miliar,Persis di VWAP,Distribusi Pro (Guyuran),Gorengan Sepi (< 5M),Sepi (< 50%),Mark-Down (Fase Runtuh),Spesialis Tiang Jemuran (Banting Pucuk),Normal,Sideways / Stagnan,TP: 1282 | CL: 1128,Normal,Ideal (1:2),Netral / Sideways,Sentimen Positif 📰,Normal / Sedang Transisi,Dekat Support Fibo 61.8% (Golden Ratio),3,WAIT & SEE,TIDAK ADA,2026-08-19 16:40:03,Biasa / Mengikuti Pasar
16:40,TCID,Token Mati (Perlu Update),Mid Cap (Lapis 2),Fair Value (Wajar),0.0,0.5823272,2620.0,2723,2600,2810,-2.6022304832713754,8300,Normal,40,Negatif,Downtrend,Bearish,Strong Bearish,Strong Downtrend (5<20<50),Normal,Distribusi (Turun),Normal,Dominan Jual (Guyur),Squeeze,Rendah,Normal,Dekat Support (Low Risk),< 1 Miliar,Di Bawah VWAP (Lemah),Distribusi Pro (Guyuran),Gorengan Sepi (< 5M),Normal (50-150%),Mark-Down (Fase Runtuh),Normal,Normal,Turun 1 Hari Beruntun,TP: 2712 | CL: 2558,Open = High (Tekanan Jual),Sangat Menarik (> 1:3),Netral / Sideways,Sentimen Positif 📰,Supply Kering (Siap Pump) 🏜️,Mendekati Fibo Bottom / 100%,1,WAIT & SEE,TIDAK ADA,2026-08-19 16:40:03,Biasa / Mengikuti Pasar
16:40,TELE,Token Mati (Perlu Update),Small Cap (Lapis 3),Fair Value (Wajar),0.0,-0.013883982,9.0,9,9,9,0.0,0,Normal,0,Negatif,Downtrend,Bearish,Bearish MACD,Konsolidasi / Transisi,Normal,Netral,Normal,Tidak Ada Transaksi,Squeeze,Rendah,Doji (Ragu-ragu),Dekat Support (Low Risk),< 1 Miliar,Di Atas VWAP (Kuat),Netral,Gorengan Sepi (< 5M),Normal (50-150%),Sideways,Solid (Jarang Dibanting),Normal,Sideways / Stagnan,TP: 10 | CL: 8,Normal,Di Area Support,Oversold (Jenuh Jual - Peluang),Netral / Sepi Berita,Normal / Sedang Transisi,Normal / Sideways,0,WAIT & SEE,TIDAK ADA,2026-08-19 16:40:03,Biasa / Mengikuti Pasar
16:40,TFCO,Token Mati (Perlu Update),Mid Cap (Lapis 2),Overvalued (Mahal),0.0,13076.924,850.0,776,710,850,0.0,100,Normal,65,Negatif,Uptrend,Bullish,Strong Bullish,Perfect Uptrend (5>20>50),Normal,Akumulasi (Naik),Normal,Tidak Ada Transaksi,Normal,Tinggi,Doji (Ragu-ragu),Rawan Pucuk (High Risk),< 1 Miliar,Di Atas VWAP (Kuat),Akumulasi Pro (Smart Money),Gorengan Sepi (< 5M),Sepi (< 50%),Mark-Up (Fase Pesta),Normal,Normal,Sideways / Stagnan,TP: 889 | CL: 823,Normal,Tidak Ideal (< 1:1),Overbought (Jenuh Beli - Rawan),Sentimen Negatif ⚠️,Normal / Sedang Transisi,Mengambang (Jauh dari Fibo),5,WAIT & SEE,TIDAK ADA,2026-08-19 16:40:03,Biasa / Mengikuti Pasar
16:40,TGKA,Token Mati (Perlu Update),Mid Cap (Lapis 2),Fair Value (Wajar),10.800729,1.8756136,4980.0,4916,4700,5275,-0.2004008016032064,200,Normal,57,Negatif,Uptrend,Bullish,Strong Bullish,Perfect Uptrend (5>20>50),Normal,Akumulasi (Naik),Normal,Tidak Ada Transaksi,Squeeze,Rendah,Doji (Ragu-ragu),Area Tengah,< 1 Miliar,Di Bawah VWAP (Lemah),Distribusi Pro (Guyuran),Gorengan Sepi (< 5M),Sepi (< 50%),Mark-Up (Fase Pesta),Spesialis Tiang Jemuran (Banting Pucuk),Normal,Turun 2 Hari Beruntun,TP: 5151 | CL: 4865,Normal,Menengah (1:1),Netral / Sideways,Sentimen Positif 📰,Supply Kering (Siap Pump) 🏜️,Golden Rebound Fibo 38.2% 🎯,6,WAIT & SEE,TIDAK ADA,2026-08-19 16:40:03,Biasa / Mengikuti Pasar
16:40,TIFA,Token Mati (Perlu Update),Mid Cap (Lapis 2),Fair Value (Wajar),19.479856,1.1097425,382.0,315,250,400,24.836601307189543,1959400,Tembus MA20,70,Positif,Uptrend,Bullish,Strong Bullish,Perfect Uptrend (5>20>50),Akumulasi Kuat,Akumulasi (Naik),Normal,Dominan Beli (Hajar Kanan),Normal,Tinggi,Marubozu (Strong Bullish),Rawan Pucuk (High Risk),< 1 Miliar,Di Atas VWAP (Kuat),Akumulasi Pro (Smart Money),Gorengan Sepi (< 5M),Ledakan Ekstrem (> 300%),Mark-Up (Fase Pesta),Spesialis Tiang Jemuran (Banting Pucuk),Normal,Naik 1 Hari Beruntun,TP: 430 | CL: 349,Normal,Tidak Ideal (< 1:1),Netral / Sideways,Sentimen Positif 📰,Normal / Sedang Transisi,Mengambang (Jauh dari Fibo),10,BELI,TIDAK ADA,2026-08-19 16:40:03,⚠️ Anomali (Sudah Terbang)
16:40,TINS,Token Mati (Perlu Update),Big Cap (Lapis 1),Fair Value (Wajar),8.140326,2.873965,4080.0,3729,3380,4120,4.615384615384616,96136300,Tembus MA20,67,Positif,Uptrend,Bullish,Strong Bullish,Perfect Uptrend (5>20>50),Normal,Akumulasi (Naik),Normal,Dominan Beli (Hajar Kanan),Normal,Tinggi,Normal,Rawan Pucuk (High Risk),> 1 Miliar,Di Atas VWAP (Kuat),Akumulasi Pro (Smart Money),Sultan (> 50M/hari),Normal (50-150%),Mark-Up (Fase Pesta),Spesialis Tiang Jemuran (Banting Pucuk),Normal,Naik 3 Hari Beruntun,TP: 4353 | CL: 3897,Normal,Tidak Ideal (< 1:1),Overbought (Jenuh Beli - Rawan),Sentimen Positif 📰,Normal / Sedang Transisi,Mengambang (Jauh dari Fibo),9,BELI,TIDAK ADA,2026-08-19 16:40:03,Biasa / Mengikuti Pasar
16:40,TIRA,Token Mati (Perlu Update),Small Cap (Lapis 3),Overvalued (Mahal),107.601715,1.3007015,402.0,469,396,530,-2.898550724637681,315700,Normal,15,Negatif,Downtrend,Bearish,Strong Bearish,Strong Downtrend (5<20<50),Normal,Distribusi (Turun),Normal,Seimbang / Adu Mekanik,Normal,Tinggi,Normal,Dekat Support (Low Risk),< 1 Miliar,Di Bawah VWAP (Lemah),Akumulasi Pro (Smart Money),Gorengan Sepi (< 5M),Sepi (< 50%),Mark-Down (Fase Runtuh),Normal,Normal,Turun 4 Hari Beruntun,TP: 439 | CL: 377,Open = High (Tekanan Jual),Sangat Menarik (> 1:3),Oversold (Jenuh Jual - Peluang),Netral / Sepi Berita,Normal / Sedang Transisi,Golden Rebound Fibo Bottom / 100% 🎯,0,WAIT & SEE,TIDAK ADA,2026-08-19 16:40:03,🔥 ANOMALI BANDAR (Siap Ledakan)
16:40,TIRT,Token Mati (Perlu Update),Small Cap (Lapis 3),Overvalued (Mahal),188.4984,-0.9891628,590.0,590,590,590,0.0,0,Normal,59,Negatif,Downtrend,Bearish,Bearish MACD,Konsolidasi / Transisi,Normal,Netral,Normal,Tidak Ada Transaksi,Squeeze,Rendah,Doji (Ragu-ragu),Dekat Support (Low Risk),< 1 Miliar,Di Atas VWAP (Kuat),Netral,Gorengan Sepi (< 5M),Normal (50-150%),Sideways,Solid (Jarang Dibanting),Normal,Sideways / Stagnan,TP: 591 | CL: 589,Normal,Di Area Support,Oversold (Jenuh Jual - Peluang),Netral / Sepi Berita,Normal / Sedang Transisi,Mendekati Fibo 38.2%,1,WAIT & SEE,TIDAK ADA,2026-08-19 16:40:03,Biasa / Mengikuti Pasar
16:40,TKIM,Token Mati (Perlu Update),Big Cap (Lapis 1),Overvalued (Mahal),3.1130042,8280.591,7850.0,6900,5850,8250,-0.6329113924050633,3358000,Normal,76,Negatif,Uptrend,Bullish,Strong Bullish,Perfect Uptrend (5>20>50),Normal,Akumulasi (Naik),Normal,Dominan Jual (Guyur),Normal,Tinggi,Normal,Rawan Pucuk (High Risk),> 1 Miliar,Di Atas VWAP (Kuat),Akumulasi Pro (Smart Money),Ritel Aktif (5M - 50M),Normal (50-150%),Mark-Up (Fase Pesta),Spesialis Tiang Jemuran (Banting Pucuk),Normal,Turun 1 Hari Beruntun,TP: 8310 | CL: 7542,Normal,Tidak Ideal (< 1:1),Overbought (Jenuh Beli - Rawan),Sentimen Positif 📰,Normal / Sedang Transisi,Mengambang (Jauh dari Fibo),6,WAIT & SEE,TIDAK ADA,2026-08-19 16:40:03,Biasa / Mengikuti Pasar
16:40,TLKM,Token Mati (Perlu Update),Big Cap (Lapis 1),Fair Value (Wajar),14.5211935,1.9039499,2600.0,2641,2540,2790,0.0,35195000,Normal,48,Negatif,Downtrend,Bearish,Bearish MACD,Konsolidasi / Transisi,Normal,Distribusi (Turun),Normal,Seimbang / Adu Mekanik,Normal,Sedang,Doji (Ragu-ragu),Dekat Support (Low Risk),> 1 Miliar,Persis di VWAP,Distribusi Pro (Guyuran),Sultan (> 50M/hari),Sepi (< 50%),Distribution (Fase Jualan),Normal,Jarum Bawah (Sinyal Pantulan Kuat),Sideways / Stagnan,TP: 2710 | CL: 2526,Normal,Sangat Menarik (> 1:3),Netral / Sideways,Sentimen Positif 📰,Normal / Sedang Transisi,Golden Rebound Fibo 50.0% 🎯,1,WAIT & SEE,TIDAK ADA,2026-08-19 16:40:03,Biasa / Mengikuti Pasar
16:40,TMAS,Token Mati (Perlu Update),Mid Cap (Lapis 2),Fair Value (Wajar),11.25,2.3699179,135.0,124,116,138,-0.7352941176470588,5022300,Normal,70,Negatif,Uptrend,Bullish,Strong Bullish,Perfect Uptrend (5>20>50),Normal,Akumulasi (Naik),Normal,Seimbang / Adu Mekanik,Normal,Tinggi,Normal,Rawan Pucuk (High Risk),< 1 Miliar,Di Atas VWAP (Kuat),Akumulasi Pro (Smart Money),Gorengan Sepi (< 5M),Normal (50-150%),Mark-Up (Fase Pesta),Normal,Normal,Turun 1 Hari Beruntun,TP: 141 | CL: 130,Normal,Tidak Ideal (< 1:1),Netral / Sideways,Sentimen Positif 📰,Normal / Sedang Transisi,Mendekati Fibo 23.6%,6,WAIT & SEE,TIDAK ADA,2026-08-19 16:40:03,Biasa / Mengikuti Pasar
16:40,TMPO,Token Mati (Perlu Update),Small Cap (Lapis 3),Overvalued (Mahal),37.555557,0.76868147,170.0,141,103,220,-8.60215053763441,30425800,Normal,60,Negatif,Uptrend,Bullish,Strong Bullish,Perfect Uptrend (5>20>50),Normal,Akumulasi (Naik),Normal,Dominan Jual (Guyur),Normal,Tinggi,Normal,Rawan Pucuk (High Risk),> 1 Miliar,Di Bawah VWAP (Lemah),Distribusi Pro (Guyuran),Ritel Aktif (5M - 50M),Sepi (< 50%),Mark-Up (Fase Pesta),Spesialis Tiang Jemuran (Banting Pucuk),Normal,Turun 2 Hari Beruntun,TP: 211 | CL: 142,Open = High (Tekanan Jual),Tidak Ideal (< 1:1),Death Cross (Awal Bearish),Netral / Sepi Berita,Normal / Sedang Transisi,Dekat Support Fibo 38.2%,5,WAIT & SEE,TIDAK ADA,2026-08-19 16:40:03,Biasa / Mengikuti Pasar
16:40,TOBA,Token Mati (Perlu Update),Mid Cap (Lapis 2),Overvalued (Mahal),0.0,23409.092,510.0,491,438,565,-0.9708737864077669,5894900,Normal,58,Negatif,Uptrend,Bullish,Bearish MACD,Perfect Uptrend (5>20>50),Normal,Distribusi (Turun),Normal,Dominan Jual (Guyur),Normal,Tinggi,Normal,Rawan Pucuk (High Risk),> 1 Miliar,Di Bawah VWAP (Lemah),Distribusi Pro (Guyuran),Ritel Aktif (5M - 50M),Sepi (< 50%),Mark-Up (Fase Pesta),Normal,Normal,Turun 2 Hari Beruntun,TP: 557 | CL: 478,Normal,Tidak Ideal (< 1:1),Death Cross (Awal Bearish),Netral / Sepi Berita,Normal / Sedang Transisi,Dekat Support Fibo 23.6%,3,WAIT & SEE,TIDAK ADA,2026-08-19 16:40:03,Biasa / Mengikuti Pasar
16:40,TOTL,Token Mati (Perlu Update),Mid Cap (Lapis 2),Overvalued (Mahal),9.503413,3.9468343,1430.0,1236,1040,1485,-3.050847457627119,6382100,Tembus MA20,77,Negatif,Uptrend,Bullish,Strong Bullish,Perfect Uptrend (5>20>50),Normal,Akumulasi (Naik),Normal,Seimbang / Adu Mekanik,Normal,Tinggi,Normal,Rawan Pucuk (High Risk),> 1 Miliar,Persis di VWAP,Akumulasi Pro (Smart Money),Ritel Aktif (5M - 50M),Normal (50-150%),Mark-Up (Fase Pesta),Normal,Normal,Turun 1 Hari Beruntun,TP: 1523 | CL: 1367,Normal,Tidak Ideal (< 1:1),Overbought (Jenuh Beli - Rawan),Sentimen Positif 📰,Normal / Sedang Transisi,Mendekati Fibo 23.6%,7,BELI,TIDAK ADA,2026-08-19 16:40:03,Biasa / Mengikuti Pasar
16:40,TOTO,Token Mati (Perlu Update),Mid Cap (Lapis 2),Undervalued (Murah),8.951798,0.94310725,234.0,237,226,248,0.0,436300,Normal,45,Negatif,Downtrend,Bearish,Strong Bearish,Konsolidasi / Transisi,Normal,Akumulasi (Naik),Normal,Seimbang / Adu Mekanik,Normal,Sedang,Doji (Ragu-ragu),Area Tengah,< 1 Miliar,Persis di VWAP,Distribusi Pro (Guyuran),Gorengan Sepi (< 5M),Normal (50-150%),Distribution (Fase Jualan),Normal,Normal,Sideways / Stagnan,TP: 241 | CL: 229,Normal,Ideal (1:2),Netral / Sideways,Sentimen Positif 📰,Normal / Sedang Transisi,Dekat Support Fibo 38.2%,2,WAIT & SEE,TIDAK ADA,2026-08-19 16:40:03,Biasa / Mengikuti Pasar
16:40,TOWR,Token Mati (Perlu Update),Big Cap (Lapis 1),Undervalued (Murah),6.2371283,0.85839,426.0,403,384,442,0.9478672985781991,143756900,Tembus MA20,66,Positif,Uptrend,Golden Cross,Strong Bullish,Perfect Uptrend (5>20>50),Akumulasi Kuat,Akumulasi (Naik),Normal,Seimbang / Adu Mekanik,Breakout Upper,Sedang,Normal,Rawan Pucuk (High Risk),> 1 Miliar,Di Atas VWAP (Kuat),Akumulasi Pro (Smart Money),Ritel Aktif (5M - 50M),Anomali Tinggi (150-300%),Mark-Up (Fase Pesta),Spesialis Tiang Jemuran (Banting Pucuk),Normal,Naik 3 Hari Beruntun,TP: 447 | CL: 411,Normal,Tidak Ideal (< 1:1),Netral / Sideways,Sentimen Positif 📰,Normal / Sedang Transisi,Mendekati Fibo 23.6%,9,BELI,TIDAK ADA,2026-08-19 16:40:03,Biasa / Mengikuti Pasar
16:40,TPIA,Token Mati (Perlu Update),Big Cap (Lapis 1),Overvalued (Mahal),136.33194,42500.0,1955.0,2105,1940,2370,-0.5089058524173028,186911100,Normal,44,Negatif,Downtrend,Bearish,Strong Bearish,Konsolidasi / Transisi,Normal,Distribusi (Turun),Normal,Seimbang / Adu Mekanik,Bottom Rebound,Tinggi,Normal,Dekat Support (Low Risk),> 1 Miliar,Di Bawah VWAP (Lemah),Distribusi Pro (Guyuran),Sultan (> 50M/hari),Sepi (< 50%),Distribution (Fase Jualan),Normal,Normal,Turun 4 Hari Beruntun,TP: 2104 | CL: 1855,Normal,Sangat Menarik (> 1:3),Oversold (Jenuh Jual - Peluang),Sentimen Negatif ⚠️,Normal / Sedang Transisi,Mengambang (Jauh dari Fibo),0,WAIT & SEE,TIDAK ADA,2026-08-19 16:40:03,🔥 ANOMALI BANDAR (Siap Ledakan)
16:40,TPMA,Token Mati (Perlu Update),Mid Cap (Lapis 2),Overvalued (Mahal),7.7574525,12052.632,458.0,457,436,470,0.0,670700,Normal,54,Negatif,Uptrend,Bullish,Bearish MACD,Perfect Uptrend (5>20>50),Normal,Distribusi (Turun),Normal,Seimbang / Adu Mekanik,Squeeze,Rendah,Normal,Area Tengah,< 1 Miliar,Persis di VWAP,Distribusi Pro (Guyuran),Gorengan Sepi (< 5M),Normal (50-150%),Mark-Up (Fase Pesta),Normal,Normal,Sideways / Stagnan,TP: 471 | CL: 448,Normal,Tidak Ideal (< 1:1),Netral / Sideways,Sentimen Positif 📰,Normal / Sedang Transisi,Dekat Support Fibo 38.2%,4,WAIT & SEE,TIDAK ADA,2026-08-19 16:40:03,Biasa / Mengikuti Pasar
16:40,TRIM,Token Mati (Perlu Update),Mid Cap (Lapis 2),Fair Value (Wajar),5.9068794,1.8081369,595.0,586,545,655,0.0,17900,Normal,56,Negatif,Uptrend,Bullish,Bearish MACD,Perfect Uptrend (5>20>50),Normal,Distribusi (Turun),Normal,Dominan Jual (Guyur),Normal,Sedang,Doji (Ragu-ragu),Area Tengah,< 1 Miliar,Persis di VWAP,Akumulasi Pro (Smart Money),Gorengan Sepi (< 5M),Sepi (< 50%),Mark-Up (Fase Pesta),Spesialis Tiang Jemuran (Banting Pucuk),Normal,Sideways / Stagnan,TP: 646 | CL: 560,Normal,Menengah (1:1),Netral / Sideways,Netral / Sepi Berita,Normal / Sedang Transisi,Mendekati Fibo 38.2%,3,WAIT & SEE,TIDAK ADA,2026-08-19 16:40:03,Biasa / Mengikuti Pasar
16:40,TRIS,Token Mati (Perlu Update),Small Cap (Lapis 3),Overvalued (Mahal),46.505302,0.9437138,171.0,169,164,188,0.5882352941176471,530900,Normal,55,Positif,Uptrend,Bullish,Bearish MACD,Perfect Uptrend (5>20>50),Normal,Akumulasi (Naik),Normal,Seimbang / Adu Mekanik,Squeeze,Rendah,Normal,Area Tengah,< 1 Miliar,Persis di VWAP,Distribusi Pro (Guyuran),Gorengan Sepi (< 5M),Sepi (< 50%),Mark-Up (Fase Pesta),Spesialis Tiang Jemuran (Banting Pucuk),Normal,Naik 2 Hari Beruntun,TP: 180 | CL: 164,Open = High (Tekanan Jual),Ideal (1:2),Golden Cross (Awal Bullish),Sentimen Positif 📰,Supply Kering (Siap Pump) 🏜️,Golden Rebound Fibo 50.0% 🎯,6,WAIT & SEE,TIDAK ADA,2026-08-19 16:40:03,Biasa / Mengikuti Pasar
16:40,TRST,Token Mati (Perlu Update),Mid Cap (Lapis 2),Undervalued (Murah),11.376056,0.4944269,458.0,460,440,482,0.43859649122807015,181000,Tembus MA20,44,Positif,Downtrend,Bearish,Strong Bearish,Strong Downtrend (5<20<50),Normal,Distribusi (Turun),Normal,Seimbang / Adu Mekanik,Squeeze,Rendah,Normal,Area Tengah,< 1 Miliar,Persis di VWAP,Akumulasi Pro (Smart Money),Gorengan Sepi (< 5M),Normal (50-150%),Mark-Down (Fase Runtuh),Normal,Normal,Naik 1 Hari Beruntun,TP: 482 | CL: 442,Normal,Menengah (1:1),Golden Cross (Awal Bullish),Sentimen Positif 📰,Normal / Sedang Transisi,Dekat Support Fibo 38.2%,3,WAIT & SEE,TIDAK ADA,2026-08-19 16:40:03,Biasa / Mengikuti Pasar
16:40,TRUS,Token Mati (Perlu Update),Small Cap (Lapis 3),Fair Value (Wajar),17.90823,0.93360186,442.0,411,380,490,12.755102040816327,2277400,Tembus MA20,62,Positif,Uptrend,Bearish,Bearish MACD,Konsolidasi / Transisi,Akumulasi Kuat,Akumulasi (Naik),Normal,Seimbang / Adu Mekanik,Breakout Upper,Sedang,Normal,Rawan Pucuk (High Risk),> 1 Miliar,Di Atas VWAP (Kuat),Distribusi Pro (Guyuran),Gorengan Sepi (< 5M),Ledakan Ekstrem (> 300%),Mark-Up (Fase Pesta),Normal,Normal,Naik 1 Hari Beruntun,TP: 475 | CL: 419,Open = Low (Bullish Kuat),Tidak Ideal (< 1:1),Netral / Sideways,Sentimen Positif 📰,Normal / Sedang Transisi,Mendekati Fibo 50.0%,7,BELI,TIDAK ADA,2026-08-19 16:40:03,Biasa / Mengikuti Pasar
16:40,TSPC,Token Mati (Perlu Update),Big Cap (Lapis 1),Undervalued (Murah),8.326217,1.264352,2740.0,2785,2580,2900,-2.142857142857143,3465500,Tembus MA20,52,Negatif,Downtrend,Death Cross,Bearish MACD,Konsolidasi / Transisi,Distribusi Kuat,Distribusi (Turun),Normal,Seimbang / Adu Mekanik,Normal,Sedang,Normal,Area Tengah,> 1 Miliar,Persis di VWAP,Akumulasi Pro (Smart Money),Gorengan Sepi (< 5M),Ledakan Ekstrem (> 300%),Distribution (Fase Jualan),Solid (Jarang Dibanting),Normal,Turun 1 Hari Beruntun,TP: 2828 | CL: 2680,Normal,Menengah (1:1),Netral / Sideways,Sentimen Positif 📰,Normal / Sedang Transisi,Mendekati Fibo 38.2%,3,WAIT & SEE,TIDAK ADA,2026-08-19 16:40:03,Biasa / Mengikuti Pasar
16:40,ULTJ,Token Mati (Perlu Update),Big Cap (Lapis 1),Fair Value (Wajar),8.6665125,1.9677241,1500.0,1458,1335,1530,-0.33222591362126247,5439800,Tembus MA20,61,Negatif,Uptrend,Bullish,Strong Bullish,Perfect Uptrend (5>20>50),Normal,Distribusi (Turun),Normal,Seimbang / Adu Mekanik,Normal,Tinggi,Normal,Rawan Pucuk (High Risk),> 1 Miliar,Persis di VWAP,Akumulasi Pro (Smart Money),Gorengan Sepi (< 5M),Anomali Tinggi (150-300%),Mark-Up (Fase Pesta),Spesialis Tiang Jemuran (Banting Pucuk),Normal,Turun 2 Hari Beruntun,TP: 1550 | CL: 1466,Open = High (Tekanan Jual),Tidak Ideal (< 1:1),Overbought (Jenuh Beli - Rawan),Sentimen Positif 📰,Normal / Sedang Transisi,Dekat Support Fibo 38.2%,6,WAIT & SEE,TIDAK ADA,2026-08-19 16:40:03,Biasa / Mengikuti Pasar
16:40,UNIC,Token Mati (Perlu Update),Mid Cap (Lapis 2),Overvalued (Mahal),5.7847133,18649.814,15100.0,14313,12575,16100,-0.4942339373970346,5400,Normal,72,Negatif,Uptrend,Bullish,Strong Bullish,Perfect Uptrend (5>20>50),Normal,Distribusi (Turun),Normal,Dominan Jual (Guyur),Normal,Tinggi,Normal,Rawan Pucuk (High Risk),< 1 Miliar,Persis di VWAP,Distribusi Pro (Guyuran),Gorengan Sepi (< 5M),Sepi (< 50%),Mark-Up (Fase Pesta),Spesialis Tiang Jemuran (Banting Pucuk),Normal,Turun 1 Hari Beruntun,TP: 16136 | CL: 14408,Normal,Tidak Ideal (< 1:1),Netral / Sideways,Sentimen Positif 📰,Normal / Sedang Transisi,Dekat Support Fibo 23.6%,5,WAIT & SEE,TIDAK ADA,2026-08-19 16:40:03,Biasa / Mengikuti Pasar
16:40,UNSP,Token Mati (Perlu Update),Mid Cap (Lapis 2),Fair Value (Wajar),0.0,-0.09298714,206.0,206,206,206,0.0,0,Normal,40,Negatif,Downtrend,Bearish,Bullish MACD,Konsolidasi / Transisi,Normal,Netral,Normal,Tidak Ada Transaksi,Squeeze,Rendah,Doji (Ragu-ragu),Dekat Support (Low Risk),< 1 Miliar,Di Atas VWAP (Kuat),Netral,Gorengan Sepi (< 5M),Normal (50-150%),Sideways,Solid (Jarang Dibanting),Normal,Sideways / Stagnan,TP: 207 | CL: 205,Normal,Di Area Support,Oversold (Jenuh Jual - Peluang),Netral / Sepi Berita,Normal / Sedang Transisi,Mengambang (Jauh dari Fibo),1,WAIT & SEE,TIDAK ADA,2026-08-19 16:40:03,Biasa / Mengikuti Pasar
16:40,UNTR,Token Mati (Perlu Update),Big Cap (Lapis 1),Undervalued (Murah),11.179463,0.87899166,23650.0,24151,23075,26175,1.3933547695605575,1677700,Normal,45,Positif,Downtrend,Bearish,Strong Bearish,Konsolidasi / Transisi,Normal,Akumulasi (Naik),Normal,Seimbang / Adu Mekanik,Normal,Sedang,Normal,Dekat Support (Low Risk),> 1 Miliar,Di Atas VWAP (Kuat),Distribusi Pro (Guyuran),Sultan (> 50M/hari),Sepi (< 50%),Distribution (Fase Jualan),Normal,Normal,Naik 3 Hari Beruntun,TP: 24466 | CL: 23105,Normal,Sangat Menarik (> 1:3),Golden Cross (Awal Bullish),Sentimen Negatif ⚠️,Normal / Sedang Transisi,Mendekati Fibo 61.8% (Golden Ratio),2,WAIT & SEE,TIDAK ADA,2026-08-19 16:40:03,Biasa / Mengikuti Pasar
16:40,UNVR,Token Mati (Perlu Update),Big Cap (Lapis 1),Overvalued (Mahal),18.127043,10.277046,1775.0,1751,1670,1845,-1.3888888888888888,5643400,Normal,54,Negatif,Uptrend,Bullish,Bearish MACD,Perfect Uptrend (5>20>50),Normal,Akumulasi (Naik),Normal,Dominan Jual (Guyur),Normal,Sedang,Normal,Area Tengah,> 1 Miliar,Persis di VWAP,Akumulasi Pro (Smart Money),Ritel Aktif (5M - 50M),Sepi (< 50%),Mark-Up (Fase Pesta),Solid (Jarang Dibanting),Normal,Turun 1 Hari Beruntun,TP: 1844 | CL: 1728,Normal,Tidak Ideal (< 1:1),Death Cross (Awal Bearish),Sentimen Positif 📰,Normal / Sedang Transisi,Dekat Support Fibo 23.6%,5,WAIT & SEE,TIDAK ADA,2026-08-19 16:40:03,Biasa / Mengikuti Pasar
16:40,VICO,Token Mati (Perlu Update),Mid Cap (Lapis 2),Undervalued (Murah),14.887064,0.5968085,145.0,141,137,154,0.0,55300,Normal,66,Negatif,Uptrend,Bullish,Strong Bullish,Perfect Uptrend (5>20>50),Normal,Akumulasi (Naik),Normal,Seimbang / Adu Mekanik,Squeeze,Rendah,Doji (Ragu-ragu),Area Tengah,< 1 Miliar,Persis di VWAP,Akumulasi Pro (Smart Money),Gorengan Sepi (< 5M),Sepi (< 50%),Mark-Up (Fase Pesta),Spesialis Tiang Jemuran (Banting Pucuk),Normal,Sideways / Stagnan,TP: 154 | CL: 138,Normal,Menengah (1:1),Golden Cross (Awal Bullish),Sentimen Positif 📰,Normal / Sedang Transisi,Mendekati Fibo 61.8% (Golden Ratio),6,WAIT & SEE,TIDAK ADA,2026-08-19 16:40:03,Biasa / Mengikuti Pasar
16:40,VINS,Token Mati (Perlu Update),Small Cap (Lapis 3),Fair Value (Wajar),17.992905,0.901061,142.0,140,130,148,-1.3888888888888888,74400,Normal,54,Negatif,Uptrend,Bullish,Strong Bullish,Perfect Uptrend (5>20>50),Normal,Akumulasi (Naik),Gap Up (+2.1%),Dominan Jual (Guyur),Squeeze,Rendah,Normal,Area Tengah,< 1 Miliar,Di Bawah VWAP (Lemah),Distribusi Pro (Guyuran),Gorengan Sepi (< 5M),Normal (50-150%),Mark-Up (Fase Pesta),Spesialis Tiang Jemuran (Banting Pucuk),Normal,Turun 1 Hari Beruntun,TP: 150 | CL: 136,Open = High (Tekanan Jual),Tidak Ideal (< 1:1),Death Cross (Awal Bearish),Netral / Sepi Berita,Normal / Sedang Transisi,Dekat Support Fibo 38.2%,6,WAIT & SEE,TIDAK ADA,2026-08-19 16:40:03,Biasa / Mengikuti Pasar
16:40,VIVA,Token Mati (Perlu Update),Small Cap (Lapis 3),Overvalued (Mahal),0.6873667,9.815536,58.0,48,35,63,-4.918032786885246,21340000,Normal,66,Negatif,Uptrend,Bullish,Strong Bullish,Perfect Uptrend (5>20>50),Normal,Akumulasi (Naik),Normal,Dominan Jual (Guyur),Normal,Tinggi,Normal,Rawan Pucuk (High Risk),> 1 Miliar,Persis di VWAP,Akumulasi Pro (Smart Money),Ritel Aktif (5M - 50M),Sepi (< 50%),Mark-Up (Fase Pesta),Normal,Normal,Turun 1 Hari Beruntun,TP: 63 | CL: 54,Open = High (Tekanan Jual),Tidak Ideal (< 1:1),Death Cross (Awal Bearish),Netral / Sepi Berita,Normal / Sedang Transisi,Mengambang (Jauh dari Fibo),5,WAIT & SEE,TIDAK ADA,2026-08-19 16:40:03,Biasa / Mengikuti Pasar
16:40,VOKS,Token Mati (Perlu Update),Small Cap (Lapis 3),Fair Value (Wajar),0.0,1.5944297,218.0,214,195,270,-2.6785714285714284,295500,Normal,52,Negatif,Uptrend,Bullish,Strong Bullish,Perfect Uptrend (5>20>50),Normal,Akumulasi (Naik),Normal,Seimbang / Adu Mekanik,Normal,Tinggi,Normal,Rawan Pucuk (High Risk),< 1 Miliar,Di Bawah VWAP (Lemah),Distribusi Pro (Guyuran),Gorengan Sepi (< 5M),Sepi (< 50%),Mark-Up (Fase Pesta),Spesialis Tiang Jemuran (Banting Pucuk),Normal,Turun 2 Hari Beruntun,TP: 243 | CL: 201,Normal,Ideal (1:2),Netral / Sideways,Netral / Sepi Berita,Normal / Sedang Transisi,Dekat Support Fibo 61.8% (Golden Ratio),5,WAIT & SEE,TIDAK ADA,2026-08-19 16:40:03,Biasa / Mengikuti Pasar
16:40,VRNA,Token Mati (Perlu Update),Small Cap (Lapis 3),Overvalued (Mahal),105.95065,0.5580229,74.0,75,70,84,0.0,6461000,Tembus MA20,45,Negatif,Downtrend,Bearish,Strong Bearish,Konsolidasi / Transisi,Normal,Distribusi (Turun),Normal,Dominan Jual (Guyur),Squeeze,Rendah,Doji (Ragu-ragu),Area Tengah,< 1 Miliar,Di Bawah VWAP (Lemah),Distribusi Pro (Guyuran),Gorengan Sepi (< 5M),Ledakan Ekstrem (> 300%),Distribution (Fase Jualan),Spesialis Tiang Jemuran (Banting Pucuk),Normal,Sideways / Stagnan,TP: 79 | CL: 70,Normal,Ideal (1:2),Golden Cross (Awal Bullish),Sentimen Positif 📰,Normal / Sedang Transisi,Mengambang (Jauh dari Fibo),2,WAIT & SEE,TIDAK ADA,2026-08-19 16:40:03,Biasa / Mengikuti Pasar
16:40,WAPO,Token Mati (Perlu Update),Small Cap (Lapis 3),Fair Value (Wajar),0.0,2.7705345,136.0,126,117,156,-0.7299270072992701,981900,Normal,67,Negatif,Uptrend,Bullish,Strong Bullish,Perfect Uptrend (5>20>50),Normal,Akumulasi (Naik),Normal,Seimbang / Adu Mekanik,Normal,Tinggi,Normal,Rawan Pucuk (High Risk),< 1 Miliar,Di Bawah VWAP (Lemah),Distribusi Pro (Guyuran),Gorengan Sepi (< 5M),Sepi (< 50%),Mark-Up (Fase Pesta),Spesialis Tiang Jemuran (Banting Pucuk),Normal,Turun 3 Hari Beruntun,TP: 147 | CL: 128,Open = High (Tekanan Jual),Menengah (1:1),Netral / Sideways,Sentimen Positif 📰,Normal / Sedang Transisi,Mendekati Fibo 38.2%,6,WAIT & SEE,TIDAK ADA,2026-08-19 16:40:03,Biasa / Mengikuti Pasar
16:40,WEHA,Token Mati (Perlu Update),Small Cap (Lapis 3),Undervalued (Murah),7.3995776,0.5905047,105.0,106,99,117,-4.545454545454546,11432000,Tembus MA20,47,Negatif,Downtrend,Bullish,Bearish MACD,Perfect Uptrend (5>20>50),Normal,Akumulasi (Naik),Normal,Dominan Jual (Guyur),Normal,Sedang,Normal,Area Tengah,> 1 Miliar,Di Bawah VWAP (Lemah),Distribusi Pro (Guyuran),Gorengan Sepi (< 5M),Normal (50-150%),Distribution (Fase Jualan),Spesialis Tiang Jemuran (Banting Pucuk),Normal,Turun 1 Hari Beruntun,TP: 113 | CL: 99,Normal,Ideal (1:2),Netral / Sideways,Sentimen Positif 📰,Normal / Sedang Transisi,Mengambang (Jauh dari Fibo),4,WAIT & SEE,TIDAK ADA,2026-08-19 16:40:03,Biasa / Mengikuti Pasar
16:40,WICO,Token Mati (Perlu Update),Small Cap (Lapis 3),Fair Value (Wajar),0.0,-1.3363609,123.0,123,123,123,0.0,0,Normal,0,Negatif,Downtrend,Bearish,Bearish MACD,Konsolidasi / Transisi,Normal,Netral,Normal,Tidak Ada Transaksi,Squeeze,Rendah,Doji (Ragu-ragu),Dekat Support (Low Risk),< 1 Miliar,Di Atas VWAP (Kuat),Netral,Gorengan Sepi (< 5M),Normal (50-150%),Sideways,Solid (Jarang Dibanting),Normal,Sideways / Stagnan,TP: 124 | CL: 122,Normal,Di Area Support,Oversold (Jenuh Jual - Peluang),Netral / Sepi Berita,Normal / Sedang Transisi,Normal / Sideways,0,WAIT & SEE,TIDAK ADA,2026-08-19 16:40:03,Biasa / Mengikuti Pasar
16:40,WIIM,Token Mati (Perlu Update),Mid Cap (Lapis 2),Fair Value (Wajar),6.276758,1.530842,1730.0,1720,1570,1855,-1.7045454545454544,905700,Normal,53,Negatif,Uptrend,Bullish,Bearish MACD,Perfect Uptrend (5>20>50),Normal,Distribusi (Turun),Normal,Dominan Jual (Guyur),Normal,Tinggi,Normal,Rawan Pucuk (High Risk),> 1 Miliar,Di Bawah VWAP (Lemah),Distribusi Pro (Guyuran),Gorengan Sepi (< 5M),Normal (50-150%),Mark-Up (Fase Pesta),Normal,Normal,Turun 1 Hari Beruntun,TP: 1817 | CL: 1671,Normal,Tidak Ideal (< 1:1),Netral / Sideways,Sentimen Positif 📰,Normal / Sedang Transisi,Dekat Support Fibo 23.6%,4,WAIT & SEE,TIDAK ADA,2026-08-19 16:40:03,Biasa / Mengikuti Pasar
16:40,WIKA,Token Mati (Perlu Update),Mid Cap (Lapis 2),Fair Value (Wajar),0.0,-4.0231924,204.0,204,204,204,0.0,0,Normal,0,Negatif,Downtrend,Bearish,Bearish MACD,Konsolidasi / Transisi,Normal,Netral,Normal,Tidak Ada Transaksi,Squeeze,Rendah,Doji (Ragu-ragu),Dekat Support (Low Risk),< 1 Miliar,Di Atas VWAP (Kuat),Netral,Gorengan Sepi (< 5M),Normal (50-150%),Sideways,Solid (Jarang Dibanting),Normal,Sideways / Stagnan,TP: 205 | CL: 203,Normal,Di Area Support,Oversold (Jenuh Jual - Peluang),Netral / Sepi Berita,Normal / Sedang Transisi,Normal / Sideways,0,WAIT & SEE,TIDAK ADA,2026-08-19 16:40:03,Biasa / Mengikuti Pasar
16:40,WINS,Token Mati (Perlu Update),Mid Cap (Lapis 2),Overvalued (Mahal),6.0875673,13000.0,515.0,512,494,535,-1.9047619047619049,2210500,Normal,50,Negatif,Uptrend,Bullish,Bullish MACD,Awal Reversal (5>20),Normal,Distribusi (Turun),Normal,Dominan Jual (Guyur),Squeeze,Rendah,Normal,Area Tengah,> 1 Miliar,Persis di VWAP,Akumulasi Pro (Smart Money),Gorengan Sepi (< 5M),Sepi (< 50%),Accumulation (Kumpul Barang),Normal,Normal,Turun 1 Hari Beruntun,TP: 540 | CL: 497,Open = High (Tekanan Jual),Tidak Ideal (< 1:1),Netral / Sideways,Sentimen Positif 📰,Normal / Sedang Transisi,Dekat Support Fibo 38.2%,4,WAIT & SEE,TIDAK ADA,2026-08-19 16:40:03,Biasa / Mengikuti Pasar
16:40,WOMF,Token Mati (Perlu Update),Small Cap (Lapis 3),Undervalued (Murah),6.262672,0.4880318,286.0,261,246,306,4.37956204379562,1265100,Tembus MA20,71,Positif,Uptrend,Bullish,Strong Bullish,Perfect Uptrend (5>20>50),Akumulasi Kuat,Akumulasi (Naik),Normal,Seimbang / Adu Mekanik,Breakout Upper,Sedang,Normal,Rawan Pucuk (High Risk),< 1 Miliar,Di Atas VWAP (Kuat),Akumulasi Pro (Smart Money),Gorengan Sepi (< 5M),Ledakan Ekstrem (> 300%),Mark-Up (Fase Pesta),Spesialis Tiang Jemuran (Banting Pucuk),Normal,Naik 3 Hari Beruntun,TP: 308 | CL: 271,Normal,Tidak Ideal (< 1:1),Netral / Sideways,Sentimen Positif 📰,Normal / Sedang Transisi,Dekat Support Fibo 23.6%,9,BELI,TIDAK ADA,2026-08-19 16:40:03,Biasa / Mengikuti Pasar
16:40,WTON,Token Mati (Perlu Update),Small Cap (Lapis 3),Fair Value (Wajar),17.4946,0.19451703,81.0,77,73,95,1.25,14754200,Tembus MA20,60,Positif,Uptrend,Bullish,Strong Bullish,Perfect Uptrend (5>20>50),Normal,Distribusi (Turun),Gap Up (+3.8%),Seimbang / Adu Mekanik,Normal,Sedang,Normal,Rawan Pucuk (High Risk),> 1 Miliar,Persis di VWAP,Distribusi Pro (Guyuran),Gorengan Sepi (< 5M),Normal (50-150%),Mark-Up (Fase Pesta),Normal,Normal,Naik 2 Hari Beruntun,TP: 87 | CL: 76,Normal,Ideal (1:2),Golden Cross (Awal Bullish),Sentimen Positif 📰,Normal / Sedang Transisi,Mendekati Fibo 50.0%,8,BELI,TIDAK ADA,2026-08-19 16:40:03,Biasa / Mengikuti Pasar
16:40,YPAS,Token Mati (Perlu Update),Small Cap (Lapis 3),Overvalued (Mahal),37.30937,7.4130588,1370.0,708,550,1500,14.166666666666666,1946100,Tembus MA20,90,Positif,Uptrend,Bullish,Strong Bullish,Perfect Uptrend (5>20>50),Akumulasi Kuat,Akumulasi (Naik),Gap Down (-15.0%),Dominan Beli (Hajar Kanan),Breakout Upper,Tinggi,Normal,Rawan Pucuk (High Risk),> 1 Miliar,Di Atas VWAP (Kuat),Akumulasi Pro (Smart Money),Gorengan Sepi (< 5M),Anomali Tinggi (150-300%),Mark-Up (Fase Pesta),Spesialis Tiang Jemuran (Banting Pucuk),Normal,Naik 3 Hari Beruntun,TP: 1567 | CL: 1238,Open = Low (Bullish Kuat),Tidak Ideal (< 1:1),Overbought (Jenuh Beli - Rawan),Netral / Sepi Berita,Normal / Sedang Transisi,Mengambang (Jauh dari Fibo),9,BELI,TIDAK ADA,2026-08-19 16:40:03,⚠️ Anomali (Sudah Terbang)
16:40,YULE,Token Mati (Perlu Update),Mid Cap (Lapis 2),Overvalued (Mahal),79.13832,8.0147705,3490.0,3441,3240,3780,-0.2857142857142857,200,Normal,56,Negatif,Uptrend,Bullish,Strong Bullish,Perfect Uptrend (5>20>50),Normal,Distribusi (Turun),Normal,Dominan Jual (Guyur),Squeeze,Rendah,Normal,Area Tengah,< 1 Miliar,Persis di VWAP,Distribusi Pro (Guyuran),Gorengan Sepi (< 5M),Sepi (< 50%),Mark-Up (Fase Pesta),Normal,Normal,Turun 2 Hari Beruntun,TP: 3720 | CL: 3336,Open = High (Tekanan Jual),Menengah (1:1),Netral / Sideways,Sentimen Positif 📰,Supply Kering (Siap Pump) 🏜️,Golden Rebound Fibo 61.8% (Golden Ratio) 🎯,5,WAIT & SEE,TIDAK ADA,2026-08-19 16:40:03,Biasa / Mengikuti Pasar
16:40,ZBRA,Token Mati (Perlu Update),Small Cap (Lapis 3),Fair Value (Wajar),0.0,0.11446389,50.0,50,50,50,0.0,0,Normal,0,Negatif,Downtrend,Bearish,Bearish MACD,Konsolidasi / Transisi,Normal,Netral,Normal,Tidak Ada Transaksi,Squeeze,Rendah,Doji (Ragu-ragu),Dekat Support (Low Risk),< 1 Miliar,Di Atas VWAP (Kuat),Netral,Gorengan Sepi (< 5M),Normal (50-150%),Sideways,Solid (Jarang Dibanting),Normal,Sideways / Stagnan,TP: 51 | CL: 49,Normal,Di Area Support,Oversold (Jenuh Jual - Peluang),Netral / Sepi Berita,Normal / Sedang Transisi,Normal / Sideways,0,WAIT & SEE,TIDAK ADA,2026-08-19 16:40:03,Biasa / Mengikuti Pasar
16:40,SHIP,Token Mati (Perlu Update),Mid Cap (Lapis 2),Overvalued (Mahal),21.642511,39298.246,2240.0,2059,1700,2430,-2.608695652173913,163900,Tembus MA20,62,Negatif,Uptrend,Bullish,Strong Bullish,Perfect Uptrend (5>20>50),Normal,Distribusi (Turun),Gap Down (-2.6%),Seimbang / Adu Mekanik,Normal,Tinggi,Doji (Ragu-ragu),Rawan Pucuk (High Risk),< 1 Miliar,Di Bawah VWAP (Lemah),Akumulasi Pro (Smart Money),Gorengan Sepi (< 5M),Normal (50-150%),Mark-Up (Fase Pesta),Normal,Jarum Bawah (Sinyal Pantulan Kuat),Turun 2 Hari Beruntun,TP: 2503 | CL: 2064,Normal,Tidak Ideal (< 1:1),Death Cross (Awal Bearish),Sentimen Negatif ⚠️,Normal / Sedang Transisi,Mendekati Fibo 23.6%,5,WAIT & SEE,TIDAK ADA,2026-08-19 16:40:03,Biasa / Mengikuti Pasar
16:40,CASA,Token Mati (Perlu Update),Big Cap (Lapis 1),Overvalued (Mahal),684.41064,11.974295,1800.0,1831,1795,2150,-4.0,7900,Normal,48,Negatif,Downtrend,Bearish,Bearish MACD,Konsolidasi / Transisi,Normal,Distribusi (Turun),Normal,Dominan Jual (Guyur),Squeeze,Rendah,Normal,Dekat Support (Low Risk),< 1 Miliar,Di Bawah VWAP (Lemah),Distribusi Pro (Guyuran),Gorengan Sepi (< 5M),Normal (50-150%),Distribution (Fase Jualan),Normal,Normal,Turun 2 Hari Beruntun,TP: 1869 | CL: 1753,Open = High (Tekanan Jual),Sangat Menarik (> 1:3),Netral / Sideways,Netral / Sepi Berita,Normal / Sedang Transisi,Dekat Support Fibo 50.0%,0,WAIT & SEE,TIDAK ADA,2026-08-19 16:40:03,Biasa / Mengikuti Pasar
16:40,DAYA,Token Mati (Perlu Update),Mid Cap (Lapis 2),Overvalued (Mahal),24.692875,12.732801,1005.0,989,920,1025,-0.49504950495049505,1400,Normal,55,Negatif,Uptrend,Bullish,Strong Bullish,Awal Reversal (5>20),Normal,Distribusi (Turun),Normal,Dominan Beli (Hajar Kanan),Squeeze,Rendah,Hammer (Potensi Reversal),Area Tengah,< 1 Miliar,Persis di VWAP,Akumulasi Pro (Smart Money),Gorengan Sepi (< 5M),Sepi (< 50%),Accumulation (Kumpul Barang),Solid (Jarang Dibanting),Jarum Bawah (Sinyal Pantulan Kuat),Turun 1 Hari Beruntun,TP: 1055 | CL: 971,Open = High (Tekanan Jual),Tidak Ideal (< 1:1),Death Cross (Awal Bearish),Sentimen Positif 📰,Supply Kering (Siap Pump) 🏜️,Golden Rebound Fibo 50.0% 🎯,6,WAIT & SEE,TIDAK ADA,2026-08-19 16:40:03,Biasa / Mengikuti Pasar
16:40,DPUM,Token Mati (Perlu Update),Small Cap (Lapis 3),Fair Value (Wajar),0.0,1.1758279,98.0,98,91,109,2.083333333333333,4087800,Normal,45,Positif,Downtrend,Bearish,Bullish MACD,Strong Downtrend (5<20<50),Normal,Distribusi (Turun),Normal,Seimbang / Adu Mekanik,Squeeze,Rendah,Normal,Area Tengah,< 1 Miliar,Persis di VWAP,Distribusi Pro (Guyuran),Gorengan Sepi (< 5M),Sepi (< 50%),Sideways,Spesialis Tiang Jemuran (Banting Pucuk),Normal,Naik 1 Hari Beruntun,TP: 104 | CL: 93,Normal,Ideal (1:2),Golden Cross (Awal Bullish),Sentimen Positif 📰,Supply Kering (Siap Pump) 🏜️,Mengambang (Jauh dari Fibo),3,WAIT & SEE,TIDAK ADA,2026-08-19 16:40:03,Biasa / Mengikuti Pasar
16:40,IDPR,Token Mati (Perlu Update),Small Cap (Lapis 3),Fair Value (Wajar),16.30367,0.7540024,262.0,280,254,298,1.550387596899225,41700,Normal,31,Positif,Downtrend,Bearish,Strong Bearish,Strong Downtrend (5<20<50),Normal,Distribusi (Turun),Normal,Dominan Beli (Hajar Kanan),Normal,Tinggi,Normal,Area Tengah,< 1 Miliar,Persis di VWAP,Distribusi Pro (Guyuran),Gorengan Sepi (< 5M),Normal (50-150%),Mark-Down (Fase Runtuh),Normal,Normal,Naik 1 Hari Beruntun,TP: 278 | CL: 250,Normal,Sangat Menarik (> 1:3),Oversold (Jenuh Jual - Peluang),Sentimen Positif 📰,Normal / Sedang Transisi,Mendekati Fibo Bottom / 100%,3,WAIT & SEE,TIDAK ADA,2026-08-19 16:40:03,Biasa / Mengikuti Pasar
16:40,JGLE,Token Mati (Perlu Update),Mid Cap (Lapis 2),Fair Value (Wajar),0.0,1.8984138,90.0,78,58,109,3.4482758620689653,744672100,Normal,65,Positif,Uptrend,Bullish,Strong Bullish,Perfect Uptrend (5>20>50),Normal,Akumulasi (Naik),Normal,Dominan Beli (Hajar Kanan),Normal,Tinggi,Normal,Rawan Pucuk (High Risk),> 1 Miliar,Persis di VWAP,Distribusi Pro (Guyuran),Sultan (> 50M/hari),Sepi (< 50%),Mark-Up (Fase Pesta),Spesialis Tiang Jemuran (Banting Pucuk),Normal,Naik 1 Hari Beruntun,TP: 106 | CL: 79,Normal,Tidak Ideal (< 1:1),Netral / Sideways,Netral / Sepi Berita,Normal / Sedang Transisi,Mendekati Fibo 38.2%,7,BELI,TIDAK ADA,2026-08-19 16:40:03,🔥 ANOMALI BANDAR (Siap Ledakan)
16:40,KINO,Token Mati (Perlu Update),Mid Cap (Lapis 2),Undervalued (Murah),8.200795,1.0087795,1320.0,1265,1145,1345,0.38022813688212925,65700,Tembus MA20,69,Positif,Uptrend,Bullish,Strong Bullish,Perfect Uptrend (5>20>50),Normal,Akumulasi (Naik),Gap Up (+2.3%),Seimbang / Adu Mekanik,Normal,Tinggi,Normal,Rawan Pucuk (High Risk),< 1 Miliar,Persis di VWAP,Akumulasi Pro (Smart Money),Gorengan Sepi (< 5M),Anomali Tinggi (150-300%),Mark-Up (Fase Pesta),Normal,Normal,Naik 1 Hari Beruntun,TP: 1405 | CL: 1263,Open = High (Tekanan Jual),Tidak Ideal (< 1:1),Overbought (Jenuh Beli - Rawan),Sentimen Positif 📰,Normal / Sedang Transisi,Mendekati Fibo 23.6%,9,BELI,TIDAK ADA,2026-08-19 16:40:03,Biasa / Mengikuti Pasar
16:40,MARI,Token Mati (Perlu Update),Small Cap (Lapis 3),Overvalued (Mahal),0.0,13.739546,23.0,23,23,23,0.0,0,Normal,41,Negatif,Downtrend,Bearish,Bullish MACD,Konsolidasi / Transisi,Normal,Netral,Normal,Tidak Ada Transaksi,Squeeze,Rendah,Doji (Ragu-ragu),Dekat Support (Low Risk),< 1 Miliar,Di Atas VWAP (Kuat),Netral,Gorengan Sepi (< 5M),Normal (50-150%),Sideways,Solid (Jarang Dibanting),Normal,Sideways / Stagnan,TP: 24 | CL: 22,Normal,Di Area Support,Oversold (Jenuh Jual - Peluang),Netral / Sepi Berita,Normal / Sedang Transisi,Mendekati Fibo Bottom / 100%,1,WAIT & SEE,TIDAK ADA,2026-08-19 16:40:03,Biasa / Mengikuti Pasar
16:40,MKNT,Token Mati (Perlu Update),Small Cap (Lapis 3),Fair Value (Wajar),0.0,-0.5627462,1.0,1,1,1,0.0,0,Normal,0,Negatif,Downtrend,Bearish,Bearish MACD,Konsolidasi / Transisi,Normal,Netral,Normal,Tidak Ada Transaksi,Squeeze,Rendah,Doji (Ragu-ragu),Dekat Support (Low Risk),< 1 Miliar,Di Atas VWAP (Kuat),Netral,Gorengan Sepi (< 5M),Normal (50-150%),Sideways,Solid (Jarang Dibanting),Normal,Sideways / Stagnan,TP: 2 | CL: 0,Normal,Di Area Support,Oversold (Jenuh Jual - Peluang),Netral / Sepi Berita,Normal / Sedang Transisi,Normal / Sideways,0,WAIT & SEE,TIDAK ADA,2026-08-19 16:40:03,Biasa / Mengikuti Pasar
16:40,OASA,Token Mati (Perlu Update),Mid Cap (Lapis 2),Overvalued (Mahal),0.0,3.5472612,314.0,331,304,380,-1.257861635220126,13416600,Normal,47,Negatif,Downtrend,Bearish,Bearish MACD,Konsolidasi / Transisi,Normal,Distribusi (Turun),Normal,Seimbang / Adu Mekanik,Normal,Tinggi,Normal,Area Tengah,> 1 Miliar,Persis di VWAP,Distribusi Pro (Guyuran),Ritel Aktif (5M - 50M),Sepi (< 50%),Distribution (Fase Jualan),Normal,Normal,Turun 1 Hari Beruntun,TP: 338 | CL: 298,Normal,Sangat Menarik (> 1:3),Oversold (Jenuh Jual - Peluang),Netral / Sepi Berita,Normal / Sedang Transisi,Mengambang (Jauh dari Fibo),0,WAIT & SEE,TIDAK ADA,2026-08-19 16:40:03,Biasa / Mengikuti Pasar
16:40,POWR,Token Mati (Perlu Update),Big Cap (Lapis 1),Overvalued (Mahal),10.631525,18152.174,835.0,755,715,850,-0.5952380952380952,3544900,Normal,78,Negatif,Uptrend,Bullish,Strong Bullish,Perfect Uptrend (5>20>50),Normal,Akumulasi (Naik),Normal,Dominan Beli (Hajar Kanan),Normal,Tinggi,Doji (Ragu-ragu),Rawan Pucuk (High Risk),> 1 Miliar,Di Atas VWAP (Kuat),Akumulasi Pro (Smart Money),Ritel Aktif (5M - 50M),Sepi (< 50%),Mark-Up (Fase Pesta),Normal,Jarum Bawah (Sinyal Pantulan Kuat),Turun 1 Hari Beruntun,TP: 872 | CL: 810,Normal,Tidak Ideal (< 1:1),Overbought (Jenuh Beli - Rawan),Sentimen Positif 📰,Normal / Sedang Transisi,Mendekati Fibo 23.6%,7,BELI,TIDAK ADA,2026-08-19 16:40:03,Biasa / Mengikuti Pasar
16:40,INCF,Token Mati (Perlu Update),Small Cap (Lapis 3),Fair Value (Wajar),0.0,0.56667495,50.0,50,50,50,0.0,0,Normal,0,Negatif,Downtrend,Bearish,Bullish MACD,Konsolidasi / Transisi,Normal,Netral,Normal,Tidak Ada Transaksi,Squeeze,Rendah,Doji (Ragu-ragu),Dekat Support (Low Risk),< 1 Miliar,Di Atas VWAP (Kuat),Netral,Gorengan Sepi (< 5M),Normal (50-150%),Sideways,Solid (Jarang Dibanting),Normal,Sideways / Stagnan,TP: 51 | CL: 49,Normal,Di Area Support,Oversold (Jenuh Jual - Peluang),Netral / Sepi Berita,Normal / Sedang Transisi,Golden Rebound Fibo Bottom / 100% 🎯,1,WAIT & SEE,TIDAK ADA,2026-08-19 16:40:03,Biasa / Mengikuti Pasar
16:40,WSBP,Token Mati (Perlu Update),Small Cap (Lapis 3),Fair Value (Wajar),0.0,-0.3427844,14.0,14,14,14,0.0,0,Normal,46,Negatif,Downtrend,Bearish,Bullish MACD,Konsolidasi / Transisi,Normal,Netral,Normal,Tidak Ada Transaksi,Squeeze,Rendah,Doji (Ragu-ragu),Dekat Support (Low Risk),< 1 Miliar,Di Atas VWAP (Kuat),Netral,Gorengan Sepi (< 5M),Normal (50-150%),Sideways,Solid (Jarang Dibanting),Normal,Sideways / Stagnan,TP: 15 | CL: 13,Normal,Di Area Support,Oversold (Jenuh Jual - Peluang),Netral / Sepi Berita,Normal / Sedang Transisi,Golden Rebound Fibo 50.0% 🎯,1,WAIT & SEE,TIDAK ADA,2026-08-19 16:40:03,Biasa / Mengikuti Pasar
16:40,PBSA,Token Mati (Perlu Update),Mid Cap (Lapis 2),Overvalued (Mahal),10.364246,3.40837,870.0,783,715,925,-1.694915254237288,691100,Normal,63,Negatif,Uptrend,Bullish,Strong Bullish,Perfect Uptrend (5>20>50),Normal,Akumulasi (Naik),Normal,Seimbang / Adu Mekanik,Normal,Tinggi,Normal,Rawan Pucuk (High Risk),< 1 Miliar,Persis di VWAP,Akumulasi Pro (Smart Money),Gorengan Sepi (< 5M),Sepi (< 50%),Mark-Up (Fase Pesta),Spesialis Tiang Jemuran (Banting Pucuk),Normal,Turun 1 Hari Beruntun,TP: 949 | CL: 817,Open = High (Tekanan Jual),Tidak Ideal (< 1:1),Death Cross (Awal Bearish),Netral / Sepi Berita,Normal / Sedang Transisi,Mendekati Fibo 23.6%,5,WAIT & SEE,TIDAK ADA,2026-08-19 16:40:03,Biasa / Mengikuti Pasar
16:40,PRDA,Token Mati (Perlu Update),Mid Cap (Lapis 2),Undervalued (Murah),10.228035,0.92799485,2440.0,2377,2300,2460,1.6666666666666667,1537500,Tembus MA20,56,Positif,Uptrend,Bullish,Bullish MACD,Awal Reversal (5>20),Akumulasi Kuat,Akumulasi (Naik),Normal,Dominan Beli (Hajar Kanan),Squeeze,Rendah,Normal,Area Tengah,> 1 Miliar,Di Atas VWAP (Kuat),Akumulasi Pro (Smart Money),Gorengan Sepi (< 5M),Anomali Tinggi (150-300%),Accumulation (Kumpul Barang),Normal,Normal,Naik 3 Hari Beruntun,TP: 2519 | CL: 2387,Normal,Tidak Ideal (< 1:1),Overbought (Jenuh Beli - Rawan),Sentimen Positif 📰,Normal / Sedang Transisi,Mendekati Fibo 78.6%,10,BELI,TIDAK ADA,2026-08-19 16:40:03,Biasa / Mengikuti Pasar
16:40,BOGA,Token Mati (Perlu Update),Mid Cap (Lapis 2),Overvalued (Mahal),1388.3928,13.046725,1555.0,1605,1500,2000,-2.507836990595611,3000,Normal,48,Negatif,Downtrend,Death Cross,Bearish MACD,Konsolidasi / Transisi,Normal,Akumulasi (Naik),Normal,Dominan Jual (Guyur),Normal,Tinggi,Normal,Area Tengah,< 1 Miliar,Di Bawah VWAP (Lemah),Distribusi Pro (Guyuran),Gorengan Sepi (< 5M),Sepi (< 50%),Distribution (Fase Jualan),Spesialis Tiang Jemuran (Banting Pucuk),Normal,Turun 2 Hari Beruntun,TP: 1806 | CL: 1387,Open = High (Tekanan Jual),Sangat Menarik (> 1:3),Oversold (Jenuh Jual - Peluang),Sentimen Positif 📰,Normal / Sedang Transisi,Mengambang (Jauh dari Fibo),2,WAIT & SEE,TIDAK ADA,2026-08-19 16:40:03,Biasa / Mengikuti Pasar
16:40,BRIS,Token Mati (Perlu Update),Big Cap (Lapis 1),Fair Value (Wajar),10.26616,1.5946065,1765.0,1806,1750,1915,-1.3966480446927374,14062700,Tembus MA20,45,Negatif,Downtrend,Bearish,Strong Bearish,Konsolidasi / Transisi,Normal,Akumulasi (Naik),Normal,Dominan Jual (Guyur),Normal,Sedang,Normal,Dekat Support (Low Risk),> 1 Miliar,Di Bawah VWAP (Lemah),Akumulasi Pro (Smart Money),Ritel Aktif (5M - 50M),Normal (50-150%),Distribution (Fase Jualan),Normal,Normal,Turun 1 Hari Beruntun,TP: 1820 | CL: 1727,Open = High (Tekanan Jual),Sangat Menarik (> 1:3),Netral / Sideways,Sentimen Positif 📰,Normal / Sedang Transisi,Dekat Support Fibo 61.8% (Golden Ratio),3,WAIT & SEE,TIDAK ADA,2026-08-19 16:40:03,Biasa / Mengikuti Pasar
16:40,PORT,Token Mati (Perlu Update),Mid Cap (Lapis 2),Fair Value (Wajar),16.759775,2.094024,930.0,880,825,1085,-3.6269430051813467,50200,Tembus MA20,58,Negatif,Uptrend,Bullish,Strong Bullish,Perfect Uptrend (5>20>50),Normal,Akumulasi (Naik),Normal,Dominan Jual (Guyur),Normal,Sedang,Normal,Rawan Pucuk (High Risk),< 1 Miliar,Di Bawah VWAP (Lemah),Distribusi Pro (Guyuran),Gorengan Sepi (< 5M),Normal (50-150%),Mark-Up (Fase Pesta),Spesialis Tiang Jemuran (Banting Pucuk),Normal,Turun 1 Hari Beruntun,TP: 1018 | CL: 870,Normal,Menengah (1:1),Netral / Sideways,Sentimen Negatif ⚠️,Supply Banjir (Distribusi) 🌊,Mendekati Fibo 61.8% (Golden Ratio),6,WAIT & SEE,TIDAK ADA,2026-08-19 16:40:03,Biasa / Mengikuti Pasar
16:40,CARS,Token Mati (Perlu Update),Mid Cap (Lapis 2),Undervalued (Murah),8.790171,1.266564,94.0,91,87,99,1.0752688172043012,2072700,Normal,61,Positif,Uptrend,Bullish,Strong Bullish,Perfect Uptrend (5>20>50),Normal,Akumulasi (Naik),Normal,Seimbang / Adu Mekanik,Squeeze,Rendah,Normal,Area Tengah,< 1 Miliar,Di Atas VWAP (Kuat),Distribusi Pro (Guyuran),Gorengan Sepi (< 5M),Normal (50-150%),Mark-Up (Fase Pesta),Spesialis Tiang Jemuran (Banting Pucuk),Normal,Naik 3 Hari Beruntun,TP: 100 | CL: 90,Open = Low (Bullish Kuat),Tidak Ideal (< 1:1),Netral / Sideways,Sentimen Negatif ⚠️,Normal / Sedang Transisi,Dekat Support Fibo 23.6%,6,WAIT & SEE,TIDAK ADA,2026-08-19 16:40:03,Biasa / Mengikuti Pasar
16:40,MINA,Token Mati (Perlu Update),Mid Cap (Lapis 2),Overvalued (Mahal),0.0,10.687622,272.0,272,252,306,0.7407407407407408,25980400,Normal,49,Positif,Downtrend,Bearish,Bullish MACD,Strong Downtrend (5<20<50),Normal,Akumulasi (Naik),Normal,Seimbang / Adu Mekanik,Normal,Sedang,Normal,Area Tengah,> 1 Miliar,Di Atas VWAP (Kuat),Akumulasi Pro (Smart Money),Ritel Aktif (5M - 50M),Normal (50-150%),Mark-Down (Fase Runtuh),Normal,Normal,Naik 3 Hari Beruntun,TP: 288 | CL: 261,Open = High (Tekanan Jual),Ideal (1:2),Netral / Sideways,Sentimen Positif 📰,Normal / Sedang Transisi,Mendekati Fibo 78.6%,4,WAIT & SEE,TIDAK ADA,2026-08-19 16:40:03,Biasa / Mengikuti Pasar
16:40,CLEO,Token Mati (Perlu Update),Mid Cap (Lapis 2),Overvalued (Mahal),21.210438,3.6601608,382.0,381,370,394,0.5263157894736842,7892500,Tembus MA20,51,Positif,Uptrend,Bearish,Bearish MACD,Konsolidasi / Transisi,Normal,Akumulasi (Naik),Normal,Dominan Beli (Hajar Kanan),Squeeze,Rendah,Normal,Area Tengah,> 1 Miliar,Di Atas VWAP (Kuat),Akumulasi Pro (Smart Money),Gorengan Sepi (< 5M),Normal (50-150%),Mark-Up (Fase Pesta),Normal,Normal,Naik 2 Hari Beruntun,TP: 395 | CL: 373,Normal,Menengah (1:1),Netral / Sideways,Sentimen Positif 📰,Normal / Sedang Transisi,Dekat Support Fibo 23.6%,7,BELI,TIDAK ADA,2026-08-19 16:40:03,Biasa / Mengikuti Pasar
16:40,TAMU,Token Mati (Perlu Update),Small Cap (Lapis 3),Fair Value (Wajar),0.0,0.0,23.0,22,20,29,-4.166666666666666,4685200,Normal,52,Negatif,Uptrend,Bullish,Strong Bullish,Perfect Uptrend (5>20>50),Normal,Distribusi (Turun),Normal,Dominan Jual (Guyur),Normal,Tinggi,Normal,Rawan Pucuk (High Risk),< 1 Miliar,Di Bawah VWAP (Lemah),Akumulasi Pro (Smart Money),Gorengan Sepi (< 5M),Sepi (< 50%),Mark-Up (Fase Pesta),Normal,Normal,Turun 4 Hari Beruntun,TP: 25 | CL: 21,Open = High (Tekanan Jual),Ideal (1:2),Netral / Sideways,Netral / Sepi Berita,Normal / Sedang Transisi,Dekat Support Fibo 50.0%,4,WAIT & SEE,TIDAK ADA,2026-08-19 16:40:03,Biasa / Mengikuti Pasar
16:40,CSIS,Token Mati (Perlu Update),Small Cap (Lapis 3),Overvalued (Mahal),31.511997,1.0176121,216.0,192,173,230,-0.9174311926605505,3330100,Normal,78,Negatif,Uptrend,Bullish,Strong Bullish,Perfect Uptrend (5>20>50),Normal,Akumulasi (Naik),Normal,Seimbang / Adu Mekanik,Normal,Tinggi,Normal,Rawan Pucuk (High Risk),< 1 Miliar,Persis di VWAP,Akumulasi Pro (Smart Money),Gorengan Sepi (< 5M),Normal (50-150%),Mark-Up (Fase Pesta),Spesialis Tiang Jemuran (Banting Pucuk),Normal,Turun 1 Hari Beruntun,TP: 233 | CL: 204,Normal,Tidak Ideal (< 1:1),Death Cross (Awal Bearish),Sentimen Positif 📰,Normal / Sedang Transisi,Mendekati Fibo 23.6%,6,WAIT & SEE,TIDAK ADA,2026-08-19 16:40:03,Biasa / Mengikuti Pasar
16:40,TGRA,Token Mati (Perlu Update),Small Cap (Lapis 3),Fair Value (Wajar),0.0,0.2933061,27.0,27,27,27,0.0,0,Normal,0,Negatif,Downtrend,Bearish,Bearish MACD,Konsolidasi / Transisi,Normal,Netral,Normal,Tidak Ada Transaksi,Squeeze,Rendah,Doji (Ragu-ragu),Dekat Support (Low Risk),< 1 Miliar,Di Atas VWAP (Kuat),Netral,Gorengan Sepi (< 5M),Normal (50-150%),Sideways,Solid (Jarang Dibanting),Normal,Sideways / Stagnan,TP: 28 | CL: 26,Normal,Di Area Support,Oversold (Jenuh Jual - Peluang),Netral / Sepi Berita,Normal / Sedang Transisi,Normal / Sideways,0,WAIT & SEE,TIDAK ADA,2026-08-19 16:40:03,Biasa / Mengikuti Pasar
16:40,FIRE,Token Mati (Perlu Update),Small Cap (Lapis 3),Fair Value (Wajar),21.357285,0.65300846,106.0,107,104,118,-1.8518518518518516,5789900,Normal,47,Negatif,Downtrend,Bearish,Bearish MACD,Konsolidasi / Transisi,Normal,Distribusi (Turun),Normal,Seimbang / Adu Mekanik,Squeeze,Rendah,Normal,Dekat Support (Low Risk),< 1 Miliar,Di Bawah VWAP (Lemah),Distribusi Pro (Guyuran),Gorengan Sepi (< 5M),Normal (50-150%),Distribution (Fase Jualan),Spesialis Tiang Jemuran (Banting Pucuk),Normal,Turun 1 Hari Beruntun,TP: 112 | CL: 101,Normal,Sangat Menarik (> 1:3),Netral / Sideways,Netral / Sepi Berita,Normal / Sedang Transisi,Dekat Support Fibo 61.8% (Golden Ratio),0,WAIT & SEE,TIDAK ADA,2026-08-19 16:40:03,Biasa / Mengikuti Pasar
16:40,TOPS,Token Mati (Perlu Update),Small Cap (Lapis 3),Fair Value (Wajar),0.0,0.08019889,1.0,1,1,1,0.0,0,Normal,0,Negatif,Downtrend,Bearish,Bearish MACD,Konsolidasi / Transisi,Normal,Netral,Normal,Tidak Ada Transaksi,Squeeze,Rendah,Doji (Ragu-ragu),Dekat Support (Low Risk),< 1 Miliar,Di Atas VWAP (Kuat),Netral,Gorengan Sepi (< 5M),Normal (50-150%),Sideways,Solid (Jarang Dibanting),Normal,Sideways / Stagnan,TP: 2 | CL: 0,Normal,Di Area Support,Oversold (Jenuh Jual - Peluang),Netral / Sepi Berita,Normal / Sedang Transisi,Normal / Sideways,0,WAIT & SEE,TIDAK ADA,2026-08-19 16:40:03,Biasa / Mengikuti Pasar
16:40,KMTR,Token Mati (Perlu Update),Mid Cap (Lapis 2),Fair Value (Wajar),0.0,0.88223004,228.0,233,220,270,0.8849557522123894,19400,Normal,48,Positif,Downtrend,Bearish,Strong Bearish,Konsolidasi / Transisi,Normal,Akumulasi (Naik),Gap Up (+3.5%),Dominan Jual (Guyur),Normal,Sedang,Normal,Area Tengah,< 1 Miliar,Di Bawah VWAP (Lemah),Distribusi Pro (Guyuran),Gorengan Sepi (< 5M),Sepi (< 50%),Distribution (Fase Jualan),Spesialis Tiang Jemuran (Banting Pucuk),Normal,Naik 1 Hari Beruntun,TP: 238 | CL: 220,Open = High (Tekanan Jual),Sangat Menarik (> 1:3),Golden Cross (Awal Bullish),Netral / Sepi Berita,Supply Banjir (Distribusi) 🌊,Dekat Support Fibo 61.8% (Golden Ratio),3,WAIT & SEE,TIDAK ADA,2026-08-19 16:40:03,Biasa / Mengikuti Pasar
16:40,MAPB,Token Mati (Perlu Update),Mid Cap (Lapis 2),Fair Value (Wajar),0.0,2.1994066,1175.0,1145,960,1225,9.813084112149532,2500,Normal,53,Positif,Uptrend,Death Cross,Bearish MACD,Konsolidasi / Transisi,Normal,Distribusi (Turun),Normal,Dominan Beli (Hajar Kanan),Normal,Tinggi,Marubozu (Strong Bullish),Rawan Pucuk (High Risk),< 1 Miliar,Di Atas VWAP (Kuat),Akumulasi Pro (Smart Money),Gorengan Sepi (< 5M),Sepi (< 50%),Mark-Up (Fase Pesta),Solid (Jarang Dibanting),Normal,Naik 1 Hari Beruntun,TP: 1289 | CL: 1098,Open = Low (Bullish Kuat),Tidak Ideal (< 1:1),Netral / Sideways,Sentimen Positif 📰,Normal / Sedang Transisi,Dekat Support Fibo 50.0%,5,WAIT & SEE,TIDAK ADA,2026-08-19 16:40:03,Biasa / Mengikuti Pasar
16:40,WOOD,Token Mati (Perlu Update),Mid Cap (Lapis 2),Fair Value (Wajar),24.494383,0.3034065,216.0,221,198,260,0.0,6012800,Tembus MA20,49,Negatif,Downtrend,Bearish,Strong Bearish,Konsolidasi / Transisi,Normal,Akumulasi (Naik),Normal,Dominan Beli (Hajar Kanan),Normal,Tinggi,Doji (Ragu-ragu),Area Tengah,> 1 Miliar,Persis di VWAP,Akumulasi Pro (Smart Money),Gorengan Sepi (< 5M),Anomali Tinggi (150-300%),Distribution (Fase Jualan),Normal,Jarum Bawah (Sinyal Pantulan Kuat),Sideways / Stagnan,TP: 234 | CL: 203,Normal,Ideal (1:2),Netral / Sideways,Sentimen Negatif ⚠️,Normal / Sedang Transisi,Mengambang (Jauh dari Fibo),3,WAIT & SEE,TIDAK ADA,2026-08-19 16:40:03,Biasa / Mengikuti Pasar
16:40,HRTA,Token Mati (Perlu Update),Mid Cap (Lapis 2),Fair Value (Wajar),7.51229,2.7350814,2170.0,2020,1805,2270,-0.91324200913242,4743700,Normal,61,Negatif,Uptrend,Bullish,Strong Bullish,Perfect Uptrend (5>20>50),Normal,Akumulasi (Naik),Normal,Seimbang / Adu Mekanik,Normal,Tinggi,Normal,Rawan Pucuk (High Risk),> 1 Miliar,Persis di VWAP,Akumulasi Pro (Smart Money),Ritel Aktif (5M - 50M),Sepi (< 50%),Mark-Up (Fase Pesta),Normal,Normal,Turun 1 Hari Beruntun,TP: 2318 | CL: 2071,Normal,Tidak Ideal (< 1:1),Death Cross (Awal Bearish),Sentimen Positif 📰,Normal / Sedang Transisi,Dekat Support Fibo 38.2%,6,WAIT & SEE,TIDAK ADA,2026-08-19 16:40:03,Biasa / Mengikuti Pasar
16:40,HOKI,Token Mati (Perlu Update),Small Cap (Lapis 3),Fair Value (Wajar),0.0,1.0160573,56.0,54,53,59,1.8181818181818181,9240800,Normal,59,Positif,Uptrend,Bullish,Strong Bullish,Perfect Uptrend (5>20>50),Normal,Akumulasi (Naik),Normal,Dominan Beli (Hajar Kanan),Squeeze,Rendah,Normal,Area Tengah,< 1 Miliar,Di Atas VWAP (Kuat),Akumulasi Pro (Smart Money),Gorengan Sepi (< 5M),Normal (50-150%),Mark-Up (Fase Pesta),Normal,Normal,Naik 1 Hari Beruntun,TP: 58 | CL: 54,Normal,Menengah (1:1),Netral / Sideways,Sentimen Negatif ⚠️,Supply Kering (Siap Pump) 🏜️,Golden Rebound Fibo 61.8% (Golden Ratio) 🎯,7,BELI,TIDAK ADA,2026-08-19 16:40:03,Biasa / Mengikuti Pasar
16:40,MPOW,Token Mati (Perlu Update),Small Cap (Lapis 3),Fair Value (Wajar),16.11922,0.90061,107.0,105,91,111,0.0,989100,Normal,59,Negatif,Uptrend,Bullish,Bearish MACD,Perfect Uptrend (5>20>50),Normal,Akumulasi (Naik),Normal,Dominan Beli (Hajar Kanan),Normal,Sedang,Doji (Ragu-ragu),Rawan Pucuk (High Risk),< 1 Miliar,Persis di VWAP,Distribusi Pro (Guyuran),Gorengan Sepi (< 5M),Sepi (< 50%),Mark-Up (Fase Pesta),Spesialis Tiang Jemuran (Banting Pucuk),Jarum Bawah (Sinyal Pantulan Kuat),Sideways / Stagnan,TP: 113 | CL: 102,Normal,Tidak Ideal (< 1:1),Netral / Sideways,Sentimen Negatif ⚠️,Supply Kering (Siap Pump) 🏜️,Mengambang (Jauh dari Fibo),5,WAIT & SEE,TIDAK ADA,2026-08-19 16:40:03,Biasa / Mengikuti Pasar
16:40,MARK,Token Mati (Perlu Update),Mid Cap (Lapis 2),Overvalued (Mahal),12.365894,4.235797,1095.0,1039,932,1115,-0.45454545454545453,17502200,Tembus MA20,63,Negatif,Uptrend,Bullish,Strong Bullish,Perfect Uptrend (5>20>50),Normal,Distribusi (Turun),Normal,Dominan Jual (Guyur),Normal,Tinggi,Normal,Rawan Pucuk (High Risk),> 1 Miliar,Persis di VWAP,Akumulasi Pro (Smart Money),Ritel Aktif (5M - 50M),Normal (50-150%),Mark-Up (Fase Pesta),Normal,Normal,Turun 1 Hari Beruntun,TP: 1162 | CL: 1049,Normal,Tidak Ideal (< 1:1),Overbought (Jenuh Beli - Rawan),Sentimen Negatif ⚠️,Normal / Sedang Transisi,Mengambang (Jauh dari Fibo),5,WAIT & SEE,TIDAK ADA,2026-08-19 16:40:03,Biasa / Mengikuti Pasar
16:40,NASA,Token Mati (Perlu Update),Small Cap (Lapis 3),Fair Value (Wajar),0.0,0.3024773,30.0,30,29,31,-3.225806451612903,720900,Tembus MA20,48,Negatif,Downtrend,Death Cross,Bullish MACD,Strong Downtrend (5<20<50),Normal,Distribusi (Turun),Gap Down (-3.2%),Dominan Jual (Guyur),Squeeze,Rendah,Doji (Ragu-ragu),Area Tengah,< 1 Miliar,Persis di VWAP,Distribusi Pro (Guyuran),Gorengan Sepi (< 5M),Anomali Tinggi (150-300%),Mark-Down (Fase Runtuh),Normal,Normal,Turun 1 Hari Beruntun,TP: 31 | CL: 29,Normal,Menengah (1:1),Netral / Sideways,Netral / Sepi Berita,Normal / Sedang Transisi,Mengambang (Jauh dari Fibo),2,WAIT & SEE,TIDAK ADA,2026-08-19 16:40:03,Biasa / Mengikuti Pasar
16:40,MDKI,Token Mati (Perlu Update),Small Cap (Lapis 3),Undervalued (Murah),12.16671,0.49375582,188.0,184,177,210,-0.5291005291005291,99000,Normal,58,Negatif,Uptrend,Bullish,Strong Bullish,Perfect Uptrend (5>20>50),Normal,Distribusi (Turun),Normal,Dominan Jual (Guyur),Normal,Sedang,Normal,Area Tengah,< 1 Miliar,Persis di VWAP,Distribusi Pro (Guyuran),Gorengan Sepi (< 5M),Normal (50-150%),Mark-Up (Fase Pesta),Normal,Normal,Turun 1 Hari Beruntun,TP: 195 | CL: 182,Normal,Ideal (1:2),Netral / Sideways,Sentimen Positif 📰,Supply Kering (Siap Pump) 🏜️,Golden Rebound Fibo 50.0% 🎯,5,WAIT & SEE,TIDAK ADA,2026-08-19 16:40:03,Biasa / Mengikuti Pasar
16:40,BELL,Token Mati (Perlu Update),Small Cap (Lapis 3),Overvalued (Mahal),1753.8462,3.43508,113.0,115,105,139,-0.8771929824561403,12698700,Normal,49,Negatif,Downtrend,Bearish,Bearish MACD,Konsolidasi / Transisi,Normal,Distribusi (Turun),Normal,Seimbang / Adu Mekanik,Normal,Sedang,Normal,Area Tengah,> 1 Miliar,Persis di VWAP,Distribusi Pro (Guyuran),Gorengan Sepi (< 5M),Normal (50-150%),Distribution (Fase Jualan),Normal,Normal,Turun 1 Hari Beruntun,TP: 122 | CL: 106,Normal,Sangat Menarik (> 1:3),Netral / Sideways,Sentimen Positif 📰,Normal / Sedang Transisi,Dekat Support Fibo 50.0%,1,WAIT & SEE,TIDAK ADA,2026-08-19 16:40:03,Biasa / Mengikuti Pasar
16:40,KIOS,Token Mati (Perlu Update),Small Cap (Lapis 3),Overvalued (Mahal),67.85715,0.7393341,94.0,95,89,104,-3.0927835051546393,18574600,Normal,50,Negatif,Downtrend,Bearish,Bearish MACD,Konsolidasi / Transisi,Normal,Akumulasi (Naik),Normal,Dominan Jual (Guyur),Normal,Sedang,Normal,Area Tengah,> 1 Miliar,Di Bawah VWAP (Lemah),Akumulasi Pro (Smart Money),Gorengan Sepi (< 5M),Normal (50-150%),Distribution (Fase Jualan),Normal,Normal,Turun 1 Hari Beruntun,TP: 100 | CL: 89,Open = High (Tekanan Jual),Ideal (1:2),Netral / Sideways,Netral / Sepi Berita,Normal / Sedang Transisi,Dekat Support Fibo 50.0%,1,WAIT & SEE,TIDAK ADA,2026-08-19 16:40:03,Biasa / Mengikuti Pasar
16:40,GMFI,Token Mati (Perlu Update),Mid Cap (Lapis 2),Overvalued (Mahal),3.59928,59999.996,60.0,57,52,71,-1.639344262295082,105123600,Normal,56,Negatif,Uptrend,Bullish,Strong Bullish,Perfect Uptrend (5>20>50),Normal,Distribusi (Turun),Normal,Seimbang / Adu Mekanik,Normal,Tinggi,Normal,Rawan Pucuk (High Risk),> 1 Miliar,Di Bawah VWAP (Lemah),Distribusi Pro (Guyuran),Ritel Aktif (5M - 50M),Sepi (< 50%),Mark-Up (Fase Pesta),Normal,Normal,Turun 1 Hari Beruntun,TP: 66 | CL: 55,Open = High (Tekanan Jual),Menengah (1:1),Netral / Sideways,Sentimen Positif 📰,Normal / Sedang Transisi,Mendekati Fibo 61.8% (Golden Ratio),5,WAIT & SEE,TIDAK ADA,2026-08-19 16:40:03,Biasa / Mengikuti Pasar
16:40,MTWI,Token Mati (Perlu Update),Small Cap (Lapis 3),Overvalued (Mahal),56.306305,1.7704381,250.0,255,238,300,0.0,52700,Normal,40,Negatif,Downtrend,Bearish,Strong Bearish,Strong Downtrend (5<20<50),Normal,Distribusi (Turun),Gap Up (+2.4%),Dominan Jual (Guyur),Bottom Rebound,Sedang,Normal,Area Tengah,< 1 Miliar,Di Bawah VWAP (Lemah),Akumulasi Pro (Smart Money),Gorengan Sepi (< 5M),Anomali Tinggi (150-300%),Mark-Down (Fase Runtuh),Normal,Normal,Sideways / Stagnan,TP: 266 | CL: 239,Normal,Sangat Menarik (> 1:3),Golden Cross (Awal Bullish),Netral / Sepi Berita,Supply Kering (Siap Pump) 🏜️,Golden Rebound Fibo 61.8% (Golden Ratio) 🎯,1,WAIT & SEE,TIDAK ADA,2026-08-19 16:40:03,Biasa / Mengikuti Pasar
16:40,ZINC,Token Mati (Perlu Update),Small Cap (Lapis 3),Fair Value (Wajar),0.0,2.0006669,30.0,30,30,30,0.0,0,Normal,0,Negatif,Downtrend,Bearish,Bearish MACD,Konsolidasi / Transisi,Normal,Netral,Normal,Tidak Ada Transaksi,Squeeze,Rendah,Doji (Ragu-ragu),Dekat Support (Low Risk),< 1 Miliar,Di Atas VWAP (Kuat),Netral,Gorengan Sepi (< 5M),Normal (50-150%),Sideways,Solid (Jarang Dibanting),Normal,Sideways / Stagnan,TP: 31 | CL: 29,Normal,Di Area Support,Oversold (Jenuh Jual - Peluang),Netral / Sepi Berita,Normal / Sedang Transisi,Normal / Sideways,0,WAIT & SEE,TIDAK ADA,2026-08-19 16:40:03,Biasa / Mengikuti Pasar
16:40,MCAS,Token Mati (Perlu Update),Small Cap (Lapis 3),Fair Value (Wajar),0.0,1.6683973,286.0,268,149,370,-2.054794520547945,2453100,Normal,57,Negatif,Uptrend,Bullish,Strong Bullish,Perfect Uptrend (5>20>50),Normal,Distribusi (Turun),Normal,Seimbang / Adu Mekanik,Normal,Tinggi,Normal,Rawan Pucuk (High Risk),< 1 Miliar,Di Bawah VWAP (Lemah),Distribusi Pro (Guyuran),Gorengan Sepi (< 5M),Sepi (< 50%),Mark-Up (Fase Pesta),Spesialis Tiang Jemuran (Banting Pucuk),Normal,Turun 3 Hari Beruntun,TP: 342 | CL: 248,Open = High (Tekanan Jual),Tidak Ideal (< 1:1),Netral / Sideways,Sentimen Positif 📰,Normal / Sedang Transisi,Dekat Support Fibo 38.2%,5,WAIT & SEE,TIDAK ADA,2026-08-19 16:40:03,Biasa / Mengikuti Pasar
16:40,PPRE,Token Mati (Perlu Update),Mid Cap (Lapis 2),Fair Value (Wajar),0.0,1.1574329,106.0,104,96,118,2.912621359223301,85875500,Tembus MA20,53,Positif,Uptrend,Bearish,Strong Bearish,Konsolidasi / Transisi,Normal,Akumulasi (Naik),Gap Up (+2.9%),Seimbang / Adu Mekanik,Normal,Sedang,Doji (Ragu-ragu),Rawan Pucuk (High Risk),> 1 Miliar,Di Atas VWAP (Kuat),Distribusi Pro (Guyuran),Gorengan Sepi (< 5M),Anomali Tinggi (150-300%),Mark-Up (Fase Pesta),Spesialis Tiang Jemuran (Banting Pucuk),Normal,Naik 2 Hari Beruntun,TP: 113 | CL: 101,Normal,Menengah (1:1),Golden Cross (Awal Bullish),Netral / Sepi Berita,Normal / Sedang Transisi,Mendekati Fibo 38.2%,6,WAIT & SEE,TIDAK ADA,2026-08-19 16:40:03,Biasa / Mengikuti Pasar
16:40,WEGE,Token Mati (Perlu Update),Small Cap (Lapis 3),Fair Value (Wajar),0.0,0.3217296,64.0,51,50,66,16.363636363636363,380063800,Tembus MA20,90,Positif,Uptrend,Bullish,Strong Bullish,Perfect Uptrend (5>20>50),Akumulasi Kuat,Akumulasi (Naik),Gap Up (+12.7%),Dominan Beli (Hajar Kanan),Breakout Upper,Tinggi,Normal,Rawan Pucuk (High Risk),> 1 Miliar,Di Atas VWAP (Kuat),Akumulasi Pro (Smart Money),Ritel Aktif (5M - 50M),Ledakan Ekstrem (> 300%),Mark-Up (Fase Pesta),Spesialis Tiang Jemuran (Banting Pucuk),Jarum Bawah (Sinyal Pantulan Kuat),Naik 3 Hari Beruntun,TP: 68 | CL: 61,Normal,Tidak Ideal (< 1:1),Netral / Sideways,Sentimen Positif 📰,Normal / Sedang Transisi,Mendekati Fibo 23.6%,11,BELI,TIDAK ADA,2026-08-19 16:40:03,⚠️ Anomali (Sudah Terbang)
16:40,PSSI,Token Mati (Perlu Update),Mid Cap (Lapis 2),Overvalued (Mahal),0.0,11379.311,330.0,326,302,340,1.2269938650306749,222900,Normal,57,Positif,Uptrend,Bullish,Bearish MACD,Perfect Uptrend (5>20>50),Normal,Akumulasi (Naik),Normal,Seimbang / Adu Mekanik,Normal,Sedang,Normal,Area Tengah,< 1 Miliar,Persis di VWAP,Akumulasi Pro (Smart Money),Gorengan Sepi (< 5M),Anomali Tinggi (150-300%),Mark-Up (Fase Pesta),Normal,Normal,Naik 1 Hari Beruntun,TP: 349 | CL: 316,Normal,Tidak Ideal (< 1:1),Netral / Sideways,Sentimen Negatif ⚠️,Normal / Sedang Transisi,Mendekati Fibo 23.6%,5,WAIT & SEE,TIDAK ADA,2026-08-19 16:40:03,Biasa / Mengikuti Pasar
16:40,MORA,Token Mati (Perlu Update),Big Cap (Lapis 1),Overvalued (Mahal),206.08243,13.668091,5175.0,5767,5000,6900,1.4705882352941175,391600,Tembus MA20,33,Positif,Downtrend,Bearish,Strong Bearish,Strong Downtrend (5<20<50),Normal,Akumulasi (Naik),Normal,Seimbang / Adu Mekanik,Normal,Tinggi,Doji (Ragu-ragu),Area Tengah,> 1 Miliar,Persis di VWAP,Distribusi Pro (Guyuran),Gorengan Sepi (< 5M),Normal (50-150%),Mark-Down (Fase Runtuh),Spesialis Tiang Jemuran (Banting Pucuk),Normal,Naik 1 Hari Beruntun,TP: 5550 | CL: 4925,Normal,Sangat Menarik (> 1:3),Oversold (Jenuh Jual - Peluang),Sentimen Negatif ⚠️,Normal / Sedang Transisi,Mendekati Fibo Bottom / 100%,3,WAIT & SEE,TIDAK ADA,2026-08-19 16:40:03,Biasa / Mengikuti Pasar
16:40,DWGL,Token Mati (Perlu Update),Mid Cap (Lapis 2),Overvalued (Mahal),12.475169,4.8597784,310.0,338,224,442,-12.429378531073446,8928100,Normal,47,Negatif,Downtrend,Bullish,Bearish MACD,Perfect Uptrend (5>20>50),Normal,Distribusi (Turun),Normal,Dominan Jual (Guyur),Normal,Tinggi,Normal,Rawan Pucuk (High Risk),> 1 Miliar,Di Bawah VWAP (Lemah),Distribusi Pro (Guyuran),Gorengan Sepi (< 5M),Normal (50-150%),Distribution (Fase Jualan),Normal,Normal,Turun 1 Hari Beruntun,TP: 367 | CL: 271,Open = High (Tekanan Jual),Ideal (1:2),Netral / Sideways,Netral / Sepi Berita,Normal / Sedang Transisi,Mendekati Fibo 61.8% (Golden Ratio),1,WAIT & SEE,TIDAK ADA,2026-08-19 16:40:03,🔥 ANOMALI BANDAR (Siap Ledakan)
16:40,PBID,Token Mati (Perlu Update),Mid Cap (Lapis 2),Undervalued (Murah),6.4966607,1.3586404,535.0,525,486,570,-0.9259259259259258,1154600,Normal,66,Negatif,Uptrend,Bullish,Bearish MACD,Perfect Uptrend (5>20>50),Normal,Distribusi (Turun),Normal,Seimbang / Adu Mekanik,Normal,Sedang,Doji (Ragu-ragu),Rawan Pucuk (High Risk),< 1 Miliar,Persis di VWAP,Distribusi Pro (Guyuran),Gorengan Sepi (< 5M),Normal (50-150%),Mark-Up (Fase Pesta),Spesialis Tiang Jemuran (Banting Pucuk),Normal,Turun 1 Hari Beruntun,TP: 554 | CL: 521,Normal,Tidak Ideal (< 1:1),Netral / Sideways,Sentimen Positif 📰,Supply Kering (Siap Pump) 🏜️,Golden Rebound Fibo 38.2% 🎯,4,WAIT & SEE,TIDAK ADA,2026-08-19 16:40:03,Biasa / Mengikuti Pasar
16:40,JMAS,Token Mati (Perlu Update),Small Cap (Lapis 3),Overvalued (Mahal),178.125,1.8114791,228.0,228,228,228,0.0,0,Normal,39,Negatif,Downtrend,Bearish,Bullish MACD,Konsolidasi / Transisi,Normal,Netral,Normal,Tidak Ada Transaksi,Squeeze,Rendah,Doji (Ragu-ragu),Dekat Support (Low Risk),< 1 Miliar,Di Atas VWAP (Kuat),Netral,Gorengan Sepi (< 5M),Normal (50-150%),Sideways,Solid (Jarang Dibanting),Normal,Sideways / Stagnan,TP: 229 | CL: 227,Normal,Di Area Support,Oversold (Jenuh Jual - Peluang),Netral / Sepi Berita,Normal / Sedang Transisi,Mengambang (Jauh dari Fibo),1,WAIT & SEE,TIDAK ADA,2026-08-19 16:40:03,Biasa / Mengikuti Pasar
16:40,CAMP,Token Mati (Perlu Update),Mid Cap (Lapis 2),Undervalued (Murah),13.168087,0.9796407,170.0,170,166,200,0.591715976331361,155800,Normal,47,Positif,Downtrend,Bullish,Bullish MACD,Awal Reversal (5>20),Normal,Distribusi (Turun),Normal,Seimbang / Adu Mekanik,Squeeze,Rendah,Normal,Dekat Support (Low Risk),< 1 Miliar,Di Bawah VWAP (Lemah),Distribusi Pro (Guyuran),Gorengan Sepi (< 5M),Sepi (< 50%),Mark-Down (Fase Runtuh),Normal,Normal,Naik 1 Hari Beruntun,TP: 178 | CL: 164,Open = High (Tekanan Jual),Sangat Menarik (> 1:3),Oversold (Jenuh Jual - Peluang),Sentimen Positif 📰,Normal / Sedang Transisi,Golden Rebound Fibo 61.8% (Golden Ratio) 🎯,4,WAIT & SEE,TIDAK ADA,2026-08-19 16:40:03,Biasa / Mengikuti Pasar
16:40,IPCM,Token Mati (Perlu Update),Mid Cap (Lapis 2),Undervalued (Murah),9.079903,1.1960483,300.0,307,282,322,-0.6622516556291391,637900,Normal,39,Negatif,Downtrend,Bearish,Strong Bearish,Strong Downtrend (5<20<50),Normal,Distribusi (Turun),Normal,Seimbang / Adu Mekanik,Normal,Sedang,Normal,Area Tengah,< 1 Miliar,Persis di VWAP,Akumulasi Pro (Smart Money),Gorengan Sepi (< 5M),Normal (50-150%),Mark-Down (Fase Runtuh),Normal,Normal,Turun 1 Hari Beruntun,TP: 309 | CL: 293,Normal,Menengah (1:1),Netral / Sideways,Sentimen Positif 📰,Normal / Sedang Transisi,Dekat Support Fibo 50.0%,1,WAIT & SEE,TIDAK ADA,2026-08-19 16:40:03,Biasa / Mengikuti Pasar
16:40,PCAR,Token Mati (Perlu Update),Small Cap (Lapis 3),Fair Value (Wajar),0.0,0.6526299,42.0,41,38,49,0.0,637400,Normal,53,Negatif,Uptrend,Bullish,Bearish MACD,Perfect Uptrend (5>20>50),Normal,Distribusi (Turun),Normal,Tidak Ada Transaksi,Normal,Tinggi,Doji (Ragu-ragu),Rawan Pucuk (High Risk),< 1 Miliar,Persis di VWAP,Distribusi Pro (Guyuran),Gorengan Sepi (< 5M),Sepi (< 50%),Mark-Up (Fase Pesta),Normal,Normal,Sideways / Stagnan,TP: 45 | CL: 39,Normal,Ideal (1:2),Netral / Sideways,Netral / Sepi Berita,Normal / Sedang Transisi,Dekat Support Fibo 50.0%,3,WAIT & SEE,TIDAK ADA,2026-08-19 16:40:03,Biasa / Mengikuti Pasar
16:40,LCKM,Token Mati (Perlu Update),Small Cap (Lapis 3),Overvalued (Mahal),71.899734,0.799384,109.0,109,105,116,0.0,0,Normal,47,Negatif,Downtrend,Bearish,Bullish MACD,Strong Downtrend (5<20<50),Normal,Netral,Normal,Tidak Ada Transaksi,Squeeze,Rendah,Doji (Ragu-ragu),Area Tengah,< 1 Miliar,Di Atas VWAP (Kuat),Netral,Gorengan Sepi (< 5M),Normal (50-150%),Mark-Down (Fase Runtuh),Normal,Normal,Sideways / Stagnan,TP: 110 | CL: 108,Normal,Ideal (1:2),Netral / Sideways,Netral / Sepi Berita,Supply Kering (Siap Pump) 🏜️,Mengambang (Jauh dari Fibo),1,WAIT & SEE,TIDAK ADA,2026-08-19 16:40:03,Biasa / Mengikuti Pasar
16:40,BOSS,Token Mati (Perlu Update),Small Cap (Lapis 3),Fair Value (Wajar),0.0,-0.41981882,50.0,50,50,50,0.0,0,Normal,0,Negatif,Downtrend,Bearish,Bearish MACD,Konsolidasi / Transisi,Normal,Netral,Normal,Tidak Ada Transaksi,Squeeze,Rendah,Doji (Ragu-ragu),Dekat Support (Low Risk),< 1 Miliar,Di Atas VWAP (Kuat),Netral,Gorengan Sepi (< 5M),Normal (50-150%),Sideways,Solid (Jarang Dibanting),Normal,Sideways / Stagnan,TP: 51 | CL: 49,Normal,Di Area Support,Oversold (Jenuh Jual - Peluang),Netral / Sepi Berita,Normal / Sedang Transisi,Normal / Sideways,0,WAIT & SEE,TIDAK ADA,2026-08-19 16:40:03,Biasa / Mengikuti Pasar
16:40,HELI,Token Mati (Perlu Update),Small Cap (Lapis 3),Fair Value (Wajar),6.1128526,1.7908145,194.0,190,173,240,-2.0202020202020203,1275800,Normal,55,Negatif,Uptrend,Bullish,Strong Bullish,Perfect Uptrend (5>20>50),Normal,Akumulasi (Naik),Normal,Dominan Jual (Guyur),Normal,Sedang,Normal,Rawan Pucuk (High Risk),< 1 Miliar,Di Bawah VWAP (Lemah),Distribusi Pro (Guyuran),Gorengan Sepi (< 5M),Normal (50-150%),Mark-Up (Fase Pesta),Spesialis Tiang Jemuran (Banting Pucuk),Normal,Turun 1 Hari Beruntun,TP: 212 | CL: 181,Normal,Ideal (1:2),Netral / Sideways,Sentimen Positif 📰,Normal / Sedang Transisi,Mendekati Fibo 50.0%,6,WAIT & SEE,TIDAK ADA,2026-08-19 16:40:03,Biasa / Mengikuti Pasar
16:40,INPS,Token Mati (Perlu Update),Small Cap (Lapis 3),Fair Value (Wajar),0.0,-10.823153,730.0,695,610,770,-1.3513513513513513,49100,Normal,59,Negatif,Uptrend,Bullish,Strong Bullish,Perfect Uptrend (5>20>50),Normal,Akumulasi (Naik),Normal,Dominan Jual (Guyur),Normal,Tinggi,Normal,Rawan Pucuk (High Risk),< 1 Miliar,Persis di VWAP,Distribusi Pro (Guyuran),Gorengan Sepi (< 5M),Sepi (< 50%),Mark-Up (Fase Pesta),Normal,Normal,Turun 1 Hari Beruntun,TP: 769 | CL: 703,Open = High (Tekanan Jual),Tidak Ideal (< 1:1),Death Cross (Awal Bearish),Netral / Sepi Berita,Normal / Sedang Transisi,Mendekati Fibo 38.2%,5,WAIT & SEE,TIDAK ADA,2026-08-19 16:40:03,Biasa / Mengikuti Pasar
16:40,GHON,Token Mati (Perlu Update),Small Cap (Lapis 3),Undervalued (Murah),9.85469,1.2703522,1610.0,1621,1570,1660,0.3115264797507788,1600,Normal,47,Positif,Downtrend,Bearish,Bullish MACD,Strong Downtrend (5<20<50),Normal,Akumulasi (Naik),Normal,Dominan Beli (Hajar Kanan),Squeeze,Rendah,Doji (Ragu-ragu),Dekat Support (Low Risk),< 1 Miliar,Persis di VWAP,Distribusi Pro (Guyuran),Gorengan Sepi (< 5M),Sepi (< 50%),Mark-Down (Fase Runtuh),Normal,Jarum Bawah (Sinyal Pantulan Kuat),Naik 2 Hari Beruntun,TP: 1659 | CL: 1576,Normal,Menengah (1:1),Golden Cross (Awal Bullish),Sentimen Positif 📰,Supply Kering (Siap Pump) 🏜️,Mengambang (Jauh dari Fibo),5,WAIT & SEE,TIDAK ADA,2026-08-19 16:40:03,Biasa / Mengikuti Pasar
16:40,DFAM,Token Mati (Perlu Update),Small Cap (Lapis 3),Overvalued (Mahal),0.0,24.42748,79.0,81,72,89,-1.25,2782200,Normal,42,Negatif,Downtrend,Bearish,Bullish MACD,Strong Downtrend (5<20<50),Normal,Akumulasi (Naik),Normal,Dominan Jual (Guyur),Normal,Sedang,Normal,Area Tengah,< 1 Miliar,Persis di VWAP,Akumulasi Pro (Smart Money),Gorengan Sepi (< 5M),Sepi (< 50%),Mark-Down (Fase Runtuh),Spesialis Tiang Jemuran (Banting Pucuk),Normal,Turun 1 Hari Beruntun,TP: 83 | CL: 75,Normal,Menengah (1:1),Netral / Sideways,Netral / Sepi Berita,Normal / Sedang Transisi,Mengambang (Jauh dari Fibo),2,WAIT & SEE,TIDAK ADA,2026-08-19 16:40:03,Biasa / Mengikuti Pasar
16:40,NICK,Token Mati (Perlu Update),Small Cap (Lapis 3),Overvalued (Mahal),4.24308,3.0121584,1400.0,1309,1010,1600,-1.4084507042253522,5800,Normal,59,Negatif,Uptrend,Bullish,Strong Bullish,Perfect Uptrend (5>20>50),Normal,Distribusi (Turun),Normal,Dominan Jual (Guyur),Normal,Tinggi,Doji (Ragu-ragu),Rawan Pucuk (High Risk),< 1 Miliar,Di Bawah VWAP (Lemah),Distribusi Pro (Guyuran),Gorengan Sepi (< 5M),Sepi (< 50%),Mark-Up (Fase Pesta),Normal,Normal,Turun 3 Hari Beruntun,TP: 1539 | CL: 1306,Normal,Tidak Ideal (< 1:1),Death Cross (Awal Bearish),Netral / Sepi Berita,Normal / Sedang Transisi,Mendekati Fibo 38.2%,4,WAIT & SEE,TIDAK ADA,2026-08-19 16:40:03,Biasa / Mengikuti Pasar
16:40,BTPS,Token Mati (Perlu Update),Mid Cap (Lapis 2),Undervalued (Murah),6.305331,0.74345535,990.0,989,960,1040,0.5076142131979695,1113800,Normal,50,Positif,Uptrend,Bearish,Strong Bearish,Strong Downtrend (5<20<50),Normal,Akumulasi (Naik),Normal,Seimbang / Adu Mekanik,Squeeze,Rendah,Normal,Area Tengah,> 1 Miliar,Persis di VWAP,Akumulasi Pro (Smart Money),Gorengan Sepi (< 5M),Normal (50-150%),Accumulation (Kumpul Barang),Spesialis Tiang Jemuran (Banting Pucuk),Normal,Naik 1 Hari Beruntun,TP: 1012 | CL: 975,Normal,Ideal (1:2),Netral / Sideways,Sentimen Positif 📰,Normal / Sedang Transisi,Dekat Support Fibo 38.2%,4,WAIT & SEE,TIDAK ADA,2026-08-19 16:40:03,Biasa / Mengikuti Pasar
16:40,SPTO,Token Mati (Perlu Update),Mid Cap (Lapis 2),Undervalued (Murah),6.3941298,0.96061784,610.0,601,585,615,0.0,135500,Normal,65,Negatif,Uptrend,Bullish,Bearish MACD,Perfect Uptrend (5>20>50),Normal,Akumulasi (Naik),Normal,Dominan Beli (Hajar Kanan),Squeeze,Rendah,Doji (Ragu-ragu),Area Tengah,< 1 Miliar,Persis di VWAP,Akumulasi Pro (Smart Money),Gorengan Sepi (< 5M),Sepi (< 50%),Mark-Up (Fase Pesta),Normal,Jarum Bawah (Sinyal Pantulan Kuat),Sideways / Stagnan,TP: 624 | CL: 600,Normal,Tidak Ideal (< 1:1),Overbought (Jenuh Beli - Rawan),Sentimen Positif 📰,Supply Kering (Siap Pump) 🏜️,Mendekati Fibo 23.6%,6,WAIT & SEE,TIDAK ADA,2026-08-19 16:40:03,Biasa / Mengikuti Pasar
16:40,PRIM,Token Mati (Perlu Update),Small Cap (Lapis 3),Fair Value (Wajar),0.0,0.41097966,114.0,107,97,118,-0.8695652173913043,5296300,Normal,66,Negatif,Uptrend,Bullish,Strong Bullish,Perfect Uptrend (5>20>50),Normal,Akumulasi (Naik),Normal,Seimbang / Adu Mekanik,Normal,Tinggi,Normal,Rawan Pucuk (High Risk),< 1 Miliar,Di Atas VWAP (Kuat),Akumulasi Pro (Smart Money),Gorengan Sepi (< 5M),Normal (50-150%),Mark-Up (Fase Pesta),Normal,Normal,Turun 1 Hari Beruntun,TP: 122 | CL: 108,Open = High (Tekanan Jual),Tidak Ideal (< 1:1),Death Cross (Awal Bearish),Sentimen Positif 📰,Normal / Sedang Transisi,Mengambang (Jauh dari Fibo),6,WAIT & SEE,TIDAK ADA,2026-08-19 16:40:03,Biasa / Mengikuti Pasar
16:40,HEAL,Token Mati (Perlu Update),Big Cap (Lapis 1),Overvalued (Mahal),26.254827,1.8799176,685.0,773,680,850,-2.142857142857143,13539300,Tembus MA20,23,Negatif,Downtrend,Bearish,Strong Bearish,Strong Downtrend (5<20<50),Normal,Distribusi (Turun),Normal,Dominan Jual (Guyur),Normal,Tinggi,Normal,Dekat Support (Low Risk),> 1 Miliar,Di Bawah VWAP (Lemah),Distribusi Pro (Guyuran),Ritel Aktif (5M - 50M),Normal (50-150%),Mark-Down (Fase Runtuh),Normal,Normal,Turun 2 Hari Beruntun,TP: 721 | CL: 660,Open = High (Tekanan Jual),Sangat Menarik (> 1:3),Oversold (Jenuh Jual - Peluang),Sentimen Positif 📰,Normal / Sedang Transisi,Golden Rebound Fibo Bottom / 100% 🎯,2,WAIT & SEE,TIDAK ADA,2026-08-19 16:40:03,Biasa / Mengikuti Pasar
16:40,TRUK,Token Mati (Perlu Update),Small Cap (Lapis 3),Overvalued (Mahal),0.0,7.000888,620.0,573,408,880,-0.8,432600,Normal,57,Negatif,Uptrend,Bullish,Bearish MACD,Perfect Uptrend (5>20>50),Normal,Distribusi (Turun),Normal,Seimbang / Adu Mekanik,Normal,Tinggi,Normal,Rawan Pucuk (High Risk),< 1 Miliar,Di Bawah VWAP (Lemah),Distribusi Pro (Guyuran),Gorengan Sepi (< 5M),Sepi (< 50%),Mark-Up (Fase Pesta),Spesialis Tiang Jemuran (Banting Pucuk),Normal,Turun 5 Hari Beruntun,TP: 785 | CL: 509,Open = High (Tekanan Jual),Menengah (1:1),Netral / Sideways,Netral / Sepi Berita,Normal / Sedang Transisi,Mengambang (Jauh dari Fibo),3,WAIT & SEE,TIDAK ADA,2026-08-19 16:40:03,Biasa / Mengikuti Pasar
16:40,PZZA,Token Mati (Perlu Update),Small Cap (Lapis 3),Overvalued (Mahal),30.494038,0.5187203,179.0,183,178,195,-0.5555555555555556,365000,Normal,39,Negatif,Downtrend,Bearish,Strong Bearish,Strong Downtrend (5<20<50),Normal,Distribusi (Turun),Normal,Dominan Jual (Guyur),Squeeze,Rendah,Normal,Dekat Support (Low Risk),< 1 Miliar,Di Bawah VWAP (Lemah),Akumulasi Pro (Smart Money),Gorengan Sepi (< 5M),Normal (50-150%),Mark-Down (Fase Runtuh),Normal,Normal,Turun 3 Hari Beruntun,TP: 186 | CL: 173,Normal,Sangat Menarik (> 1:3),Oversold (Jenuh Jual - Peluang),Sentimen Positif 📰,Normal / Sedang Transisi,Golden Rebound Fibo 50.0% 🎯,1,WAIT & SEE,TIDAK ADA,2026-08-19 16:40:03,Biasa / Mengikuti Pasar
16:40,TUGU,Token Mati (Perlu Update),Mid Cap (Lapis 2),Undervalued (Murah),5.3267455,0.53440213,1380.0,1252,1185,1460,-3.1578947368421053,1760100,Normal,72,Negatif,Uptrend,Bullish,Strong Bullish,Perfect Uptrend (5>20>50),Normal,Akumulasi (Naik),Normal,Dominan Jual (Guyur),Normal,Tinggi,Normal,Rawan Pucuk (High Risk),> 1 Miliar,Di Atas VWAP (Kuat),Akumulasi Pro (Smart Money),Ritel Aktif (5M - 50M),Normal (50-150%),Mark-Up (Fase Pesta),Normal,Normal,Turun 1 Hari Beruntun,TP: 1440 | CL: 1340,Normal,Tidak Ideal (< 1:1),Death Cross (Awal Bearish),Sentimen Positif 📰,Supply Banjir (Distribusi) 🌊,Dekat Support Fibo 23.6%,6,WAIT & SEE,TIDAK ADA,2026-08-19 16:40:03,Biasa / Mengikuti Pasar
16:40,MSIN,Token Mati (Perlu Update),Big Cap (Lapis 1),Overvalued (Mahal),20.833334,3.1034696,352.0,387,342,448,-4.864864864864865,48345300,Tembus MA20,27,Negatif,Downtrend,Bearish,Bullish MACD,Strong Downtrend (5<20<50),Normal,Distribusi (Turun),Normal,Seimbang / Adu Mekanik,Normal,Tinggi,Normal,Dekat Support (Low Risk),> 1 Miliar,Di Bawah VWAP (Lemah),Akumulasi Pro (Smart Money),Ritel Aktif (5M - 50M),Anomali Tinggi (150-300%),Mark-Down (Fase Runtuh),Solid (Jarang Dibanting),Normal,Turun 1 Hari Beruntun,TP: 376 | CL: 335,Open = High (Tekanan Jual),Sangat Menarik (> 1:3),Netral / Sideways,Netral / Sepi Berita,Normal / Sedang Transisi,Mendekati Fibo Bottom / 100%,2,WAIT & SEE,TIDAK ADA,2026-08-19 16:40:03,Biasa / Mengikuti Pasar
16:40,SWAT,Token Mati (Perlu Update),Small Cap (Lapis 3),Fair Value (Wajar),5.082592,2.2219136,16.0,16,16,16,0.0,0,Normal,0,Negatif,Downtrend,Bearish,Bearish MACD,Konsolidasi / Transisi,Normal,Netral,Normal,Tidak Ada Transaksi,Squeeze,Rendah,Doji (Ragu-ragu),Dekat Support (Low Risk),< 1 Miliar,Di Atas VWAP (Kuat),Netral,Gorengan Sepi (< 5M),Normal (50-150%),Sideways,Solid (Jarang Dibanting),Normal,Sideways / Stagnan,TP: 17 | CL: 15,Normal,Di Area Support,Oversold (Jenuh Jual - Peluang),Netral / Sepi Berita,Normal / Sedang Transisi,Normal / Sideways,0,WAIT & SEE,TIDAK ADA,2026-08-19 16:40:03,Biasa / Mengikuti Pasar
16:40,TNCA,Token Mati (Perlu Update),Small Cap (Lapis 3),Overvalued (Mahal),48.894424,1.5869967,156.0,160,135,197,-3.7037037037037033,4313300,Normal,49,Negatif,Downtrend,Bullish,Bearish MACD,Perfect Uptrend (5>20>50),Normal,Distribusi (Turun),Gap Up (+3.1%),Dominan Jual (Guyur),Normal,Tinggi,Normal,Rawan Pucuk (High Risk),< 1 Miliar,Di Bawah VWAP (Lemah),Distribusi Pro (Guyuran),Gorengan Sepi (< 5M),Anomali Tinggi (150-300%),Distribution (Fase Jualan),Spesialis Tiang Jemuran (Banting Pucuk),Normal,Turun 1 Hari Beruntun,TP: 168 | CL: 147,Normal,Ideal (1:2),Oversold (Jenuh Jual - Peluang),Netral / Sepi Berita,Normal / Sedang Transisi,Mengambang (Jauh dari Fibo),2,WAIT & SEE,TIDAK ADA,2026-08-19 16:40:03,Biasa / Mengikuti Pasar
16:40,MAPA,Token Mati (Perlu Update),Big Cap (Lapis 1),Fair Value (Wajar),9.563043,1.9363103,650.0,640,580,705,-3.7037037037037033,9483000,Normal,53,Negatif,Uptrend,Bullish,Bearish MACD,Perfect Uptrend (5>20>50),Normal,Akumulasi (Naik),Normal,Dominan Jual (Guyur),Normal,Tinggi,Normal,Rawan Pucuk (High Risk),> 1 Miliar,Persis di VWAP,Akumulasi Pro (Smart Money),Ritel Aktif (5M - 50M),Sepi (< 50%),Mark-Up (Fase Pesta),Solid (Jarang Dibanting),Normal,Turun 1 Hari Beruntun,TP: 697 | CL: 618,Open = High (Tekanan Jual),Tidak Ideal (< 1:1),Netral / Sideways,Sentimen Positif 📰,Normal / Sedang Transisi,Mendekati Fibo 38.2%,5,WAIT & SEE,TIDAK ADA,2026-08-19 16:40:03,Biasa / Mengikuti Pasar
16:40,TCPI,Token Mati (Perlu Update),Big Cap (Lapis 1),Overvalued (Mahal),99.888596,6.2587395,2690.0,4404,2610,5825,-12.091503267973856,6517600,Tembus MA20,15,Negatif,Downtrend,Bearish,Strong Bearish,Strong Downtrend (5<20<50),Distribusi Kuat,Distribusi (Turun),Gap Down (-2.3%),Dominan Jual (Guyur),Normal,Tinggi,Normal,Area Tengah,> 1 Miliar,Di Bawah VWAP (Lemah),Distribusi Pro (Guyuran),Ritel Aktif (5M - 50M),Anomali Tinggi (150-300%),Mark-Down (Fase Runtuh),Solid (Jarang Dibanting),Normal,Turun 2 Hari Beruntun,TP: 3267 | CL: 2305,Open = High (Tekanan Jual),Sangat Menarik (> 1:3),Oversold (Jenuh Jual - Peluang),Netral / Sepi Berita,Normal / Sedang Transisi,Mendekati Fibo Bottom / 100%,1,WAIT & SEE,TIDAK ADA,2026-08-19 16:40:03,🔥 ANOMALI BANDAR (Siap Ledakan)
16:40,IPCC,Token Mati (Perlu Update),Mid Cap (Lapis 2),Fair Value (Wajar),8.688257,1.6354288,1175.0,1167,1130,1250,0.0,136600,Normal,52,Negatif,Uptrend,Golden Cross,Bullish MACD,Perfect Uptrend (5>20>50),Normal,Akumulasi (Naik),Normal,Dominan Beli (Hajar Kanan),Normal,Sedang,Doji (Ragu-ragu),Area Tengah,< 1 Miliar,Persis di VWAP,Akumulasi Pro (Smart Money),Gorengan Sepi (< 5M),Sepi (< 50%),Mark-Up (Fase Pesta),Normal,Jarum Bawah (Sinyal Pantulan Kuat),Sideways / Stagnan,TP: 1204 | CL: 1155,Normal,Ideal (1:2),Death Cross (Awal Bearish),Sentimen Positif 📰,Normal / Sedang Transisi,Mendekati Fibo 38.2%,7,BELI,TIDAK ADA,2026-08-19 16:40:03,Biasa / Mengikuti Pasar
16:40,RISE,Token Mati (Perlu Update),Big Cap (Lapis 1),Overvalued (Mahal),84.249084,5.3264475,920.0,970,890,1140,-0.5405405405405406,373100,Normal,42,Negatif,Downtrend,Bearish,Strong Bearish,Strong Downtrend (5<20<50),Normal,Akumulasi (Naik),Normal,Dominan Jual (Guyur),Normal,Tinggi,Doji (Ragu-ragu),Area Tengah,< 1 Miliar,Persis di VWAP,Distribusi Pro (Guyuran),Gorengan Sepi (< 5M),Normal (50-150%),Mark-Down (Fase Runtuh),Spesialis Tiang Jemuran (Banting Pucuk),Normal,Turun 1 Hari Beruntun,TP: 997 | CL: 868,Normal,Sangat Menarik (> 1:3),Oversold (Jenuh Jual - Peluang),Sentimen Positif 📰,Normal / Sedang Transisi,Golden Rebound Fibo 78.6% 🎯,2,WAIT & SEE,TIDAK ADA,2026-08-19 16:40:03,Biasa / Mengikuti Pasar
16:40,BPTR,Token Mati (Perlu Update),Small Cap (Lapis 3),Undervalued (Murah),9.176528,0.42386827,77.0,75,72,81,0.0,1199700,Normal,59,Negatif,Uptrend,Bullish,Strong Bullish,Perfect Uptrend (5>20>50),Normal,Akumulasi (Naik),Normal,Seimbang / Adu Mekanik,Normal,Sedang,Normal,Area Tengah,< 1 Miliar,Persis di VWAP,Akumulasi Pro (Smart Money),Gorengan Sepi (< 5M),Sepi (< 50%),Mark-Up (Fase Pesta),Spesialis Tiang Jemuran (Banting Pucuk),Normal,Sideways / Stagnan,TP: 81 | CL: 73,Normal,Tidak Ideal (< 1:1),Netral / Sideways,Sentimen Negatif ⚠️,Normal / Sedang Transisi,Mendekati Fibo 61.8% (Golden Ratio),5,WAIT & SEE,TIDAK ADA,2026-08-19 16:40:03,Biasa / Mengikuti Pasar
16:40,POLL,Token Mati (Perlu Update),Small Cap (Lapis 3),Overvalued (Mahal),85.496185,0.57678145,112.0,112,112,112,0.0,0,Normal,0,Negatif,Downtrend,Bearish,Bearish MACD,Konsolidasi / Transisi,Normal,Netral,Normal,Tidak Ada Transaksi,Squeeze,Rendah,Doji (Ragu-ragu),Dekat Support (Low Risk),< 1 Miliar,Di Atas VWAP (Kuat),Netral,Gorengan Sepi (< 5M),Normal (50-150%),Sideways,Solid (Jarang Dibanting),Normal,Sideways / Stagnan,TP: 113 | CL: 111,Normal,Di Area Support,Oversold (Jenuh Jual - Peluang),Netral / Sepi Berita,Normal / Sedang Transisi,Normal / Sideways,0,WAIT & SEE,TIDAK ADA,2026-08-19 16:40:03,Biasa / Mengikuti Pasar
16:40,NFCX,Token Mati (Perlu Update),Mid Cap (Lapis 2),Overvalued (Mahal),0.0,3.6355364,1550.0,1551,1475,1880,0.0,15800,Normal,48,Negatif,Downtrend,Bullish,Bullish MACD,Awal Reversal (5>20),Normal,Akumulasi (Naik),Normal,Seimbang / Adu Mekanik,Normal,Sedang,Doji (Ragu-ragu),Area Tengah,< 1 Miliar,Persis di VWAP,Distribusi Pro (Guyuran),Gorengan Sepi (< 5M),Sepi (< 50%),Mark-Down (Fase Runtuh),Spesialis Tiang Jemuran (Banting Pucuk),Normal,Sideways / Stagnan,TP: 1665 | CL: 1472,Normal,Sangat Menarik (> 1:3),Netral / Sideways,Sentimen Positif 📰,Supply Kering (Siap Pump) 🏜️,Golden Rebound Fibo 78.6% 🎯,4,WAIT & SEE,TIDAK ADA,2026-08-19 16:40:03,Biasa / Mengikuti Pasar
16:40,MGRO,Token Mati (Perlu Update),Mid Cap (Lapis 2),Overvalued (Mahal),0.0,7.4907203,670.0,674,640,710,0.0,4143200,Normal,49,Negatif,Downtrend,Bearish,Strong Bearish,Strong Downtrend (5<20<50),Normal,Akumulasi (Naik),Normal,Seimbang / Adu Mekanik,Squeeze,Rendah,Doji (Ragu-ragu),Area Tengah,> 1 Miliar,Persis di VWAP,Akumulasi Pro (Smart Money),Gorengan Sepi (< 5M),Normal (50-150%),Mark-Down (Fase Runtuh),Normal,Normal,Sideways / Stagnan,TP: 704 | CL: 646,Normal,Menengah (1:1),Golden Cross (Awal Bullish),Netral / Sepi Berita,Normal / Sedang Transisi,Dekat Support Fibo 50.0%,1,WAIT & SEE,TIDAK ADA,2026-08-19 16:40:03,Biasa / Mengikuti Pasar
16:40,FILM,Token Mati (Perlu Update),Mid Cap (Lapis 2),Fair Value (Wajar),0.0,2.8142228,810.0,1019,790,1345,-2.9940119760479043,24911300,Tembus MA20,26,Negatif,Downtrend,Bearish,Bullish MACD,Strong Downtrend (5<20<50),Normal,Distribusi (Turun),Gap Down (-4.2%),Seimbang / Adu Mekanik,Normal,Tinggi,Normal,Dekat Support (Low Risk),> 1 Miliar,Di Bawah VWAP (Lemah),Distribusi Pro (Guyuran),Ritel Aktif (5M - 50M),Normal (50-150%),Mark-Down (Fase Runtuh),Spesialis Tiang Jemuran (Banting Pucuk),Normal,Turun 4 Hari Beruntun,TP: 925 | CL: 732,Normal,Sangat Menarik (> 1:3),Oversold (Jenuh Jual - Peluang),Netral / Sepi Berita,Normal / Sedang Transisi,Mendekati Fibo Bottom / 100%,2,WAIT & SEE,TIDAK ADA,2026-08-19 16:40:03,Biasa / Mengikuti Pasar
16:40,ANDI,Token Mati (Perlu Update),Small Cap (Lapis 3),Fair Value (Wajar),0.0,1.5166385,17.0,17,16,19,0.0,2276900,Normal,40,Negatif,Downtrend,Death Cross,Strong Bearish,Konsolidasi / Transisi,Normal,Distribusi (Turun),Normal,Tidak Ada Transaksi,Normal,Tinggi,Doji (Ragu-ragu),Area Tengah,< 1 Miliar,Di Bawah VWAP (Lemah),Distribusi Pro (Guyuran),Gorengan Sepi (< 5M),Sepi (< 50%),Distribution (Fase Jualan),Normal,Normal,Sideways / Stagnan,TP: 17 | CL: 16,Normal,Ideal (1:2),Netral / Sideways,Netral / Sepi Berita,Normal / Sedang Transisi,Mengambang (Jauh dari Fibo),0,WAIT & SEE,TIDAK ADA,2026-08-19 16:40:03,Biasa / Mengikuti Pasar
16:40,LAND,Token Mati (Perlu Update),Small Cap (Lapis 3),Overvalued (Mahal),128.81357,0.46223366,77.0,76,68,90,1.3157894736842104,16094200,Normal,54,Positif,Uptrend,Bearish,Bearish MACD,Konsolidasi / Transisi,Normal,Akumulasi (Naik),Normal,Seimbang / Adu Mekanik,Normal,Tinggi,Normal,Rawan Pucuk (High Risk),> 1 Miliar,Persis di VWAP,Distribusi Pro (Guyuran),Gorengan Sepi (< 5M),Sepi (< 50%),Mark-Up (Fase Pesta),Spesialis Tiang Jemuran (Banting Pucuk),Normal,Naik 2 Hari Beruntun,TP: 86 | CL: 70,Normal,Menengah (1:1),Netral / Sideways,Netral / Sepi Berita,Normal / Sedang Transisi,Mendekati Fibo 38.2%,4,WAIT & SEE,TIDAK ADA,2026-08-19 16:40:03,Biasa / Mengikuti Pasar
16:40,MOLI,Token Mati (Perlu Update),Small Cap (Lapis 3),Undervalued (Murah),6.3259225,0.5873428,276.0,264,242,288,-2.127659574468085,3013400,Normal,61,Negatif,Uptrend,Bullish,Strong Bullish,Perfect Uptrend (5>20>50),Normal,Akumulasi (Naik),Normal,Dominan Jual (Guyur),Normal,Tinggi,Normal,Rawan Pucuk (High Risk),< 1 Miliar,Persis di VWAP,Distribusi Pro (Guyuran),Gorengan Sepi (< 5M),Normal (50-150%),Mark-Up (Fase Pesta),Spesialis Tiang Jemuran (Banting Pucuk),Normal,Turun 1 Hari Beruntun,TP: 296 | CL: 262,Open = High (Tekanan Jual),Tidak Ideal (< 1:1),Death Cross (Awal Bearish),Netral / Sepi Berita,Normal / Sedang Transisi,Mendekati Fibo 23.6%,5,WAIT & SEE,TIDAK ADA,2026-08-19 16:40:03,Biasa / Mengikuti Pasar
16:40,PANI,Token Mati (Perlu Update),Big Cap (Lapis 1),Overvalued (Mahal),42.37882,3.7775857,6025.0,6178,5800,6875,-0.823045267489712,6270000,Tembus MA20,44,Negatif,Downtrend,Bearish,Strong Bearish,Strong Downtrend (5<20<50),Normal,Akumulasi (Naik),Normal,Dominan Jual (Guyur),Normal,Sedang,Normal,Area Tengah,> 1 Miliar,Persis di VWAP,Distribusi Pro (Guyuran),Ritel Aktif (5M - 50M),Normal (50-150%),Mark-Down (Fase Runtuh),Spesialis Tiang Jemuran (Banting Pucuk),Normal,Turun 1 Hari Beruntun,TP: 6383 | CL: 5785,Normal,Sangat Menarik (> 1:3),Oversold (Jenuh Jual - Peluang),Sentimen Positif 📰,Normal / Sedang Transisi,Golden Rebound Fibo 78.6% 🎯,3,WAIT & SEE,TIDAK ADA,2026-08-19 16:40:03,Biasa / Mengikuti Pasar
16:40,DIGI,Token Mati (Perlu Update),Small Cap (Lapis 3),Fair Value (Wajar),0.0,-7.80409,29.0,29,29,29,0.0,0,Normal,44,Negatif,Downtrend,Bearish,Bullish MACD,Konsolidasi / Transisi,Normal,Netral,Normal,Tidak Ada Transaksi,Squeeze,Rendah,Doji (Ragu-ragu),Dekat Support (Low Risk),< 1 Miliar,Di Atas VWAP (Kuat),Netral,Gorengan Sepi (< 5M),Normal (50-150%),Sideways,Solid (Jarang Dibanting),Normal,Sideways / Stagnan,TP: 30 | CL: 28,Normal,Di Area Support,Oversold (Jenuh Jual - Peluang),Netral / Sepi Berita,Normal / Sedang Transisi,Golden Rebound Fibo 78.6% 🎯,1,WAIT & SEE,TIDAK ADA,2026-08-19 16:40:03,Biasa / Mengikuti Pasar
16:40,CITY,Token Mati (Perlu Update),Small Cap (Lapis 3),Overvalued (Mahal),40.50926,1.0530496,175.0,172,163,195,0.0,1019000,Normal,55,Negatif,Uptrend,Bullish,Bearish MACD,Perfect Uptrend (5>20>50),Normal,Distribusi (Turun),Normal,Dominan Jual (Guyur),Normal,Sedang,Doji (Ragu-ragu),Area Tengah,< 1 Miliar,Di Bawah VWAP (Lemah),Distribusi Pro (Guyuran),Gorengan Sepi (< 5M),Sepi (< 50%),Mark-Up (Fase Pesta),Spesialis Tiang Jemuran (Banting Pucuk),Normal,Sideways / Stagnan,TP: 188 | CL: 165,Normal,Ideal (1:2),Golden Cross (Awal Bullish),Sentimen Negatif ⚠️,Normal / Sedang Transisi,Mengambang (Jauh dari Fibo),3,WAIT & SEE,TIDAK ADA,2026-08-19 16:40:03,Biasa / Mengikuti Pasar
16:40,SAPX,Token Mati (Perlu Update),Small Cap (Lapis 3),Overvalued (Mahal),91.70306,0.8336244,212.0,214,202,252,0.0,189800,Normal,47,Negatif,Downtrend,Bearish,Strong Bearish,Konsolidasi / Transisi,Normal,Distribusi (Turun),Normal,Dominan Beli (Hajar Kanan),Squeeze,Rendah,Doji (Ragu-ragu),Area Tengah,< 1 Miliar,Persis di VWAP,Akumulasi Pro (Smart Money),Gorengan Sepi (< 5M),Normal (50-150%),Distribution (Fase Jualan),Spesialis Tiang Jemuran (Banting Pucuk),Jarum Bawah (Sinyal Pantulan Kuat),Sideways / Stagnan,TP: 226 | CL: 202,Normal,Sangat Menarik (> 1:3),Golden Cross (Awal Bullish),Sentimen Negatif ⚠️,Supply Kering (Siap Pump) 🏜️,Golden Rebound Fibo 61.8% (Golden Ratio) 🎯,1,WAIT & SEE,TIDAK ADA,2026-08-19 16:40:03,Biasa / Mengikuti Pasar
16:40,SURE,Token Mati (Perlu Update),Mid Cap (Lapis 2),Overvalued (Mahal),1666.6666,-13.091607,2700.0,2733,2620,2920,0.0,100,Normal,45,Negatif,Downtrend,Bearish,Strong Bearish,Strong Downtrend (5<20<50),Normal,Akumulasi (Naik),Normal,Tidak Ada Transaksi,Squeeze,Rendah,Doji (Ragu-ragu),Area Tengah,< 1 Miliar,Persis di VWAP,Distribusi Pro (Guyuran),Gorengan Sepi (< 5M),Sepi (< 50%),Mark-Down (Fase Runtuh),Spesialis Tiang Jemuran (Banting Pucuk),Normal,Sideways / Stagnan,TP: 2783 | CL: 2644,Normal,Ideal (1:2),Golden Cross (Awal Bullish),Sentimen Positif 📰,Normal / Sedang Transisi,Mendekati Fibo 78.6%,2,WAIT & SEE,TIDAK ADA,2026-08-19 16:40:03,Biasa / Mengikuti Pasar
16:40,MPRO,Token Mati (Perlu Update),Big Cap (Lapis 1),Overvalued (Mahal),0.0,167.65833,13300.0,12330,9050,17275,0.5671077504725899,4800,Normal,60,Positif,Uptrend,Bullish,Strong Bullish,Perfect Uptrend (5>20>50),Normal,Distribusi (Turun),Normal,Seimbang / Adu Mekanik,Normal,Tinggi,Normal,Rawan Pucuk (High Risk),< 1 Miliar,Di Atas VWAP (Kuat),Akumulasi Pro (Smart Money),Gorengan Sepi (< 5M),Normal (50-150%),Mark-Up (Fase Pesta),Normal,Jarum Bawah (Sinyal Pantulan Kuat),Naik 1 Hari Beruntun,TP: 15231 | CL: 12012,Normal,Tidak Ideal (< 1:1),Netral / Sideways,Sentimen Negatif ⚠️,Normal / Sedang Transisi,Golden Rebound Fibo 38.2% 🎯,5,WAIT & SEE,TIDAK ADA,2026-08-19 16:40:03,Biasa / Mengikuti Pasar
16:40,GOOD,Token Mati (Perlu Update),Big Cap (Lapis 1),Fair Value (Wajar),16.0,2.8703344,304.0,299,286,310,0.0,220900,Normal,52,Negatif,Uptrend,Bullish,Bullish MACD,Awal Reversal (5>20),Normal,Akumulasi (Naik),Normal,Seimbang / Adu Mekanik,Normal,Sedang,Normal,Area Tengah,< 1 Miliar,Persis di VWAP,Akumulasi Pro (Smart Money),Gorengan Sepi (< 5M),Normal (50-150%),Accumulation (Kumpul Barang),Spesialis Tiang Jemuran (Banting Pucuk),Normal,Sideways / Stagnan,TP: 315 | CL: 296,Normal,Tidak Ideal (< 1:1),Death Cross (Awal Bearish),Sentimen Positif 📰,Normal / Sedang Transisi,Dekat Support Fibo 78.6%,6,WAIT & SEE,TIDAK ADA,2026-08-19 16:40:03,Biasa / Mengikuti Pasar
16:40,SKRN,Token Mati (Perlu Update),Mid Cap (Lapis 2),Overvalued (Mahal),15.347913,4.4961095,386.0,403,378,438,0.5208333333333333,64300,Normal,45,Positif,Downtrend,Bearish,Bearish MACD,Konsolidasi / Transisi,Normal,Distribusi (Turun),Normal,Seimbang / Adu Mekanik,Bottom Rebound,Sedang,Normal,Dekat Support (Low Risk),< 1 Miliar,Di Bawah VWAP (Lemah),Distribusi Pro (Guyuran),Gorengan Sepi (< 5M),Sepi (< 50%),Distribution (Fase Jualan),Normal,Normal,Naik 1 Hari Beruntun,TP: 415 | CL: 366,Normal,Sangat Menarik (> 1:3),Oversold (Jenuh Jual - Peluang),Netral / Sepi Berita,Normal / Sedang Transisi,Mendekati Fibo 50.0%,1,WAIT & SEE,TIDAK ADA,2026-08-19 16:40:03,Biasa / Mengikuti Pasar
16:40,YELO,Token Mati (Perlu Update),Small Cap (Lapis 3),Undervalued (Murah),5.578462,0.66205627,93.0,86,75,102,-5.1020408163265305,142266000,Tembus MA20,59,Negatif,Uptrend,Bullish,Strong Bullish,Perfect Uptrend (5>20>50),Normal,Akumulasi (Naik),Normal,Dominan Jual (Guyur),Normal,Tinggi,Normal,Rawan Pucuk (High Risk),> 1 Miliar,Di Bawah VWAP (Lemah),Akumulasi Pro (Smart Money),Ritel Aktif (5M - 50M),Normal (50-150%),Mark-Up (Fase Pesta),Normal,Normal,Turun 1 Hari Beruntun,TP: 104 | CL: 85,Normal,Tidak Ideal (< 1:1),Death Cross (Awal Bearish),Sentimen Positif 📰,Normal / Sedang Transisi,Mendekati Fibo 23.6%,7,BELI,TIDAK ADA,2026-08-19 16:40:03,Biasa / Mengikuti Pasar
16:40,CAKK,Token Mati (Perlu Update),Small Cap (Lapis 3),Undervalued (Murah),11.758819,1.2640638,141.0,138,127,158,-0.7042253521126761,359200,Normal,53,Negatif,Uptrend,Bullish,Strong Bullish,Perfect Uptrend (5>20>50),Normal,Distribusi (Turun),Normal,Seimbang / Adu Mekanik,Normal,Sedang,Normal,Rawan Pucuk (High Risk),< 1 Miliar,Di Bawah VWAP (Lemah),Distribusi Pro (Guyuran),Gorengan Sepi (< 5M),Normal (50-150%),Mark-Up (Fase Pesta),Spesialis Tiang Jemuran (Banting Pucuk),Normal,Turun 2 Hari Beruntun,TP: 152 | CL: 133,Normal,Menengah (1:1),Netral / Sideways,Sentimen Positif 📰,Normal / Sedang Transisi,Mendekati Fibo 61.8% (Golden Ratio),5,WAIT & SEE,TIDAK ADA,2026-08-19 16:40:03,Biasa / Mengikuti Pasar
16:40,SATU,Token Mati (Perlu Update),Small Cap (Lapis 3),Overvalued (Mahal),0.0,8.30114,260.0,262,256,274,0.7751937984496124,67100,Normal,40,Positif,Downtrend,Bearish,Strong Bearish,Strong Downtrend (5<20<50),Normal,Akumulasi (Naik),Normal,Dominan Beli (Hajar Kanan),Squeeze,Rendah,Marubozu (Strong Bullish),Dekat Support (Low Risk),< 1 Miliar,Persis di VWAP,Akumulasi Pro (Smart Money),Gorengan Sepi (< 5M),Normal (50-150%),Mark-Down (Fase Runtuh),Normal,Normal,Naik 1 Hari Beruntun,TP: 264 | CL: 256,Open = Low (Bullish Kuat),Sangat Menarik (> 1:3),Netral / Sideways,Netral / Sepi Berita,Normal / Sedang Transisi,Dekat Support Fibo 78.6%,3,WAIT & SEE,TIDAK ADA,2026-08-19 16:40:03,Biasa / Mengikuti Pasar
16:40,SOSS,Token Mati (Perlu Update),Small Cap (Lapis 3),Overvalued (Mahal),18.991205,4.9797254,840.0,879,785,975,0.0,0,Normal,43,Negatif,Downtrend,Bearish,Strong Bearish,Konsolidasi / Transisi,Normal,Distribusi (Turun),Normal,Tidak Ada Transaksi,Normal,Tinggi,Doji (Ragu-ragu),Area Tengah,< 1 Miliar,Persis di VWAP,Akumulasi Pro (Smart Money),Gorengan Sepi (< 5M),Sepi (< 50%),Distribution (Fase Jualan),Solid (Jarang Dibanting),Normal,Sideways / Stagnan,TP: 855 | CL: 830,Normal,Ideal (1:2),Netral / Sideways,Netral / Sepi Berita,Normal / Sedang Transisi,Mendekati Fibo 61.8% (Golden Ratio),0,WAIT & SEE,TIDAK ADA,2026-08-19 16:40:03,Biasa / Mengikuti Pasar
16:40,DEAL,Token Mati (Perlu Update),Small Cap (Lapis 3),Fair Value (Wajar),0.0,-0.12075836,6.0,6,6,6,0.0,0,Normal,0,Negatif,Downtrend,Bearish,Bearish MACD,Konsolidasi / Transisi,Normal,Netral,Normal,Tidak Ada Transaksi,Squeeze,Rendah,Doji (Ragu-ragu),Dekat Support (Low Risk),< 1 Miliar,Di Atas VWAP (Kuat),Netral,Gorengan Sepi (< 5M),Normal (50-150%),Sideways,Solid (Jarang Dibanting),Normal,Sideways / Stagnan,TP: 7 | CL: 5,Normal,Di Area Support,Oversold (Jenuh Jual - Peluang),Netral / Sepi Berita,Normal / Sedang Transisi,Normal / Sideways,0,WAIT & SEE,TIDAK ADA,2026-08-19 16:40:03,Biasa / Mengikuti Pasar
16:40,POLA,Token Mati (Perlu Update),Small Cap (Lapis 3),Overvalued (Mahal),33.333336,0.84031093,56.0,58,54,63,-1.7543859649122806,12573600,Tembus MA20,43,Negatif,Downtrend,Bearish,Strong Bearish,Konsolidasi / Transisi,Normal,Distribusi (Turun),Normal,Seimbang / Adu Mekanik,Normal,Sedang,Normal,Area Tengah,< 1 Miliar,Di Bawah VWAP (Lemah),Distribusi Pro (Guyuran),Gorengan Sepi (< 5M),Anomali Tinggi (150-300%),Distribution (Fase Jualan),Normal,Normal,Turun 1 Hari Beruntun,TP: 60 | CL: 53,Normal,Sangat Menarik (> 1:3),Netral / Sideways,Netral / Sepi Berita,Normal / Sedang Transisi,Dekat Support Fibo 78.6%,1,WAIT & SEE,TIDAK ADA,2026-08-19 16:40:03,Biasa / Mengikuti Pasar
16:40,DIVA,Token Mati (Perlu Update),Small Cap (Lapis 3),Fair Value (Wajar),0.0,0.31966847,137.0,131,110,152,0.7352941176470588,5255000,Normal,60,Positif,Uptrend,Bullish,Bearish MACD,Perfect Uptrend (5>20>50),Normal,Akumulasi (Naik),Normal,Dominan Beli (Hajar Kanan),Normal,Tinggi,Normal,Rawan Pucuk (High Risk),< 1 Miliar,Persis di VWAP,Akumulasi Pro (Smart Money),Gorengan Sepi (< 5M),Normal (50-150%),Mark-Up (Fase Pesta),Spesialis Tiang Jemuran (Banting Pucuk),Normal,Naik 2 Hari Beruntun,TP: 150 | CL: 128,Normal,Tidak Ideal (< 1:1),Netral / Sideways,Netral / Sepi Berita,Normal / Sedang Transisi,Dekat Support Fibo 50.0%,6,WAIT & SEE,TIDAK ADA,2026-08-19 16:40:03,Biasa / Mengikuti Pasar
16:40,LUCK,Token Mati (Perlu Update),Small Cap (Lapis 3),Fair Value (Wajar),0.0,0.6934646,115.0,113,99,133,-1.7094017094017095,1450200,Normal,58,Negatif,Uptrend,Bullish,Bearish MACD,Perfect Uptrend (5>20>50),Normal,Akumulasi (Naik),Normal,Dominan Beli (Hajar Kanan),Normal,Sedang,Hammer (Potensi Reversal),Rawan Pucuk (High Risk),< 1 Miliar,Persis di VWAP,Akumulasi Pro (Smart Money),Gorengan Sepi (< 5M),Sepi (< 50%),Mark-Up (Fase Pesta),Spesialis Tiang Jemuran (Banting Pucuk),Jarum Bawah (Sinyal Pantulan Kuat),Turun 1 Hari Beruntun,TP: 123 | CL: 109,Open = High (Tekanan Jual),Menengah (1:1),Death Cross (Awal Bearish),Sentimen Positif 📰,Supply Kering (Siap Pump) 🏜️,Mendekati Fibo 50.0%,6,WAIT & SEE,TIDAK ADA,2026-08-19 16:40:03,Biasa / Mengikuti Pasar
16:40,URBN,Token Mati (Perlu Update),Small Cap (Lapis 3),Fair Value (Wajar),0.0,0.75990313,210.0,213,202,236,0.0,29200,Normal,47,Negatif,Downtrend,Bearish,Strong Bearish,Konsolidasi / Transisi,Normal,Distribusi (Turun),Normal,Tidak Ada Transaksi,Normal,Sedang,Doji (Ragu-ragu),Area Tengah,< 1 Miliar,Persis di VWAP,Distribusi Pro (Guyuran),Gorengan Sepi (< 5M),Sepi (< 50%),Distribution (Fase Jualan),Normal,Normal,Sideways / Stagnan,TP: 215 | CL: 206,Normal,Sangat Menarik (> 1:3),Netral / Sideways,Sentimen Positif 📰,Normal / Sedang Transisi,Dekat Support Fibo 38.2%,1,WAIT & SEE,TIDAK ADA,2026-08-19 16:40:03,Biasa / Mengikuti Pasar
16:40,SOTS,Token Mati (Perlu Update),Small Cap (Lapis 3),Overvalued (Mahal),0.0,3.8222704,650.0,622,575,740,-2.2556390977443606,91200,Normal,56,Negatif,Uptrend,Bullish,Strong Bullish,Perfect Uptrend (5>20>50),Normal,Akumulasi (Naik),Gap Up (+3.8%),Dominan Jual (Guyur),Normal,Tinggi,Normal,Rawan Pucuk (High Risk),< 1 Miliar,Di Bawah VWAP (Lemah),Akumulasi Pro (Smart Money),Gorengan Sepi (< 5M),Sepi (< 50%),Mark-Up (Fase Pesta),Spesialis Tiang Jemuran (Banting Pucuk),Normal,Turun 1 Hari Beruntun,TP: 721 | CL: 602,Open = High (Tekanan Jual),Menengah (1:1),Netral / Sideways,Netral / Sepi Berita,Normal / Sedang Transisi,Mengambang (Jauh dari Fibo),6,WAIT & SEE,TIDAK ADA,2026-08-19 16:40:03,Biasa / Mengikuti Pasar
16:40,ZONE,Token Mati (Perlu Update),Small Cap (Lapis 3),Fair Value (Wajar),12.493134,1.5296823,705.0,698,450,950,-2.7586206896551726,96300,Normal,55,Negatif,Uptrend,Bullish,Bearish MACD,Perfect Uptrend (5>20>50),Normal,Distribusi (Turun),Gap Down (-5.5%),Seimbang / Adu Mekanik,Normal,Tinggi,Normal,Rawan Pucuk (High Risk),< 1 Miliar,Di Bawah VWAP (Lemah),Distribusi Pro (Guyuran),Gorengan Sepi (< 5M),Sepi (< 50%),Mark-Up (Fase Pesta),Normal,Normal,Turun 1 Hari Beruntun,TP: 799 | CL: 641,Open = Low (Bullish Kuat),Tidak Ideal (< 1:1),Oversold (Jenuh Jual - Peluang),Netral / Sepi Berita,Normal / Sedang Transisi,Mengambang (Jauh dari Fibo),3,WAIT & SEE,TIDAK ADA,2026-08-19 16:40:03,Biasa / Mengikuti Pasar
16:40,PEHA,Token Mati (Perlu Update),Small Cap (Lapis 3),Undervalued (Murah),6.7619047,0.5733899,284.0,265,250,330,1.4285714285714286,2012100,Tembus MA20,60,Positif,Uptrend,Bullish,Strong Bullish,Perfect Uptrend (5>20>50),Distribusi Kuat,Akumulasi (Naik),Gap Up (+3.6%),Seimbang / Adu Mekanik,Normal,Tinggi,Normal,Rawan Pucuk (High Risk),< 1 Miliar,Di Bawah VWAP (Lemah),Distribusi Pro (Guyuran),Gorengan Sepi (< 5M),Normal (50-150%),Mark-Up (Fase Pesta),Spesialis Tiang Jemuran (Banting Pucuk),Normal,Naik 1 Hari Beruntun,TP: 311 | CL: 266,Normal,Menengah (1:1),Netral / Sideways,Sentimen Positif 📰,Supply Banjir (Distribusi) 🌊,Dekat Support Fibo 38.2%,9,BELI,TIDAK ADA,2026-08-19 16:40:03,Biasa / Mengikuti Pasar
16:40,FOOD,Token Mati (Perlu Update),Small Cap (Lapis 3),Fair Value (Wajar),0.0,-4.55994,176.0,176,176,176,0.0,0,Normal,52,Negatif,Downtrend,Bearish,Bearish MACD,Konsolidasi / Transisi,Normal,Netral,Normal,Tidak Ada Transaksi,Squeeze,Rendah,Doji (Ragu-ragu),Dekat Support (Low Risk),< 1 Miliar,Di Atas VWAP (Kuat),Netral,Gorengan Sepi (< 5M),Normal (50-150%),Sideways,Solid (Jarang Dibanting),Normal,Sideways / Stagnan,TP: 177 | CL: 175,Normal,Di Area Support,Oversold (Jenuh Jual - Peluang),Netral / Sepi Berita,Normal / Sedang Transisi,Golden Rebound Fibo 23.6% 🎯,1,WAIT & SEE,TIDAK ADA,2026-08-19 16:40:03,Biasa / Mengikuti Pasar
16:40,BEEF,Token Mati (Perlu Update),Mid Cap (Lapis 2),Overvalued (Mahal),49.73877,10.214373,476.0,393,272,488,14.975845410628018,65644300,Tembus MA20,83,Positif,Uptrend,Bullish,Bearish MACD,Perfect Uptrend (5>20>50),Akumulasi Kuat,Akumulasi (Naik),Normal,Dominan Beli (Hajar Kanan),Normal,Tinggi,Normal,Rawan Pucuk (High Risk),> 1 Miliar,Di Atas VWAP (Kuat),Akumulasi Pro (Smart Money),Ritel Aktif (5M - 50M),Ledakan Ekstrem (> 300%),Mark-Up (Fase Pesta),Spesialis Tiang Jemuran (Banting Pucuk),Normal,Naik 1 Hari Beruntun,TP: 522 | CL: 444,Normal,Tidak Ideal (< 1:1),Netral / Sideways,Netral / Sepi Berita,Normal / Sedang Transisi,Mengambang (Jauh dari Fibo),8,BELI,TIDAK ADA,2026-08-19 16:40:03,⚠️ Anomali (Sudah Terbang)
16:40,POLI,Token Mati (Perlu Update),Mid Cap (Lapis 2),Fair Value (Wajar),23.171833,0.72298837,775.0,738,670,810,-0.641025641025641,13700,Normal,57,Negatif,Uptrend,Bullish,Strong Bullish,Awal Reversal (5>20),Normal,Distribusi (Turun),Gap Down (-2.6%),Dominan Beli (Hajar Kanan),Normal,Sedang,Normal,Rawan Pucuk (High Risk),< 1 Miliar,Di Atas VWAP (Kuat),Akumulasi Pro (Smart Money),Gorengan Sepi (< 5M),Normal (50-150%),Accumulation (Kumpul Barang),Normal,Normal,Turun 2 Hari Beruntun,TP: 845 | CL: 728,Normal,Tidak Ideal (< 1:1),Death Cross (Awal Bearish),Netral / Sepi Berita,Normal / Sedang Transisi,Mengambang (Jauh dari Fibo),5,WAIT & SEE,TIDAK ADA,2026-08-19 16:40:03,Biasa / Mengikuti Pasar
16:40,CLAY,Token Mati (Perlu Update),Mid Cap (Lapis 2),Overvalued (Mahal),270.21695,246.55809,2730.0,2597,2210,2930,-0.36496350364963503,11600,Normal,58,Negatif,Uptrend,Bullish,Strong Bullish,Awal Reversal (5>20),Normal,Akumulasi (Naik),Gap Down (-2.9%),Dominan Beli (Hajar Kanan),Normal,Tinggi,Marubozu (Strong Bullish),Rawan Pucuk (High Risk),< 1 Miliar,Persis di VWAP,Akumulasi Pro (Smart Money),Gorengan Sepi (< 5M),Sepi (< 50%),Accumulation (Kumpul Barang),Normal,Normal,Turun 2 Hari Beruntun,TP: 2962 | CL: 2575,Open = Low (Bullish Kuat),Tidak Ideal (< 1:1),Death Cross (Awal Bearish),Netral / Sepi Berita,Normal / Sedang Transisi,Mendekati Fibo 38.2%,6,WAIT & SEE,TIDAK ADA,2026-08-19 16:40:03,Biasa / Mengikuti Pasar
16:40,NATO,Token Mati (Perlu Update),Mid Cap (Lapis 2),Fair Value (Wajar),0.0,2.4656434,645.0,655,610,700,-0.7692307692307693,165100,Tembus MA20,52,Negatif,Downtrend,Bearish,Bearish MACD,Konsolidasi / Transisi,Normal,Distribusi (Turun),Normal,Seimbang / Adu Mekanik,Squeeze,Rendah,Normal,Area Tengah,< 1 Miliar,Persis di VWAP,Akumulasi Pro (Smart Money),Gorengan Sepi (< 5M),Normal (50-150%),Distribution (Fase Jualan),Spesialis Tiang Jemuran (Banting Pucuk),Jarum Bawah (Sinyal Pantulan Kuat),Turun 1 Hari Beruntun,TP: 699 | CL: 608,Normal,Ideal (1:2),Netral / Sideways,Sentimen Negatif ⚠️,Normal / Sedang Transisi,Mendekati Fibo 38.2%,2,WAIT & SEE,TIDAK ADA,2026-08-19 16:40:03,Biasa / Mengikuti Pasar
16:40,JAYA,Token Mati (Perlu Update),Small Cap (Lapis 3),Undervalued (Murah),10.067618,0.80758405,134.0,131,122,143,0.0,706800,Normal,62,Negatif,Uptrend,Bullish,Bearish MACD,Perfect Uptrend (5>20>50),Normal,Akumulasi (Naik),Normal,Dominan Beli (Hajar Kanan),Normal,Sedang,Doji (Ragu-ragu),Area Tengah,< 1 Miliar,Di Bawah VWAP (Lemah),Distribusi Pro (Guyuran),Gorengan Sepi (< 5M),Sepi (< 50%),Mark-Up (Fase Pesta),Spesialis Tiang Jemuran (Banting Pucuk),Jarum Bawah (Sinyal Pantulan Kuat),Sideways / Stagnan,TP: 140 | CL: 129,Normal,Tidak Ideal (< 1:1),Netral / Sideways,Netral / Sepi Berita,Normal / Sedang Transisi,Golden Rebound Fibo 23.6% 🎯,5,WAIT & SEE,TIDAK ADA,2026-08-19 16:40:03,Biasa / Mengikuti Pasar
16:40,COCO,Token Mati (Perlu Update),Mid Cap (Lapis 2),Overvalued (Mahal),13.608247,4.2860856,99.0,109,96,155,-1.0,156502400,Normal,37,Negatif,Downtrend,Bearish,Bullish MACD,Strong Downtrend (5<20<50),Normal,Distribusi (Turun),Normal,Dominan Beli (Hajar Kanan),Normal,Tinggi,Hammer (Potensi Reversal),Area Tengah,> 1 Miliar,Di Bawah VWAP (Lemah),Distribusi Pro (Guyuran),Ritel Aktif (5M - 50M),Normal (50-150%),Mark-Down (Fase Runtuh),Normal,Jarum Bawah (Sinyal Pantulan Kuat),Turun 2 Hari Beruntun,TP: 108 | CL: 93,Open = High (Tekanan Jual),Sangat Menarik (> 1:3),Oversold (Jenuh Jual - Peluang),Sentimen Positif 📰,Normal / Sedang Transisi,Mengambang (Jauh dari Fibo),3,WAIT & SEE,TIDAK ADA,2026-08-19 16:40:03,Biasa / Mengikuti Pasar
16:40,MTPS,Token Mati (Perlu Update),Small Cap (Lapis 3),Overvalued (Mahal),0.0,4.481576,81.0,81,81,81,0.0,0,Normal,0,Negatif,Downtrend,Bearish,Bearish MACD,Konsolidasi / Transisi,Normal,Netral,Normal,Tidak Ada Transaksi,Squeeze,Rendah,Doji (Ragu-ragu),Dekat Support (Low Risk),< 1 Miliar,Di Atas VWAP (Kuat),Netral,Gorengan Sepi (< 5M),Normal (50-150%),Sideways,Solid (Jarang Dibanting),Normal,Sideways / Stagnan,TP: 82 | CL: 80,Normal,Di Area Support,Oversold (Jenuh Jual - Peluang),Netral / Sepi Berita,Normal / Sedang Transisi,Normal / Sideways,0,WAIT & SEE,TIDAK ADA,2026-08-19 16:40:03,Biasa / Mengikuti Pasar
16:40,HRME,Token Mati (Perlu Update),Small Cap (Lapis 3),Fair Value (Wajar),0.0,0.47368777,42.0,42,40,48,-4.545454545454546,1644600,Tembus MA20,47,Negatif,Downtrend,Bearish,Bullish MACD,Strong Downtrend (5<20<50),Normal,Akumulasi (Naik),Normal,Dominan Jual (Guyur),Normal,Sedang,Normal,Area Tengah,< 1 Miliar,Di Bawah VWAP (Lemah),Distribusi Pro (Guyuran),Gorengan Sepi (< 5M),Normal (50-150%),Mark-Down (Fase Runtuh),Normal,Normal,Turun 1 Hari Beruntun,TP: 43 | CL: 40,Open = High (Tekanan Jual),Sangat Menarik (> 1:3),Netral / Sideways,Netral / Sepi Berita,Normal / Sedang Transisi,Mendekati Fibo 78.6%,3,WAIT & SEE,TIDAK ADA,2026-08-19 16:40:03,Biasa / Mengikuti Pasar
16:40,JAST,Token Mati (Perlu Update),Small Cap (Lapis 3),Fair Value (Wajar),0.0,1.5978799,82.0,83,81,92,-1.2048192771084338,2960200,Normal,46,Negatif,Downtrend,Bearish,Bearish MACD,Konsolidasi / Transisi,Normal,Akumulasi (Naik),Normal,Seimbang / Adu Mekanik,Squeeze,Rendah,Normal,Dekat Support (Low Risk),< 1 Miliar,Di Bawah VWAP (Lemah),Distribusi Pro (Guyuran),Gorengan Sepi (< 5M),Sepi (< 50%),Distribution (Fase Jualan),Spesialis Tiang Jemuran (Banting Pucuk),Normal,Turun 1 Hari Beruntun,TP: 87 | CL: 78,Normal,Sangat Menarik (> 1:3),Oversold (Jenuh Jual - Peluang),Netral / Sepi Berita,Normal / Sedang Transisi,Golden Rebound Fibo 61.8% (Golden Ratio) 🎯,1,WAIT & SEE,TIDAK ADA,2026-08-19 16:40:03,Biasa / Mengikuti Pasar
16:40,FITT,Token Mati (Perlu Update),Small Cap (Lapis 3),Overvalued (Mahal),0.0,6.3984914,382.0,357,344,414,-0.5208333333333333,264100,Normal,62,Negatif,Uptrend,Bullish,Strong Bullish,Awal Reversal (5>20),Normal,Akumulasi (Naik),Normal,Seimbang / Adu Mekanik,Breakout Upper,Sedang,Normal,Rawan Pucuk (High Risk),< 1 Miliar,Di Atas VWAP (Kuat),Distribusi Pro (Guyuran),Gorengan Sepi (< 5M),Normal (50-150%),Accumulation (Kumpul Barang),Spesialis Tiang Jemuran (Banting Pucuk),Normal,Turun 1 Hari Beruntun,TP: 407 | CL: 365,Normal,Tidak Ideal (< 1:1),Netral / Sideways,Netral / Sepi Berita,Normal / Sedang Transisi,Mendekati Fibo 50.0%,5,WAIT & SEE,TIDAK ADA,2026-08-19 16:40:03,Biasa / Mengikuti Pasar
16:40,BOLA,Token Mati (Perlu Update),Small Cap (Lapis 3),Fair Value (Wajar),0.0,1.5376359,149.0,157,146,170,0.6756756756756757,353800,Normal,38,Positif,Downtrend,Bearish,Strong Bearish,Konsolidasi / Transisi,Normal,Distribusi (Turun),Normal,Seimbang / Adu Mekanik,Normal,Tinggi,Normal,Dekat Support (Low Risk),< 1 Miliar,Di Bawah VWAP (Lemah),Distribusi Pro (Guyuran),Gorengan Sepi (< 5M),Sepi (< 50%),Distribution (Fase Jualan),Normal,Normal,Naik 1 Hari Beruntun,TP: 155 | CL: 144,Open = Low (Bullish Kuat),Sangat Menarik (> 1:3),Oversold (Jenuh Jual - Peluang),Sentimen Negatif ⚠️,Normal / Sedang Transisi,Mendekati Fibo 61.8% (Golden Ratio),1,WAIT & SEE,TIDAK ADA,2026-08-19 16:40:03,Biasa / Mengikuti Pasar
16:40,CCSI,Token Mati (Perlu Update),Small Cap (Lapis 3),Undervalued (Murah),7.9350433,0.6253166,258.0,251,232,300,-2.272727272727273,352400,Tembus MA20,56,Negatif,Uptrend,Bullish,Strong Bullish,Perfect Uptrend (5>20>50),Normal,Akumulasi (Naik),Gap Up (+6.8%),Dominan Jual (Guyur),Normal,Sedang,Normal,Rawan Pucuk (High Risk),< 1 Miliar,Di Bawah VWAP (Lemah),Distribusi Pro (Guyuran),Gorengan Sepi (< 5M),Normal (50-150%),Mark-Up (Fase Pesta),Normal,Normal,Turun 1 Hari Beruntun,TP: 282 | CL: 241,Normal,Ideal (1:2),Netral / Sideways,Netral / Sepi Berita,Normal / Sedang Transisi,Dekat Support Fibo 50.0%,7,BELI,TIDAK ADA,2026-08-19 16:40:03,Biasa / Mengikuti Pasar
16:40,SFAN,Token Mati (Perlu Update),Mid Cap (Lapis 2),Overvalued (Mahal),0.0,27.72973,2020.0,1978,1935,2020,0.0,44600,Normal,80,Negatif,Uptrend,Bullish,Strong Bullish,Perfect Uptrend (5>20>50),Normal,Akumulasi (Naik),Normal,Dominan Beli (Hajar Kanan),Squeeze,Rendah,Doji (Ragu-ragu),Area Tengah,< 1 Miliar,Persis di VWAP,Akumulasi Pro (Smart Money),Gorengan Sepi (< 5M),Normal (50-150%),Mark-Up (Fase Pesta),Normal,Jarum Bawah (Sinyal Pantulan Kuat),Sideways / Stagnan,TP: 2034 | CL: 2010,Normal,Tidak Ideal (< 1:1),Overbought (Jenuh Beli - Rawan),Netral / Sepi Berita,Normal / Sedang Transisi,Golden Rebound Fibo 23.6% 🎯,6,WAIT & SEE,TIDAK ADA,2026-08-19 16:40:03,Biasa / Mengikuti Pasar
16:40,POLU,Token Mati (Perlu Update),Mid Cap (Lapis 2),Overvalued (Mahal),0.0,69.35153,11300.0,11925,11000,13500,-1.7391304347826086,2100,Normal,42,Negatif,Downtrend,Bearish,Strong Bearish,Strong Downtrend (5<20<50),Normal,Distribusi (Turun),Normal,Dominan Jual (Guyur),Normal,Tinggi,Normal,Dekat Support (Low Risk),< 1 Miliar,Persis di VWAP,Distribusi Pro (Guyuran),Gorengan Sepi (< 5M),Normal (50-150%),Mark-Down (Fase Runtuh),Normal,Normal,Turun 1 Hari Beruntun,TP: 11945 | CL: 10869,Open = High (Tekanan Jual),Sangat Menarik (> 1:3),Netral / Sideways,Netral / Sepi Berita,Normal / Sedang Transisi,Mengambang (Jauh dari Fibo),0,WAIT & SEE,TIDAK ADA,2026-08-19 16:40:03,Biasa / Mengikuti Pasar
16:40,KJEN,Token Mati (Perlu Update),Small Cap (Lapis 3),Fair Value (Wajar),0.0,1.2946535,163.0,146,120,193,-8.938547486033519,53767000,Tembus MA20,59,Negatif,Uptrend,Bullish,Strong Bullish,Perfect Uptrend (5>20>50),Normal,Akumulasi (Naik),Normal,Dominan Jual (Guyur),Normal,Tinggi,Normal,Rawan Pucuk (High Risk),> 1 Miliar,Di Bawah VWAP (Lemah),Distribusi Pro (Guyuran),Ritel Aktif (5M - 50M),Normal (50-150%),Mark-Up (Fase Pesta),Spesialis Tiang Jemuran (Banting Pucuk),Normal,Turun 1 Hari Beruntun,TP: 188 | CL: 145,Normal,Tidak Ideal (< 1:1),Death Cross (Awal Bearish),Sentimen Positif 📰,Supply Banjir (Distribusi) 🌊,Mendekati Fibo 61.8% (Golden Ratio),7,BELI,TIDAK ADA,2026-08-19 16:40:03,Biasa / Mengikuti Pasar
16:40,KAYU,Token Mati (Perlu Update),Small Cap (Lapis 3),Overvalued (Mahal),86.1244,0.14753978,18.0,18,18,18,0.0,0,Normal,0,Negatif,Downtrend,Bearish,Bearish MACD,Konsolidasi / Transisi,Normal,Netral,Normal,Tidak Ada Transaksi,Squeeze,Rendah,Doji (Ragu-ragu),Dekat Support (Low Risk),< 1 Miliar,Di Atas VWAP (Kuat),Netral,Gorengan Sepi (< 5M),Normal (50-150%),Sideways,Solid (Jarang Dibanting),Normal,Sideways / Stagnan,TP: 19 | CL: 17,Normal,Di Area Support,Oversold (Jenuh Jual - Peluang),Netral / Sepi Berita,Normal / Sedang Transisi,Normal / Sideways,0,WAIT & SEE,TIDAK ADA,2026-08-19 16:40:03,Biasa / Mengikuti Pasar
16:40,ITIC,Token Mati (Perlu Update),Small Cap (Lapis 3),Undervalued (Murah),10.613043,0.44601113,228.0,221,200,250,0.8849557522123894,276300,Normal,59,Positif,Uptrend,Bullish,Bearish MACD,Perfect Uptrend (5>20>50),Normal,Distribusi (Turun),Normal,Seimbang / Adu Mekanik,Normal,Tinggi,Normal,Rawan Pucuk (High Risk),< 1 Miliar,Persis di VWAP,Distribusi Pro (Guyuran),Gorengan Sepi (< 5M),Sepi (< 50%),Mark-Up (Fase Pesta),Spesialis Tiang Jemuran (Banting Pucuk),Normal,Naik 2 Hari Beruntun,TP: 244 | CL: 217,Normal,Tidak Ideal (< 1:1),Golden Cross (Awal Bullish),Sentimen Positif 📰,Normal / Sedang Transisi,Mendekati Fibo 50.0%,5,WAIT & SEE,TIDAK ADA,2026-08-19 16:40:03,Biasa / Mengikuti Pasar
16:40,PAMG,Token Mati (Perlu Update),Small Cap (Lapis 3),Fair Value (Wajar),0.0,0.40760174,56.0,56,54,70,0.0,7855600,Normal,50,Negatif,Downtrend,Bearish,Bearish MACD,Konsolidasi / Transisi,Normal,Akumulasi (Naik),Normal,Seimbang / Adu Mekanik,Normal,Sedang,Doji (Ragu-ragu),Area Tengah,< 1 Miliar,Di Bawah VWAP (Lemah),Distribusi Pro (Guyuran),Gorengan Sepi (< 5M),Sepi (< 50%),Distribution (Fase Jualan),Spesialis Tiang Jemuran (Banting Pucuk),Normal,Sideways / Stagnan,TP: 60 | CL: 53,Normal,Sangat Menarik (> 1:3),Oversold (Jenuh Jual - Peluang),Netral / Sepi Berita,Normal / Sedang Transisi,Mendekati Fibo 78.6%,1,WAIT & SEE,TIDAK ADA,2026-08-19 16:40:03,Biasa / Mengikuti Pasar
16:40,IPTV,Token Mati (Perlu Update),Mid Cap (Lapis 2),Fair Value (Wajar),0.0,0.21088915,29.0,30,29,33,-3.3333333333333335,4377800,Tembus MA20,40,Negatif,Downtrend,Bearish,Bullish MACD,Strong Downtrend (5<20<50),Normal,Distribusi (Turun),Gap Down (-3.3%),Dominan Jual (Guyur),Normal,Tinggi,Doji (Ragu-ragu),Dekat Support (Low Risk),< 1 Miliar,Di Bawah VWAP (Lemah),Distribusi Pro (Guyuran),Gorengan Sepi (< 5M),Anomali Tinggi (150-300%),Mark-Down (Fase Runtuh),Spesialis Tiang Jemuran (Banting Pucuk),Normal,Turun 1 Hari Beruntun,TP: 30 | CL: 28,Normal,Di Area Support,Netral / Sideways,Netral / Sepi Berita,Normal / Sedang Transisi,Mengambang (Jauh dari Fibo),2,WAIT & SEE,TIDAK ADA,2026-08-19 16:40:03,Biasa / Mengikuti Pasar
16:40,BLUE,Token Mati (Perlu Update),Mid Cap (Lapis 2),Overvalued (Mahal),70.78879,10.674265,2470.0,2568,2290,2990,2.066115702479339,131600,Normal,40,Positif,Downtrend,Bearish,Bullish MACD,Strong Downtrend (5<20<50),Normal,Akumulasi (Naik),Normal,Seimbang / Adu Mekanik,Normal,Tinggi,Normal,Area Tengah,< 1 Miliar,Di Atas VWAP (Kuat),Akumulasi Pro (Smart Money),Gorengan Sepi (< 5M),Normal (50-150%),Mark-Down (Fase Runtuh),Normal,Normal,Naik 2 Hari Beruntun,TP: 2665 | CL: 2340,Open = Low (Bullish Kuat),Ideal (1:2),Golden Cross (Awal Bullish),Sentimen Positif 📰,Normal / Sedang Transisi,Mengambang (Jauh dari Fibo),4,WAIT & SEE,TIDAK ADA,2026-08-19 16:40:03,Biasa / Mengikuti Pasar
16:40,EAST,Token Mati (Perlu Update),Small Cap (Lapis 3),Fair Value (Wajar),21.970062,0.8185588,91.0,89,87,92,0.0,577900,Normal,66,Negatif,Uptrend,Bullish,Bearish MACD,Perfect Uptrend (5>20>50),Normal,Akumulasi (Naik),Normal,Dominan Beli (Hajar Kanan),Squeeze,Rendah,Doji (Ragu-ragu),Area Tengah,< 1 Miliar,Persis di VWAP,Akumulasi Pro (Smart Money),Gorengan Sepi (< 5M),Sepi (< 50%),Mark-Up (Fase Pesta),Normal,Jarum Bawah (Sinyal Pantulan Kuat),Sideways / Stagnan,TP: 93 | CL: 89,Normal,Tidak Ideal (< 1:1),Netral / Sideways,Sentimen Positif 📰,Supply Kering (Siap Pump) 🏜️,Golden Rebound Fibo 23.6% 🎯,6,WAIT & SEE,TIDAK ADA,2026-08-19 16:40:03,Biasa / Mengikuti Pasar
16:40,LIFE,Token Mati (Perlu Update),Big Cap (Lapis 1),Overvalued (Mahal),43.106693,1.4673967,5725.0,5791,5500,6000,0.43859649122807015,21100,Tembus MA20,46,Positif,Downtrend,Bullish,Bullish MACD,Awal Reversal (5>20),Distribusi Kuat,Akumulasi (Naik),Gap Up (+3.5%),Seimbang / Adu Mekanik,Squeeze,Rendah,Normal,Area Tengah,< 1 Miliar,Persis di VWAP,Akumulasi Pro (Smart Money),Gorengan Sepi (< 5M),Ledakan Ekstrem (> 300%),Mark-Down (Fase Runtuh),Normal,Normal,Naik 1 Hari Beruntun,TP: 6083 | CL: 5485,Open = High (Tekanan Jual),Menengah (1:1),Netral / Sideways,Sentimen Negatif ⚠️,Supply Banjir (Distribusi) 🌊,Mendekati Fibo Bottom / 100%,6,WAIT & SEE,TIDAK ADA,2026-08-19 16:40:03,Biasa / Mengikuti Pasar
16:40,FUJI,Token Mati (Perlu Update),Small Cap (Lapis 3),Overvalued (Mahal),45.614037,1.8337495,260.0,208,197,260,25.0,16115400,Tembus MA20,75,Positif,Uptrend,Bullish,Strong Bullish,Awal Reversal (5>20),Akumulasi Kuat,Akumulasi (Naik),Normal,Dominan Beli (Hajar Kanan),Breakout Upper,Tinggi,Marubozu (Strong Bullish),Rawan Pucuk (High Risk),> 1 Miliar,Di Atas VWAP (Kuat),Akumulasi Pro (Smart Money),Gorengan Sepi (< 5M),Ledakan Ekstrem (> 300%),Accumulation (Kumpul Barang),Normal,Normal,Naik 2 Hari Beruntun,TP: 282 | CL: 244,Open = Low (Bullish Kuat),Tidak Ideal (< 1:1),Netral / Sideways,Sentimen Positif 📰,Normal / Sedang Transisi,Mendekati Fibo 50.0%,10,BELI,TIDAK ADA,2026-08-19 16:40:03,⚠️ Anomali (Sudah Terbang)
16:40,KOTA,Token Mati (Perlu Update),Mid Cap (Lapis 2),Overvalued (Mahal),33.061222,1.3759714,161.0,153,98,210,-1.8292682926829267,273734100,Normal,58,Negatif,Uptrend,Bullish,Bearish MACD,Perfect Uptrend (5>20>50),Normal,Akumulasi (Naik),Normal,Seimbang / Adu Mekanik,Normal,Tinggi,Normal,Rawan Pucuk (High Risk),> 1 Miliar,Di Bawah VWAP (Lemah),Distribusi Pro (Guyuran),Sultan (> 50M/hari),Sepi (< 50%),Mark-Up (Fase Pesta),Spesialis Tiang Jemuran (Banting Pucuk),Normal,Turun 3 Hari Beruntun,TP: 191 | CL: 140,Normal,Tidak Ideal (< 1:1),Netral / Sideways,Netral / Sepi Berita,Normal / Sedang Transisi,Mendekati Fibo 38.2%,4,WAIT & SEE,TIDAK ADA,2026-08-19 16:40:03,Biasa / Mengikuti Pasar
16:40,INOV,Token Mati (Perlu Update),Small Cap (Lapis 3),Undervalued (Murah),7.810817,0.81528,145.0,140,127,155,-1.3605442176870748,2295500,Normal,63,Negatif,Uptrend,Bullish,Bearish MACD,Perfect Uptrend (5>20>50),Normal,Distribusi (Turun),Normal,Dominan Jual (Guyur),Normal,Tinggi,Normal,Rawan Pucuk (High Risk),< 1 Miliar,Persis di VWAP,Distribusi Pro (Guyuran),Gorengan Sepi (< 5M),Normal (50-150%),Mark-Up (Fase Pesta),Spesialis Tiang Jemuran (Banting Pucuk),Normal,Turun 1 Hari Beruntun,TP: 153 | CL: 139,Normal,Tidak Ideal (< 1:1),Death Cross (Awal Bearish),Netral / Sepi Berita,Normal / Sedang Transisi,Mendekati Fibo 23.6%,3,WAIT & SEE,TIDAK ADA,2026-08-19 16:40:03,Biasa / Mengikuti Pasar
16:40,ARKA,Token Mati (Perlu Update),Small Cap (Lapis 3),Undervalued (Murah),12.4293785,0.37204897,22.0,22,22,22,0.0,0,Normal,35,Negatif,Downtrend,Bearish,Bullish MACD,Konsolidasi / Transisi,Normal,Netral,Normal,Tidak Ada Transaksi,Squeeze,Rendah,Doji (Ragu-ragu),Dekat Support (Low Risk),< 1 Miliar,Di Atas VWAP (Kuat),Netral,Gorengan Sepi (< 5M),Normal (50-150%),Sideways,Solid (Jarang Dibanting),Normal,Sideways / Stagnan,TP: 23 | CL: 21,Normal,Di Area Support,Oversold (Jenuh Jual - Peluang),Netral / Sepi Berita,Normal / Sedang Transisi,Mendekati Fibo Bottom / 100%,1,WAIT & SEE,TIDAK ADA,2026-08-19 16:40:03,Biasa / Mengikuti Pasar
16:40,SMKL,Token Mati (Perlu Update),Small Cap (Lapis 3),Undervalued (Murah),4.3963375,0.47770908,144.0,146,133,157,-1.36986301369863,81800,Normal,50,Negatif,Downtrend,Bullish,Bearish MACD,Perfect Uptrend (5>20>50),Normal,Distribusi (Turun),Normal,Dominan Jual (Guyur),Normal,Sedang,Normal,Area Tengah,< 1 Miliar,Di Bawah VWAP (Lemah),Distribusi Pro (Guyuran),Gorengan Sepi (< 5M),Sepi (< 50%),Distribution (Fase Jualan),Normal,Normal,Turun 2 Hari Beruntun,TP: 156 | CL: 135,Normal,Menengah (1:1),Netral / Sideways,Sentimen Positif 📰,Supply Kering (Siap Pump) 🏜️,Mendekati Fibo 61.8% (Golden Ratio),2,WAIT & SEE,TIDAK ADA,2026-08-19 16:40:03,Biasa / Mengikuti Pasar
16:40,HDIT,Token Mati (Perlu Update),Small Cap (Lapis 3),Fair Value (Wajar),0.0,0.31706774,50.0,50,50,61,-1.9607843137254901,21372400,Normal,45,Negatif,Downtrend,Bullish,Strong Bullish,Perfect Uptrend (5>20>50),Normal,Distribusi (Turun),Normal,Dominan Jual (Guyur),Normal,Sedang,Normal,Dekat Support (Low Risk),> 1 Miliar,Di Bawah VWAP (Lemah),Distribusi Pro (Guyuran),Gorengan Sepi (< 5M),Sepi (< 50%),Distribution (Fase Jualan),Spesialis Tiang Jemuran (Banting Pucuk),Normal,Turun 1 Hari Beruntun,TP: 53 | CL: 47,Open = High (Tekanan Jual),Di Area Support,Oversold (Jenuh Jual - Peluang),Sentimen Negatif ⚠️,Supply Kering (Siap Pump) 🏜️,Golden Rebound Fibo Bottom / 100% 🎯,2,WAIT & SEE,TIDAK ADA,2026-08-19 16:40:03,Biasa / Mengikuti Pasar
16:40,KEEN,Token Mati (Perlu Update),Mid Cap (Lapis 2),Overvalued (Mahal),33.04705,18061.225,885.0,874,820,920,1.1428571428571428,8077800,Normal,54,Positif,Uptrend,Bullish,Bearish MACD,Perfect Uptrend (5>20>50),Normal,Distribusi (Turun),Normal,Dominan Beli (Hajar Kanan),Normal,Sedang,Normal,Area Tengah,> 1 Miliar,Persis di VWAP,Distribusi Pro (Guyuran),Ritel Aktif (5M - 50M),Normal (50-150%),Mark-Up (Fase Pesta),Normal,Normal,Naik 1 Hari Beruntun,TP: 921 | CL: 860,Normal,Tidak Ideal (< 1:1),Netral / Sideways,Sentimen Positif 📰,Normal / Sedang Transisi,Dekat Support Fibo 23.6%,6,WAIT & SEE,TIDAK ADA,2026-08-19 16:40:03,Biasa / Mengikuti Pasar
16:40,BAPI,Token Mati (Perlu Update),Small Cap (Lapis 3),Fair Value (Wajar),0.0,0.26727813,19.0,18,14,21,-5.0,5718700,Normal,53,Negatif,Uptrend,Bullish,Strong Bullish,Perfect Uptrend (5>20>50),Normal,Akumulasi (Naik),Gap Down (-5.0%),Dominan Beli (Hajar Kanan),Normal,Tinggi,Doji (Ragu-ragu),Rawan Pucuk (High Risk),< 1 Miliar,Di Bawah VWAP (Lemah),Akumulasi Pro (Smart Money),Gorengan Sepi (< 5M),Sepi (< 50%),Mark-Up (Fase Pesta),Normal,Jarum Bawah (Sinyal Pantulan Kuat),Turun 1 Hari Beruntun,TP: 20 | CL: 17,Normal,Tidak Ideal (< 1:1),Netral / Sideways,Netral / Sepi Berita,Normal / Sedang Transisi,Mendekati Fibo 50.0%,6,WAIT & SEE,TIDAK ADA,2026-08-19 16:40:03,Biasa / Mengikuti Pasar
16:40,TFAS,Token Mati (Perlu Update),Small Cap (Lapis 3),Fair Value (Wajar),0.0,1.8338075,185.0,188,176,250,0.5434782608695652,1513300,Normal,46,Positif,Downtrend,Bearish,Strong Bearish,Strong Downtrend (5<20<50),Normal,Distribusi (Turun),Normal,Dominan Jual (Guyur),Normal,Sedang,Doji (Ragu-ragu),Area Tengah,< 1 Miliar,Di Bawah VWAP (Lemah),Distribusi Pro (Guyuran),Gorengan Sepi (< 5M),Anomali Tinggi (150-300%),Mark-Down (Fase Runtuh),Spesialis Tiang Jemuran (Banting Pucuk),Normal,Naik 2 Hari Beruntun,TP: 200 | CL: 174,Normal,Sangat Menarik (> 1:3),Golden Cross (Awal Bullish),Sentimen Positif 📰,Normal / Sedang Transisi,Dekat Support Fibo 78.6%,2,WAIT & SEE,TIDAK ADA,2026-08-19 16:40:03,Biasa / Mengikuti Pasar
16:40,GGRP,Token Mati (Perlu Update),Mid Cap (Lapis 2),Overvalued (Mahal),0.0,5698.1133,302.0,299,288,306,-0.6578947368421052,2129000,Tembus MA20,56,Negatif,Uptrend,Bullish,Strong Bullish,Perfect Uptrend (5>20>50),Distribusi Kuat,Distribusi (Turun),Normal,Seimbang / Adu Mekanik,Squeeze,Rendah,Normal,Area Tengah,< 1 Miliar,Persis di VWAP,Akumulasi Pro (Smart Money),Gorengan Sepi (< 5M),Ledakan Ekstrem (> 300%),Mark-Up (Fase Pesta),Normal,Normal,Turun 1 Hari Beruntun,TP: 311 | CL: 295,Open = High (Tekanan Jual),Tidak Ideal (< 1:1),Death Cross (Awal Bearish),Sentimen Positif 📰,Normal / Sedang Transisi,Dekat Support Fibo 38.2%,6,WAIT & SEE,TIDAK ADA,2026-08-19 16:40:03,Biasa / Mengikuti Pasar
16:40,OPMS,Token Mati (Perlu Update),Small Cap (Lapis 3),Fair Value (Wajar),0.0,1.4016577,127.0,117,97,144,0.7936507936507936,2048600,Normal,61,Positif,Uptrend,Bullish,Strong Bullish,Perfect Uptrend (5>20>50),Normal,Distribusi (Turun),Normal,Dominan Beli (Hajar Kanan),Normal,Tinggi,Normal,Rawan Pucuk (High Risk),< 1 Miliar,Di Bawah VWAP (Lemah),Distribusi Pro (Guyuran),Gorengan Sepi (< 5M),Sepi (< 50%),Mark-Up (Fase Pesta),Spesialis Tiang Jemuran (Banting Pucuk),Jarum Bawah (Sinyal Pantulan Kuat),Naik 1 Hari Beruntun,TP: 143 | CL: 116,Normal,Tidak Ideal (< 1:1),Death Cross (Awal Bearish),Sentimen Positif 📰,Normal / Sedang Transisi,Mendekati Fibo 38.2%,7,BELI,TIDAK ADA,2026-08-19 16:40:03,Biasa / Mengikuti Pasar
16:40,NZIA,Token Mati (Perlu Update),Small Cap (Lapis 3),Overvalued (Mahal),101.90114,0.6374881,134.0,140,131,156,-1.4705882352941175,1409700,Normal,41,Negatif,Downtrend,Bearish,Strong Bearish,Strong Downtrend (5<20<50),Normal,Distribusi (Turun),Normal,Dominan Jual (Guyur),Bottom Rebound,Sedang,Normal,Dekat Support (Low Risk),< 1 Miliar,Di Bawah VWAP (Lemah),Distribusi Pro (Guyuran),Gorengan Sepi (< 5M),Sepi (< 50%),Mark-Down (Fase Runtuh),Spesialis Tiang Jemuran (Banting Pucuk),Normal,Turun 1 Hari Beruntun,TP: 141 | CL: 129,Normal,Sangat Menarik (> 1:3),Oversold (Jenuh Jual - Peluang),Sentimen Positif 📰,Normal / Sedang Transisi,Mengambang (Jauh dari Fibo),1,WAIT & SEE,TIDAK ADA,2026-08-19 16:40:03,Biasa / Mengikuti Pasar
16:40,SLIS,Token Mati (Perlu Update),Small Cap (Lapis 3),Fair Value (Wajar),0.0,0.75665975,98.0,73,60,114,-2.0,237051800,Tembus MA20,74,Negatif,Uptrend,Bullish,Strong Bullish,Perfect Uptrend (5>20>50),Normal,Akumulasi (Naik),Normal,Seimbang / Adu Mekanik,Normal,Tinggi,Normal,Rawan Pucuk (High Risk),> 1 Miliar,Persis di VWAP,Distribusi Pro (Guyuran),Sultan (> 50M/hari),Normal (50-150%),Mark-Up (Fase Pesta),Spesialis Tiang Jemuran (Banting Pucuk),Normal,Turun 2 Hari Beruntun,TP: 112 | CL: 88,Normal,Tidak Ideal (< 1:1),Death Cross (Awal Bearish),Netral / Sepi Berita,Supply Banjir (Distribusi) 🌊,Mengambang (Jauh dari Fibo),6,WAIT & SEE,TIDAK ADA,2026-08-19 16:40:03,Biasa / Mengikuti Pasar
16:40,IRRA,Token Mati (Perlu Update),Small Cap (Lapis 3),Undervalued (Murah),8.709981,0.9229326,370.0,372,362,384,-0.5376344086021506,447500,Normal,46,Negatif,Downtrend,Bearish,Strong Bearish,Konsolidasi / Transisi,Normal,Distribusi (Turun),Normal,Seimbang / Adu Mekanik,Squeeze,Rendah,Normal,Dekat Support (Low Risk),< 1 Miliar,Persis di VWAP,Akumulasi Pro (Smart Money),Gorengan Sepi (< 5M),Normal (50-150%),Distribution (Fase Jualan),Normal,Normal,Turun 1 Hari Beruntun,TP: 381 | CL: 362,Open = High (Tekanan Jual),Ideal (1:2),Netral / Sideways,Sentimen Positif 📰,Normal / Sedang Transisi,Dekat Support Fibo 50.0%,1,WAIT & SEE,TIDAK ADA,2026-08-19 16:40:03,Biasa / Mengikuti Pasar
16:40,DMMX,Token Mati (Perlu Update),Mid Cap (Lapis 2),Overvalued (Mahal),34.12844,1.9905182,186.0,184,160,270,-1.0638297872340425,1171200,Normal,54,Negatif,Uptrend,Bullish,Bearish MACD,Perfect Uptrend (5>20>50),Normal,Distribusi (Turun),Normal,Seimbang / Adu Mekanik,Normal,Tinggi,Normal,Rawan Pucuk (High Risk),< 1 Miliar,Di Bawah VWAP (Lemah),Distribusi Pro (Guyuran),Gorengan Sepi (< 5M),Sepi (< 50%),Mark-Up (Fase Pesta),Spesialis Tiang Jemuran (Banting Pucuk),Normal,Turun 1 Hari Beruntun,TP: 208 | CL: 171,Open = High (Tekanan Jual),Sangat Menarik (> 1:3),Netral / Sideways,Sentimen Positif 📰,Normal / Sedang Transisi,Mendekati Fibo 61.8% (Golden Ratio),4,WAIT & SEE,TIDAK ADA,2026-08-19 16:40:03,Biasa / Mengikuti Pasar
16:40,SINI,Token Mati (Perlu Update),Mid Cap (Lapis 2),Fair Value (Wajar),0.0,-4.5679336,7225.0,7133,6200,7800,0.6968641114982579,1477200,Normal,50,Positif,Uptrend,Bearish,Bullish MACD,Strong Downtrend (5<20<50),Normal,Akumulasi (Naik),Gap Up (+4.5%),Dominan Jual (Guyur),Normal,Tinggi,Normal,Rawan Pucuk (High Risk),> 1 Miliar,Persis di VWAP,Distribusi Pro (Guyuran),Ritel Aktif (5M - 50M),Normal (50-150%),Accumulation (Kumpul Barang),Solid (Jarang Dibanting),Normal,Naik 3 Hari Beruntun,TP: 7525 | CL: 7025,Open = High (Tekanan Jual),Tidak Ideal (< 1:1),Netral / Sideways,Sentimen Positif 📰,Normal / Sedang Transisi,Dekat Support Fibo 78.6%,6,WAIT & SEE,TIDAK ADA,2026-08-19 16:40:03,Biasa / Mengikuti Pasar
16:40,WOWS,Token Mati (Perlu Update),Small Cap (Lapis 3),Fair Value (Wajar),0.0,0.26048452,57.0,59,55,65,-3.389830508474576,54722300,Tembus MA20,40,Negatif,Downtrend,Death Cross,Bearish MACD,Konsolidasi / Transisi,Distribusi Kuat,Distribusi (Turun),Normal,Seimbang / Adu Mekanik,Bottom Rebound,Sedang,Normal,Area Tengah,> 1 Miliar,Di Bawah VWAP (Lemah),Distribusi Pro (Guyuran),Gorengan Sepi (< 5M),Anomali Tinggi (150-300%),Distribution (Fase Jualan),Spesialis Tiang Jemuran (Banting Pucuk),Normal,Turun 1 Hari Beruntun,TP: 61 | CL: 53,Open = High (Tekanan Jual),Sangat Menarik (> 1:3),Netral / Sideways,Sentimen Positif 📰,Normal / Sedang Transisi,Mendekati Fibo 78.6%,2,WAIT & SEE,TIDAK ADA,2026-08-19 16:40:03,Biasa / Mengikuti Pasar
16:40,ESIP,Token Mati (Perlu Update),Small Cap (Lapis 3),Overvalued (Mahal),41.80602,1.4142671,125.0,128,118,151,0.8064516129032258,9517600,Normal,46,Positif,Downtrend,Bearish,Strong Bearish,Konsolidasi / Transisi,Normal,Akumulasi (Naik),Normal,Seimbang / Adu Mekanik,Normal,Sedang,Normal,Area Tengah,> 1 Miliar,Persis di VWAP,Distribusi Pro (Guyuran),Gorengan Sepi (< 5M),Normal (50-150%),Distribution (Fase Jualan),Spesialis Tiang Jemuran (Banting Pucuk),Normal,Naik 3 Hari Beruntun,TP: 132 | CL: 120,Open = Low (Bullish Kuat),Sangat Menarik (> 1:3),Golden Cross (Awal Bullish),Netral / Sepi Berita,Normal / Sedang Transisi,Mendekati Fibo 61.8% (Golden Ratio),2,WAIT & SEE,TIDAK ADA,2026-08-19 16:40:03,Biasa / Mengikuti Pasar
16:40,TEBE,Token Mati (Perlu Update),Mid Cap (Lapis 2),Fair Value (Wajar),16.2201,1.9577668,1580.0,1152,995,1715,-7.871720116618077,50243300,Tembus MA20,76,Negatif,Uptrend,Bullish,Strong Bullish,Perfect Uptrend (5>20>50),Akumulasi Kuat,Akumulasi (Naik),Gap Down (-12.2%),Seimbang / Adu Mekanik,Breakout Upper,Tinggi,Normal,Rawan Pucuk (High Risk),> 1 Miliar,Di Atas VWAP (Kuat),Akumulasi Pro (Smart Money),Ritel Aktif (5M - 50M),Ledakan Ekstrem (> 300%),Mark-Up (Fase Pesta),Spesialis Tiang Jemuran (Banting Pucuk),Normal,Turun 1 Hari Beruntun,TP: 1746 | CL: 1468,Normal,Tidak Ideal (< 1:1),Overbought (Jenuh Beli - Rawan),Sentimen Positif 📰,Normal / Sedang Transisi,Mengambang (Jauh dari Fibo),8,BELI,TIDAK ADA,2026-08-19 16:40:03,Biasa / Mengikuti Pasar
16:40,KEJU,Token Mati (Perlu Update),Mid Cap (Lapis 2),Overvalued (Mahal),17.421604,3.7556806,600.0,567,535,600,0.0,145100,Tembus MA20,65,Negatif,Uptrend,Bullish,Strong Bullish,Perfect Uptrend (5>20>50),Normal,Akumulasi (Naik),Normal,Dominan Beli (Hajar Kanan),Normal,Tinggi,Doji (Ragu-ragu),Rawan Pucuk (High Risk),< 1 Miliar,Di Atas VWAP (Kuat),Akumulasi Pro (Smart Money),Gorengan Sepi (< 5M),Normal (50-150%),Mark-Up (Fase Pesta),Normal,Jarum Bawah (Sinyal Pantulan Kuat),Sideways / Stagnan,TP: 626 | CL: 582,Normal,Tidak Ideal (< 1:1),Overbought (Jenuh Beli - Rawan),Sentimen Positif 📰,Normal / Sedang Transisi,Golden Rebound Fibo 38.2% 🎯,8,BELI,TIDAK ADA,2026-08-19 16:40:03,Biasa / Mengikuti Pasar
16:40,PSGO,Token Mati (Perlu Update),Mid Cap (Lapis 2),Undervalued (Murah),9.189445,1.3193773,195.0,196,191,200,0.5154639175257731,102600,Normal,47,Positif,Downtrend,Bearish,Strong Bearish,Strong Downtrend (5<20<50),Normal,Distribusi (Turun),Normal,Dominan Beli (Hajar Kanan),Squeeze,Rendah,Normal,Dekat Support (Low Risk),< 1 Miliar,Persis di VWAP,Distribusi Pro (Guyuran),Gorengan Sepi (< 5M),Normal (50-150%),Mark-Down (Fase Runtuh),Normal,Normal,Naik 1 Hari Beruntun,TP: 201 | CL: 191,Normal,Menengah (1:1),Netral / Sideways,Sentimen Positif 📰,Normal / Sedang Transisi,Mendekati Fibo 23.6%,3,WAIT & SEE,TIDAK ADA,2026-08-19 16:40:03,Biasa / Mengikuti Pasar
16:40,AGAR,Token Mati (Perlu Update),Mid Cap (Lapis 2),Overvalued (Mahal),909.5477,16.012455,1810.0,894,630,2000,12.77258566978193,4382400,Tembus MA20,89,Positif,Uptrend,Bullish,Strong Bullish,Perfect Uptrend (5>20>50),Akumulasi Kuat,Akumulasi (Naik),Gap Up (+2.5%),Seimbang / Adu Mekanik,Breakout Upper,Tinggi,Normal,Rawan Pucuk (High Risk),> 1 Miliar,Di Atas VWAP (Kuat),Akumulasi Pro (Smart Money),Ritel Aktif (5M - 50M),Anomali Tinggi (150-300%),Mark-Up (Fase Pesta),Normal,Normal,Naik 3 Hari Beruntun,TP: 2043 | CL: 1654,Open = Low (Bullish Kuat),Tidak Ideal (< 1:1),Overbought (Jenuh Beli - Rawan),Sentimen Positif 📰,Normal / Sedang Transisi,Mengambang (Jauh dari Fibo),10,BELI,TIDAK ADA,2026-08-19 16:40:03,⚠️ Anomali (Sudah Terbang)
16:40,IFSH,Token Mati (Perlu Update),Mid Cap (Lapis 2),Fair Value (Wajar),17.829216,2.5749676,1140.0,1155,1070,1295,-0.8695652173913043,2700,Normal,48,Negatif,Downtrend,Death Cross,Bullish MACD,Strong Downtrend (5<20<50),Normal,Distribusi (Turun),Normal,Dominan Jual (Guyur),Normal,Tinggi,Normal,Area Tengah,< 1 Miliar,Di Bawah VWAP (Lemah),Akumulasi Pro (Smart Money),Gorengan Sepi (< 5M),Sepi (< 50%),Mark-Down (Fase Runtuh),Normal,Normal,Turun 1 Hari Beruntun,TP: 1219 | CL: 1086,Open = High (Tekanan Jual),Ideal (1:2),Golden Cross (Awal Bullish),Sentimen Positif 📰,Normal / Sedang Transisi,Mendekati Fibo 78.6%,2,WAIT & SEE,TIDAK ADA,2026-08-19 16:40:03,Biasa / Mengikuti Pasar
16:40,REAL,Token Mati (Perlu Update),Small Cap (Lapis 3),Overvalued (Mahal),406.24997,0.9202725,51.0,51,50,66,-1.9230769230769231,194096100,Normal,46,Negatif,Downtrend,Bullish,Bearish MACD,Perfect Uptrend (5>20>50),Normal,Distribusi (Turun),Normal,Seimbang / Adu Mekanik,Normal,Sedang,Normal,Dekat Support (Low Risk),> 1 Miliar,Di Bawah VWAP (Lemah),Distribusi Pro (Guyuran),Gorengan Sepi (< 5M),Anomali Tinggi (150-300%),Distribution (Fase Jualan),Spesialis Tiang Jemuran (Banting Pucuk),Normal,Turun 2 Hari Beruntun,TP: 55 | CL: 48,Normal,Sangat Menarik (> 1:3),Netral / Sideways,Netral / Sepi Berita,Normal / Sedang Transisi,Dekat Support Fibo Bottom / 100%,1,WAIT & SEE,TIDAK ADA,2026-08-19 16:40:03,Biasa / Mengikuti Pasar
16:40,IFII,Token Mati (Perlu Update),Mid Cap (Lapis 2),Undervalued (Murah),13.733334,1.3783044,206.0,207,198,230,-0.9615384615384616,24200,Normal,42,Negatif,Downtrend,Bearish,Bullish MACD,Strong Downtrend (5<20<50),Normal,Akumulasi (Naik),Normal,Dominan Jual (Guyur),Squeeze,Rendah,Normal,Area Tengah,< 1 Miliar,Persis di VWAP,Akumulasi Pro (Smart Money),Gorengan Sepi (< 5M),Sepi (< 50%),Mark-Down (Fase Runtuh),Spesialis Tiang Jemuran (Banting Pucuk),Normal,Turun 1 Hari Beruntun,TP: 214 | CL: 200,Open = High (Tekanan Jual),Sangat Menarik (> 1:3),Golden Cross (Awal Bullish),Sentimen Positif 📰,Supply Kering (Siap Pump) 🏜️,Mendekati Fibo Bottom / 100%,3,WAIT & SEE,TIDAK ADA,2026-08-19 16:40:03,Biasa / Mengikuti Pasar
16:40,PMJS,Token Mati (Perlu Update),Mid Cap (Lapis 2),Undervalued (Murah),8.613445,0.6047049,124.0,115,105,133,-3.125,5985200,Tembus MA20,64,Negatif,Uptrend,Bullish,Strong Bullish,Perfect Uptrend (5>20>50),Normal,Akumulasi (Naik),Normal,Seimbang / Adu Mekanik,Normal,Tinggi,Normal,Rawan Pucuk (High Risk),< 1 Miliar,Persis di VWAP,Akumulasi Pro (Smart Money),Gorengan Sepi (< 5M),Anomali Tinggi (150-300%),Mark-Up (Fase Pesta),Normal,Normal,Turun 1 Hari Beruntun,TP: 134 | CL: 117,Normal,Tidak Ideal (< 1:1),Death Cross (Awal Bearish),Sentimen Positif 📰,Supply Banjir (Distribusi) 🌊,Dekat Support Fibo 23.6%,7,BELI,TIDAK ADA,2026-08-19 16:40:03,Biasa / Mengikuti Pasar
16:40,UCID,Token Mati (Perlu Update),Mid Cap (Lapis 2),Undervalued (Murah),1.3761047,0.4001533,450.0,415,360,458,0.8968609865470852,1005900,Normal,71,Positif,Uptrend,Bullish,Strong Bullish,Perfect Uptrend (5>20>50),Normal,Akumulasi (Naik),Normal,Seimbang / Adu Mekanik,Normal,Tinggi,Normal,Rawan Pucuk (High Risk),< 1 Miliar,Di Atas VWAP (Kuat),Akumulasi Pro (Smart Money),Gorengan Sepi (< 5M),Normal (50-150%),Mark-Up (Fase Pesta),Solid (Jarang Dibanting),Normal,Naik 2 Hari Beruntun,TP: 473 | CL: 434,Normal,Tidak Ideal (< 1:1),Overbought (Jenuh Beli - Rawan),Sentimen Positif 📰,Normal / Sedang Transisi,Mendekati Fibo 23.6%,7,BELI,TIDAK ADA,2026-08-19 16:40:03,Biasa / Mengikuti Pasar
16:40,GLVA,Token Mati (Perlu Update),Small Cap (Lapis 3),Undervalued (Murah),9.247992,1.1115377,304.0,307,298,338,-2.564102564102564,28600,Normal,47,Negatif,Downtrend,Bullish,Strong Bullish,Perfect Uptrend (5>20>50),Normal,Akumulasi (Naik),Normal,Dominan Jual (Guyur),Squeeze,Rendah,Normal,Dekat Support (Low Risk),< 1 Miliar,Di Bawah VWAP (Lemah),Distribusi Pro (Guyuran),Gorengan Sepi (< 5M),Sepi (< 50%),Distribution (Fase Jualan),Normal,Normal,Turun 2 Hari Beruntun,TP: 323 | CL: 291,Normal,Sangat Menarik (> 1:3),Netral / Sideways,Sentimen Positif 📰,Supply Banjir (Distribusi) 🌊,Mendekati Fibo 78.6%,4,WAIT & SEE,TIDAK ADA,2026-08-19 16:40:03,Biasa / Mengikuti Pasar
16:40,PGJO,Token Mati (Perlu Update),Small Cap (Lapis 3),Fair Value (Wajar),0.0,-338.1066,850.0,740,650,850,1.7964071856287425,146200,Normal,64,Positif,Uptrend,Bullish,Strong Bullish,Perfect Uptrend (5>20>50),Normal,Akumulasi (Naik),Normal,Dominan Beli (Hajar Kanan),Normal,Tinggi,Marubozu (Strong Bullish),Rawan Pucuk (High Risk),< 1 Miliar,Di Atas VWAP (Kuat),Akumulasi Pro (Smart Money),Gorengan Sepi (< 5M),Normal (50-150%),Mark-Up (Fase Pesta),Normal,Normal,Naik 3 Hari Beruntun,TP: 927 | CL: 798,Open = Low (Bullish Kuat),Tidak Ideal (< 1:1),Overbought (Jenuh Beli - Rawan),Netral / Sepi Berita,Normal / Sedang Transisi,Mendekati Fibo 38.2%,7,BELI,TIDAK ADA,2026-08-19 16:40:03,Biasa / Mengikuti Pasar
16:40,AMAR,Token Mati (Perlu Update),Mid Cap (Lapis 2),Undervalued (Murah),14.125,1.1841388,226.0,214,202,230,0.0,1483600,Tembus MA20,71,Negatif,Uptrend,Bullish,Strong Bullish,Perfect Uptrend (5>20>50),Normal,Akumulasi (Naik),Normal,Seimbang / Adu Mekanik,Normal,Sedang,Doji (Ragu-ragu),Rawan Pucuk (High Risk),< 1 Miliar,Di Atas VWAP (Kuat),Akumulasi Pro (Smart Money),Gorengan Sepi (< 5M),Anomali Tinggi (150-300%),Mark-Up (Fase Pesta),Solid (Jarang Dibanting),Normal,Sideways / Stagnan,TP: 235 | CL: 219,Normal,Tidak Ideal (< 1:1),Overbought (Jenuh Beli - Rawan),Sentimen Positif 📰,Normal / Sedang Transisi,Mendekati Fibo 23.6%,7,BELI,TIDAK ADA,2026-08-19 16:40:03,Biasa / Mengikuti Pasar
16:40,CSRA,Token Mati (Perlu Update),Mid Cap (Lapis 2),Undervalued (Murah),5.859833,0.9172416,750.0,758,730,845,0.6711409395973155,230000,Normal,47,Positif,Downtrend,Bearish,Strong Bearish,Strong Downtrend (5<20<50),Normal,Akumulasi (Naik),Normal,Seimbang / Adu Mekanik,Normal,Sedang,Normal,Dekat Support (Low Risk),< 1 Miliar,Persis di VWAP,Distribusi Pro (Guyuran),Gorengan Sepi (< 5M),Normal (50-150%),Mark-Down (Fase Runtuh),Normal,Normal,Naik 2 Hari Beruntun,TP: 777 | CL: 731,Open = Low (Bullish Kuat),Sangat Menarik (> 1:3),Golden Cross (Awal Bullish),Sentimen Positif 📰,Normal / Sedang Transisi,Dekat Support Fibo 61.8% (Golden Ratio),3,WAIT & SEE,TIDAK ADA,2026-08-19 16:40:03,Biasa / Mengikuti Pasar
16:40,INDO,Token Mati (Perlu Update),Small Cap (Lapis 3),Fair Value (Wajar),17.822737,0.73198915,185.0,175,167,187,0.5434782608695652,24664100,Normal,69,Positif,Uptrend,Bullish,Strong Bullish,Perfect Uptrend (5>20>50),Normal,Akumulasi (Naik),Normal,Seimbang / Adu Mekanik,Breakout Upper,Sedang,Doji (Ragu-ragu),Rawan Pucuk (High Risk),> 1 Miliar,Di Atas VWAP (Kuat),Akumulasi Pro (Smart Money),Ritel Aktif (5M - 50M),Normal (50-150%),Mark-Up (Fase Pesta),Spesialis Tiang Jemuran (Banting Pucuk),Jarum Bawah (Sinyal Pantulan Kuat),Naik 3 Hari Beruntun,TP: 191 | CL: 180,Normal,Tidak Ideal (< 1:1),Overbought (Jenuh Beli - Rawan),Sentimen Positif 📰,Normal / Sedang Transisi,Mendekati Fibo 23.6%,7,BELI,TIDAK ADA,2026-08-19 16:40:03,Biasa / Mengikuti Pasar
16:40,AMOR,Token Mati (Perlu Update),Small Cap (Lapis 3),Fair Value (Wajar),10.46751,2.9497793,356.0,353,320,366,-0.5586592178770949,65100,Normal,58,Negatif,Uptrend,Bullish,Bearish MACD,Perfect Uptrend (5>20>50),Normal,Distribusi (Turun),Normal,Seimbang / Adu Mekanik,Squeeze,Rendah,Normal,Rawan Pucuk (High Risk),< 1 Miliar,Persis di VWAP,Akumulasi Pro (Smart Money),Gorengan Sepi (< 5M),Normal (50-150%),Mark-Up (Fase Pesta),Normal,Normal,Turun 1 Hari Beruntun,TP: 370 | CL: 346,Normal,Tidak Ideal (< 1:1),Death Cross (Awal Bearish),Sentimen Positif 📰,Normal / Sedang Transisi,Dekat Support Fibo 23.6%,4,WAIT & SEE,TIDAK ADA,2026-08-19 16:40:03,Biasa / Mengikuti Pasar
16:40,TRIN,Token Mati (Perlu Update),Mid Cap (Lapis 2),Overvalued (Mahal),72.4299,2.3052442,306.0,322,292,386,-5.555555555555555,15760500,Tembus MA20,43,Negatif,Downtrend,Bearish,Bullish MACD,Strong Downtrend (5<20<50),Normal,Distribusi (Turun),Normal,Dominan Jual (Guyur),Normal,Tinggi,Normal,Area Tengah,> 1 Miliar,Di Bawah VWAP (Lemah),Akumulasi Pro (Smart Money),Gorengan Sepi (< 5M),Anomali Tinggi (150-300%),Mark-Down (Fase Runtuh),Normal,Normal,Turun 1 Hari Beruntun,TP: 333 | CL: 287,Normal,Sangat Menarik (> 1:3),Netral / Sideways,Sentimen Negatif ⚠️,Normal / Sedang Transisi,Mendekati Fibo Bottom / 100%,2,WAIT & SEE,TIDAK ADA,2026-08-19 16:40:03,Biasa / Mengikuti Pasar
16:40,DMND,Token Mati (Perlu Update),Mid Cap (Lapis 2),Undervalued (Murah),11.927665,0.8813378,620.0,621,560,640,-1.5873015873015872,4300,Normal,50,Negatif,Downtrend,Bullish,Bearish MACD,Perfect Uptrend (5>20>50),Normal,Akumulasi (Naik),Normal,Dominan Jual (Guyur),Squeeze,Rendah,Normal,Rawan Pucuk (High Risk),< 1 Miliar,Persis di VWAP,Akumulasi Pro (Smart Money),Gorengan Sepi (< 5M),Sepi (< 50%),Distribution (Fase Jualan),Normal,Normal,Turun 1 Hari Beruntun,TP: 651 | CL: 598,Open = High (Tekanan Jual),Tidak Ideal (< 1:1),Death Cross (Awal Bearish),Sentimen Positif 📰,Normal / Sedang Transisi,Dekat Support Fibo 23.6%,3,WAIT & SEE,TIDAK ADA,2026-08-19 16:40:03,Biasa / Mengikuti Pasar
16:40,PURA,Token Mati (Perlu Update),Small Cap (Lapis 3),Fair Value (Wajar),22.11472,0.38738573,32.0,32,30,34,-3.0303030303030303,1773700,Normal,49,Negatif,Downtrend,Bullish,Strong Bullish,Perfect Uptrend (5>20>50),Normal,Akumulasi (Naik),Gap Down (-3.0%),Dominan Jual (Guyur),Normal,Sedang,Doji (Ragu-ragu),Area Tengah,< 1 Miliar,Di Bawah VWAP (Lemah),Akumulasi Pro (Smart Money),Gorengan Sepi (< 5M),Sepi (< 50%),Distribution (Fase Jualan),Normal,Normal,Turun 1 Hari Beruntun,TP: 33 | CL: 31,Normal,Menengah (1:1),Netral / Sideways,Netral / Sepi Berita,Normal / Sedang Transisi,Dekat Support Fibo 78.6%,3,WAIT & SEE,TIDAK ADA,2026-08-19 16:40:03,Biasa / Mengikuti Pasar
16:40,PTPW,Token Mati (Perlu Update),Mid Cap (Lapis 2),Fair Value (Wajar),15.598656,1.5614618,1175.0,1162,1120,1230,-0.423728813559322,25700,Normal,54,Negatif,Uptrend,Bullish,Bearish MACD,Perfect Uptrend (5>20>50),Normal,Akumulasi (Naik),Normal,Dominan Jual (Guyur),Normal,Sedang,Doji (Ragu-ragu),Area Tengah,< 1 Miliar,Persis di VWAP,Akumulasi Pro (Smart Money),Gorengan Sepi (< 5M),Normal (50-150%),Mark-Up (Fase Pesta),Normal,Normal,Turun 1 Hari Beruntun,TP: 1202 | CL: 1156,Normal,Menengah (1:1),Netral / Sideways,Sentimen Positif 📰,Normal / Sedang Transisi,Mengambang (Jauh dari Fibo),5,WAIT & SEE,TIDAK ADA,2026-08-19 16:40:03,Biasa / Mengikuti Pasar
16:40,TAMA,Token Mati (Perlu Update),Small Cap (Lapis 3),Overvalued (Mahal),0.0,10.022018,262.0,238,182,284,0.7692307692307693,3856800,Normal,68,Positif,Uptrend,Bullish,Strong Bullish,Perfect Uptrend (5>20>50),Normal,Akumulasi (Naik),Normal,Seimbang / Adu Mekanik,Normal,Tinggi,Doji (Ragu-ragu),Rawan Pucuk (High Risk),> 1 Miliar,Persis di VWAP,Distribusi Pro (Guyuran),Ritel Aktif (5M - 50M),Sepi (< 50%),Mark-Up (Fase Pesta),Spesialis Tiang Jemuran (Banting Pucuk),Normal,Naik 1 Hari Beruntun,TP: 295 | CL: 240,Normal,Tidak Ideal (< 1:1),Netral / Sideways,Sentimen Negatif ⚠️,Normal / Sedang Transisi,Mengambang (Jauh dari Fibo),6,WAIT & SEE,TIDAK ADA,2026-08-19 16:40:03,Biasa / Mengikuti Pasar
16:40,IKAN,Token Mati (Perlu Update),Small Cap (Lapis 3),Overvalued (Mahal),43.877552,0.96529424,86.0,85,79,105,-1.1494252873563218,24126800,Normal,54,Negatif,Uptrend,Bullish,Bearish MACD,Perfect Uptrend (5>20>50),Normal,Akumulasi (Naik),Normal,Dominan Jual (Guyur),Normal,Sedang,Normal,Area Tengah,> 1 Miliar,Di Bawah VWAP (Lemah),Distribusi Pro (Guyuran),Ritel Aktif (5M - 50M),Normal (50-150%),Mark-Up (Fase Pesta),Spesialis Tiang Jemuran (Banting Pucuk),Normal,Turun 1 Hari Beruntun,TP: 95 | CL: 79,Normal,Ideal (1:2),Netral / Sideways,Sentimen Negatif ⚠️,Normal / Sedang Transisi,Dekat Support Fibo 50.0%,4,WAIT & SEE,TIDAK ADA,2026-08-19 16:40:03,Biasa / Mengikuti Pasar
16:40,SAMF,Token Mati (Perlu Update),Mid Cap (Lapis 2),Fair Value (Wajar),10.471204,1.5671612,280.0,279,268,298,0.7194244604316548,325100,Tembus MA20,52,Positif,Uptrend,Bullish,Strong Bullish,Perfect Uptrend (5>20>50),Normal,Akumulasi (Naik),Normal,Dominan Jual (Guyur),Squeeze,Rendah,Doji (Ragu-ragu),Area Tengah,< 1 Miliar,Persis di VWAP,Distribusi Pro (Guyuran),Gorengan Sepi (< 5M),Ledakan Ekstrem (> 300%),Mark-Up (Fase Pesta),Spesialis Tiang Jemuran (Banting Pucuk),Normal,Naik 1 Hari Beruntun,TP: 292 | CL: 271,Normal,Ideal (1:2),Netral / Sideways,Sentimen Positif 📰,Normal / Sedang Transisi,Dekat Support Fibo 38.2%,8,BELI,TIDAK ADA,2026-08-19 16:40:03,Biasa / Mengikuti Pasar
16:40,SBAT,Token Mati (Perlu Update),Small Cap (Lapis 3),Fair Value (Wajar),0.0,0.03221857,1.0,1,1,1,0.0,0,Normal,0,Negatif,Downtrend,Bearish,Bearish MACD,Konsolidasi / Transisi,Normal,Netral,Normal,Tidak Ada Transaksi,Squeeze,Rendah,Doji (Ragu-ragu),Dekat Support (Low Risk),< 1 Miliar,Di Atas VWAP (Kuat),Netral,Gorengan Sepi (< 5M),Normal (50-150%),Sideways,Solid (Jarang Dibanting),Normal,Sideways / Stagnan,TP: 2 | CL: 0,Normal,Di Area Support,Oversold (Jenuh Jual - Peluang),Netral / Sepi Berita,Normal / Sedang Transisi,Normal / Sideways,0,WAIT & SEE,TIDAK ADA,2026-08-19 16:40:03,Biasa / Mengikuti Pasar
16:40,KBAG,Token Mati (Perlu Update),Small Cap (Lapis 3),Fair Value (Wajar),0.0,1.0380036,49.0,46,40,51,0.0,12127600,Tembus MA20,60,Negatif,Uptrend,Bullish,Strong Bullish,Perfect Uptrend (5>20>50),Normal,Distribusi (Turun),Normal,Tidak Ada Transaksi,Normal,Tinggi,Doji (Ragu-ragu),Rawan Pucuk (High Risk),< 1 Miliar,Persis di VWAP,Distribusi Pro (Guyuran),Gorengan Sepi (< 5M),Normal (50-150%),Mark-Up (Fase Pesta),Normal,Normal,Sideways / Stagnan,TP: 51 | CL: 47,Normal,Tidak Ideal (< 1:1),Overbought (Jenuh Beli - Rawan),Netral / Sepi Berita,Normal / Sedang Transisi,Mengambang (Jauh dari Fibo),5,WAIT & SEE,TIDAK ADA,2026-08-19 16:40:03,Biasa / Mengikuti Pasar
16:40,RONY,Token Mati (Perlu Update),Mid Cap (Lapis 2),Overvalued (Mahal),0.0,673.0769,1225.0,1310,1135,1660,-1.6064257028112447,15600,Normal,48,Negatif,Downtrend,Bearish,Bearish MACD,Konsolidasi / Transisi,Normal,Distribusi (Turun),Normal,Seimbang / Adu Mekanik,Normal,Tinggi,Normal,Area Tengah,< 1 Miliar,Persis di VWAP,Distribusi Pro (Guyuran),Gorengan Sepi (< 5M),Normal (50-150%),Distribution (Fase Jualan),Spesialis Tiang Jemuran (Banting Pucuk),Normal,Turun 1 Hari Beruntun,TP: 1374 | CL: 1125,Normal,Sangat Menarik (> 1:3),Golden Cross (Awal Bullish),Netral / Sepi Berita,Normal / Sedang Transisi,Mengambang (Jauh dari Fibo),0,WAIT & SEE,TIDAK ADA,2026-08-19 16:40:03,Biasa / Mengikuti Pasar
16:40,CSMI,Token Mati (Perlu Update),Small Cap (Lapis 3),Overvalued (Mahal),0.0,30.492378,122.0,89,70,145,-1.6129032258064515,17174000,Normal,75,Negatif,Uptrend,Bullish,Strong Bullish,Perfect Uptrend (5>20>50),Normal,Akumulasi (Naik),Normal,Seimbang / Adu Mekanik,Normal,Tinggi,Doji (Ragu-ragu),Rawan Pucuk (High Risk),> 1 Miliar,Di Bawah VWAP (Lemah),Distribusi Pro (Guyuran),Ritel Aktif (5M - 50M),Sepi (< 50%),Mark-Up (Fase Pesta),Spesialis Tiang Jemuran (Banting Pucuk),Normal,Turun 2 Hari Beruntun,TP: 139 | CL: 110,Normal,Tidak Ideal (< 1:1),Death Cross (Awal Bearish),Sentimen Negatif ⚠️,Normal / Sedang Transisi,Mengambang (Jauh dari Fibo),5,WAIT & SEE,TIDAK ADA,2026-08-19 16:40:03,Biasa / Mengikuti Pasar
16:40,BBSS,Token Mati (Perlu Update),Small Cap (Lapis 3),Fair Value (Wajar),0.0,2.111891,108.0,98,90,129,0.9345794392523363,6836800,Tembus MA20,68,Positif,Uptrend,Bullish,Strong Bullish,Perfect Uptrend (5>20>50),Normal,Akumulasi (Naik),Normal,Seimbang / Adu Mekanik,Normal,Tinggi,Normal,Rawan Pucuk (High Risk),< 1 Miliar,Persis di VWAP,Distribusi Pro (Guyuran),Gorengan Sepi (< 5M),Normal (50-150%),Mark-Up (Fase Pesta),Spesialis Tiang Jemuran (Banting Pucuk),Normal,Naik 2 Hari Beruntun,TP: 120 | CL: 100,Normal,Menengah (1:1),Golden Cross (Awal Bullish),Sentimen Positif 📰,Normal / Sedang Transisi,Mengambang (Jauh dari Fibo),8,BELI,TIDAK ADA,2026-08-19 16:40:03,Biasa / Mengikuti Pasar
16:40,CASH,Token Mati (Perlu Update),Small Cap (Lapis 3),Overvalued (Mahal),0.0,8.167396,228.0,224,195,266,8.571428571428571,3298200,Tembus MA20,57,Positif,Uptrend,Bearish,Bearish MACD,Konsolidasi / Transisi,Normal,Akumulasi (Naik),Normal,Dominan Beli (Hajar Kanan),Normal,Tinggi,Marubozu (Strong Bullish),Rawan Pucuk (High Risk),< 1 Miliar,Di Atas VWAP (Kuat),Akumulasi Pro (Smart Money),Gorengan Sepi (< 5M),Anomali Tinggi (150-300%),Mark-Up (Fase Pesta),Normal,Normal,Naik 3 Hari Beruntun,TP: 249 | CL: 213,Open = Low (Bullish Kuat),Menengah (1:1),Netral / Sideways,Sentimen Negatif ⚠️,Normal / Sedang Transisi,Mendekati Fibo 38.2%,6,WAIT & SEE,TIDAK ADA,2026-08-19 16:40:03,Biasa / Mengikuti Pasar
16:40,EPAC,Token Mati (Perlu Update),Small Cap (Lapis 3),Fair Value (Wajar),0.0,2.5715904,59.0,60,58,69,1.7241379310344827,24352000,Normal,42,Positif,Downtrend,Bearish,Bullish MACD,Strong Downtrend (5<20<50),Normal,Akumulasi (Naik),Normal,Dominan Beli (Hajar Kanan),Normal,Sedang,Doji (Ragu-ragu),Dekat Support (Low Risk),> 1 Miliar,Di Bawah VWAP (Lemah),Distribusi Pro (Guyuran),Ritel Aktif (5M - 50M),Sepi (< 50%),Mark-Down (Fase Runtuh),Normal,Jarum Bawah (Sinyal Pantulan Kuat),Naik 1 Hari Beruntun,TP: 63 | CL: 55,Normal,Sangat Menarik (> 1:3),Oversold (Jenuh Jual - Peluang),Sentimen Positif 📰,Normal / Sedang Transisi,Mendekati Fibo 78.6%,5,WAIT & SEE,TIDAK ADA,2026-08-19 16:40:03,Biasa / Mengikuti Pasar
16:40,UANG,Token Mati (Perlu Update),Mid Cap (Lapis 2),Overvalued (Mahal),40.816326,8.940446,2420.0,2395,2150,2560,-1.2244897959183674,70400,Normal,52,Negatif,Uptrend,Bullish,Bearish MACD,Perfect Uptrend (5>20>50),Normal,Akumulasi (Naik),Normal,Seimbang / Adu Mekanik,Normal,Tinggi,Doji (Ragu-ragu),Rawan Pucuk (High Risk),< 1 Miliar,Persis di VWAP,Akumulasi Pro (Smart Money),Gorengan Sepi (< 5M),Normal (50-150%),Mark-Up (Fase Pesta),Normal,Normal,Turun 1 Hari Beruntun,TP: 2618 | CL: 2287,Normal,Tidak Ideal (< 1:1),Death Cross (Awal Bearish),Sentimen Negatif ⚠️,Normal / Sedang Transisi,Mendekati Fibo 61.8% (Golden Ratio),4,WAIT & SEE,TIDAK ADA,2026-08-19 16:40:03,Biasa / Mengikuti Pasar
16:40,PGUN,Token Mati (Perlu Update),Big Cap (Lapis 1),Overvalued (Mahal),400.47394,25.215675,8425.0,7731,7150,9500,-8.174386920980927,540200,Tembus MA20,60,Negatif,Uptrend,Bullish,Strong Bullish,Perfect Uptrend (5>20>50),Distribusi Kuat,Distribusi (Turun),Normal,Seimbang / Adu Mekanik,Normal,Tinggi,Normal,Rawan Pucuk (High Risk),> 1 Miliar,Persis di VWAP,Akumulasi Pro (Smart Money),Gorengan Sepi (< 5M),Ledakan Ekstrem (> 300%),Mark-Up (Fase Pesta),Spesialis Tiang Jemuran (Banting Pucuk),Normal,Turun 1 Hari Beruntun,TP: 9158 | CL: 7935,Open = High (Tekanan Jual),Tidak Ideal (< 1:1),Death Cross (Awal Bearish),Sentimen Positif 📰,Supply Banjir (Distribusi) 🌊,Mengambang (Jauh dari Fibo),6,WAIT & SEE,TIDAK ADA,2026-08-19 16:40:03,Biasa / Mengikuti Pasar
16:40,SOFA,Token Mati (Perlu Update),Small Cap (Lapis 3),Overvalued (Mahal),0.0,12.825413,300.0,238,195,302,8.695652173913043,8218100,Tembus MA20,66,Positif,Uptrend,Bullish,Strong Bullish,Perfect Uptrend (5>20>50),Akumulasi Kuat,Akumulasi (Naik),Normal,Dominan Beli (Hajar Kanan),Breakout Upper,Tinggi,Normal,Rawan Pucuk (High Risk),> 1 Miliar,Di Atas VWAP (Kuat),Akumulasi Pro (Smart Money),Gorengan Sepi (< 5M),Anomali Tinggi (150-300%),Mark-Up (Fase Pesta),Normal,Normal,Naik 2 Hari Beruntun,TP: 336 | CL: 275,Normal,Tidak Ideal (< 1:1),Overbought (Jenuh Beli - Rawan),Netral / Sepi Berita,Normal / Sedang Transisi,Mendekati Fibo 61.8% (Golden Ratio),9,BELI,TIDAK ADA,2026-08-19 16:40:03,Biasa / Mengikuti Pasar
16:40,PPGL,Token Mati (Perlu Update),Small Cap (Lapis 3),Fair Value (Wajar),9.446581,2.2650964,226.0,209,188,242,2.727272727272727,2000200,Normal,66,Positif,Uptrend,Bullish,Strong Bullish,Perfect Uptrend (5>20>50),Normal,Akumulasi (Naik),Normal,Seimbang / Adu Mekanik,Breakout Upper,Sedang,Normal,Rawan Pucuk (High Risk),< 1 Miliar,Di Atas VWAP (Kuat),Akumulasi Pro (Smart Money),Gorengan Sepi (< 5M),Normal (50-150%),Mark-Up (Fase Pesta),Normal,Normal,Naik 2 Hari Beruntun,TP: 240 | CL: 216,Open = Low (Bullish Kuat),Tidak Ideal (< 1:1),Overbought (Jenuh Beli - Rawan),Netral / Sepi Berita,Normal / Sedang Transisi,Mengambang (Jauh dari Fibo),6,WAIT & SEE,TIDAK ADA,2026-08-19 16:40:03,Biasa / Mengikuti Pasar
16:40,TOYS,Token Mati (Perlu Update),Small Cap (Lapis 3),Fair Value (Wajar),0.0,0.04635451,8.0,8,8,8,0.0,0,Normal,0,Negatif,Downtrend,Bearish,Bearish MACD,Konsolidasi / Transisi,Normal,Netral,Normal,Tidak Ada Transaksi,Squeeze,Rendah,Doji (Ragu-ragu),Dekat Support (Low Risk),< 1 Miliar,Di Atas VWAP (Kuat),Netral,Gorengan Sepi (< 5M),Normal (50-150%),Sideways,Solid (Jarang Dibanting),Normal,Sideways / Stagnan,TP: 9 | CL: 7,Normal,Di Area Support,Oversold (Jenuh Jual - Peluang),Netral / Sepi Berita,Normal / Sedang Transisi,Normal / Sideways,0,WAIT & SEE,TIDAK ADA,2026-08-19 16:40:03,Biasa / Mengikuti Pasar
16:40,SGER,Token Mati (Perlu Update),Mid Cap (Lapis 2),Overvalued (Mahal),32.59362,2.9938023,470.0,465,424,505,-1.2605042016806722,14342900,Normal,58,Negatif,Uptrend,Bullish,Bearish MACD,Perfect Uptrend (5>20>50),Normal,Distribusi (Turun),Normal,Dominan Jual (Guyur),Normal,Tinggi,Normal,Rawan Pucuk (High Risk),> 1 Miliar,Persis di VWAP,Distribusi Pro (Guyuran),Ritel Aktif (5M - 50M),Normal (50-150%),Mark-Up (Fase Pesta),Normal,Normal,Turun 1 Hari Beruntun,TP: 497 | CL: 452,Open = High (Tekanan Jual),Tidak Ideal (< 1:1),Death Cross (Awal Bearish),Sentimen Positif 📰,Normal / Sedang Transisi,Mengambang (Jauh dari Fibo),4,WAIT & SEE,TIDAK ADA,2026-08-19 16:40:03,Biasa / Mengikuti Pasar
16:40,TRJA,Token Mati (Perlu Update),Small Cap (Lapis 3),Undervalued (Murah),3.73506,0.46573,120.0,112,105,135,-1.639344262295082,1828800,Normal,63,Negatif,Uptrend,Bullish,Strong Bullish,Perfect Uptrend (5>20>50),Normal,Akumulasi (Naik),Normal,Dominan Jual (Guyur),Normal,Tinggi,Doji (Ragu-ragu),Rawan Pucuk (High Risk),< 1 Miliar,Di Bawah VWAP (Lemah),Distribusi Pro (Guyuran),Gorengan Sepi (< 5M),Sepi (< 50%),Mark-Up (Fase Pesta),Spesialis Tiang Jemuran (Banting Pucuk),Normal,Turun 1 Hari Beruntun,TP: 131 | CL: 112,Normal,Menengah (1:1),Netral / Sideways,Netral / Sepi Berita,Normal / Sedang Transisi,Dekat Support Fibo 38.2%,5,WAIT & SEE,TIDAK ADA,2026-08-19 16:40:03,Biasa / Mengikuti Pasar
16:40,PNGO,Token Mati (Perlu Update),Mid Cap (Lapis 2),Fair Value (Wajar),8.3668165,2.1887994,3540.0,3547,3450,3650,0.5681818181818182,400,Normal,53,Positif,Downtrend,Bearish,Bearish MACD,Konsolidasi / Transisi,Normal,Distribusi (Turun),Normal,Dominan Beli (Hajar Kanan),Squeeze,Rendah,Marubozu (Strong Bullish),Dekat Support (Low Risk),< 1 Miliar,Persis di VWAP,Akumulasi Pro (Smart Money),Gorengan Sepi (< 5M),Sepi (< 50%),Distribution (Fase Jualan),Spesialis Tiang Jemuran (Banting Pucuk),Normal,Naik 1 Hari Beruntun,TP: 3566 | CL: 3522,Open = Low (Bullish Kuat),Menengah (1:1),Netral / Sideways,Sentimen Positif 📰,Supply Kering (Siap Pump) 🏜️,Golden Rebound Fibo 38.2% 🎯,4,WAIT & SEE,TIDAK ADA,2026-08-19 16:40:03,Biasa / Mengikuti Pasar
16:40,SCNP,Token Mati (Perlu Update),Small Cap (Lapis 3),Fair Value (Wajar),0.0,0.95902294,147.0,154,138,200,-1.342281879194631,82800,Normal,43,Negatif,Downtrend,Bearish,Strong Bearish,Konsolidasi / Transisi,Normal,Distribusi (Turun),Normal,Dominan Jual (Guyur),Bottom Rebound,Sedang,Normal,Area Tengah,< 1 Miliar,Persis di VWAP,Akumulasi Pro (Smart Money),Gorengan Sepi (< 5M),Sepi (< 50%),Distribution (Fase Jualan),Spesialis Tiang Jemuran (Banting Pucuk),Normal,Turun 3 Hari Beruntun,TP: 159 | CL: 138,Normal,Sangat Menarik (> 1:3),Golden Cross (Awal Bullish),Sentimen Positif 📰,Supply Kering (Siap Pump) 🏜️,Mendekati Fibo 78.6%,1,WAIT & SEE,TIDAK ADA,2026-08-19 16:40:03,Biasa / Mengikuti Pasar
16:40,BBSI,Token Mati (Perlu Update),Big Cap (Lapis 1),Overvalued (Mahal),97.0894,4.813232,4670.0,4678,4500,4730,-0.6382978723404255,900,Normal,50,Negatif,Downtrend,Bearish,Strong Bearish,Konsolidasi / Transisi,Normal,Distribusi (Turun),Normal,Seimbang / Adu Mekanik,Squeeze,Rendah,Doji (Ragu-ragu),Area Tengah,< 1 Miliar,Persis di VWAP,Akumulasi Pro (Smart Money),Gorengan Sepi (< 5M),Normal (50-150%),Distribution (Fase Jualan),Normal,Jarum Bawah (Sinyal Pantulan Kuat),Turun 1 Hari Beruntun,TP: 4788 | CL: 4590,Normal,Tidak Ideal (< 1:1),Netral / Sideways,Sentimen Positif 📰,Normal / Sedang Transisi,Mendekati Fibo 23.6%,1,WAIT & SEE,TIDAK ADA,2026-08-19 16:40:03,Biasa / Mengikuti Pasar
16:40,KMDS,Token Mati (Perlu Update),Small Cap (Lapis 3),Fair Value (Wajar),5.75841,1.5546619,525.0,535,505,555,0.9615384615384616,12100,Normal,45,Positif,Downtrend,Bearish,Strong Bearish,Konsolidasi / Transisi,Normal,Distribusi (Turun),Normal,Seimbang / Adu Mekanik,Squeeze,Rendah,Normal,Area Tengah,< 1 Miliar,Persis di VWAP,Distribusi Pro (Guyuran),Gorengan Sepi (< 5M),Sepi (< 50%),Distribution (Fase Jualan),Solid (Jarang Dibanting),Normal,Naik 1 Hari Beruntun,TP: 550 | CL: 507,Open = Low (Bullish Kuat),Ideal (1:2),Golden Cross (Awal Bullish),Sentimen Positif 📰,Normal / Sedang Transisi,Dekat Support Fibo 61.8% (Golden Ratio),2,WAIT & SEE,TIDAK ADA,2026-08-19 16:40:03,Biasa / Mengikuti Pasar
16:40,PURI,Token Mati (Perlu Update),Small Cap (Lapis 3),Overvalued (Mahal),26.069395,1.5770068,140.0,137,132,149,0.7194244604316548,344400,Normal,55,Positif,Uptrend,Golden Cross,Strong Bullish,Perfect Uptrend (5>20>50),Normal,Akumulasi (Naik),Gap Up (+2.2%),Seimbang / Adu Mekanik,Squeeze,Rendah,Normal,Area Tengah,< 1 Miliar,Persis di VWAP,Distribusi Pro (Guyuran),Gorengan Sepi (< 5M),Sepi (< 50%),Mark-Up (Fase Pesta),Spesialis Tiang Jemuran (Banting Pucuk),Normal,Naik 2 Hari Beruntun,TP: 150 | CL: 133,Open = High (Tekanan Jual),Menengah (1:1),Golden Cross (Awal Bullish),Sentimen Positif 📰,Normal / Sedang Transisi,Dekat Support Fibo 61.8% (Golden Ratio),8,BELI,TIDAK ADA,2026-08-19 16:40:03,Biasa / Mengikuti Pasar
16:40,SOHO,Token Mati (Perlu Update),Big Cap (Lapis 1),Overvalued (Mahal),22.174402,5.423862,1185.0,1190,1100,1455,0.0,20300,Normal,48,Negatif,Downtrend,Bearish,Strong Bearish,Konsolidasi / Transisi,Normal,Akumulasi (Naik),Normal,Dominan Jual (Guyur),Squeeze,Rendah,Doji (Ragu-ragu),Area Tengah,< 1 Miliar,Persis di VWAP,Distribusi Pro (Guyuran),Gorengan Sepi (< 5M),Sepi (< 50%),Distribution (Fase Jualan),Spesialis Tiang Jemuran (Banting Pucuk),Normal,Sideways / Stagnan,TP: 1273 | CL: 1126,Normal,Sangat Menarik (> 1:3),Golden Cross (Awal Bullish),Sentimen Positif 📰,Normal / Sedang Transisi,Dekat Support Fibo 78.6%,2,WAIT & SEE,TIDAK ADA,2026-08-19 16:40:03,Biasa / Mengikuti Pasar
16:40,ROCK,Token Mati (Perlu Update),Mid Cap (Lapis 2),Overvalued (Mahal),104.21601,3.7761953,2190.0,1902,1500,2490,5.797101449275362,262400,Tembus MA20,59,Positif,Uptrend,Bullish,Strong Bullish,Perfect Uptrend (5>20>50),Normal,Akumulasi (Naik),Normal,Dominan Jual (Guyur),Normal,Tinggi,Normal,Rawan Pucuk (High Risk),< 1 Miliar,Di Bawah VWAP (Lemah),Distribusi Pro (Guyuran),Gorengan Sepi (< 5M),Normal (50-150%),Mark-Up (Fase Pesta),Normal,Normal,Naik 1 Hari Beruntun,TP: 2528 | CL: 1964,Open = Low (Bullish Kuat),Tidak Ideal (< 1:1),Netral / Sideways,Sentimen Negatif ⚠️,Normal / Sedang Transisi,Mengambang (Jauh dari Fibo),7,BELI,TIDAK ADA,2026-08-19 16:40:03,Biasa / Mengikuti Pasar
16:40,ENZO,Token Mati (Perlu Update),Small Cap (Lapis 3),Fair Value (Wajar),15.068215,0.91327584,73.0,72,60,96,0.0,8032600,Normal,51,Negatif,Uptrend,Bullish,Bearish MACD,Perfect Uptrend (5>20>50),Normal,Distribusi (Turun),Normal,Seimbang / Adu Mekanik,Normal,Tinggi,Doji (Ragu-ragu),Rawan Pucuk (High Risk),< 1 Miliar,Di Bawah VWAP (Lemah),Distribusi Pro (Guyuran),Gorengan Sepi (< 5M),Sepi (< 50%),Mark-Up (Fase Pesta),Spesialis Tiang Jemuran (Banting Pucuk),Jarum Bawah (Sinyal Pantulan Kuat),Sideways / Stagnan,TP: 83 | CL: 66,Normal,Ideal (1:2),Netral / Sideways,Sentimen Positif 📰,Normal / Sedang Transisi,Mengambang (Jauh dari Fibo),4,WAIT & SEE,TIDAK ADA,2026-08-19 16:40:03,Biasa / Mengikuti Pasar
16:40,PLAN,Token Mati (Perlu Update),Small Cap (Lapis 3),Fair Value (Wajar),0.0,0.64697367,38.0,38,36,41,0.0,1436900,Normal,50,Negatif,Downtrend,Bearish,Bearish MACD,Konsolidasi / Transisi,Normal,Netral,Normal,Dominan Beli (Hajar Kanan),Squeeze,Rendah,Doji (Ragu-ragu),Area Tengah,< 1 Miliar,Di Atas VWAP (Kuat),Akumulasi Pro (Smart Money),Gorengan Sepi (< 5M),Normal (50-150%),Distribution (Fase Jualan),Normal,Jarum Bawah (Sinyal Pantulan Kuat),Sideways / Stagnan,TP: 40 | CL: 36,Normal,Ideal (1:2),Netral / Sideways,Netral / Sepi Berita,Normal / Sedang Transisi,Mendekati Fibo 61.8% (Golden Ratio),1,WAIT & SEE,TIDAK ADA,2026-08-19 16:40:03,Biasa / Mengikuti Pasar
16:40,PTDU,Token Mati (Perlu Update),Small Cap (Lapis 3),Fair Value (Wajar),11.330527,-9.019456,70.0,70,70,70,0.0,0,Normal,0,Negatif,Downtrend,Bearish,Bearish MACD,Konsolidasi / Transisi,Normal,Netral,Normal,Tidak Ada Transaksi,Squeeze,Rendah,Doji (Ragu-ragu),Dekat Support (Low Risk),< 1 Miliar,Di Atas VWAP (Kuat),Netral,Gorengan Sepi (< 5M),Normal (50-150%),Sideways,Solid (Jarang Dibanting),Normal,Sideways / Stagnan,TP: 71 | CL: 69,Normal,Di Area Support,Oversold (Jenuh Jual - Peluang),Netral / Sepi Berita,Normal / Sedang Transisi,Normal / Sideways,0,WAIT & SEE,TIDAK ADA,2026-08-19 16:40:03,Biasa / Mengikuti Pasar
16:40,ATAP,Token Mati (Perlu Update),Small Cap (Lapis 3),Overvalued (Mahal),190.83969,10.192433,625.0,580,515,660,1.6260162601626018,726000,Normal,63,Positif,Uptrend,Bullish,Bearish MACD,Perfect Uptrend (5>20>50),Normal,Akumulasi (Naik),Normal,Seimbang / Adu Mekanik,Normal,Tinggi,Normal,Rawan Pucuk (High Risk),< 1 Miliar,Di Atas VWAP (Kuat),Distribusi Pro (Guyuran),Gorengan Sepi (< 5M),Normal (50-150%),Mark-Up (Fase Pesta),Spesialis Tiang Jemuran (Banting Pucuk),Normal,Naik 2 Hari Beruntun,TP: 697 | CL: 576,Normal,Tidak Ideal (< 1:1),Netral / Sideways,Sentimen Negatif ⚠️,Normal / Sedang Transisi,Mengambang (Jauh dari Fibo),5,WAIT & SEE,TIDAK ADA,2026-08-19 16:40:03,Biasa / Mengikuti Pasar
16:40,VICI,Token Mati (Perlu Update),Mid Cap (Lapis 2),Overvalued (Mahal),39.840637,3.6854584,610.0,592,565,610,0.8264462809917356,1175300,Tembus MA20,57,Positif,Uptrend,Bullish,Strong Bullish,Awal Reversal (5>20),Normal,Akumulasi (Naik),Normal,Dominan Beli (Hajar Kanan),Normal,Sedang,Normal,Area Tengah,< 1 Miliar,Di Atas VWAP (Kuat),Akumulasi Pro (Smart Money),Gorengan Sepi (< 5M),Normal (50-150%),Accumulation (Kumpul Barang),Normal,Normal,Naik 2 Hari Beruntun,TP: 637 | CL: 591,Normal,Tidak Ideal (< 1:1),Overbought (Jenuh Beli - Rawan),Sentimen Positif 📰,Normal / Sedang Transisi,Mendekati Fibo 50.0%,9,BELI,TIDAK ADA,2026-08-19 16:40:03,Biasa / Mengikuti Pasar
16:40,PMMP,Token Mati (Perlu Update),Small Cap (Lapis 3),Overvalued (Mahal),12499.999,-1724.138,50.0,50,50,50,0.0,0,Normal,0,Negatif,Downtrend,Bearish,Bearish MACD,Konsolidasi / Transisi,Normal,Netral,Normal,Tidak Ada Transaksi,Squeeze,Rendah,Doji (Ragu-ragu),Dekat Support (Low Risk),< 1 Miliar,Di Atas VWAP (Kuat),Netral,Gorengan Sepi (< 5M),Normal (50-150%),Sideways,Solid (Jarang Dibanting),Normal,Sideways / Stagnan,TP: 51 | CL: 49,Normal,Di Area Support,Oversold (Jenuh Jual - Peluang),Netral / Sepi Berita,Normal / Sedang Transisi,Normal / Sideways,0,WAIT & SEE,TIDAK ADA,2026-08-19 16:40:03,Biasa / Mengikuti Pasar
16:40,BANK,Token Mati (Perlu Update),Mid Cap (Lapis 2),Overvalued (Mahal),47.942753,1.1414018,270.0,278,266,304,0.0,763500,Normal,43,Negatif,Downtrend,Bearish,Strong Bearish,Konsolidasi / Transisi,Normal,Distribusi (Turun),Normal,Seimbang / Adu Mekanik,Normal,Sedang,Normal,Dekat Support (Low Risk),< 1 Miliar,Persis di VWAP,Distribusi Pro (Guyuran),Gorengan Sepi (< 5M),Sepi (< 50%),Distribution (Fase Jualan),Normal,Normal,Sideways / Stagnan,TP: 280 | CL: 263,Open = High (Tekanan Jual),Sangat Menarik (> 1:3),Golden Cross (Awal Bullish),Sentimen Positif 📰,Normal / Sedang Transisi,Mendekati Fibo 78.6%,1,WAIT & SEE,TIDAK ADA,2026-08-19 16:40:03,Biasa / Mengikuti Pasar
16:40,WMUU,Token Mati (Perlu Update),Small Cap (Lapis 3),Fair Value (Wajar),0.0,0.9208731,54.0,54,50,64,0.0,53586800,Normal,52,Negatif,Downtrend,Bullish,Bearish MACD,Perfect Uptrend (5>20>50),Normal,Distribusi (Turun),Normal,Seimbang / Adu Mekanik,Normal,Tinggi,Doji (Ragu-ragu),Area Tengah,> 1 Miliar,Di Bawah VWAP (Lemah),Distribusi Pro (Guyuran),Ritel Aktif (5M - 50M),Sepi (< 50%),Distribution (Fase Jualan),Spesialis Tiang Jemuran (Banting Pucuk),Normal,Sideways / Stagnan,TP: 59 | CL: 50,Normal,Ideal (1:2),Netral / Sideways,Sentimen Positif 📰,Normal / Sedang Transisi,Dekat Support Fibo 78.6%,3,WAIT & SEE,TIDAK ADA,2026-08-19 16:40:03,Biasa / Mengikuti Pasar
16:40,EDGE,Token Mati (Perlu Update),Mid Cap (Lapis 2),Overvalued (Mahal),81.29668,5.354444,4790.0,4790,4790,4790,0.0,0,Normal,0,Negatif,Downtrend,Bearish,Bearish MACD,Konsolidasi / Transisi,Normal,Netral,Normal,Tidak Ada Transaksi,Squeeze,Rendah,Doji (Ragu-ragu),Dekat Support (Low Risk),< 1 Miliar,Di Atas VWAP (Kuat),Netral,Gorengan Sepi (< 5M),Normal (50-150%),Sideways,Solid (Jarang Dibanting),Normal,Sideways / Stagnan,TP: 4791 | CL: 4789,Normal,Di Area Support,Oversold (Jenuh Jual - Peluang),Netral / Sepi Berita,Normal / Sedang Transisi,Normal / Sideways,0,WAIT & SEE,TIDAK ADA,2026-08-19 16:40:03,Biasa / Mengikuti Pasar
16:40,UNIQ,Token Mati (Perlu Update),Small Cap (Lapis 3),Undervalued (Murah),13.504074,0.75591207,116.0,112,100,122,0.8695652173913043,929800,Normal,60,Positif,Uptrend,Bullish,Bearish MACD,Perfect Uptrend (5>20>50),Normal,Akumulasi (Naik),Normal,Seimbang / Adu Mekanik,Normal,Sedang,Normal,Rawan Pucuk (High Risk),< 1 Miliar,Persis di VWAP,Distribusi Pro (Guyuran),Gorengan Sepi (< 5M),Sepi (< 50%),Mark-Up (Fase Pesta),Spesialis Tiang Jemuran (Banting Pucuk),Normal,Naik 1 Hari Beruntun,TP: 123 | CL: 111,Normal,Tidak Ideal (< 1:1),Death Cross (Awal Bearish),Netral / Sepi Berita,Normal / Sedang Transisi,Mendekati Fibo 23.6%,5,WAIT & SEE,TIDAK ADA,2026-08-19 16:40:03,Biasa / Mengikuti Pasar
16:40,BEBS,Token Mati (Perlu Update),Small Cap (Lapis 3),Fair Value (Wajar),0.0,0.27855152,5.0,5,5,5,0.0,0,Normal,0,Negatif,Downtrend,Bearish,Bearish MACD,Konsolidasi / Transisi,Normal,Netral,Normal,Tidak Ada Transaksi,Squeeze,Rendah,Doji (Ragu-ragu),Dekat Support (Low Risk),< 1 Miliar,Di Atas VWAP (Kuat),Netral,Gorengan Sepi (< 5M),Normal (50-150%),Sideways,Solid (Jarang Dibanting),Normal,Sideways / Stagnan,TP: 6 | CL: 4,Normal,Di Area Support,Oversold (Jenuh Jual - Peluang),Netral / Sepi Berita,Normal / Sedang Transisi,Normal / Sideways,0,WAIT & SEE,TIDAK ADA,2026-08-19 16:40:03,Biasa / Mengikuti Pasar
16:40,SNLK,Token Mati (Perlu Update),Small Cap (Lapis 3),Fair Value (Wajar),0.0,0.6315831,230.0,225,214,244,-0.8620689655172413,14173900,Tembus MA20,54,Negatif,Uptrend,Bullish,Strong Bullish,Perfect Uptrend (5>20>50),Normal,Akumulasi (Naik),Normal,Seimbang / Adu Mekanik,Squeeze,Rendah,Normal,Area Tengah,> 1 Miliar,Persis di VWAP,Akumulasi Pro (Smart Money),Gorengan Sepi (< 5M),Normal (50-150%),Mark-Up (Fase Pesta),Normal,Normal,Turun 1 Hari Beruntun,TP: 245 | CL: 220,Open = High (Tekanan Jual),Tidak Ideal (< 1:1),Netral / Sideways,Sentimen Negatif ⚠️,Normal / Sedang Transisi,Mendekati Fibo 78.6%,6,WAIT & SEE,TIDAK ADA,2026-08-19 16:40:03,Biasa / Mengikuti Pasar
16:40,ZYRX,Token Mati (Perlu Update),Small Cap (Lapis 3),Undervalued (Murah),2.4769585,0.5544095,129.0,126,117,140,-0.7692307692307693,298400,Normal,53,Negatif,Uptrend,Bullish,Strong Bullish,Awal Reversal (5>20),Normal,Akumulasi (Naik),Normal,Dominan Jual (Guyur),Normal,Sedang,Normal,Rawan Pucuk (High Risk),< 1 Miliar,Di Bawah VWAP (Lemah),Akumulasi Pro (Smart Money),Gorengan Sepi (< 5M),Sepi (< 50%),Accumulation (Kumpul Barang),Normal,Normal,Turun 1 Hari Beruntun,TP: 138 | CL: 122,Normal,Tidak Ideal (< 1:1),Death Cross (Awal Bearish),Sentimen Positif 📰,Normal / Sedang Transisi,Dekat Support Fibo 38.2%,6,WAIT & SEE,TIDAK ADA,2026-08-19 16:40:03,Biasa / Mengikuti Pasar
16:40,LFLO,Token Mati (Perlu Update),Small Cap (Lapis 3),Overvalued (Mahal),0.0,7.239661,500.0,491,466,525,-1.9607843137254901,1200,Normal,48,Negatif,Uptrend,Bullish,Bullish MACD,Awal Reversal (5>20),Normal,Akumulasi (Naik),Gap Down (-2.7%),Dominan Beli (Hajar Kanan),Normal,Sedang,Normal,Area Tengah,< 1 Miliar,Di Bawah VWAP (Lemah),Akumulasi Pro (Smart Money),Gorengan Sepi (< 5M),Sepi (< 50%),Accumulation (Kumpul Barang),Solid (Jarang Dibanting),Normal,Turun 1 Hari Beruntun,TP: 523 | CL: 484,Normal,Tidak Ideal (< 1:1),Death Cross (Awal Bearish),Sentimen Positif 📰,Normal / Sedang Transisi,Mengambang (Jauh dari Fibo),6,WAIT & SEE,TIDAK ADA,2026-08-19 16:40:03,Biasa / Mengikuti Pasar
16:40,FIMP,Token Mati (Perlu Update),Small Cap (Lapis 3),Fair Value (Wajar),0.0,1.2991904,69.0,69,69,69,0.0,0,Normal,0,Negatif,Downtrend,Bearish,Bearish MACD,Konsolidasi / Transisi,Normal,Netral,Normal,Tidak Ada Transaksi,Squeeze,Rendah,Doji (Ragu-ragu),Dekat Support (Low Risk),< 1 Miliar,Di Atas VWAP (Kuat),Netral,Gorengan Sepi (< 5M),Normal (50-150%),Sideways,Solid (Jarang Dibanting),Normal,Sideways / Stagnan,TP: 70 | CL: 68,Normal,Di Area Support,Oversold (Jenuh Jual - Peluang),Netral / Sepi Berita,Normal / Sedang Transisi,Normal / Sideways,0,WAIT & SEE,TIDAK ADA,2026-08-19 16:40:03,Biasa / Mengikuti Pasar
16:40,TAPG,Token Mati (Perlu Update),Big Cap (Lapis 1),Overvalued (Mahal),8.9683895,3.1752534,1840.0,1741,1541,1855,0.546448087431694,11305700,Normal,69,Positif,Uptrend,Bullish,Bearish MACD,Perfect Uptrend (5>20>50),Normal,Akumulasi (Naik),Normal,Seimbang / Adu Mekanik,Normal,Tinggi,Normal,Rawan Pucuk (High Risk),> 1 Miliar,Di Atas VWAP (Kuat),Akumulasi Pro (Smart Money),Ritel Aktif (5M - 50M),Normal (50-150%),Mark-Up (Fase Pesta),Spesialis Tiang Jemuran (Banting Pucuk),Normal,Naik 3 Hari Beruntun,TP: 1924 | CL: 1783,Normal,Tidak Ideal (< 1:1),Overbought (Jenuh Beli - Rawan),Sentimen Negatif ⚠️,Normal / Sedang Transisi,Mengambang (Jauh dari Fibo),5,WAIT & SEE,TIDAK ADA,2026-08-19 16:40:03,Biasa / Mengikuti Pasar
16:40,NPGF,Token Mati (Perlu Update),Small Cap (Lapis 3),Overvalued (Mahal),3000.0,0.80625653,60.0,58,55,70,0.0,14547200,Normal,53,Negatif,Uptrend,Bullish,Strong Bullish,Perfect Uptrend (5>20>50),Normal,Akumulasi (Naik),Normal,Seimbang / Adu Mekanik,Normal,Sedang,Doji (Ragu-ragu),Area Tengah,< 1 Miliar,Di Bawah VWAP (Lemah),Distribusi Pro (Guyuran),Gorengan Sepi (< 5M),Sepi (< 50%),Mark-Up (Fase Pesta),Spesialis Tiang Jemuran (Banting Pucuk),Normal,Sideways / Stagnan,TP: 65 | CL: 56,Normal,Ideal (1:2),Golden Cross (Awal Bullish),Sentimen Positif 📰,Normal / Sedang Transisi,Dekat Support Fibo 61.8% (Golden Ratio),6,WAIT & SEE,TIDAK ADA,2026-08-19 16:40:03,Biasa / Mengikuti Pasar
16:40,LUCY,Token Mati (Perlu Update),Small Cap (Lapis 3),Overvalued (Mahal),0.0,24.423803,286.0,267,204,370,0.7042253521126761,11970800,Normal,36,Positif,Uptrend,Bullish,Bullish MACD,Awal Reversal (5>20),Normal,Distribusi (Turun),Normal,Dominan Beli (Hajar Kanan),Normal,Tinggi,Normal,Rawan Pucuk (High Risk),> 1 Miliar,Di Bawah VWAP (Lemah),Distribusi Pro (Guyuran),Ritel Aktif (5M - 50M),Sepi (< 50%),Accumulation (Kumpul Barang),Spesialis Tiang Jemuran (Banting Pucuk),Jarum Bawah (Sinyal Pantulan Kuat),Naik 1 Hari Beruntun,TP: 328 | CL: 257,Normal,Menengah (1:1),Netral / Sideways,Sentimen Positif 📰,Normal / Sedang Transisi,Mengambang (Jauh dari Fibo),6,WAIT & SEE,TIDAK ADA,2026-08-19 16:40:03,Biasa / Mengikuti Pasar
16:40,ADCP,Token Mati (Perlu Update),Mid Cap (Lapis 2),Overvalued (Mahal),0.0,3.040438,50.0,50,50,50,0.0,0,Normal,0,Negatif,Downtrend,Bearish,Bearish MACD,Konsolidasi / Transisi,Normal,Netral,Normal,Tidak Ada Transaksi,Squeeze,Rendah,Doji (Ragu-ragu),Dekat Support (Low Risk),< 1 Miliar,Di Atas VWAP (Kuat),Netral,Gorengan Sepi (< 5M),Normal (50-150%),Sideways,Solid (Jarang Dibanting),Normal,Sideways / Stagnan,TP: 51 | CL: 49,Normal,Di Area Support,Oversold (Jenuh Jual - Peluang),Netral / Sepi Berita,Normal / Sedang Transisi,Normal / Sideways,0,WAIT & SEE,TIDAK ADA,2026-08-19 16:40:03,Biasa / Mengikuti Pasar
16:40,HOPE,Token Mati (Perlu Update),Small Cap (Lapis 3),Overvalued (Mahal),0.0,7.672713,248.0,213,151,274,-3.125,90673800,Tembus MA20,68,Negatif,Uptrend,Bullish,Strong Bullish,Perfect Uptrend (5>20>50),Normal,Akumulasi (Naik),Normal,Dominan Jual (Guyur),Normal,Tinggi,Normal,Rawan Pucuk (High Risk),> 1 Miliar,Di Atas VWAP (Kuat),Akumulasi Pro (Smart Money),Ritel Aktif (5M - 50M),Normal (50-150%),Mark-Up (Fase Pesta),Spesialis Tiang Jemuran (Banting Pucuk),Normal,Turun 1 Hari Beruntun,TP: 277 | CL: 228,Normal,Tidak Ideal (< 1:1),Death Cross (Awal Bearish),Sentimen Positif 📰,Normal / Sedang Transisi,Mengambang (Jauh dari Fibo),7,BELI,TIDAK ADA,2026-08-19 16:40:03,Biasa / Mengikuti Pasar
16:40,MGLV,Token Mati (Perlu Update),Big Cap (Lapis 1),Overvalued (Mahal),0.0,190.89746,11200.0,8836,7800,11325,7.6923076923076925,746900,Normal,78,Positif,Uptrend,Bullish,Strong Bullish,Perfect Uptrend (5>20>50),Normal,Akumulasi (Naik),Normal,Dominan Beli (Hajar Kanan),Breakout Upper,Tinggi,Normal,Rawan Pucuk (High Risk),> 1 Miliar,Di Atas VWAP (Kuat),Akumulasi Pro (Smart Money),Ritel Aktif (5M - 50M),Sepi (< 50%),Mark-Up (Fase Pesta),Spesialis Tiang Jemuran (Banting Pucuk),Normal,Naik 4 Hari Beruntun,TP: 12325 | CL: 10450,Normal,Tidak Ideal (< 1:1),Overbought (Jenuh Beli - Rawan),Sentimen Positif 📰,Normal / Sedang Transisi,Mengambang (Jauh dari Fibo),8,BELI,TIDAK ADA,2026-08-19 16:40:03,Biasa / Mengikuti Pasar
16:40,TRUE,Token Mati (Perlu Update),Small Cap (Lapis 3),Fair Value (Wajar),7.6335874,1.5621582,50.0,50,50,50,0.0,0,Normal,27,Negatif,Downtrend,Bearish,Bullish MACD,Konsolidasi / Transisi,Normal,Netral,Normal,Tidak Ada Transaksi,Squeeze,Rendah,Doji (Ragu-ragu),Dekat Support (Low Risk),< 1 Miliar,Di Atas VWAP (Kuat),Netral,Gorengan Sepi (< 5M),Normal (50-150%),Sideways,Solid (Jarang Dibanting),Normal,Sideways / Stagnan,TP: 51 | CL: 49,Normal,Di Area Support,Oversold (Jenuh Jual - Peluang),Netral / Sepi Berita,Normal / Sedang Transisi,Golden Rebound Fibo Bottom / 100% 🎯,1,WAIT & SEE,TIDAK ADA,2026-08-19 16:40:03,Biasa / Mengikuti Pasar
16:40,LABA,Token Mati (Perlu Update),Small Cap (Lapis 3),Undervalued (Murah),3.5584657,1.1877613,103.0,94,90,108,10.75268817204301,38454700,Tembus MA20,68,Positif,Uptrend,Golden Cross,Strong Bullish,Perfect Uptrend (5>20>50),Akumulasi Kuat,Akumulasi (Naik),Normal,Dominan Beli (Hajar Kanan),Breakout Upper,Sedang,Marubozu (Strong Bullish),Rawan Pucuk (High Risk),> 1 Miliar,Di Atas VWAP (Kuat),Akumulasi Pro (Smart Money),Gorengan Sepi (< 5M),Ledakan Ekstrem (> 300%),Mark-Up (Fase Pesta),Spesialis Tiang Jemuran (Banting Pucuk),Normal,Naik 1 Hari Beruntun,TP: 109 | CL: 98,Normal,Tidak Ideal (< 1:1),Netral / Sideways,Sentimen Positif 📰,Normal / Sedang Transisi,Mendekati Fibo 38.2%,10,BELI,TIDAK ADA,2026-08-19 16:40:03,⚠️ Anomali (Sudah Terbang)
16:40,ARCI,Token Mati (Perlu Update),Big Cap (Lapis 1),Overvalued (Mahal),14.934768,81562.5,1300.0,1153,1020,1345,-1.5151515151515151,36259600,Normal,67,Negatif,Uptrend,Bullish,Strong Bullish,Perfect Uptrend (5>20>50),Normal,Akumulasi (Naik),Normal,Seimbang / Adu Mekanik,Normal,Tinggi,Normal,Rawan Pucuk (High Risk),> 1 Miliar,Di Atas VWAP (Kuat),Akumulasi Pro (Smart Money),Ritel Aktif (5M - 50M),Normal (50-150%),Mark-Up (Fase Pesta),Spesialis Tiang Jemuran (Banting Pucuk),Normal,Turun 1 Hari Beruntun,TP: 1403 | CL: 1230,Open = High (Tekanan Jual),Tidak Ideal (< 1:1),Overbought (Jenuh Beli - Rawan),Sentimen Positif 📰,Normal / Sedang Transisi,Mengambang (Jauh dari Fibo),6,WAIT & SEE,TIDAK ADA,2026-08-19 16:40:03,Biasa / Mengikuti Pasar
16:40,IPAC,Token Mati (Perlu Update),Small Cap (Lapis 3),Overvalued (Mahal),46.298717,4.7827497,177.0,165,147,186,4.733727810650888,453700,Tembus MA20,62,Positif,Uptrend,Bullish,Strong Bullish,Perfect Uptrend (5>20>50),Akumulasi Kuat,Akumulasi (Naik),Normal,Seimbang / Adu Mekanik,Breakout Upper,Sedang,Normal,Rawan Pucuk (High Risk),< 1 Miliar,Di Atas VWAP (Kuat),Akumulasi Pro (Smart Money),Gorengan Sepi (< 5M),Anomali Tinggi (150-300%),Mark-Up (Fase Pesta),Spesialis Tiang Jemuran (Banting Pucuk),Normal,Naik 2 Hari Beruntun,TP: 195 | CL: 164,Normal,Tidak Ideal (< 1:1),Netral / Sideways,Netral / Sepi Berita,Normal / Sedang Transisi,Mendekati Fibo 23.6%,8,BELI,TIDAK ADA,2026-08-19 16:40:03,Biasa / Mengikuti Pasar
16:40,MASB,Token Mati (Perlu Update),Mid Cap (Lapis 2),Fair Value (Wajar),22.321724,1.153569,3390.0,3387,3100,3400,0.0,8000,Normal,52,Negatif,Uptrend,Bearish,Bearish MACD,Konsolidasi / Transisi,Normal,Distribusi (Turun),Normal,Dominan Beli (Hajar Kanan),Squeeze,Rendah,Marubozu (Strong Bullish),Area Tengah,< 1 Miliar,Persis di VWAP,Akumulasi Pro (Smart Money),Gorengan Sepi (< 5M),Normal (50-150%),Mark-Up (Fase Pesta),Solid (Jarang Dibanting),Normal,Sideways / Stagnan,TP: 3478 | CL: 3330,Open = Low (Bullish Kuat),Tidak Ideal (< 1:1),Overbought (Jenuh Beli - Rawan),Sentimen Positif 📰,Normal / Sedang Transisi,Dekat Support Fibo 38.2%,4,WAIT & SEE,TIDAK ADA,2026-08-19 16:40:03,Biasa / Mengikuti Pasar
16:40,BMHS,Token Mati (Perlu Update),Mid Cap (Lapis 2),Fair Value (Wajar),0.0,0.8371945,189.0,187,174,199,0.0,404700,Normal,59,Negatif,Uptrend,Bullish,Bearish MACD,Perfect Uptrend (5>20>50),Normal,Distribusi (Turun),Normal,Dominan Beli (Hajar Kanan),Normal,Sedang,Normal,Area Tengah,< 1 Miliar,Persis di VWAP,Akumulasi Pro (Smart Money),Gorengan Sepi (< 5M),Normal (50-150%),Mark-Up (Fase Pesta),Normal,Normal,Sideways / Stagnan,TP: 197 | CL: 183,Normal,Tidak Ideal (< 1:1),Netral / Sideways,Sentimen Positif 📰,Normal / Sedang Transisi,Dekat Support Fibo 23.6%,5,WAIT & SEE,TIDAK ADA,2026-08-19 16:40:03,Biasa / Mengikuti Pasar
16:40,FLMC,Token Mati (Perlu Update),Small Cap (Lapis 3),Overvalued (Mahal),4.7734175,4.512688,77.0,74,63,86,1.3157894736842104,3575500,Normal,57,Positif,Uptrend,Bullish,Strong Bullish,Perfect Uptrend (5>20>50),Normal,Akumulasi (Naik),Normal,Seimbang / Adu Mekanik,Normal,Tinggi,Normal,Rawan Pucuk (High Risk),< 1 Miliar,Persis di VWAP,Akumulasi Pro (Smart Money),Gorengan Sepi (< 5M),Anomali Tinggi (150-300%),Mark-Up (Fase Pesta),Normal,Normal,Naik 1 Hari Beruntun,TP: 85 | CL: 71,Open = Low (Bullish Kuat),Tidak Ideal (< 1:1),Netral / Sideways,Sentimen Positif 📰,Normal / Sedang Transisi,Dekat Support Fibo 78.6%,7,BELI,TIDAK ADA,2026-08-19 16:40:03,Biasa / Mengikuti Pasar
16:40,NICL,Token Mati (Perlu Update),Mid Cap (Lapis 2),Overvalued (Mahal),45.517242,5.9106493,464.0,478,440,555,-1.276595744680851,17362200,Normal,41,Negatif,Downtrend,Bearish,Bullish MACD,Strong Downtrend (5<20<50),Normal,Akumulasi (Naik),Normal,Dominan Jual (Guyur),Normal,Tinggi,Normal,Area Tengah,> 1 Miliar,Persis di VWAP,Distribusi Pro (Guyuran),Ritel Aktif (5M - 50M),Normal (50-150%),Mark-Down (Fase Runtuh),Normal,Normal,Turun 1 Hari Beruntun,TP: 492 | CL: 445,Normal,Sangat Menarik (> 1:3),Netral / Sideways,Sentimen Positif 📰,Normal / Sedang Transisi,Mengambang (Jauh dari Fibo),3,WAIT & SEE,TIDAK ADA,2026-08-19 16:40:03,Biasa / Mengikuti Pasar
16:40,UVCR,Token Mati (Perlu Update),Small Cap (Lapis 3),Overvalued (Mahal),41.73913,2.6698804,144.0,149,129,168,3.597122302158273,36661500,Normal,45,Positif,Downtrend,Bearish,Strong Bearish,Strong Downtrend (5<20<50),Normal,Distribusi (Turun),Normal,Dominan Beli (Hajar Kanan),Normal,Sedang,Normal,Rawan Pucuk (High Risk),> 1 Miliar,Persis di VWAP,Distribusi Pro (Guyuran),Ritel Aktif (5M - 50M),Normal (50-150%),Mark-Down (Fase Runtuh),Normal,Normal,Naik 1 Hari Beruntun,TP: 154 | CL: 136,Normal,Ideal (1:2),Golden Cross (Awal Bullish),Sentimen Positif 📰,Normal / Sedang Transisi,Dekat Support Fibo 78.6%,3,WAIT & SEE,TIDAK ADA,2026-08-19 16:40:03,Biasa / Mengikuti Pasar
16:40,BUKA,Token Mati (Perlu Update),Big Cap (Lapis 1),Undervalued (Murah),6.212534,0.43086502,114.0,116,109,125,-0.8695652173913043,190103800,Tembus MA20,50,Negatif,Downtrend,Bearish,Bearish MACD,Konsolidasi / Transisi,Normal,Distribusi (Turun),Normal,Seimbang / Adu Mekanik,Bottom Rebound,Sedang,Normal,Area Tengah,> 1 Miliar,Persis di VWAP,Akumulasi Pro (Smart Money),Ritel Aktif (5M - 50M),Anomali Tinggi (150-300%),Distribution (Fase Jualan),Normal,Normal,Turun 1 Hari Beruntun,TP: 120 | CL: 109,Normal,Ideal (1:2),Netral / Sideways,Sentimen Positif 📰,Normal / Sedang Transisi,Mendekati Fibo 61.8% (Golden Ratio),2,WAIT & SEE,TIDAK ADA,2026-08-19 16:40:03,Biasa / Mengikuti Pasar
16:40,HAIS,Token Mati (Perlu Update),Small Cap (Lapis 3),Undervalued (Murah),8.478919,0.6133274,182.0,182,177,191,-0.546448087431694,159900,Normal,51,Negatif,Downtrend,Bearish,Bearish MACD,Konsolidasi / Transisi,Normal,Akumulasi (Naik),Normal,Dominan Jual (Guyur),Squeeze,Rendah,Normal,Dekat Support (Low Risk),< 1 Miliar,Persis di VWAP,Distribusi Pro (Guyuran),Gorengan Sepi (< 5M),Sepi (< 50%),Distribution (Fase Jualan),Spesialis Tiang Jemuran (Banting Pucuk),Normal,Turun 1 Hari Beruntun,TP: 190 | CL: 176,Open = High (Tekanan Jual),Ideal (1:2),Netral / Sideways,Sentimen Positif 📰,Normal / Sedang Transisi,Mendekati Fibo 38.2%,3,WAIT & SEE,TIDAK ADA,2026-08-19 16:40:03,Biasa / Mengikuti Pasar
16:40,OILS,Token Mati (Perlu Update),Small Cap (Lapis 3),Fair Value (Wajar),0.0,1.0435184,226.0,229,210,280,0.0,6884200,Normal,53,Negatif,Downtrend,Bearish,Bearish MACD,Konsolidasi / Transisi,Normal,Akumulasi (Naik),Normal,Seimbang / Adu Mekanik,Normal,Sedang,Doji (Ragu-ragu),Area Tengah,> 1 Miliar,Persis di VWAP,Akumulasi Pro (Smart Money),Gorengan Sepi (< 5M),Normal (50-150%),Distribution (Fase Jualan),Spesialis Tiang Jemuran (Banting Pucuk),Normal,Sideways / Stagnan,TP: 241 | CL: 216,Normal,Sangat Menarik (> 1:3),Golden Cross (Awal Bullish),Sentimen Positif 📰,Supply Kering (Siap Pump) 🏜️,Golden Rebound Fibo 38.2% 🎯,3,WAIT & SEE,TIDAK ADA,2026-08-19 16:40:03,Biasa / Mengikuti Pasar
16:40,GPSO,Token Mati (Perlu Update),Small Cap (Lapis 3),Overvalued (Mahal),0.0,4.7173543,298.0,293,270,372,5.673758865248227,61426300,Tembus MA20,48,Positif,Uptrend,Bearish,Bullish MACD,Strong Downtrend (5<20<50),Normal,Akumulasi (Naik),Normal,Dominan Beli (Hajar Kanan),Normal,Tinggi,Normal,Rawan Pucuk (High Risk),> 1 Miliar,Di Atas VWAP (Kuat),Akumulasi Pro (Smart Money),Gorengan Sepi (< 5M),Anomali Tinggi (150-300%),Accumulation (Kumpul Barang),Spesialis Tiang Jemuran (Banting Pucuk),Normal,Naik 2 Hari Beruntun,TP: 323 | CL: 281,Normal,Ideal (1:2),Netral / Sideways,Sentimen Positif 📰,Normal / Sedang Transisi,Mengambang (Jauh dari Fibo),7,BELI,TIDAK ADA,2026-08-19 16:40:03,Biasa / Mengikuti Pasar
16:40,MCOL,Token Mati (Perlu Update),Big Cap (Lapis 1),Overvalued (Mahal),9.3311825,24102.564,3760.0,3733,3500,3870,-0.5291005291005291,6500,Normal,52,Negatif,Uptrend,Bullish,Strong Bullish,Awal Reversal (5>20),Normal,Distribusi (Turun),Normal,Seimbang / Adu Mekanik,Squeeze,Rendah,Normal,Area Tengah,< 1 Miliar,Persis di VWAP,Distribusi Pro (Guyuran),Gorengan Sepi (< 5M),Sepi (< 50%),Accumulation (Kumpul Barang),Spesialis Tiang Jemuran (Banting Pucuk),Normal,Turun 1 Hari Beruntun,TP: 3882 | CL: 3678,Open = High (Tekanan Jual),Tidak Ideal (< 1:1),Death Cross (Awal Bearish),Sentimen Positif 📰,Supply Kering (Siap Pump) 🏜️,Golden Rebound Fibo 38.2% 🎯,5,WAIT & SEE,TIDAK ADA,2026-08-19 16:40:03,Biasa / Mengikuti Pasar
16:40,RSGK,Token Mati (Perlu Update),Small Cap (Lapis 3),Overvalued (Mahal),25.176918,1.0143511,945.0,962,890,1150,-4.060913705583756,14300,Normal,46,Negatif,Downtrend,Bearish,Strong Bearish,Strong Downtrend (5<20<50),Normal,Akumulasi (Naik),Normal,Dominan Jual (Guyur),Normal,Sedang,Normal,Area Tengah,< 1 Miliar,Di Bawah VWAP (Lemah),Akumulasi Pro (Smart Money),Gorengan Sepi (< 5M),Normal (50-150%),Mark-Down (Fase Runtuh),Normal,Normal,Turun 1 Hari Beruntun,TP: 1017 | CL: 896,Open = High (Tekanan Jual),Sangat Menarik (> 1:3),Netral / Sideways,Netral / Sepi Berita,Normal / Sedang Transisi,Mengambang (Jauh dari Fibo),1,WAIT & SEE,TIDAK ADA,2026-08-19 16:40:03,Biasa / Mengikuti Pasar
16:40,RUNS,Token Mati (Perlu Update),Small Cap (Lapis 3),Fair Value (Wajar),0.0,1.1273957,63.0,64,60,73,0.0,644900,Normal,42,Negatif,Downtrend,Bearish,Bullish MACD,Strong Downtrend (5<20<50),Normal,Akumulasi (Naik),Normal,Seimbang / Adu Mekanik,Normal,Sedang,Normal,Area Tengah,< 1 Miliar,Di Atas VWAP (Kuat),Akumulasi Pro (Smart Money),Gorengan Sepi (< 5M),Normal (50-150%),Mark-Down (Fase Runtuh),Normal,Normal,Sideways / Stagnan,TP: 66 | CL: 60,Open = Low (Bullish Kuat),Sangat Menarik (> 1:3),Netral / Sideways,Netral / Sepi Berita,Normal / Sedang Transisi,Mengambang (Jauh dari Fibo),2,WAIT & SEE,TIDAK ADA,2026-08-19 16:40:03,Biasa / Mengikuti Pasar
16:40,SBMA,Token Mati (Perlu Update),Small Cap (Lapis 3),Undervalued (Murah),9.140149,0.4200733,108.0,107,100,120,0.0,470400,Normal,51,Negatif,Uptrend,Bearish,Strong Bullish,Konsolidasi / Transisi,Normal,Distribusi (Turun),Normal,Seimbang / Adu Mekanik,Squeeze,Rendah,Normal,Area Tengah,< 1 Miliar,Di Atas VWAP (Kuat),Akumulasi Pro (Smart Money),Gorengan Sepi (< 5M),Sepi (< 50%),Mark-Up (Fase Pesta),Normal,Normal,Sideways / Stagnan,TP: 114 | CL: 103,Normal,Ideal (1:2),Golden Cross (Awal Bullish),Sentimen Positif 📰,Supply Kering (Siap Pump) 🏜️,Mendekati Fibo 50.0%,4,WAIT & SEE,TIDAK ADA,2026-08-19 16:40:03,Biasa / Mengikuti Pasar
16:40,CMNT,Token Mati (Perlu Update),Big Cap (Lapis 1),Overvalued (Mahal),0.0,5.9942937,790.0,796,750,835,0.6369426751592357,22439200,Normal,49,Positif,Downtrend,Bearish,Strong Bearish,Konsolidasi / Transisi,Normal,Distribusi (Turun),Normal,Seimbang / Adu Mekanik,Squeeze,Rendah,Doji (Ragu-ragu),Area Tengah,> 1 Miliar,Persis di VWAP,Distribusi Pro (Guyuran),Ritel Aktif (5M - 50M),Normal (50-150%),Distribution (Fase Jualan),Spesialis Tiang Jemuran (Banting Pucuk),Normal,Naik 1 Hari Beruntun,TP: 829 | CL: 763,Normal,Menengah (1:1),Golden Cross (Awal Bullish),Sentimen Positif 📰,Normal / Sedang Transisi,Dekat Support Fibo 50.0%,2,WAIT & SEE,TIDAK ADA,2026-08-19 16:40:03,Biasa / Mengikuti Pasar
16:40,GTSI,Token Mati (Perlu Update),Mid Cap (Lapis 2),Overvalued (Mahal),0.0,63000.0,188.0,168,135,199,2.1739130434782608,37283400,Normal,64,Positif,Uptrend,Bullish,Strong Bullish,Perfect Uptrend (5>20>50),Normal,Akumulasi (Naik),Normal,Dominan Beli (Hajar Kanan),Normal,Tinggi,Normal,Rawan Pucuk (High Risk),> 1 Miliar,Di Atas VWAP (Kuat),Akumulasi Pro (Smart Money),Ritel Aktif (5M - 50M),Sepi (< 50%),Mark-Up (Fase Pesta),Spesialis Tiang Jemuran (Banting Pucuk),Normal,Naik 3 Hari Beruntun,TP: 208 | CL: 174,Normal,Tidak Ideal (< 1:1),Netral / Sideways,Sentimen Positif 📰,Normal / Sedang Transisi,Mendekati Fibo 23.6%,8,BELI,TIDAK ADA,2026-08-19 16:40:03,Biasa / Mengikuti Pasar
16:40,IDEA,Token Mati (Perlu Update),Small Cap (Lapis 3),Overvalued (Mahal),27.85388,1.0319045,61.0,63,56,72,0.0,2524700,Normal,44,Negatif,Downtrend,Bearish,Bearish MACD,Konsolidasi / Transisi,Normal,Distribusi (Turun),Normal,Seimbang / Adu Mekanik,Normal,Tinggi,Doji (Ragu-ragu),Area Tengah,< 1 Miliar,Di Bawah VWAP (Lemah),Distribusi Pro (Guyuran),Gorengan Sepi (< 5M),Normal (50-150%),Distribution (Fase Jualan),Normal,Jarum Bawah (Sinyal Pantulan Kuat),Sideways / Stagnan,TP: 68 | CL: 56,Normal,Ideal (1:2),Netral / Sideways,Sentimen Positif 📰,Normal / Sedang Transisi,Golden Rebound Fibo 50.0% 🎯,1,WAIT & SEE,TIDAK ADA,2026-08-19 16:40:03,Biasa / Mengikuti Pasar
16:40,KUAS,Token Mati (Perlu Update),Small Cap (Lapis 3),Fair Value (Wajar),16.734093,0.68813235,90.0,91,86,98,-2.1739130434782608,8924100,Normal,46,Negatif,Downtrend,Death Cross,Bearish MACD,Konsolidasi / Transisi,Normal,Akumulasi (Naik),Normal,Seimbang / Adu Mekanik,Squeeze,Rendah,Normal,Area Tengah,< 1 Miliar,Di Bawah VWAP (Lemah),Distribusi Pro (Guyuran),Gorengan Sepi (< 5M),Normal (50-150%),Distribution (Fase Jualan),Normal,Normal,Turun 1 Hari Beruntun,TP: 94 | CL: 87,Open = High (Tekanan Jual),Ideal (1:2),Netral / Sideways,Sentimen Positif 📰,Normal / Sedang Transisi,Dekat Support Fibo 78.6%,2,WAIT & SEE,TIDAK ADA,2026-08-19 16:40:03,Biasa / Mengikuti Pasar
16:40,BOBA,Token Mati (Perlu Update),Small Cap (Lapis 3),Undervalued (Murah),12.49558,1.4489485,210.0,221,204,244,-3.669724770642202,634700,Normal,36,Negatif,Downtrend,Bearish,Bullish MACD,Strong Downtrend (5<20<50),Normal,Akumulasi (Naik),Normal,Dominan Jual (Guyur),Normal,Tinggi,Normal,Dekat Support (Low Risk),< 1 Miliar,Di Bawah VWAP (Lemah),Distribusi Pro (Guyuran),Gorengan Sepi (< 5M),Sepi (< 50%),Mark-Down (Fase Runtuh),Spesialis Tiang Jemuran (Banting Pucuk),Normal,Turun 1 Hari Beruntun,TP: 228 | CL: 197,Open = High (Tekanan Jual),Sangat Menarik (> 1:3),Netral / Sideways,Sentimen Positif 📰,Supply Banjir (Distribusi) 🌊,Mendekati Fibo Bottom / 100%,3,WAIT & SEE,TIDAK ADA,2026-08-19 16:40:03,Biasa / Mengikuti Pasar
16:40,MTEL,Token Mati (Perlu Update),Big Cap (Lapis 1),Fair Value (Wajar),16.085989,1.0446856,436.0,443,418,462,-0.45662100456621,10302800,Normal,41,Negatif,Downtrend,Bearish,Strong Bearish,Strong Downtrend (5<20<50),Normal,Akumulasi (Naik),Normal,Seimbang / Adu Mekanik,Normal,Sedang,Normal,Area Tengah,> 1 Miliar,Persis di VWAP,Akumulasi Pro (Smart Money),Ritel Aktif (5M - 50M),Sepi (< 50%),Mark-Down (Fase Runtuh),Normal,Normal,Turun 1 Hari Beruntun,TP: 449 | CL: 426,Open = High (Tekanan Jual),Menengah (1:1),Golden Cross (Awal Bullish),Sentimen Positif 📰,Normal / Sedang Transisi,Mendekati Fibo Bottom / 100%,2,WAIT & SEE,TIDAK ADA,2026-08-19 16:40:03,Biasa / Mengikuti Pasar
16:40,DEPO,Token Mati (Perlu Update),Mid Cap (Lapis 2),Fair Value (Wajar),21.575342,1.2306551,252.0,242,230,276,1.6129032258064515,5118800,Tembus MA20,57,Positif,Uptrend,Bullish,Strong Bullish,Awal Reversal (5>20),Distribusi Kuat,Akumulasi (Naik),Gap Up (+11.3%),Dominan Jual (Guyur),Squeeze,Rendah,Normal,Area Tengah,> 1 Miliar,Persis di VWAP,Distribusi Pro (Guyuran),Gorengan Sepi (< 5M),Ledakan Ekstrem (> 300%),Accumulation (Kumpul Barang),Spesialis Tiang Jemuran (Banting Pucuk),Normal,Naik 2 Hari Beruntun,TP: 268 | CL: 240,Open = High (Tekanan Jual),Menengah (1:1),Golden Cross (Awal Bullish),Sentimen Positif 📰,Normal / Sedang Transisi,Mendekati Fibo 78.6%,9,BELI,TIDAK ADA,2026-08-19 16:40:03,Biasa / Mengikuti Pasar
16:40,BINO,Token Mati (Perlu Update),Small Cap (Lapis 3),Fair Value (Wajar),20.021452,0.62021,113.0,110,104,129,-0.8771929824561403,1740800,Normal,63,Negatif,Uptrend,Bullish,Bearish MACD,Perfect Uptrend (5>20>50),Normal,Akumulasi (Naik),Normal,Seimbang / Adu Mekanik,Normal,Sedang,Normal,Area Tengah,< 1 Miliar,Persis di VWAP,Distribusi Pro (Guyuran),Gorengan Sepi (< 5M),Normal (50-150%),Mark-Up (Fase Pesta),Spesialis Tiang Jemuran (Banting Pucuk),Normal,Turun 1 Hari Beruntun,TP: 120 | CL: 107,Normal,Ideal (1:2),Netral / Sideways,Sentimen Negatif ⚠️,Normal / Sedang Transisi,Dekat Support Fibo 38.2%,4,WAIT & SEE,TIDAK ADA,2026-08-19 16:40:03,Biasa / Mengikuti Pasar
16:40,CMRY,Token Mati (Perlu Update),Big Cap (Lapis 1),Overvalued (Mahal),16.547615,5.1068845,4640.0,4646,4520,4810,-1.0660980810234542,1093000,Normal,51,Negatif,Downtrend,Golden Cross,Bearish MACD,Perfect Uptrend (5>20>50),Normal,Akumulasi (Naik),Normal,Dominan Jual (Guyur),Squeeze,Rendah,Normal,Dekat Support (Low Risk),> 1 Miliar,Persis di VWAP,Akumulasi Pro (Smart Money),Ritel Aktif (5M - 50M),Normal (50-150%),Distribution (Fase Jualan),Spesialis Tiang Jemuran (Banting Pucuk),Normal,Turun 1 Hari Beruntun,TP: 4798 | CL: 4534,Normal,Menengah (1:1),Netral / Sideways,Sentimen Positif 📰,Normal / Sedang Transisi,Dekat Support Fibo 23.6%,4,WAIT & SEE,TIDAK ADA,2026-08-19 16:40:03,Biasa / Mengikuti Pasar
16:40,WGSH,Token Mati (Perlu Update),Small Cap (Lapis 3),Overvalued (Mahal),29.7479,5.6938815,178.0,163,126,208,-1.6574585635359116,21872200,Tembus MA20,61,Negatif,Uptrend,Bullish,Strong Bullish,Perfect Uptrend (5>20>50),Normal,Distribusi (Turun),Normal,Seimbang / Adu Mekanik,Normal,Tinggi,Normal,Rawan Pucuk (High Risk),> 1 Miliar,Di Bawah VWAP (Lemah),Distribusi Pro (Guyuran),Gorengan Sepi (< 5M),Normal (50-150%),Mark-Up (Fase Pesta),Normal,Normal,Turun 2 Hari Beruntun,TP: 201 | CL: 162,Normal,Tidak Ideal (< 1:1),Death Cross (Awal Bearish),Sentimen Negatif ⚠️,Normal / Sedang Transisi,Mengambang (Jauh dari Fibo),5,WAIT & SEE,TIDAK ADA,2026-08-19 16:40:03,Biasa / Mengikuti Pasar
16:40,TAYS,Token Mati (Perlu Update),Small Cap (Lapis 3),Undervalued (Murah),8.343067,1.2359105,50.0,50,50,50,0.0,0,Normal,13,Negatif,Downtrend,Bearish,Bullish MACD,Konsolidasi / Transisi,Normal,Netral,Normal,Tidak Ada Transaksi,Squeeze,Rendah,Doji (Ragu-ragu),Dekat Support (Low Risk),< 1 Miliar,Di Atas VWAP (Kuat),Netral,Gorengan Sepi (< 5M),Normal (50-150%),Sideways,Solid (Jarang Dibanting),Normal,Sideways / Stagnan,TP: 51 | CL: 49,Normal,Di Area Support,Oversold (Jenuh Jual - Peluang),Netral / Sepi Berita,Normal / Sedang Transisi,Golden Rebound Fibo Bottom / 100% 🎯,1,WAIT & SEE,TIDAK ADA,2026-08-19 16:40:03,Biasa / Mengikuti Pasar
16:40,ADMR,Token Mati (Perlu Update),Big Cap (Lapis 1),Overvalued (Mahal),12.9906025,41125.0,1650.0,1564,1420,1740,-1.4925373134328357,27508300,Normal,60,Negatif,Uptrend,Bullish,Strong Bullish,Perfect Uptrend (5>20>50),Normal,Distribusi (Turun),Normal,Seimbang / Adu Mekanik,Normal,Tinggi,Normal,Rawan Pucuk (High Risk),> 1 Miliar,Persis di VWAP,Akumulasi Pro (Smart Money),Sultan (> 50M/hari),Normal (50-150%),Mark-Up (Fase Pesta),Spesialis Tiang Jemuran (Banting Pucuk),Normal,Turun 2 Hari Beruntun,TP: 1746 | CL: 1585,Open = High (Tekanan Jual),Tidak Ideal (< 1:1),Death Cross (Awal Bearish),Sentimen Negatif ⚠️,Normal / Sedang Transisi,Dekat Support Fibo 23.6%,4,WAIT & SEE,TIDAK ADA,2026-08-19 16:40:03,Biasa / Mengikuti Pasar
16:40,SEMA,Token Mati (Perlu Update),Small Cap (Lapis 3),Undervalued (Murah),5.6092954,0.80796754,98.0,97,93,110,1.0309278350515463,81800,Normal,53,Positif,Uptrend,Death Cross,Bearish MACD,Konsolidasi / Transisi,Normal,Distribusi (Turun),Gap Up (+2.1%),Seimbang / Adu Mekanik,Squeeze,Rendah,Normal,Area Tengah,< 1 Miliar,Persis di VWAP,Distribusi Pro (Guyuran),Gorengan Sepi (< 5M),Sepi (< 50%),Mark-Up (Fase Pesta),Spesialis Tiang Jemuran (Banting Pucuk),Normal,Naik 2 Hari Beruntun,TP: 102 | CL: 95,Open = High (Tekanan Jual),Ideal (1:2),Netral / Sideways,Sentimen Positif 📰,Supply Kering (Siap Pump) 🏜️,Golden Rebound Fibo 50.0% 🎯,5,WAIT & SEE,TIDAK ADA,2026-08-19 16:40:03,Biasa / Mengikuti Pasar
16:40,ASLC,Token Mati (Perlu Update),Small Cap (Lapis 3),Fair Value (Wajar),24.701195,1.0429634,62.0,63,59,69,0.0,3198100,Normal,47,Negatif,Downtrend,Bearish,Strong Bearish,Konsolidasi / Transisi,Normal,Distribusi (Turun),Normal,Seimbang / Adu Mekanik,Normal,Sedang,Doji (Ragu-ragu),Area Tengah,< 1 Miliar,Persis di VWAP,Akumulasi Pro (Smart Money),Gorengan Sepi (< 5M),Sepi (< 50%),Distribution (Fase Jualan),Solid (Jarang Dibanting),Normal,Sideways / Stagnan,TP: 65 | CL: 59,Normal,Ideal (1:2),Golden Cross (Awal Bullish),Sentimen Positif 📰,Normal / Sedang Transisi,Mendekati Fibo 61.8% (Golden Ratio),1,WAIT & SEE,TIDAK ADA,2026-08-19 16:40:03,Biasa / Mengikuti Pasar
16:40,NETV,Token Mati (Perlu Update),Mid Cap (Lapis 2),Overvalued (Mahal),0.0,5.7829185,52.0,51,50,59,0.0,16841800,Normal,51,Negatif,Uptrend,Bullish,Bullish MACD,Awal Reversal (5>20),Normal,Akumulasi (Naik),Normal,Dominan Beli (Hajar Kanan),Normal,Sedang,Doji (Ragu-ragu),Area Tengah,< 1 Miliar,Persis di VWAP,Akumulasi Pro (Smart Money),Gorengan Sepi (< 5M),Sepi (< 50%),Accumulation (Kumpul Barang),Normal,Jarum Bawah (Sinyal Pantulan Kuat),Sideways / Stagnan,TP: 55 | CL: 49,Normal,Sangat Menarik (> 1:3),Netral / Sideways,Netral / Sepi Berita,Supply Kering (Siap Pump) 🏜️,Mendekati Fibo Bottom / 100%,6,WAIT & SEE,TIDAK ADA,2026-08-19 16:40:03,Biasa / Mengikuti Pasar
16:40,BAUT,Token Mati (Perlu Update),Small Cap (Lapis 3),Fair Value (Wajar),0.0,1.0869876,38.0,32,26,38,0.0,5290700,Tembus MA20,73,Negatif,Uptrend,Bullish,Strong Bullish,Perfect Uptrend (5>20>50),Normal,Akumulasi (Naik),Normal,Tidak Ada Transaksi,Normal,Tinggi,Doji (Ragu-ragu),Rawan Pucuk (High Risk),< 1 Miliar,Di Atas VWAP (Kuat),Akumulasi Pro (Smart Money),Gorengan Sepi (< 5M),Normal (50-150%),Mark-Up (Fase Pesta),Solid (Jarang Dibanting),Normal,Sideways / Stagnan,TP: 40 | CL: 36,Normal,Tidak Ideal (< 1:1),Overbought (Jenuh Beli - Rawan),Netral / Sepi Berita,Normal / Sedang Transisi,Mengambang (Jauh dari Fibo),6,WAIT & SEE,TIDAK ADA,2026-08-19 16:40:03,Biasa / Mengikuti Pasar
16:40,ENAK,Token Mati (Perlu Update),Small Cap (Lapis 3),Fair Value (Wajar),0.0,2.8494427,240.0,245,228,304,-2.4390243902439024,657100,Normal,45,Negatif,Downtrend,Bearish,Bullish MACD,Strong Downtrend (5<20<50),Normal,Akumulasi (Naik),Normal,Seimbang / Adu Mekanik,Normal,Tinggi,Normal,Area Tengah,< 1 Miliar,Di Bawah VWAP (Lemah),Distribusi Pro (Guyuran),Gorengan Sepi (< 5M),Normal (50-150%),Mark-Down (Fase Runtuh),Spesialis Tiang Jemuran (Banting Pucuk),Normal,Turun 1 Hari Beruntun,TP: 264 | CL: 223,Open = High (Tekanan Jual),Sangat Menarik (> 1:3),Netral / Sideways,Netral / Sepi Berita,Normal / Sedang Transisi,Mendekati Fibo 78.6%,2,WAIT & SEE,TIDAK ADA,2026-08-19 16:40:03,Biasa / Mengikuti Pasar
16:40,NTBK,Token Mati (Perlu Update),Small Cap (Lapis 3),Overvalued (Mahal),361.60712,2.34912,81.0,90,79,103,0.0,29557300,Normal,42,Negatif,Downtrend,Bearish,Strong Bearish,Konsolidasi / Transisi,Normal,Distribusi (Turun),Normal,Seimbang / Adu Mekanik,Normal,Tinggi,Normal,Dekat Support (Low Risk),> 1 Miliar,Di Bawah VWAP (Lemah),Distribusi Pro (Guyuran),Gorengan Sepi (< 5M),Normal (50-150%),Distribution (Fase Jualan),Spesialis Tiang Jemuran (Banting Pucuk),Normal,Sideways / Stagnan,TP: 87 | CL: 76,Normal,Sangat Menarik (> 1:3),Oversold (Jenuh Jual - Peluang),Sentimen Positif 📰,Normal / Sedang Transisi,Mengambang (Jauh dari Fibo),1,WAIT & SEE,TIDAK ADA,2026-08-19 16:40:03,Biasa / Mengikuti Pasar
16:40,SMKM,Token Mati (Perlu Update),Small Cap (Lapis 3),Undervalued (Murah),7.082445,0.6244695,103.0,77,64,111,1.9801980198019802,4268000,Normal,86,Positif,Uptrend,Bullish,Strong Bullish,Perfect Uptrend (5>20>50),Normal,Akumulasi (Naik),Gap Up (+9.9%),Seimbang / Adu Mekanik,Normal,Tinggi,Normal,Rawan Pucuk (High Risk),< 1 Miliar,Di Atas VWAP (Kuat),Akumulasi Pro (Smart Money),Gorengan Sepi (< 5M),Normal (50-150%),Mark-Up (Fase Pesta),Spesialis Tiang Jemuran (Banting Pucuk),Normal,Naik 2 Hari Beruntun,TP: 114 | CL: 95,Open = High (Tekanan Jual),Tidak Ideal (< 1:1),Overbought (Jenuh Beli - Rawan),Sentimen Positif 📰,Normal / Sedang Transisi,Mendekati Fibo 23.6%,8,BELI,TIDAK ADA,2026-08-19 16:40:03,Biasa / Mengikuti Pasar
16:40,STAA,Token Mati (Perlu Update),Big Cap (Lapis 1),Fair Value (Wajar),7.4647307,1.8511536,1090.0,1079,990,1125,0.9259259259259258,7235500,Tembus MA20,58,Positif,Uptrend,Bearish,Bearish MACD,Konsolidasi / Transisi,Normal,Akumulasi (Naik),Normal,Dominan Beli (Hajar Kanan),Squeeze,Rendah,Normal,Rawan Pucuk (High Risk),> 1 Miliar,Di Atas VWAP (Kuat),Akumulasi Pro (Smart Money),Gorengan Sepi (< 5M),Anomali Tinggi (150-300%),Mark-Up (Fase Pesta),Normal,Normal,Naik 3 Hari Beruntun,TP: 1132 | CL: 1061,Normal,Tidak Ideal (< 1:1),Netral / Sideways,Sentimen Positif 📰,Normal / Sedang Transisi,Mendekati Fibo 23.6%,7,BELI,TIDAK ADA,2026-08-19 16:40:03,Biasa / Mengikuti Pasar
16:40,NANO,Token Mati (Perlu Update),Small Cap (Lapis 3),Undervalued (Murah),11.886503,0.78042394,30.0,30,27,36,-3.225806451612903,15292100,Normal,52,Negatif,Downtrend,Bullish,Bearish MACD,Perfect Uptrend (5>20>50),Normal,Akumulasi (Naik),Normal,Seimbang / Adu Mekanik,Normal,Tinggi,Normal,Rawan Pucuk (High Risk),< 1 Miliar,Di Bawah VWAP (Lemah),Akumulasi Pro (Smart Money),Gorengan Sepi (< 5M),Sepi (< 50%),Distribution (Fase Jualan),Normal,Normal,Turun 2 Hari Beruntun,TP: 33 | CL: 27,Open = High (Tekanan Jual),Ideal (1:2),Netral / Sideways,Netral / Sepi Berita,Normal / Sedang Transisi,Dekat Support Fibo 50.0%,3,WAIT & SEE,TIDAK ADA,2026-08-19 16:40:03,Biasa / Mengikuti Pasar
16:40,BIKE,Token Mati (Perlu Update),Small Cap (Lapis 3),Overvalued (Mahal),19.572475,12.8382635,510.0,510,510,510,0.0,0,Normal,0,Negatif,Downtrend,Bearish,Bearish MACD,Konsolidasi / Transisi,Normal,Netral,Normal,Tidak Ada Transaksi,Squeeze,Rendah,Doji (Ragu-ragu),Dekat Support (Low Risk),< 1 Miliar,Di Atas VWAP (Kuat),Netral,Gorengan Sepi (< 5M),Normal (50-150%),Sideways,Solid (Jarang Dibanting),Normal,Sideways / Stagnan,TP: 511 | CL: 509,Normal,Di Area Support,Oversold (Jenuh Jual - Peluang),Netral / Sepi Berita,Normal / Sedang Transisi,Normal / Sideways,0,WAIT & SEE,TIDAK ADA,2026-08-19 16:40:03,Biasa / Mengikuti Pasar
16:40,WIRG,Token Mati (Perlu Update),Small Cap (Lapis 3),Undervalued (Murah),10.526316,0.958489,67.0,60,54,71,-2.898550724637681,93660100,Normal,66,Negatif,Uptrend,Bullish,Strong Bullish,Perfect Uptrend (5>20>50),Normal,Akumulasi (Naik),Normal,Dominan Jual (Guyur),Normal,Tinggi,Normal,Rawan Pucuk (High Risk),> 1 Miliar,Persis di VWAP,Distribusi Pro (Guyuran),Ritel Aktif (5M - 50M),Normal (50-150%),Mark-Up (Fase Pesta),Spesialis Tiang Jemuran (Banting Pucuk),Normal,Turun 1 Hari Beruntun,TP: 73 | CL: 62,Normal,Tidak Ideal (< 1:1),Netral / Sideways,Sentimen Positif 📰,Normal / Sedang Transisi,Mendekati Fibo 38.2%,6,WAIT & SEE,TIDAK ADA,2026-08-19 16:40:03,Biasa / Mengikuti Pasar
16:40,SICO,Token Mati (Perlu Update),Small Cap (Lapis 3),Undervalued (Murah),11.381599,0.73410463,108.0,109,105,119,0.0,11978900,Tembus MA20,49,Negatif,Downtrend,Bearish,Bearish MACD,Konsolidasi / Transisi,Normal,Akumulasi (Naik),Normal,Dominan Jual (Guyur),Squeeze,Rendah,Doji (Ragu-ragu),Dekat Support (Low Risk),> 1 Miliar,Di Bawah VWAP (Lemah),Distribusi Pro (Guyuran),Gorengan Sepi (< 5M),Ledakan Ekstrem (> 300%),Distribution (Fase Jualan),Normal,Normal,Sideways / Stagnan,TP: 114 | CL: 103,Normal,Sangat Menarik (> 1:3),Netral / Sideways,Sentimen Positif 📰,Normal / Sedang Transisi,Dekat Support Fibo 50.0%,3,WAIT & SEE,TIDAK ADA,2026-08-19 16:40:03,Biasa / Mengikuti Pasar
16:40,GOTO,Token Mati (Perlu Update),Big Cap (Lapis 1),Fair Value (Wajar),0.0,1.6453322,50.0,50,50,50,0.0,10184400,Normal,0,Negatif,Downtrend,Bearish,Bearish MACD,Konsolidasi / Transisi,Normal,Netral,Normal,Tidak Ada Transaksi,Squeeze,Rendah,Doji (Ragu-ragu),Dekat Support (Low Risk),< 1 Miliar,Persis di VWAP,Netral,Gorengan Sepi (< 5M),Sepi (< 50%),Sideways,Solid (Jarang Dibanting),Normal,Sideways / Stagnan,TP: 51 | CL: 49,Normal,Di Area Support,Oversold (Jenuh Jual - Peluang),Sentimen Negatif ⚠️,Supply Kering (Siap Pump) 🏜️,Normal / Sideways,0,WAIT & SEE,TIDAK ADA,2026-08-19 16:40:03,🔥 ANOMALI BANDAR (Siap Ledakan)
16:40,TLDN,Token Mati (Perlu Update),Mid Cap (Lapis 2),Fair Value (Wajar),6.5985017,1.9463986,555.0,548,505,605,-0.8928571428571428,1140600,Normal,54,Negatif,Uptrend,Bullish,Bearish MACD,Perfect Uptrend (5>20>50),Normal,Akumulasi (Naik),Normal,Dominan Jual (Guyur),Normal,Tinggi,Normal,Area Tengah,< 1 Miliar,Persis di VWAP,Distribusi Pro (Guyuran),Gorengan Sepi (< 5M),Normal (50-150%),Mark-Up (Fase Pesta),Normal,Normal,Turun 1 Hari Beruntun,TP: 591 | CL: 530,Normal,Menengah (1:1),Netral / Sideways,Sentimen Positif 📰,Normal / Sedang Transisi,Mendekati Fibo 38.2%,5,WAIT & SEE,TIDAK ADA,2026-08-19 16:40:03,Biasa / Mengikuti Pasar
16:40,MTMH,Token Mati (Perlu Update),Mid Cap (Lapis 2),Overvalued (Mahal),39.68254,1.248984,925.0,923,865,1050,0.0,600,Normal,49,Negatif,Uptrend,Bearish,Bullish MACD,Strong Downtrend (5<20<50),Normal,Distribusi (Turun),Normal,Dominan Beli (Hajar Kanan),Squeeze,Rendah,Doji (Ragu-ragu),Area Tengah,< 1 Miliar,Persis di VWAP,Distribusi Pro (Guyuran),Gorengan Sepi (< 5M),Sepi (< 50%),Accumulation (Kumpul Barang),Spesialis Tiang Jemuran (Banting Pucuk),Jarum Bawah (Sinyal Pantulan Kuat),Sideways / Stagnan,TP: 960 | CL: 901,Normal,Ideal (1:2),Netral / Sideways,Sentimen Positif 📰,Supply Kering (Siap Pump) 🏜️,Mendekati Fibo 78.6%,4,WAIT & SEE,TIDAK ADA,2026-08-19 16:40:03,Biasa / Mengikuti Pasar
16:40,WINR,Token Mati (Perlu Update),Small Cap (Lapis 3),Undervalued (Murah),0.02643687,0.34047866,24.0,21,20,28,-7.6923076923076925,34079900,Tembus MA20,55,Negatif,Uptrend,Bullish,Strong Bullish,Perfect Uptrend (5>20>50),Normal,Distribusi (Turun),Normal,Dominan Jual (Guyur),Normal,Tinggi,Normal,Rawan Pucuk (High Risk),< 1 Miliar,Di Bawah VWAP (Lemah),Distribusi Pro (Guyuran),Gorengan Sepi (< 5M),Normal (50-150%),Mark-Up (Fase Pesta),Normal,Normal,Turun 1 Hari Beruntun,TP: 26 | CL: 22,Open = High (Tekanan Jual),Menengah (1:1),Netral / Sideways,Netral / Sepi Berita,Normal / Sedang Transisi,Dekat Support Fibo 50.0%,5,WAIT & SEE,TIDAK ADA,2026-08-19 16:40:03,Biasa / Mengikuti Pasar
16:40,IBOS,Token Mati (Perlu Update),Small Cap (Lapis 3),Overvalued (Mahal),276.9231,1.694995,72.0,67,60,75,4.3478260869565215,9574500,Tembus MA20,57,Positif,Uptrend,Bullish,Bullish MACD,Awal Reversal (5>20),Normal,Akumulasi (Naik),Normal,Seimbang / Adu Mekanik,Normal,Tinggi,Normal,Rawan Pucuk (High Risk),< 1 Miliar,Di Atas VWAP (Kuat),Akumulasi Pro (Smart Money),Gorengan Sepi (< 5M),Anomali Tinggi (150-300%),Accumulation (Kumpul Barang),Normal,Normal,Naik 2 Hari Beruntun,TP: 78 | CL: 67,Normal,Tidak Ideal (< 1:1),Netral / Sideways,Netral / Sepi Berita,Normal / Sedang Transisi,Mendekati Fibo 78.6%,7,BELI,TIDAK ADA,2026-08-19 16:40:03,Biasa / Mengikuti Pasar
16:40,OLIV,Token Mati (Perlu Update),Small Cap (Lapis 3),Overvalued (Mahal),53.669224,2.5099888,49.0,49,45,53,2.083333333333333,3814100,Tembus MA20,47,Positif,Downtrend,Bearish,Strong Bearish,Strong Downtrend (5<20<50),Normal,Akumulasi (Naik),Gap Up (+2.1%),Seimbang / Adu Mekanik,Normal,Sedang,Doji (Ragu-ragu),Area Tengah,< 1 Miliar,Di Atas VWAP (Kuat),Akumulasi Pro (Smart Money),Gorengan Sepi (< 5M),Normal (50-150%),Mark-Down (Fase Runtuh),Normal,Normal,Naik 2 Hari Beruntun,TP: 52 | CL: 46,Normal,Menengah (1:1),Netral / Sideways,Netral / Sepi Berita,Normal / Sedang Transisi,Mendekati Fibo 78.6%,4,WAIT & SEE,TIDAK ADA,2026-08-19 16:40:03,Biasa / Mengikuti Pasar
16:40,ASHA,Token Mati (Perlu Update),Small Cap (Lapis 3),Fair Value (Wajar),0.0,2.7231607,59.0,58,53,67,-1.6666666666666667,20384000,Normal,52,Negatif,Uptrend,Bullish,Strong Bullish,Perfect Uptrend (5>20>50),Normal,Akumulasi (Naik),Normal,Dominan Jual (Guyur),Normal,Sedang,Normal,Rawan Pucuk (High Risk),> 1 Miliar,Di Bawah VWAP (Lemah),Distribusi Pro (Guyuran),Gorengan Sepi (< 5M),Sepi (< 50%),Mark-Up (Fase Pesta),Spesialis Tiang Jemuran (Banting Pucuk),Normal,Turun 1 Hari Beruntun,TP: 64 | CL: 55,Open = High (Tekanan Jual),Menengah (1:1),Netral / Sideways,Sentimen Positif 📰,Normal / Sedang Transisi,Mendekati Fibo 78.6%,6,WAIT & SEE,TIDAK ADA,2026-08-19 16:40:03,Biasa / Mengikuti Pasar
16:40,SWID,Token Mati (Perlu Update),Small Cap (Lapis 3),Fair Value (Wajar),0.0,2.230396,113.0,105,91,138,6.60377358490566,242254800,Tembus MA20,63,Positif,Uptrend,Bullish,Strong Bullish,Perfect Uptrend (5>20>50),Akumulasi Kuat,Akumulasi (Naik),Normal,Dominan Jual (Guyur),Normal,Tinggi,Normal,Rawan Pucuk (High Risk),> 1 Miliar,Di Bawah VWAP (Lemah),Distribusi Pro (Guyuran),Ritel Aktif (5M - 50M),Ledakan Ekstrem (> 300%),Mark-Up (Fase Pesta),Spesialis Tiang Jemuran (Banting Pucuk),Normal,Naik 1 Hari Beruntun,TP: 128 | CL: 102,Open = Low (Bullish Kuat),Menengah (1:1),Netral / Sideways,Sentimen Positif 📰,Normal / Sedang Transisi,Mengambang (Jauh dari Fibo),9,BELI,TIDAK ADA,2026-08-19 16:40:03,⚠️ Anomali (Sudah Terbang)
16:40,TRGU,Token Mati (Perlu Update),Mid Cap (Lapis 2),Overvalued (Mahal),129.10448,1.4004695,174.0,165,157,204,4.819277108433735,2154400,Tembus MA20,58,Positif,Uptrend,Bullish,Strong Bullish,Awal Reversal (5>20),Akumulasi Kuat,Akumulasi (Naik),Normal,Dominan Beli (Hajar Kanan),Normal,Sedang,Normal,Rawan Pucuk (High Risk),< 1 Miliar,Di Atas VWAP (Kuat),Distribusi Pro (Guyuran),Gorengan Sepi (< 5M),Normal (50-150%),Accumulation (Kumpul Barang),Spesialis Tiang Jemuran (Banting Pucuk),Normal,Naik 2 Hari Beruntun,TP: 190 | CL: 163,Open = Low (Bullish Kuat),Ideal (1:2),Golden Cross (Awal Bullish),Netral / Sepi Berita,Normal / Sedang Transisi,Mendekati Fibo 78.6%,9,BELI,TIDAK ADA,2026-08-19 16:40:03,Biasa / Mengikuti Pasar
16:40,ARKO,Token Mati (Perlu Update),Big Cap (Lapis 1),Overvalued (Mahal),262.1337,30.388441,5725.0,5007,4300,6100,10.096153846153847,10831500,Tembus MA20,60,Positif,Uptrend,Bullish,Strong Bullish,Awal Reversal (5>20),Akumulasi Kuat,Akumulasi (Naik),Normal,Seimbang / Adu Mekanik,Normal,Tinggi,Normal,Rawan Pucuk (High Risk),> 1 Miliar,Di Atas VWAP (Kuat),Akumulasi Pro (Smart Money),Ritel Aktif (5M - 50M),Anomali Tinggi (150-300%),Accumulation (Kumpul Barang),Normal,Normal,Naik 1 Hari Beruntun,TP: 6328 | CL: 5322,Normal,Tidak Ideal (< 1:1),Netral / Sideways,Sentimen Positif 📰,Normal / Sedang Transisi,Dekat Support Fibo 50.0%,9,BELI,TIDAK ADA,2026-08-19 16:40:03,Biasa / Mengikuti Pasar
16:40,CHEM,Token Mati (Perlu Update),Small Cap (Lapis 3),Fair Value (Wajar),0.0,1.0352123,69.0,66,63,77,-1.4285714285714286,4927300,Normal,58,Negatif,Uptrend,Bullish,Strong Bullish,Perfect Uptrend (5>20>50),Normal,Distribusi (Turun),Normal,Seimbang / Adu Mekanik,Normal,Sedang,Normal,Area Tengah,< 1 Miliar,Persis di VWAP,Distribusi Pro (Guyuran),Gorengan Sepi (< 5M),Sepi (< 50%),Mark-Up (Fase Pesta),Spesialis Tiang Jemuran (Banting Pucuk),Normal,Turun 1 Hari Beruntun,TP: 73 | CL: 65,Normal,Menengah (1:1),Golden Cross (Awal Bullish),Sentimen Positif 📰,Normal / Sedang Transisi,Dekat Support Fibo 50.0%,5,WAIT & SEE,TIDAK ADA,2026-08-19 16:40:03,Biasa / Mengikuti Pasar
16:40,DEWI,Token Mati (Perlu Update),Small Cap (Lapis 3),Fair Value (Wajar),0.0,1.8134559,151.0,127,116,158,6.338028169014084,90188600,Tembus MA20,86,Positif,Uptrend,Bullish,Strong Bullish,Perfect Uptrend (5>20>50),Normal,Akumulasi (Naik),Normal,Seimbang / Adu Mekanik,Breakout Upper,Tinggi,Normal,Rawan Pucuk (High Risk),> 1 Miliar,Di Atas VWAP (Kuat),Akumulasi Pro (Smart Money),Ritel Aktif (5M - 50M),Normal (50-150%),Mark-Up (Fase Pesta),Solid (Jarang Dibanting),Normal,Naik 3 Hari Beruntun,TP: 160 | CL: 144,Normal,Tidak Ideal (< 1:1),Overbought (Jenuh Beli - Rawan),Sentimen Positif 📰,Normal / Sedang Transisi,Mendekati Fibo 23.6%,8,BELI,TIDAK ADA,2026-08-19 16:40:03,⚠️ Anomali (Sudah Terbang)
16:40,AXIO,Token Mati (Perlu Update),Small Cap (Lapis 3),Fair Value (Wajar),0.0,1.2464193,114.0,112,108,133,0.8849557522123894,493600,Normal,56,Positif,Uptrend,Golden Cross,Bearish MACD,Perfect Uptrend (5>20>50),Normal,Akumulasi (Naik),Gap Up (+2.7%),Seimbang / Adu Mekanik,Squeeze,Rendah,Normal,Area Tengah,< 1 Miliar,Persis di VWAP,Distribusi Pro (Guyuran),Gorengan Sepi (< 5M),Sepi (< 50%),Mark-Up (Fase Pesta),Normal,Normal,Naik 2 Hari Beruntun,TP: 119 | CL: 110,Open = High (Tekanan Jual),Sangat Menarik (> 1:3),Netral / Sideways,Sentimen Positif 📰,Normal / Sedang Transisi,Mendekati Fibo 61.8% (Golden Ratio),7,BELI,TIDAK ADA,2026-08-19 16:40:03,Biasa / Mengikuti Pasar
16:40,KRYA,Token Mati (Perlu Update),Small Cap (Lapis 3),Overvalued (Mahal),0.0,4.0583386,64.0,61,56,68,1.5873015873015872,44377300,Tembus MA20,60,Positif,Uptrend,Bullish,Strong Bullish,Perfect Uptrend (5>20>50),Normal,Akumulasi (Naik),Normal,Seimbang / Adu Mekanik,Normal,Sedang,Normal,Rawan Pucuk (High Risk),> 1 Miliar,Di Atas VWAP (Kuat),Akumulasi Pro (Smart Money),Gorengan Sepi (< 5M),Normal (50-150%),Mark-Up (Fase Pesta),Spesialis Tiang Jemuran (Banting Pucuk),Normal,Naik 1 Hari Beruntun,TP: 69 | CL: 60,Normal,Tidak Ideal (< 1:1),Netral / Sideways,Sentimen Negatif ⚠️,Normal / Sedang Transisi,Dekat Support Fibo 50.0%,7,BELI,TIDAK ADA,2026-08-19 16:40:03,Biasa / Mengikuti Pasar
16:40,HATM,Token Mati (Perlu Update),Mid Cap (Lapis 2),Overvalued (Mahal),117.21612,3.3916807,640.0,543,420,665,0.7874015748031495,49684900,Tembus MA20,74,Positif,Uptrend,Bullish,Strong Bullish,Perfect Uptrend (5>20>50),Normal,Akumulasi (Naik),Normal,Seimbang / Adu Mekanik,Normal,Tinggi,Doji (Ragu-ragu),Rawan Pucuk (High Risk),> 1 Miliar,Di Atas VWAP (Kuat),Akumulasi Pro (Smart Money),Ritel Aktif (5M - 50M),Normal (50-150%),Mark-Up (Fase Pesta),Normal,Normal,Naik 3 Hari Beruntun,TP: 732 | CL: 578,Normal,Tidak Ideal (< 1:1),Overbought (Jenuh Beli - Rawan),Sentimen Positif 📰,Normal / Sedang Transisi,Mengambang (Jauh dari Fibo),8,BELI,TIDAK ADA,2026-08-19 16:40:03,Biasa / Mengikuti Pasar
16:40,RCCC,Token Mati (Perlu Update),Small Cap (Lapis 3),Fair Value (Wajar),0.0,1.558286,104.0,99,89,109,0.9708737864077669,333800,Normal,60,Positif,Uptrend,Bullish,Strong Bullish,Perfect Uptrend (5>20>50),Normal,Akumulasi (Naik),Normal,Seimbang / Adu Mekanik,Normal,Tinggi,Normal,Rawan Pucuk (High Risk),< 1 Miliar,Persis di VWAP,Distribusi Pro (Guyuran),Gorengan Sepi (< 5M),Sepi (< 50%),Mark-Up (Fase Pesta),Spesialis Tiang Jemuran (Banting Pucuk),Normal,Naik 1 Hari Beruntun,TP: 110 | CL: 99,Open = Low (Bullish Kuat),Tidak Ideal (< 1:1),Netral / Sideways,Netral / Sepi Berita,Normal / Sedang Transisi,Mendekati Fibo 38.2%,6,WAIT & SEE,TIDAK ADA,2026-08-19 16:40:03,Biasa / Mengikuti Pasar
16:40,GULA,Token Mati (Perlu Update),Small Cap (Lapis 3),Overvalued (Mahal),0.0,5.4493065,735.0,766,660,870,-1.342281879194631,15028500,Normal,50,Negatif,Downtrend,Bearish,Bearish MACD,Konsolidasi / Transisi,Normal,Distribusi (Turun),Normal,Dominan Jual (Guyur),Normal,Tinggi,Normal,Rawan Pucuk (High Risk),> 1 Miliar,Persis di VWAP,Distribusi Pro (Guyuran),Ritel Aktif (5M - 50M),Sepi (< 50%),Distribution (Fase Jualan),Normal,Normal,Turun 1 Hari Beruntun,TP: 821 | CL: 677,Normal,Ideal (1:2),Golden Cross (Awal Bullish),Netral / Sepi Berita,Normal / Sedang Transisi,Mengambang (Jauh dari Fibo),0,WAIT & SEE,TIDAK ADA,2026-08-19 16:40:03,Biasa / Mengikuti Pasar
16:40,JARR,Token Mati (Perlu Update),Big Cap (Lapis 1),Overvalued (Mahal),82.7849,10.943424,2380.0,1962,1800,2680,-5.179282868525896,41123800,Tembus MA20,72,Negatif,Uptrend,Bullish,Strong Bullish,Perfect Uptrend (5>20>50),Akumulasi Kuat,Akumulasi (Naik),Gap Down (-8.8%),Seimbang / Adu Mekanik,Breakout Upper,Tinggi,Normal,Rawan Pucuk (High Risk),> 1 Miliar,Di Atas VWAP (Kuat),Akumulasi Pro (Smart Money),Ritel Aktif (5M - 50M),Ledakan Ekstrem (> 300%),Mark-Up (Fase Pesta),Spesialis Tiang Jemuran (Banting Pucuk),Normal,Turun 1 Hari Beruntun,TP: 2626 | CL: 2215,Normal,Tidak Ideal (< 1:1),Death Cross (Awal Bearish),Sentimen Positif 📰,Normal / Sedang Transisi,Mendekati Fibo 23.6%,8,BELI,TIDAK ADA,2026-08-19 16:40:03,Biasa / Mengikuti Pasar
16:40,AMMS,Token Mati (Perlu Update),Small Cap (Lapis 3),Fair Value (Wajar),0.0,2.798088,166.0,234,155,312,-1.1904761904761905,334200,Normal,9,Negatif,Downtrend,Bearish,Strong Bearish,Strong Downtrend (5<20<50),Normal,Distribusi (Turun),Normal,Seimbang / Adu Mekanik,Normal,Tinggi,Normal,Area Tengah,< 1 Miliar,Di Bawah VWAP (Lemah),Distribusi Pro (Guyuran),Gorengan Sepi (< 5M),Sepi (< 50%),Mark-Down (Fase Runtuh),Normal,Normal,Turun 2 Hari Beruntun,TP: 196 | CL: 146,Normal,Sangat Menarik (> 1:3),Oversold (Jenuh Jual - Peluang),Sentimen Positif 📰,Normal / Sedang Transisi,Mengambang (Jauh dari Fibo),1,WAIT & SEE,TIDAK ADA,2026-08-19 16:40:03,Biasa / Mengikuti Pasar
16:40,RAFI,Token Mati (Perlu Update),Small Cap (Lapis 3),Fair Value (Wajar),0.0,0.46078822,36.0,36,36,36,0.0,0,Normal,0,Negatif,Downtrend,Bearish,Bearish MACD,Konsolidasi / Transisi,Normal,Netral,Normal,Tidak Ada Transaksi,Squeeze,Rendah,Doji (Ragu-ragu),Dekat Support (Low Risk),< 1 Miliar,Di Atas VWAP (Kuat),Netral,Gorengan Sepi (< 5M),Normal (50-150%),Sideways,Solid (Jarang Dibanting),Normal,Sideways / Stagnan,TP: 37 | CL: 35,Normal,Di Area Support,Oversold (Jenuh Jual - Peluang),Netral / Sepi Berita,Normal / Sedang Transisi,Normal / Sideways,0,WAIT & SEE,TIDAK ADA,2026-08-19 16:40:03,Biasa / Mengikuti Pasar
16:40,KKES,Token Mati (Perlu Update),Small Cap (Lapis 3),Fair Value (Wajar),0.0,1.6483775,70.0,68,63,77,-2.7777777777777777,8022000,Tembus MA20,58,Negatif,Uptrend,Bullish,Bearish MACD,Perfect Uptrend (5>20>50),Normal,Distribusi (Turun),Normal,Seimbang / Adu Mekanik,Normal,Sedang,Normal,Rawan Pucuk (High Risk),< 1 Miliar,Di Bawah VWAP (Lemah),Akumulasi Pro (Smart Money),Gorengan Sepi (< 5M),Anomali Tinggi (150-300%),Mark-Up (Fase Pesta),Solid (Jarang Dibanting),Normal,Turun 2 Hari Beruntun,TP: 74 | CL: 67,Open = High (Tekanan Jual),Menengah (1:1),Netral / Sideways,Netral / Sepi Berita,Normal / Sedang Transisi,Mendekati Fibo 23.6%,4,WAIT & SEE,TIDAK ADA,2026-08-19 16:40:03,Biasa / Mengikuti Pasar
16:40,ELPI,Token Mati (Perlu Update),Mid Cap (Lapis 2),Overvalued (Mahal),45.51495,1.9979583,685.0,768,650,1000,1.4814814814814816,884900,Normal,30,Positif,Downtrend,Bearish,Bullish MACD,Strong Downtrend (5<20<50),Normal,Akumulasi (Naik),Gap Up (+5.2%),Seimbang / Adu Mekanik,Normal,Tinggi,Normal,Area Tengah,< 1 Miliar,Persis di VWAP,Distribusi Pro (Guyuran),Gorengan Sepi (< 5M),Sepi (< 50%),Mark-Down (Fase Runtuh),Normal,Normal,Naik 2 Hari Beruntun,TP: 747 | CL: 643,Normal,Sangat Menarik (> 1:3),Oversold (Jenuh Jual - Peluang),Sentimen Positif 📰,Normal / Sedang Transisi,Mendekati Fibo Bottom / 100%,5,WAIT & SEE,TIDAK ADA,2026-08-19 16:40:03,Biasa / Mengikuti Pasar
16:40,EURO,Token Mati (Perlu Update),Mid Cap (Lapis 2),Overvalued (Mahal),2477.9412,83.27155,1685.0,1873,1630,2170,-1.461988304093567,102400,Normal,38,Negatif,Downtrend,Bearish,Strong Bearish,Konsolidasi / Transisi,Normal,Distribusi (Turun),Normal,Dominan Jual (Guyur),Normal,Tinggi,Normal,Area Tengah,< 1 Miliar,Di Bawah VWAP (Lemah),Distribusi Pro (Guyuran),Gorengan Sepi (< 5M),Sepi (< 50%),Distribution (Fase Jualan),Normal,Normal,Turun 2 Hari Beruntun,TP: 1891 | CL: 1547,Normal,Sangat Menarik (> 1:3),Oversold (Jenuh Jual - Peluang),Netral / Sepi Berita,Normal / Sedang Transisi,Mengambang (Jauh dari Fibo),0,WAIT & SEE,TIDAK ADA,2026-08-19 16:40:03,Biasa / Mengikuti Pasar
16:40,KLIN,Token Mati (Perlu Update),Small Cap (Lapis 3),Overvalued (Mahal),0.0,5.27217,117.0,116,104,133,1.7391304347826086,113300,Normal,54,Positif,Uptrend,Bullish,Bearish MACD,Perfect Uptrend (5>20>50),Normal,Distribusi (Turun),Normal,Dominan Beli (Hajar Kanan),Normal,Sedang,Normal,Rawan Pucuk (High Risk),< 1 Miliar,Di Atas VWAP (Kuat),Akumulasi Pro (Smart Money),Gorengan Sepi (< 5M),Normal (50-150%),Mark-Up (Fase Pesta),Normal,Jarum Bawah (Sinyal Pantulan Kuat),Naik 1 Hari Beruntun,TP: 128 | CL: 109,Normal,Menengah (1:1),Netral / Sideways,Netral / Sepi Berita,Supply Kering (Siap Pump) 🏜️,Golden Rebound Fibo 50.0% 🎯,5,WAIT & SEE,TIDAK ADA,2026-08-19 16:40:03,Biasa / Mengikuti Pasar
16:40,TOOL,Token Mati (Perlu Update),Small Cap (Lapis 3),Fair Value (Wajar),0.0,0.747418,66.0,66,61,71,-1.4925373134328357,5593500,Normal,49,Negatif,Downtrend,Bullish,Bearish MACD,Perfect Uptrend (5>20>50),Normal,Akumulasi (Naik),Normal,Seimbang / Adu Mekanik,Normal,Sedang,Normal,Area Tengah,< 1 Miliar,Di Bawah VWAP (Lemah),Akumulasi Pro (Smart Money),Gorengan Sepi (< 5M),Sepi (< 50%),Distribution (Fase Jualan),Solid (Jarang Dibanting),Normal,Turun 1 Hari Beruntun,TP: 70 | CL: 62,Open = High (Tekanan Jual),Menengah (1:1),Netral / Sideways,Sentimen Positif 📰,Supply Kering (Siap Pump) 🏜️,Mendekati Fibo 61.8% (Golden Ratio),3,WAIT & SEE,TIDAK ADA,2026-08-19 16:40:03,Biasa / Mengikuti Pasar
16:40,BUAH,Token Mati (Perlu Update),Mid Cap (Lapis 2),Overvalued (Mahal),20.39604,5.2585363,515.0,509,494,520,0.9803921568627451,197800,Normal,57,Positif,Uptrend,Bullish,Strong Bullish,Awal Reversal (5>20),Normal,Akumulasi (Naik),Normal,Dominan Beli (Hajar Kanan),Squeeze,Rendah,Normal,Area Tengah,< 1 Miliar,Di Atas VWAP (Kuat),Akumulasi Pro (Smart Money),Gorengan Sepi (< 5M),Normal (50-150%),Accumulation (Kumpul Barang),Solid (Jarang Dibanting),Normal,Naik 1 Hari Beruntun,TP: 536 | CL: 500,Normal,Tidak Ideal (< 1:1),Netral / Sideways,Sentimen Positif 📰,Normal / Sedang Transisi,Dekat Support Fibo 23.6%,8,BELI,TIDAK ADA,2026-08-19 16:40:03,Biasa / Mengikuti Pasar
16:40,CRAB,Token Mati (Perlu Update),Small Cap (Lapis 3),Fair Value (Wajar),0.0,1.7666194,208.0,208,208,208,0.0,0,Normal,48,Negatif,Downtrend,Bearish,Bullish MACD,Konsolidasi / Transisi,Normal,Netral,Normal,Tidak Ada Transaksi,Squeeze,Rendah,Doji (Ragu-ragu),Dekat Support (Low Risk),< 1 Miliar,Di Atas VWAP (Kuat),Netral,Gorengan Sepi (< 5M),Normal (50-150%),Sideways,Solid (Jarang Dibanting),Normal,Sideways / Stagnan,TP: 209 | CL: 207,Normal,Di Area Support,Oversold (Jenuh Jual - Peluang),Netral / Sepi Berita,Normal / Sedang Transisi,Golden Rebound Fibo 61.8% (Golden Ratio) 🎯,1,WAIT & SEE,TIDAK ADA,2026-08-19 16:40:03,Biasa / Mengikuti Pasar
16:40,MEDS,Token Mati (Perlu Update),Small Cap (Lapis 3),Fair Value (Wajar),0.0,2.2817843,71.0,74,68,83,0.0,10492300,Normal,40,Negatif,Downtrend,Bearish,Strong Bearish,Konsolidasi / Transisi,Normal,Distribusi (Turun),Normal,Seimbang / Adu Mekanik,Normal,Tinggi,Normal,Area Tengah,< 1 Miliar,Di Bawah VWAP (Lemah),Distribusi Pro (Guyuran),Gorengan Sepi (< 5M),Sepi (< 50%),Distribution (Fase Jualan),Spesialis Tiang Jemuran (Banting Pucuk),Normal,Sideways / Stagnan,TP: 76 | CL: 67,Open = High (Tekanan Jual),Sangat Menarik (> 1:3),Netral / Sideways,Sentimen Negatif ⚠️,Normal / Sedang Transisi,Mengambang (Jauh dari Fibo),0,WAIT & SEE,TIDAK ADA,2026-08-19 16:40:03,Biasa / Mengikuti Pasar
16:40,COAL,Token Mati (Perlu Update),Small Cap (Lapis 3),Fair Value (Wajar),0.0,0.5461881,31.0,24,21,31,0.0,0,Normal,75,Negatif,Uptrend,Bullish,Strong Bullish,Awal Reversal (5>20),Normal,Akumulasi (Naik),Normal,Tidak Ada Transaksi,Normal,Tinggi,Doji (Ragu-ragu),Rawan Pucuk (High Risk),< 1 Miliar,Persis di VWAP,Netral,Gorengan Sepi (< 5M),Sepi (< 50%),Accumulation (Kumpul Barang),Solid (Jarang Dibanting),Normal,Sideways / Stagnan,TP: 32 | CL: 30,Normal,Tidak Ideal (< 1:1),Overbought (Jenuh Beli - Rawan),Netral / Sepi Berita,Normal / Sedang Transisi,Mengambang (Jauh dari Fibo),5,WAIT & SEE,TIDAK ADA,2026-08-19 16:40:03,Biasa / Mengikuti Pasar
16:40,PRAY,Token Mati (Perlu Update),Big Cap (Lapis 1),Overvalued (Mahal),57.735847,3.2444124,765.0,741,680,800,-1.2903225806451613,5100,Normal,57,Negatif,Uptrend,Bullish,Strong Bullish,Perfect Uptrend (5>20>50),Normal,Akumulasi (Naik),Normal,Dominan Beli (Hajar Kanan),Normal,Sedang,Doji (Ragu-ragu),Rawan Pucuk (High Risk),< 1 Miliar,Persis di VWAP,Akumulasi Pro (Smart Money),Gorengan Sepi (< 5M),Sepi (< 50%),Mark-Up (Fase Pesta),Normal,Jarum Bawah (Sinyal Pantulan Kuat),Turun 1 Hari Beruntun,TP: 828 | CL: 722,Normal,Tidak Ideal (< 1:1),Netral / Sideways,Sentimen Positif 📰,Normal / Sedang Transisi,Mendekati Fibo 38.2%,7,BELI,TIDAK ADA,2026-08-19 16:40:03,Biasa / Mengikuti Pasar
16:40,CBUT,Token Mati (Perlu Update),Mid Cap (Lapis 2),Fair Value (Wajar),21.408451,2.0391464,760.0,810,750,890,-1.935483870967742,26700,Normal,43,Negatif,Downtrend,Bearish,Bearish MACD,Konsolidasi / Transisi,Normal,Distribusi (Turun),Normal,Seimbang / Adu Mekanik,Bottom Rebound,Sedang,Normal,Dekat Support (Low Risk),< 1 Miliar,Di Bawah VWAP (Lemah),Distribusi Pro (Guyuran),Gorengan Sepi (< 5M),Sepi (< 50%),Distribution (Fase Jualan),Normal,Normal,Turun 1 Hari Beruntun,TP: 826 | CL: 715,Open = High (Tekanan Jual),Sangat Menarik (> 1:3),Oversold (Jenuh Jual - Peluang),Sentimen Positif 📰,Normal / Sedang Transisi,Mengambang (Jauh dari Fibo),1,WAIT & SEE,TIDAK ADA,2026-08-19 16:40:03,Biasa / Mengikuti Pasar
16:40,BELI,Token Mati (Perlu Update),Big Cap (Lapis 1),Overvalued (Mahal),0.0,3.9595048,264.0,257,248,274,-0.7518796992481203,1686400,Tembus MA20,51,Negatif,Uptrend,Bullish,Bullish MACD,Awal Reversal (5>20),Normal,Distribusi (Turun),Normal,Seimbang / Adu Mekanik,Squeeze,Rendah,Normal,Area Tengah,< 1 Miliar,Persis di VWAP,Distribusi Pro (Guyuran),Gorengan Sepi (< 5M),Normal (50-150%),Accumulation (Kumpul Barang),Normal,Normal,Turun 2 Hari Beruntun,TP: 279 | CL: 253,Normal,Tidak Ideal (< 1:1),Death Cross (Awal Bearish),Sentimen Positif 📰,Supply Banjir (Distribusi) 🌊,Mengambang (Jauh dari Fibo),6,WAIT & SEE,TIDAK ADA,2026-08-19 16:40:03,Biasa / Mengikuti Pasar
16:40,MKTR,Token Mati (Perlu Update),Mid Cap (Lapis 2),Overvalued (Mahal),25.902336,2.174068,122.0,122,115,153,-0.8130081300813009,311900,Normal,50,Negatif,Downtrend,Bullish,Strong Bullish,Perfect Uptrend (5>20>50),Normal,Distribusi (Turun),Normal,Seimbang / Adu Mekanik,Normal,Sedang,Normal,Area Tengah,< 1 Miliar,Di Bawah VWAP (Lemah),Distribusi Pro (Guyuran),Gorengan Sepi (< 5M),Sepi (< 50%),Sideways,Normal,Normal,Turun 1 Hari Beruntun,TP: 132 | CL: 115,Open = High (Tekanan Jual),Sangat Menarik (> 1:3),Oversold (Jenuh Jual - Peluang),Sentimen Positif 📰,Supply Kering (Siap Pump) 🏜️,Mengambang (Jauh dari Fibo),3,WAIT & SEE,TIDAK ADA,2026-08-19 16:40:03,Biasa / Mengikuti Pasar
16:40,OMED,Token Mati (Perlu Update),Mid Cap (Lapis 2),Fair Value (Wajar),14.615865,2.2335918,234.0,221,199,242,1.7391304347826086,20745300,Normal,63,Positif,Uptrend,Bullish,Strong Bullish,Perfect Uptrend (5>20>50),Normal,Akumulasi (Naik),Normal,Dominan Beli (Hajar Kanan),Normal,Tinggi,Doji (Ragu-ragu),Rawan Pucuk (High Risk),> 1 Miliar,Di Atas VWAP (Kuat),Akumulasi Pro (Smart Money),Ritel Aktif (5M - 50M),Normal (50-150%),Mark-Up (Fase Pesta),Solid (Jarang Dibanting),Jarum Bawah (Sinyal Pantulan Kuat),Naik 2 Hari Beruntun,TP: 249 | CL: 223,Normal,Tidak Ideal (< 1:1),Netral / Sideways,Sentimen Positif 📰,Normal / Sedang Transisi,Golden Rebound Fibo 23.6% 🎯,8,BELI,TIDAK ADA,2026-08-19 16:40:03,Biasa / Mengikuti Pasar
16:40,BSBK,Token Mati (Perlu Update),Mid Cap (Lapis 2),Fair Value (Wajar),18.0,0.6157565,54.0,52,51,58,0.0,12970200,Normal,58,Negatif,Uptrend,Bullish,Strong Bullish,Perfect Uptrend (5>20>50),Normal,Akumulasi (Naik),Normal,Seimbang / Adu Mekanik,Squeeze,Rendah,Doji (Ragu-ragu),Area Tengah,< 1 Miliar,Persis di VWAP,Akumulasi Pro (Smart Money),Gorengan Sepi (< 5M),Sepi (< 50%),Mark-Up (Fase Pesta),Spesialis Tiang Jemuran (Banting Pucuk),Normal,Sideways / Stagnan,TP: 57 | CL: 52,Normal,Menengah (1:1),Golden Cross (Awal Bullish),Netral / Sepi Berita,Normal / Sedang Transisi,Dekat Support Fibo 50.0%,5,WAIT & SEE,TIDAK ADA,2026-08-19 16:40:03,Biasa / Mengikuti Pasar
16:40,PDPP,Token Mati (Perlu Update),Small Cap (Lapis 3),Fair Value (Wajar),12.914335,1.9412702,310.0,294,252,324,1.3071895424836601,123400,Normal,64,Positif,Uptrend,Bullish,Bearish MACD,Perfect Uptrend (5>20>50),Normal,Akumulasi (Naik),Normal,Dominan Beli (Hajar Kanan),Normal,Tinggi,Doji (Ragu-ragu),Rawan Pucuk (High Risk),< 1 Miliar,Di Atas VWAP (Kuat),Akumulasi Pro (Smart Money),Gorengan Sepi (< 5M),Normal (50-150%),Mark-Up (Fase Pesta),Spesialis Tiang Jemuran (Banting Pucuk),Jarum Bawah (Sinyal Pantulan Kuat),Naik 2 Hari Beruntun,TP: 342 | CL: 288,Normal,Tidak Ideal (< 1:1),Netral / Sideways,Netral / Sepi Berita,Normal / Sedang Transisi,Mendekati Fibo 23.6%,6,WAIT & SEE,TIDAK ADA,2026-08-19 16:40:03,Biasa / Mengikuti Pasar
16:40,KDTN,Token Mati (Perlu Update),Small Cap (Lapis 3),Overvalued (Mahal),0.0,6.4608245,362.0,401,274,570,-0.5494505494505495,2688800,Normal,37,Negatif,Downtrend,Bearish,Bullish MACD,Strong Downtrend (5<20<50),Normal,Distribusi (Turun),Normal,Seimbang / Adu Mekanik,Normal,Tinggi,Normal,Rawan Pucuk (High Risk),< 1 Miliar,Di Bawah VWAP (Lemah),Distribusi Pro (Guyuran),Gorengan Sepi (< 5M),Sepi (< 50%),Mark-Down (Fase Runtuh),Spesialis Tiang Jemuran (Banting Pucuk),Normal,Turun 3 Hari Beruntun,TP: 440 | CL: 310,Normal,Ideal (1:2),Netral / Sideways,Sentimen Positif 📰,Normal / Sedang Transisi,Mengambang (Jauh dari Fibo),2,WAIT & SEE,TIDAK ADA,2026-08-19 16:40:03,Biasa / Mengikuti Pasar
16:40,ZATA,Token Mati (Perlu Update),Small Cap (Lapis 3),Fair Value (Wajar),0.0,1.6789138,69.0,69,53,86,0.0,41391800,Normal,56,Negatif,Downtrend,Death Cross,Bearish MACD,Konsolidasi / Transisi,Normal,Akumulasi (Naik),Normal,Seimbang / Adu Mekanik,Normal,Tinggi,Normal,Rawan Pucuk (High Risk),> 1 Miliar,Persis di VWAP,Distribusi Pro (Guyuran),Gorengan Sepi (< 5M),Sepi (< 50%),Distribution (Fase Jualan),Spesialis Tiang Jemuran (Banting Pucuk),Normal,Sideways / Stagnan,TP: 78 | CL: 62,Open = High (Tekanan Jual),Menengah (1:1),Netral / Sideways,Netral / Sepi Berita,Normal / Sedang Transisi,Mendekati Fibo 61.8% (Golden Ratio),2,WAIT & SEE,TIDAK ADA,2026-08-19 16:40:03,Biasa / Mengikuti Pasar
16:40,NINE,Token Mati (Perlu Update),Small Cap (Lapis 3),Overvalued (Mahal),0.0,6.7294755,80.0,75,67,83,3.896103896103896,8647600,Normal,57,Positif,Uptrend,Bullish,Bullish MACD,Awal Reversal (5>20),Normal,Akumulasi (Naik),Normal,Dominan Beli (Hajar Kanan),Normal,Tinggi,Normal,Rawan Pucuk (High Risk),< 1 Miliar,Di Atas VWAP (Kuat),Akumulasi Pro (Smart Money),Gorengan Sepi (< 5M),Normal (50-150%),Accumulation (Kumpul Barang),Normal,Normal,Naik 2 Hari Beruntun,TP: 87 | CL: 75,Normal,Tidak Ideal (< 1:1),Netral / Sideways,Sentimen Positif 📰,Normal / Sedang Transisi,Mengambang (Jauh dari Fibo),8,BELI,TIDAK ADA,2026-08-19 16:40:03,Biasa / Mengikuti Pasar
16:40,MMIX,Token Mati (Perlu Update),Mid Cap (Lapis 2),Overvalued (Mahal),5.221843,19.54672,765.0,727,540,775,0.0,34176800,Tembus MA20,59,Negatif,Uptrend,Bullish,Bearish MACD,Perfect Uptrend (5>20>50),Normal,Akumulasi (Naik),Normal,Seimbang / Adu Mekanik,Normal,Tinggi,Doji (Ragu-ragu),Rawan Pucuk (High Risk),> 1 Miliar,Di Atas VWAP (Kuat),Akumulasi Pro (Smart Money),Ritel Aktif (5M - 50M),Normal (50-150%),Mark-Up (Fase Pesta),Normal,Jarum Bawah (Sinyal Pantulan Kuat),Sideways / Stagnan,TP: 806 | CL: 737,Normal,Tidak Ideal (< 1:1),Overbought (Jenuh Beli - Rawan),Netral / Sepi Berita,Normal / Sedang Transisi,Mengambang (Jauh dari Fibo),5,WAIT & SEE,TIDAK ADA,2026-08-19 16:40:03,Biasa / Mengikuti Pasar
16:40,PADA,Token Mati (Perlu Update),Small Cap (Lapis 3),Overvalued (Mahal),0.0,5.8057394,226.0,163,111,252,-5.833333333333333,354253300,Tembus MA20,71,Negatif,Uptrend,Bullish,Strong Bullish,Perfect Uptrend (5>20>50),Distribusi Kuat,Akumulasi (Naik),Normal,Dominan Jual (Guyur),Normal,Tinggi,Normal,Rawan Pucuk (High Risk),> 1 Miliar,Di Atas VWAP (Kuat),Akumulasi Pro (Smart Money),Ritel Aktif (5M - 50M),Anomali Tinggi (150-300%),Mark-Up (Fase Pesta),Spesialis Tiang Jemuran (Banting Pucuk),Normal,Turun 1 Hari Beruntun,TP: 262 | CL: 201,Normal,Tidak Ideal (< 1:1),Overbought (Jenuh Beli - Rawan),Netral / Sepi Berita,Supply Banjir (Distribusi) 🌊,Mengambang (Jauh dari Fibo),6,WAIT & SEE,TIDAK ADA,2026-08-19 16:40:03,🔥 ANOMALI BANDAR (Siap Ledakan)
16:40,ISAP,Token Mati (Perlu Update),Small Cap (Lapis 3),Fair Value (Wajar),0.0,0.56177145,23.0,24,23,27,-4.166666666666666,7635900,Normal,42,Negatif,Downtrend,Bearish,Strong Bearish,Konsolidasi / Transisi,Normal,Distribusi (Turun),Normal,Dominan Jual (Guyur),Normal,Sedang,Normal,Dekat Support (Low Risk),< 1 Miliar,Di Bawah VWAP (Lemah),Akumulasi Pro (Smart Money),Gorengan Sepi (< 5M),Sepi (< 50%),Distribution (Fase Jualan),Solid (Jarang Dibanting),Normal,Turun 1 Hari Beruntun,TP: 25 | CL: 21,Open = High (Tekanan Jual),Di Area Support,Netral / Sideways,Netral / Sepi Berita,Normal / Sedang Transisi,Dekat Support Fibo 61.8% (Golden Ratio),0,WAIT & SEE,TIDAK ADA,2026-08-19 16:40:03,Biasa / Mengikuti Pasar
16:40,VTNY,Token Mati (Perlu Update),Small Cap (Lapis 3),Overvalued (Mahal),126.666664,1.1424792,76.0,67,59,83,-1.2987012987012987,17112900,Normal,67,Negatif,Uptrend,Bullish,Strong Bullish,Perfect Uptrend (5>20>50),Normal,Akumulasi (Naik),Gap Up (+2.6%),Dominan Jual (Guyur),Breakout Upper,Tinggi,Normal,Rawan Pucuk (High Risk),> 1 Miliar,Di Atas VWAP (Kuat),Distribusi Pro (Guyuran),Ritel Aktif (5M - 50M),Sepi (< 50%),Mark-Up (Fase Pesta),Normal,Normal,Turun 1 Hari Beruntun,TP: 83 | CL: 71,Normal,Tidak Ideal (< 1:1),Netral / Sideways,Sentimen Negatif ⚠️,Normal / Sedang Transisi,Dekat Support Fibo 23.6%,6,WAIT & SEE,TIDAK ADA,2026-08-19 16:40:03,Biasa / Mengikuti Pasar
16:40,SOUL,Token Mati (Perlu Update),Small Cap (Lapis 3),Fair Value (Wajar),0.0,1.1616955,37.0,37,37,37,0.0,0,Normal,46,Negatif,Downtrend,Bearish,Bullish MACD,Konsolidasi / Transisi,Normal,Netral,Normal,Tidak Ada Transaksi,Squeeze,Rendah,Doji (Ragu-ragu),Dekat Support (Low Risk),< 1 Miliar,Di Atas VWAP (Kuat),Netral,Gorengan Sepi (< 5M),Normal (50-150%),Sideways,Solid (Jarang Dibanting),Normal,Sideways / Stagnan,TP: 38 | CL: 36,Normal,Di Area Support,Oversold (Jenuh Jual - Peluang),Netral / Sepi Berita,Normal / Sedang Transisi,Mendekati Fibo 61.8% (Golden Ratio),1,WAIT & SEE,TIDAK ADA,2026-08-19 16:40:03,Biasa / Mengikuti Pasar
16:40,ELIT,Token Mati (Perlu Update),Small Cap (Lapis 3),Fair Value (Wajar),0.0,2.0241294,175.0,173,168,187,-1.6853932584269662,5490600,Tembus MA20,52,Negatif,Uptrend,Bearish,Bullish MACD,Konsolidasi / Transisi,Normal,Akumulasi (Naik),Normal,Dominan Jual (Guyur),Squeeze,Rendah,Normal,Area Tengah,< 1 Miliar,Persis di VWAP,Distribusi Pro (Guyuran),Gorengan Sepi (< 5M),Anomali Tinggi (150-300%),Mark-Up (Fase Pesta),Spesialis Tiang Jemuran (Banting Pucuk),Normal,Turun 1 Hari Beruntun,TP: 183 | CL: 169,Open = High (Tekanan Jual),Ideal (1:2),Netral / Sideways,Sentimen Positif 📰,Normal / Sedang Transisi,Mendekati Fibo 50.0%,6,WAIT & SEE,TIDAK ADA,2026-08-19 16:40:03,Biasa / Mengikuti Pasar
16:40,BEER,Token Mati (Perlu Update),Small Cap (Lapis 3),Fair Value (Wajar),0.0,1.3302635,78.0,76,72,98,-2.5,12081100,Normal,51,Negatif,Uptrend,Bullish,Bullish MACD,Awal Reversal (5>20),Normal,Akumulasi (Naik),Normal,Dominan Jual (Guyur),Normal,Sedang,Normal,Area Tengah,< 1 Miliar,Di Bawah VWAP (Lemah),Distribusi Pro (Guyuran),Ritel Aktif (5M - 50M),Sepi (< 50%),Accumulation (Kumpul Barang),Spesialis Tiang Jemuran (Banting Pucuk),Normal,Turun 1 Hari Beruntun,TP: 87 | CL: 71,Open = High (Tekanan Jual),Sangat Menarik (> 1:3),Netral / Sideways,Sentimen Positif 📰,Normal / Sedang Transisi,Mengambang (Jauh dari Fibo),6,WAIT & SEE,TIDAK ADA,2026-08-19 16:40:03,Biasa / Mengikuti Pasar
16:40,CBPE,Token Mati (Perlu Update),Small Cap (Lapis 3),Fair Value (Wajar),0.0,2.0319486,520.0,422,284,670,-2.803738317757009,150800,Normal,66,Negatif,Uptrend,Bullish,Strong Bullish,Perfect Uptrend (5>20>50),Normal,Distribusi (Turun),Gap Up (+11.2%),Dominan Jual (Guyur),Normal,Tinggi,Normal,Rawan Pucuk (High Risk),< 1 Miliar,Di Bawah VWAP (Lemah),Distribusi Pro (Guyuran),Gorengan Sepi (< 5M),Sepi (< 50%),Mark-Up (Fase Pesta),Normal,Normal,Turun 2 Hari Beruntun,TP: 636 | CL: 442,Open = High (Tekanan Jual),Tidak Ideal (< 1:1),Death Cross (Awal Bearish),Sentimen Positif 📰,Normal / Sedang Transisi,Mendekati Fibo 38.2%,6,WAIT & SEE,TIDAK ADA,2026-08-19 16:40:03,Biasa / Mengikuti Pasar
16:40,SUNI,Token Mati (Perlu Update),Mid Cap (Lapis 2),Fair Value (Wajar),10.6844,1.9509027,710.0,703,605,735,-0.6993006993006993,245900,Normal,61,Negatif,Uptrend,Bullish,Bearish MACD,Perfect Uptrend (5>20>50),Normal,Distribusi (Turun),Normal,Seimbang / Adu Mekanik,Normal,Tinggi,Normal,Rawan Pucuk (High Risk),< 1 Miliar,Persis di VWAP,Akumulasi Pro (Smart Money),Gorengan Sepi (< 5M),Normal (50-150%),Mark-Up (Fase Pesta),Solid (Jarang Dibanting),Normal,Turun 1 Hari Beruntun,TP: 740 | CL: 689,Open = High (Tekanan Jual),Tidak Ideal (< 1:1),Netral / Sideways,Sentimen Positif 📰,Normal / Sedang Transisi,Dekat Support Fibo 23.6%,4,WAIT & SEE,TIDAK ADA,2026-08-19 16:40:03,Biasa / Mengikuti Pasar
16:40,CBRE,Token Mati (Perlu Update),Mid Cap (Lapis 2),Overvalued (Mahal),0.0,289.4627,690.0,691,655,810,0.0,9066800,Normal,49,Negatif,Downtrend,Bearish,Bullish MACD,Konsolidasi / Transisi,Normal,Distribusi (Turun),Normal,Seimbang / Adu Mekanik,Normal,Sedang,Doji (Ragu-ragu),Area Tengah,> 1 Miliar,Persis di VWAP,Distribusi Pro (Guyuran),Ritel Aktif (5M - 50M),Normal (50-150%),Distribution (Fase Jualan),Spesialis Tiang Jemuran (Banting Pucuk),Normal,Sideways / Stagnan,TP: 729 | CL: 663,Normal,Sangat Menarik (> 1:3),Death Cross (Awal Bearish),Sentimen Negatif ⚠️,Normal / Sedang Transisi,Mengambang (Jauh dari Fibo),1,WAIT & SEE,TIDAK ADA,2026-08-19 16:40:03,Biasa / Mengikuti Pasar
16:40,WINE,Token Mati (Perlu Update),Small Cap (Lapis 3),Undervalued (Murah),10.038023,1.0450479,132.0,142,130,169,-0.7518796992481203,1071300,Normal,33,Negatif,Downtrend,Bearish,Strong Bearish,Strong Downtrend (5<20<50),Normal,Distribusi (Turun),Normal,Seimbang / Adu Mekanik,Normal,Tinggi,Normal,Dekat Support (Low Risk),< 1 Miliar,Di Bawah VWAP (Lemah),Distribusi Pro (Guyuran),Gorengan Sepi (< 5M),Sepi (< 50%),Mark-Down (Fase Runtuh),Spesialis Tiang Jemuran (Banting Pucuk),Normal,Turun 1 Hari Beruntun,TP: 143 | CL: 124,Normal,Sangat Menarik (> 1:3),Oversold (Jenuh Jual - Peluang),Sentimen Positif 📰,Normal / Sedang Transisi,Mengambang (Jauh dari Fibo),1,WAIT & SEE,TIDAK ADA,2026-08-19 16:40:03,Biasa / Mengikuti Pasar
16:40,BMBL,Token Mati (Perlu Update),Small Cap (Lapis 3),Fair Value (Wajar),0.0,0.46173027,30.0,32,29,34,-3.225806451612903,14303300,Tembus MA20,37,Negatif,Downtrend,Bearish,Strong Bearish,Konsolidasi / Transisi,Distribusi Kuat,Distribusi (Turun),Normal,Seimbang / Adu Mekanik,Normal,Sedang,Normal,Area Tengah,< 1 Miliar,Di Bawah VWAP (Lemah),Akumulasi Pro (Smart Money),Gorengan Sepi (< 5M),Ledakan Ekstrem (> 300%),Distribution (Fase Jualan),Solid (Jarang Dibanting),Normal,Turun 2 Hari Beruntun,TP: 33 | CL: 27,Open = High (Tekanan Jual),Sangat Menarik (> 1:3),Netral / Sideways,Netral / Sepi Berita,Normal / Sedang Transisi,Mengambang (Jauh dari Fibo),1,WAIT & SEE,TIDAK ADA,2026-08-19 16:40:03,Biasa / Mengikuti Pasar
16:40,PEVE,Token Mati (Perlu Update),Small Cap (Lapis 3),Fair Value (Wajar),0.0,1.5417116,316.0,328,306,344,-1.25,1064200,Normal,43,Negatif,Downtrend,Bearish,Bearish MACD,Konsolidasi / Transisi,Normal,Distribusi (Turun),Normal,Seimbang / Adu Mekanik,Bottom Rebound,Sedang,Normal,Area Tengah,< 1 Miliar,Di Bawah VWAP (Lemah),Distribusi Pro (Guyuran),Gorengan Sepi (< 5M),Normal (50-150%),Distribution (Fase Jualan),Normal,Normal,Turun 1 Hari Beruntun,TP: 329 | CL: 306,Open = High (Tekanan Jual),Ideal (1:2),Netral / Sideways,Netral / Sepi Berita,Normal / Sedang Transisi,Mendekati Fibo 61.8% (Golden Ratio),0,WAIT & SEE,TIDAK ADA,2026-08-19 16:40:03,Biasa / Mengikuti Pasar
16:40,LAJU,Token Mati (Perlu Update),Small Cap (Lapis 3),Fair Value (Wajar),0.0,1.041343,67.0,66,62,73,-1.4705882352941175,6996200,Normal,51,Negatif,Uptrend,Bullish,Bearish MACD,Perfect Uptrend (5>20>50),Normal,Akumulasi (Naik),Normal,Seimbang / Adu Mekanik,Normal,Sedang,Normal,Area Tengah,< 1 Miliar,Di Bawah VWAP (Lemah),Distribusi Pro (Guyuran),Gorengan Sepi (< 5M),Sepi (< 50%),Mark-Up (Fase Pesta),Spesialis Tiang Jemuran (Banting Pucuk),Normal,Turun 1 Hari Beruntun,TP: 72 | CL: 63,Open = High (Tekanan Jual),Menengah (1:1),Netral / Sideways,Sentimen Positif 📰,Normal / Sedang Transisi,Mendekati Fibo 50.0%,5,WAIT & SEE,TIDAK ADA,2026-08-19 16:40:03,Biasa / Mengikuti Pasar
16:40,FWCT,Token Mati (Perlu Update),Small Cap (Lapis 3),Fair Value (Wajar),0.0,0.5699437,93.0,91,85,105,3.3333333333333335,14187300,Tembus MA20,56,Positif,Uptrend,Bearish,Bearish MACD,Konsolidasi / Transisi,Normal,Akumulasi (Naik),Normal,Seimbang / Adu Mekanik,Normal,Sedang,Normal,Area Tengah,> 1 Miliar,Persis di VWAP,Distribusi Pro (Guyuran),Gorengan Sepi (< 5M),Anomali Tinggi (150-300%),Mark-Up (Fase Pesta),Spesialis Tiang Jemuran (Banting Pucuk),Normal,Naik 1 Hari Beruntun,TP: 100 | CL: 87,Normal,Menengah (1:1),Golden Cross (Awal Bullish),Sentimen Negatif ⚠️,Normal / Sedang Transisi,Dekat Support Fibo 38.2%,5,WAIT & SEE,TIDAK ADA,2026-08-19 16:40:03,Biasa / Mengikuti Pasar
16:40,NAYZ,Token Mati (Perlu Update),Small Cap (Lapis 3),Fair Value (Wajar),0.0,2.4383636,63.0,58,54,66,8.620689655172415,37783300,Tembus MA20,60,Positif,Uptrend,Golden Cross,Strong Bullish,Awal Reversal (5>20),Normal,Akumulasi (Naik),Normal,Dominan Beli (Hajar Kanan),Breakout Upper,Sedang,Normal,Rawan Pucuk (High Risk),> 1 Miliar,Di Atas VWAP (Kuat),Akumulasi Pro (Smart Money),Gorengan Sepi (< 5M),Anomali Tinggi (150-300%),Accumulation (Kumpul Barang),Normal,Normal,Naik 1 Hari Beruntun,TP: 68 | CL: 59,Normal,Tidak Ideal (< 1:1),Netral / Sideways,Sentimen Positif 📰,Normal / Sedang Transisi,Dekat Support Fibo 23.6%,9,BELI,TIDAK ADA,2026-08-19 16:40:03,Biasa / Mengikuti Pasar
16:40,IRSX,Token Mati (Perlu Update),Mid Cap (Lapis 2),Overvalued (Mahal),84.98846,7.5412927,368.0,345,272,394,-3.1578947368421053,75559800,Tembus MA20,59,Negatif,Uptrend,Bullish,Strong Bullish,Perfect Uptrend (5>20>50),Normal,Akumulasi (Naik),Normal,Dominan Jual (Guyur),Normal,Tinggi,Normal,Rawan Pucuk (High Risk),> 1 Miliar,Persis di VWAP,Akumulasi Pro (Smart Money),Ritel Aktif (5M - 50M),Normal (50-150%),Mark-Up (Fase Pesta),Spesialis Tiang Jemuran (Banting Pucuk),Normal,Turun 1 Hari Beruntun,TP: 405 | CL: 343,Normal,Tidak Ideal (< 1:1),Death Cross (Awal Bearish),Sentimen Positif 📰,Normal / Sedang Transisi,Mengambang (Jauh dari Fibo),7,BELI,TIDAK ADA,2026-08-19 16:40:03,Biasa / Mengikuti Pasar
16:40,PACK,Token Mati (Perlu Update),Big Cap (Lapis 1),Overvalued (Mahal),16.088488,4.6863103,324.0,254,208,340,0.0,288954400,Tembus MA20,74,Negatif,Uptrend,Bullish,Strong Bullish,Perfect Uptrend (5>20>50),Normal,Akumulasi (Naik),Normal,Seimbang / Adu Mekanik,Breakout Upper,Tinggi,Normal,Rawan Pucuk (High Risk),> 1 Miliar,Di Atas VWAP (Kuat),Akumulasi Pro (Smart Money),Sultan (> 50M/hari),Normal (50-150%),Mark-Up (Fase Pesta),Normal,Jarum Bawah (Sinyal Pantulan Kuat),Sideways / Stagnan,TP: 359 | CL: 300,Normal,Tidak Ideal (< 1:1),Overbought (Jenuh Beli - Rawan),Sentimen Positif 📰,Normal / Sedang Transisi,Mengambang (Jauh dari Fibo),7,BELI,TIDAK ADA,2026-08-19 16:40:03,Biasa / Mengikuti Pasar
16:40,VAST,Token Mati (Perlu Update),Small Cap (Lapis 3),Fair Value (Wajar),0.0,0.8939167,116.0,115,111,124,0.8695652173913043,1728900,Normal,51,Positif,Uptrend,Bearish,Bullish MACD,Strong Downtrend (5<20<50),Normal,Akumulasi (Naik),Normal,Dominan Beli (Hajar Kanan),Squeeze,Rendah,Normal,Area Tengah,< 1 Miliar,Di Atas VWAP (Kuat),Akumulasi Pro (Smart Money),Gorengan Sepi (< 5M),Normal (50-150%),Accumulation (Kumpul Barang),Normal,Normal,Naik 2 Hari Beruntun,TP: 122 | CL: 111,Normal,Ideal (1:2),Golden Cross (Awal Bullish),Netral / Sepi Berita,Normal / Sedang Transisi,Mendekati Fibo 50.0%,6,WAIT & SEE,TIDAK ADA,2026-08-19 16:40:03,Biasa / Mengikuti Pasar
16:40,CHIP,Token Mati (Perlu Update),Small Cap (Lapis 3),Overvalued (Mahal),119.863014,9.684024,875.0,909,860,945,-1.6853932584269662,61800,Normal,33,Negatif,Downtrend,Bearish,Strong Bearish,Strong Downtrend (5<20<50),Normal,Distribusi (Turun),Normal,Seimbang / Adu Mekanik,Squeeze,Rendah,Normal,Dekat Support (Low Risk),< 1 Miliar,Di Bawah VWAP (Lemah),Akumulasi Pro (Smart Money),Gorengan Sepi (< 5M),Sepi (< 50%),Mark-Down (Fase Runtuh),Solid (Jarang Dibanting),Normal,Turun 1 Hari Beruntun,TP: 923 | CL: 842,Open = High (Tekanan Jual),Sangat Menarik (> 1:3),Netral / Sideways,Sentimen Negatif ⚠️,Normal / Sedang Transisi,Dekat Support Fibo Bottom / 100%,0,WAIT & SEE,TIDAK ADA,2026-08-19 16:40:03,Biasa / Mengikuti Pasar
16:40,HALO,Token Mati (Perlu Update),Small Cap (Lapis 3),Fair Value (Wajar),0.0,1.6535044,67.0,69,64,76,-2.898550724637681,10741800,Normal,47,Negatif,Downtrend,Bullish,Bearish MACD,Perfect Uptrend (5>20>50),Normal,Distribusi (Turun),Normal,Seimbang / Adu Mekanik,Normal,Sedang,Normal,Area Tengah,< 1 Miliar,Di Bawah VWAP (Lemah),Distribusi Pro (Guyuran),Gorengan Sepi (< 5M),Normal (50-150%),Distribution (Fase Jualan),Spesialis Tiang Jemuran (Banting Pucuk),Normal,Turun 3 Hari Beruntun,TP: 72 | CL: 63,Open = High (Tekanan Jual),Sangat Menarik (> 1:3),Netral / Sideways,Sentimen Positif 📰,Normal / Sedang Transisi,Dekat Support Fibo 61.8% (Golden Ratio),2,WAIT & SEE,TIDAK ADA,2026-08-19 16:40:03,Biasa / Mengikuti Pasar
16:40,KING,Token Mati (Perlu Update),Small Cap (Lapis 3),Overvalued (Mahal),0.0,11.112354,298.0,278,260,310,0.0,120800,Normal,51,Negatif,Uptrend,Bullish,Bullish MACD,Awal Reversal (5>20),Normal,Akumulasi (Naik),Normal,Dominan Jual (Guyur),Normal,Tinggi,Doji (Ragu-ragu),Rawan Pucuk (High Risk),< 1 Miliar,Di Atas VWAP (Kuat),Akumulasi Pro (Smart Money),Gorengan Sepi (< 5M),Sepi (< 50%),Accumulation (Kumpul Barang),Spesialis Tiang Jemuran (Banting Pucuk),Normal,Sideways / Stagnan,TP: 322 | CL: 281,Normal,Tidak Ideal (< 1:1),Netral / Sideways,Sentimen Negatif ⚠️,Normal / Sedang Transisi,Mengambang (Jauh dari Fibo),5,WAIT & SEE,TIDAK ADA,2026-08-19 16:40:03,Biasa / Mengikuti Pasar
16:40,PGEO,Token Mati (Perlu Update),Big Cap (Lapis 1),Overvalued (Mahal),16.885403,21979.166,1055.0,1042,970,1140,-4.090909090909091,23780900,Normal,55,Negatif,Uptrend,Bullish,Bearish MACD,Perfect Uptrend (5>20>50),Normal,Akumulasi (Naik),Normal,Dominan Jual (Guyur),Normal,Sedang,Normal,Area Tengah,> 1 Miliar,Di Bawah VWAP (Lemah),Distribusi Pro (Guyuran),Ritel Aktif (5M - 50M),Normal (50-150%),Mark-Up (Fase Pesta),Normal,Normal,Turun 1 Hari Beruntun,TP: 1118 | CL: 1012,Open = High (Tekanan Jual),Menengah (1:1),Netral / Sideways,Netral / Sepi Berita,Normal / Sedang Transisi,Dekat Support Fibo 23.6%,4,WAIT & SEE,TIDAK ADA,2026-08-19 16:40:03,Biasa / Mengikuti Pasar
16:40,FUTR,Token Mati (Perlu Update),Mid Cap (Lapis 2),Overvalued (Mahal),0.0,12.514666,320.0,311,238,376,5.263157894736842,118047500,Tembus MA20,56,Positif,Uptrend,Bullish,Bearish MACD,Perfect Uptrend (5>20>50),Normal,Akumulasi (Naik),Gap Down (-2.6%),Dominan Beli (Hajar Kanan),Normal,Tinggi,Normal,Rawan Pucuk (High Risk),> 1 Miliar,Persis di VWAP,Akumulasi Pro (Smart Money),Ritel Aktif (5M - 50M),Normal (50-150%),Mark-Up (Fase Pesta),Normal,Normal,Naik 1 Hari Beruntun,TP: 369 | CL: 287,Normal,Tidak Ideal (< 1:1),Death Cross (Awal Bearish),Sentimen Positif 📰,Normal / Sedang Transisi,Mendekati Fibo 23.6%,8,BELI,TIDAK ADA,2026-08-19 16:40:03,Biasa / Mengikuti Pasar
16:40,HILL,Token Mati (Perlu Update),Small Cap (Lapis 3),Fair Value (Wajar),0.0,-2.4286582,16.0,16,16,16,0.0,0,Normal,49,Negatif,Downtrend,Bearish,Bullish MACD,Konsolidasi / Transisi,Normal,Netral,Normal,Tidak Ada Transaksi,Squeeze,Rendah,Doji (Ragu-ragu),Dekat Support (Low Risk),< 1 Miliar,Di Atas VWAP (Kuat),Netral,Gorengan Sepi (< 5M),Normal (50-150%),Sideways,Solid (Jarang Dibanting),Normal,Sideways / Stagnan,TP: 17 | CL: 15,Normal,Di Area Support,Oversold (Jenuh Jual - Peluang),Netral / Sepi Berita,Normal / Sedang Transisi,Golden Rebound Fibo 50.0% 🎯,1,WAIT & SEE,TIDAK ADA,2026-08-19 16:40:03,Biasa / Mengikuti Pasar
16:40,BDKR,Token Mati (Perlu Update),Small Cap (Lapis 3),Overvalued (Mahal),28.070177,0.92765456,160.0,158,144,174,-0.6211180124223602,7184200,Normal,56,Negatif,Uptrend,Bullish,Bearish MACD,Perfect Uptrend (5>20>50),Normal,Akumulasi (Naik),Normal,Seimbang / Adu Mekanik,Normal,Tinggi,Doji (Ragu-ragu),Rawan Pucuk (High Risk),> 1 Miliar,Persis di VWAP,Akumulasi Pro (Smart Money),Gorengan Sepi (< 5M),Normal (50-150%),Mark-Up (Fase Pesta),Solid (Jarang Dibanting),Jarum Bawah (Sinyal Pantulan Kuat),Turun 1 Hari Beruntun,TP: 169 | CL: 154,Normal,Tidak Ideal (< 1:1),Netral / Sideways,Sentimen Positif 📰,Normal / Sedang Transisi,Golden Rebound Fibo 23.6% 🎯,5,WAIT & SEE,TIDAK ADA,2026-08-19 16:40:03,Biasa / Mengikuti Pasar
16:40,PTMP,Token Mati (Perlu Update),Small Cap (Lapis 3),Fair Value (Wajar),0.0,1.2099776,65.0,64,59,85,-2.9850746268656714,17799900,Normal,54,Negatif,Uptrend,Bullish,Strong Bullish,Perfect Uptrend (5>20>50),Normal,Akumulasi (Naik),Normal,Seimbang / Adu Mekanik,Normal,Sedang,Normal,Rawan Pucuk (High Risk),> 1 Miliar,Di Bawah VWAP (Lemah),Akumulasi Pro (Smart Money),Gorengan Sepi (< 5M),Sepi (< 50%),Mark-Up (Fase Pesta),Spesialis Tiang Jemuran (Banting Pucuk),Normal,Turun 1 Hari Beruntun,TP: 71 | CL: 60,Open = High (Tekanan Jual),Sangat Menarik (> 1:3),Netral / Sideways,Sentimen Positif 📰,Normal / Sedang Transisi,Mendekati Fibo 61.8% (Golden Ratio),6,WAIT & SEE,TIDAK ADA,2026-08-19 16:40:03,Biasa / Mengikuti Pasar
16:40,SAGE,Token Mati (Perlu Update),Small Cap (Lapis 3),Fair Value (Wajar),0.0,0.84844023,30.0,32,30,38,0.0,1367600,Normal,44,Negatif,Downtrend,Bearish,Bearish MACD,Konsolidasi / Transisi,Normal,Distribusi (Turun),Gap Up (+3.3%),Dominan Jual (Guyur),Bottom Rebound,Tinggi,Normal,Dekat Support (Low Risk),< 1 Miliar,Di Bawah VWAP (Lemah),Distribusi Pro (Guyuran),Gorengan Sepi (< 5M),Sepi (< 50%),Distribution (Fase Jualan),Normal,Normal,Sideways / Stagnan,TP: 32 | CL: 28,Open = High (Tekanan Jual),Di Area Support,Oversold (Jenuh Jual - Peluang),Netral / Sepi Berita,Normal / Sedang Transisi,Golden Rebound Fibo 50.0% 🎯,1,WAIT & SEE,TIDAK ADA,2026-08-19 16:40:03,Biasa / Mengikuti Pasar
16:40,TRON,Token Mati (Perlu Update),Small Cap (Lapis 3),Fair Value (Wajar),0.0,1.6732658,100.0,106,98,135,-1.9607843137254901,5929600,Normal,44,Negatif,Downtrend,Bearish,Strong Bearish,Konsolidasi / Transisi,Normal,Akumulasi (Naik),Normal,Dominan Jual (Guyur),Normal,Tinggi,Normal,Dekat Support (Low Risk),< 1 Miliar,Di Bawah VWAP (Lemah),Distribusi Pro (Guyuran),Gorengan Sepi (< 5M),Normal (50-150%),Distribution (Fase Jualan),Spesialis Tiang Jemuran (Banting Pucuk),Normal,Turun 1 Hari Beruntun,TP: 107 | CL: 95,Open = High (Tekanan Jual),Sangat Menarik (> 1:3),Oversold (Jenuh Jual - Peluang),Netral / Sepi Berita,Normal / Sedang Transisi,Mengambang (Jauh dari Fibo),1,WAIT & SEE,TIDAK ADA,2026-08-19 16:40:03,Biasa / Mengikuti Pasar
16:40,CUAN,Token Mati (Perlu Update),Big Cap (Lapis 1),Overvalued (Mahal),35.621197,273333.34,820.0,729,635,885,-2.380952380952381,245914600,Normal,63,Negatif,Uptrend,Bullish,Strong Bullish,Perfect Uptrend (5>20>50),Normal,Distribusi (Turun),Normal,Seimbang / Adu Mekanik,Normal,Tinggi,Normal,Rawan Pucuk (High Risk),> 1 Miliar,Di Bawah VWAP (Lemah),Akumulasi Pro (Smart Money),Sultan (> 50M/hari),Sepi (< 50%),Mark-Up (Fase Pesta),Spesialis Tiang Jemuran (Banting Pucuk),Normal,Turun 1 Hari Beruntun,TP: 897 | CL: 768,Open = High (Tekanan Jual),Tidak Ideal (< 1:1),Death Cross (Awal Bearish),Netral / Sepi Berita,Normal / Sedang Transisi,Mendekati Fibo 23.6%,4,WAIT & SEE,TIDAK ADA,2026-08-19 16:40:03,Biasa / Mengikuti Pasar
16:40,NSSS,Token Mati (Perlu Update),Big Cap (Lapis 1),Overvalued (Mahal),31.562054,9.260713,885.0,935,740,1190,-1.6666666666666667,10742000,Normal,51,Negatif,Downtrend,Bearish,Bearish MACD,Konsolidasi / Transisi,Normal,Distribusi (Turun),Gap Up (+2.2%),Dominan Jual (Guyur),Normal,Tinggi,Normal,Rawan Pucuk (High Risk),> 1 Miliar,Persis di VWAP,Distribusi Pro (Guyuran),Ritel Aktif (5M - 50M),Normal (50-150%),Distribution (Fase Jualan),Spesialis Tiang Jemuran (Banting Pucuk),Normal,Turun 1 Hari Beruntun,TP: 1026 | CL: 790,Normal,Ideal (1:2),Oversold (Jenuh Jual - Peluang),Netral / Sepi Berita,Normal / Sedang Transisi,Golden Rebound Fibo 38.2% 🎯,2,WAIT & SEE,TIDAK ADA,2026-08-19 16:40:03,Biasa / Mengikuti Pasar
16:40,GTRA,Token Mati (Perlu Update),Small Cap (Lapis 3),Fair Value (Wajar),0.0,1.0535197,226.0,238,220,268,-0.8771929824561403,479300,Tembus MA20,48,Negatif,Downtrend,Bearish,Bearish MACD,Konsolidasi / Transisi,Normal,Distribusi (Turun),Normal,Seimbang / Adu Mekanik,Normal,Sedang,Normal,Dekat Support (Low Risk),< 1 Miliar,Di Bawah VWAP (Lemah),Distribusi Pro (Guyuran),Gorengan Sepi (< 5M),Normal (50-150%),Distribution (Fase Jualan),Spesialis Tiang Jemuran (Banting Pucuk),Normal,Turun 1 Hari Beruntun,TP: 246 | CL: 212,Normal,Sangat Menarik (> 1:3),Oversold (Jenuh Jual - Peluang),Sentimen Positif 📰,Normal / Sedang Transisi,Golden Rebound Fibo 38.2% 🎯,2,WAIT & SEE,TIDAK ADA,2026-08-19 16:40:03,Biasa / Mengikuti Pasar
16:40,HAJJ,Token Mati (Perlu Update),Small Cap (Lapis 3),Fair Value (Wajar),0.0,1.2625408,112.0,106,100,114,3.7037037037037033,10543200,Tembus MA20,61,Positif,Uptrend,Bullish,Strong Bullish,Perfect Uptrend (5>20>50),Normal,Akumulasi (Naik),Normal,Dominan Beli (Hajar Kanan),Breakout Upper,Sedang,Normal,Rawan Pucuk (High Risk),> 1 Miliar,Di Atas VWAP (Kuat),Akumulasi Pro (Smart Money),Gorengan Sepi (< 5M),Normal (50-150%),Mark-Up (Fase Pesta),Normal,Normal,Naik 3 Hari Beruntun,TP: 118 | CL: 107,Normal,Tidak Ideal (< 1:1),Netral / Sideways,Sentimen Positif 📰,Normal / Sedang Transisi,Mendekati Fibo 50.0%,9,BELI,TIDAK ADA,2026-08-19 16:40:03,Biasa / Mengikuti Pasar
16:40,JATI,Token Mati (Perlu Update),Small Cap (Lapis 3),Fair Value (Wajar),0.0,1.7290868,100.0,97,92,108,1.0101010101010102,46668500,Tembus MA20,58,Positif,Uptrend,Bullish,Strong Bullish,Perfect Uptrend (5>20>50),Akumulasi Kuat,Akumulasi (Naik),Normal,Dominan Jual (Guyur),Normal,Sedang,Doji (Ragu-ragu),Area Tengah,> 1 Miliar,Persis di VWAP,Distribusi Pro (Guyuran),Gorengan Sepi (< 5M),Anomali Tinggi (150-300%),Mark-Up (Fase Pesta),Normal,Normal,Naik 1 Hari Beruntun,TP: 105 | CL: 96,Normal,Menengah (1:1),Netral / Sideways,Sentimen Positif 📰,Normal / Sedang Transisi,Dekat Support Fibo 61.8% (Golden Ratio),9,BELI,TIDAK ADA,2026-08-19 16:40:03,Biasa / Mengikuti Pasar
16:40,TYRE,Token Mati (Perlu Update),Small Cap (Lapis 3),Fair Value (Wajar),0.0,1.1438259,112.0,113,106,132,-0.8849557522123894,93200,Normal,47,Negatif,Downtrend,Bearish,Bearish MACD,Konsolidasi / Transisi,Normal,Akumulasi (Naik),Normal,Seimbang / Adu Mekanik,Squeeze,Rendah,Normal,Area Tengah,< 1 Miliar,Persis di VWAP,Akumulasi Pro (Smart Money),Gorengan Sepi (< 5M),Sepi (< 50%),Distribution (Fase Jualan),Spesialis Tiang Jemuran (Banting Pucuk),Normal,Turun 1 Hari Beruntun,TP: 119 | CL: 107,Normal,Sangat Menarik (> 1:3),Netral / Sideways,Netral / Sepi Berita,Supply Kering (Siap Pump) 🏜️,Golden Rebound Fibo 50.0% 🎯,1,WAIT & SEE,TIDAK ADA,2026-08-19 16:40:03,Biasa / Mengikuti Pasar
16:40,MPXL,Token Mati (Perlu Update),Small Cap (Lapis 3),Overvalued (Mahal),0.0,3.718645,166.0,156,140,173,-1.7751479289940828,368400,Normal,64,Negatif,Uptrend,Bullish,Strong Bullish,Perfect Uptrend (5>20>50),Normal,Akumulasi (Naik),Normal,Dominan Jual (Guyur),Normal,Tinggi,Normal,Rawan Pucuk (High Risk),< 1 Miliar,Persis di VWAP,Akumulasi Pro (Smart Money),Gorengan Sepi (< 5M),Normal (50-150%),Mark-Up (Fase Pesta),Normal,Normal,Turun 1 Hari Beruntun,TP: 176 | CL: 158,Open = High (Tekanan Jual),Tidak Ideal (< 1:1),Death Cross (Awal Bearish),Netral / Sepi Berita,Normal / Sedang Transisi,Dekat Support Fibo 23.6%,5,WAIT & SEE,TIDAK ADA,2026-08-19 16:40:03,Biasa / Mengikuti Pasar
16:40,SMIL,Token Mati (Perlu Update),Mid Cap (Lapis 2),Overvalued (Mahal),42.75862,4.2233853,374.0,387,320,432,1.0810810810810811,36190500,Tembus MA20,53,Positif,Downtrend,Bearish,Bearish MACD,Konsolidasi / Transisi,Normal,Akumulasi (Naik),Normal,Dominan Beli (Hajar Kanan),Normal,Tinggi,Normal,Rawan Pucuk (High Risk),> 1 Miliar,Persis di VWAP,Akumulasi Pro (Smart Money),Ritel Aktif (5M - 50M),Normal (50-150%),Distribution (Fase Jualan),Normal,Normal,Naik 1 Hari Beruntun,TP: 404 | CL: 354,Normal,Menengah (1:1),Netral / Sideways,Sentimen Positif 📰,Normal / Sedang Transisi,Mendekati Fibo 38.2%,6,WAIT & SEE,TIDAK ADA,2026-08-19 16:40:03,Biasa / Mengikuti Pasar
16:40,KLAS,Token Mati (Perlu Update),Small Cap (Lapis 3),Fair Value (Wajar),0.0,1.0987073,81.0,76,68,82,0.0,3630400,Normal,71,Negatif,Uptrend,Bullish,Strong Bullish,Perfect Uptrend (5>20>50),Normal,Akumulasi (Naik),Normal,Seimbang / Adu Mekanik,Normal,Tinggi,Doji (Ragu-ragu),Rawan Pucuk (High Risk),< 1 Miliar,Di Atas VWAP (Kuat),Distribusi Pro (Guyuran),Gorengan Sepi (< 5M),Sepi (< 50%),Mark-Up (Fase Pesta),Normal,Normal,Sideways / Stagnan,TP: 86 | CL: 77,Normal,Tidak Ideal (< 1:1),Overbought (Jenuh Beli - Rawan),Sentimen Positif 📰,Normal / Sedang Transisi,Mengambang (Jauh dari Fibo),6,WAIT & SEE,TIDAK ADA,2026-08-19 16:40:03,Biasa / Mengikuti Pasar
16:40,MAXI,Token Mati (Perlu Update),Small Cap (Lapis 3),Overvalued (Mahal),0.0,3.705076,50.0,50,50,53,0.0,27500,Normal,0,Negatif,Downtrend,Bearish,Bearish MACD,Konsolidasi / Transisi,Normal,Netral,Normal,Tidak Ada Transaksi,Squeeze,Rendah,Doji (Ragu-ragu),Dekat Support (Low Risk),< 1 Miliar,Persis di VWAP,Netral,Gorengan Sepi (< 5M),Sepi (< 50%),Sideways,Normal,Normal,Sideways / Stagnan,TP: 51 | CL: 49,Normal,Di Area Support,Oversold (Jenuh Jual - Peluang),Netral / Sepi Berita,Supply Kering (Siap Pump) 🏜️,Golden Rebound Fibo Bottom / 100% 🎯,0,WAIT & SEE,TIDAK ADA,2026-08-19 16:40:03,Biasa / Mengikuti Pasar
16:40,VKTR,Token Mati (Perlu Update),Big Cap (Lapis 1),Overvalued (Mahal),0.0,36.942196,880.0,811,695,935,0.5714285714285714,85623000,Normal,60,Positif,Uptrend,Bullish,Strong Bullish,Perfect Uptrend (5>20>50),Normal,Akumulasi (Naik),Normal,Seimbang / Adu Mekanik,Normal,Tinggi,Doji (Ragu-ragu),Rawan Pucuk (High Risk),> 1 Miliar,Di Atas VWAP (Kuat),Akumulasi Pro (Smart Money),Sultan (> 50M/hari),Normal (50-150%),Mark-Up (Fase Pesta),Spesialis Tiang Jemuran (Banting Pucuk),Normal,Naik 1 Hari Beruntun,TP: 981 | CL: 812,Normal,Tidak Ideal (< 1:1),Netral / Sideways,Sentimen Positif 📰,Normal / Sedang Transisi,Mengambang (Jauh dari Fibo),7,BELI,TIDAK ADA,2026-08-19 16:40:03,Biasa / Mengikuti Pasar
16:40,RELF,Token Mati (Perlu Update),Small Cap (Lapis 3),Fair Value (Wajar),0.0,0.79580563,34.0,35,33,40,-2.857142857142857,1408000,Normal,43,Negatif,Downtrend,Bearish,Strong Bearish,Konsolidasi / Transisi,Normal,Distribusi (Turun),Normal,Seimbang / Adu Mekanik,Bottom Rebound,Sedang,Normal,Area Tengah,< 1 Miliar,Persis di VWAP,Akumulasi Pro (Smart Money),Gorengan Sepi (< 5M),Normal (50-150%),Distribution (Fase Jualan),Normal,Normal,Turun 1 Hari Beruntun,TP: 36 | CL: 32,Open = High (Tekanan Jual),Sangat Menarik (> 1:3),Netral / Sideways,Netral / Sepi Berita,Normal / Sedang Transisi,Mendekati Fibo 78.6%,0,WAIT & SEE,TIDAK ADA,2026-08-19 16:40:03,Biasa / Mengikuti Pasar
16:40,AMMN,Token Mati (Perlu Update),Big Cap (Lapis 1),Overvalued (Mahal),28.650518,54473.688,4150.0,4202,3810,4550,-2.3529411764705883,35279000,Normal,52,Negatif,Downtrend,Bullish,Bearish MACD,Perfect Uptrend (5>20>50),Normal,Distribusi (Turun),Normal,Dominan Jual (Guyur),Normal,Sedang,Normal,Area Tengah,> 1 Miliar,Di Bawah VWAP (Lemah),Distribusi Pro (Guyuran),Sultan (> 50M/hari),Normal (50-150%),Distribution (Fase Jualan),Spesialis Tiang Jemuran (Banting Pucuk),Normal,Turun 2 Hari Beruntun,TP: 4424 | CL: 3967,Normal,Menengah (1:1),Netral / Sideways,Sentimen Positif 📰,Normal / Sedang Transisi,Dekat Support Fibo 23.6%,3,WAIT & SEE,TIDAK ADA,2026-08-19 16:40:03,Biasa / Mengikuti Pasar
16:40,CRSN,Token Mati (Perlu Update),Small Cap (Lapis 3),Fair Value (Wajar),0.0,1.4664396,118.0,112,100,136,-0.8403361344537815,1777700,Normal,61,Negatif,Uptrend,Bullish,Strong Bullish,Perfect Uptrend (5>20>50),Normal,Distribusi (Turun),Normal,Seimbang / Adu Mekanik,Normal,Tinggi,Doji (Ragu-ragu),Rawan Pucuk (High Risk),< 1 Miliar,Di Bawah VWAP (Lemah),Distribusi Pro (Guyuran),Gorengan Sepi (< 5M),Sepi (< 50%),Mark-Up (Fase Pesta),Spesialis Tiang Jemuran (Banting Pucuk),Normal,Turun 1 Hari Beruntun,TP: 131 | CL: 109,Normal,Menengah (1:1),Netral / Sideways,Sentimen Positif 📰,Normal / Sedang Transisi,Dekat Support Fibo 38.2%,5,WAIT & SEE,TIDAK ADA,2026-08-19 16:40:03,Biasa / Mengikuti Pasar
16:40,GRPM,Token Mati (Perlu Update),Small Cap (Lapis 3),Overvalued (Mahal),0.0,3.457718,175.0,221,160,264,-0.5681818181818182,7806200,Tembus MA20,29,Negatif,Downtrend,Bearish,Strong Bearish,Strong Downtrend (5<20<50),Distribusi Kuat,Distribusi (Turun),Gap Up (+5.7%),Seimbang / Adu Mekanik,Normal,Tinggi,Normal,Area Tengah,> 1 Miliar,Di Bawah VWAP (Lemah),Distribusi Pro (Guyuran),Gorengan Sepi (< 5M),Anomali Tinggi (150-300%),Mark-Down (Fase Runtuh),Normal,Normal,Turun 4 Hari Beruntun,TP: 210 | CL: 151,Open = High (Tekanan Jual),Sangat Menarik (> 1:3),Oversold (Jenuh Jual - Peluang),Sentimen Positif 📰,Supply Banjir (Distribusi) 🌊,Mengambang (Jauh dari Fibo),3,WAIT & SEE,TIDAK ADA,2026-08-19 16:40:03,Biasa / Mengikuti Pasar
16:40,WIDI,Token Mati (Perlu Update),Small Cap (Lapis 3),Fair Value (Wajar),0.0,0.9093554,25.0,25,24,31,0.0,1108600,Normal,44,Negatif,Downtrend,Bearish,Strong Bearish,Konsolidasi / Transisi,Normal,Netral,Gap Down (-4.0%),Dominan Beli (Hajar Kanan),Normal,Tinggi,Marubozu (Strong Bullish),Area Tengah,< 1 Miliar,Persis di VWAP,Distribusi Pro (Guyuran),Gorengan Sepi (< 5M),Sepi (< 50%),Distribution (Fase Jualan),Normal,Normal,Sideways / Stagnan,TP: 27 | CL: 23,Open = Low (Bullish Kuat),Sangat Menarik (> 1:3),Netral / Sideways,Netral / Sepi Berita,Normal / Sedang Transisi,Dekat Support Fibo 50.0%,1,WAIT & SEE,TIDAK ADA,2026-08-19 16:40:03,Biasa / Mengikuti Pasar
16:40,TGUK,Token Mati (Perlu Update),Small Cap (Lapis 3),Overvalued (Mahal),0.0,3.9758642,85.0,117,73,137,-3.4090909090909087,16430300,Tembus MA20,20,Negatif,Downtrend,Bearish,Strong Bearish,Strong Downtrend (5<20<50),Distribusi Kuat,Distribusi (Turun),Gap Up (+6.8%),Dominan Jual (Guyur),Normal,Tinggi,Normal,Rawan Pucuk (High Risk),> 1 Miliar,Di Atas VWAP (Kuat),Distribusi Pro (Guyuran),Gorengan Sepi (< 5M),Normal (50-150%),Mark-Down (Fase Runtuh),Normal,Normal,Turun 1 Hari Beruntun,TP: 95 | CL: 77,Open = High (Tekanan Jual),Sangat Menarik (> 1:3),Oversold (Jenuh Jual - Peluang),Netral / Sepi Berita,Supply Banjir (Distribusi) 🌊,Mengambang (Jauh dari Fibo),2,WAIT & SEE,TIDAK ADA,2026-08-19 16:40:03,Biasa / Mengikuti Pasar
16:40,INET,Token Mati (Perlu Update),Mid Cap (Lapis 2),Overvalued (Mahal),123.931625,1.7838799,288.0,234,206,324,-1.36986301369863,1622550500,Tembus MA20,71,Negatif,Uptrend,Bullish,Strong Bullish,Perfect Uptrend (5>20>50),Distribusi Kuat,Akumulasi (Naik),Normal,Dominan Jual (Guyur),Breakout Upper,Tinggi,Normal,Rawan Pucuk (High Risk),> 1 Miliar,Di Atas VWAP (Kuat),Akumulasi Pro (Smart Money),Sultan (> 50M/hari),Ledakan Ekstrem (> 300%),Mark-Up (Fase Pesta),Spesialis Tiang Jemuran (Banting Pucuk),Normal,Turun 1 Hari Beruntun,TP: 318 | CL: 268,Normal,Tidak Ideal (< 1:1),Death Cross (Awal Bearish),Netral / Sepi Berita,Supply Banjir (Distribusi) 🌊,Dekat Support Fibo 23.6%,6,WAIT & SEE,TIDAK ADA,2026-08-19 16:40:03,🔥 ANOMALI BANDAR (Siap Ledakan)
16:40,MAHA,Token Mati (Perlu Update),Mid Cap (Lapis 2),Undervalued (Murah),6.4929333,1.3140017,147.0,144,137,155,-0.6756756756756757,3815800,Normal,60,Negatif,Uptrend,Bullish,Bearish MACD,Perfect Uptrend (5>20>50),Normal,Akumulasi (Naik),Normal,Seimbang / Adu Mekanik,Squeeze,Rendah,Doji (Ragu-ragu),Area Tengah,< 1 Miliar,Di Bawah VWAP (Lemah),Distribusi Pro (Guyuran),Gorengan Sepi (< 5M),Normal (50-150%),Mark-Up (Fase Pesta),Spesialis Tiang Jemuran (Banting Pucuk),Normal,Turun 1 Hari Beruntun,TP: 152 | CL: 143,Normal,Tidak Ideal (< 1:1),Netral / Sideways,Netral / Sepi Berita,Normal / Sedang Transisi,Dekat Support Fibo 23.6%,4,WAIT & SEE,TIDAK ADA,2026-08-19 16:40:03,Biasa / Mengikuti Pasar
16:40,RMKO,Token Mati (Perlu Update),Small Cap (Lapis 3),Fair Value (Wajar),0.0,2.7712212,288.0,293,272,376,2.857142857142857,26193000,Tembus MA20,45,Positif,Downtrend,Bearish,Strong Bearish,Strong Downtrend (5<20<50),Akumulasi Kuat,Akumulasi (Naik),Normal,Seimbang / Adu Mekanik,Normal,Tinggi,Normal,Area Tengah,> 1 Miliar,Persis di VWAP,Distribusi Pro (Guyuran),Gorengan Sepi (< 5M),Ledakan Ekstrem (> 300%),Mark-Down (Fase Runtuh),Spesialis Tiang Jemuran (Banting Pucuk),Normal,Naik 2 Hari Beruntun,TP: 312 | CL: 272,Normal,Sangat Menarik (> 1:3),Golden Cross (Awal Bullish),Sentimen Negatif ⚠️,Normal / Sedang Transisi,Mendekati Fibo 78.6%,4,WAIT & SEE,TIDAK ADA,2026-08-19 16:40:03,Biasa / Mengikuti Pasar
16:40,CNMA,Token Mati (Perlu Update),Mid Cap (Lapis 2),Fair Value (Wajar),13.191489,2.0721464,92.0,93,89,103,-3.1578947368421053,55668400,Tembus MA20,47,Negatif,Downtrend,Bullish,Bearish MACD,Perfect Uptrend (5>20>50),Normal,Distribusi (Turun),Normal,Dominan Jual (Guyur),Normal,Sedang,Normal,Area Tengah,> 1 Miliar,Di Bawah VWAP (Lemah),Distribusi Pro (Guyuran),Gorengan Sepi (< 5M),Normal (50-150%),Distribution (Fase Jualan),Spesialis Tiang Jemuran (Banting Pucuk),Normal,Turun 1 Hari Beruntun,TP: 98 | CL: 87,Open = High (Tekanan Jual),Sangat Menarik (> 1:3),Netral / Sideways,Sentimen Positif 📰,Normal / Sedang Transisi,Dekat Support Fibo 50.0%,3,WAIT & SEE,TIDAK ADA,2026-08-19 16:40:03,Biasa / Mengikuti Pasar
16:40,FOLK,Token Mati (Perlu Update),Small Cap (Lapis 3),Overvalued (Mahal),0.0,5.08393,169.0,204,166,228,-2.312138728323699,5835000,Tembus MA20,26,Negatif,Downtrend,Bearish,Strong Bearish,Konsolidasi / Transisi,Normal,Distribusi (Turun),Normal,Seimbang / Adu Mekanik,Normal,Tinggi,Normal,Dekat Support (Low Risk),< 1 Miliar,Di Bawah VWAP (Lemah),Distribusi Pro (Guyuran),Gorengan Sepi (< 5M),Normal (50-150%),Distribution (Fase Jualan),Normal,Normal,Turun 6 Hari Beruntun,TP: 188 | CL: 156,Normal,Sangat Menarik (> 1:3),Oversold (Jenuh Jual - Peluang),Sentimen Positif 📰,Normal / Sedang Transisi,Mengambang (Jauh dari Fibo),2,WAIT & SEE,TIDAK ADA,2026-08-19 16:40:03,Biasa / Mengikuti Pasar
16:40,HBAT,Token Mati (Perlu Update),Small Cap (Lapis 3),Fair Value (Wajar),0.0,2.7330356,216.0,228,204,270,-1.8181818181818181,35300,Normal,31,Negatif,Downtrend,Bearish,Bullish MACD,Strong Downtrend (5<20<50),Normal,Distribusi (Turun),Normal,Dominan Jual (Guyur),Normal,Tinggi,Doji (Ragu-ragu),Area Tengah,< 1 Miliar,Persis di VWAP,Akumulasi Pro (Smart Money),Gorengan Sepi (< 5M),Sepi (< 50%),Mark-Down (Fase Runtuh),Normal,Normal,Turun 2 Hari Beruntun,TP: 232 | CL: 205,Normal,Sangat Menarik (> 1:3),Netral / Sideways,Sentimen Positif 📰,Normal / Sedang Transisi,Mendekati Fibo Bottom / 100%,2,WAIT & SEE,TIDAK ADA,2026-08-19 16:40:03,Biasa / Mengikuti Pasar
16:40,GRIA,Token Mati (Perlu Update),Mid Cap (Lapis 2),Overvalued (Mahal),161.29031,2.775773,149.0,134,111,191,0.6756756756756757,10785000,Normal,65,Positif,Uptrend,Bullish,Strong Bullish,Perfect Uptrend (5>20>50),Normal,Akumulasi (Naik),Normal,Dominan Jual (Guyur),Normal,Tinggi,Doji (Ragu-ragu),Rawan Pucuk (High Risk),> 1 Miliar,Persis di VWAP,Distribusi Pro (Guyuran),Gorengan Sepi (< 5M),Normal (50-150%),Mark-Up (Fase Pesta),Spesialis Tiang Jemuran (Banting Pucuk),Normal,Naik 1 Hari Beruntun,TP: 167 | CL: 136,Normal,Menengah (1:1),Netral / Sideways,Sentimen Positif 📰,Normal / Sedang Transisi,Mendekati Fibo 61.8% (Golden Ratio),7,BELI,TIDAK ADA,2026-08-19 16:40:03,Biasa / Mengikuti Pasar
16:40,PPRI,Token Mati (Perlu Update),Small Cap (Lapis 3),Fair Value (Wajar),0.0,1.5676199,143.0,146,140,161,0.7042253521126761,637800,Normal,45,Positif,Downtrend,Bearish,Strong Bearish,Konsolidasi / Transisi,Normal,Distribusi (Turun),Normal,Dominan Beli (Hajar Kanan),Bottom Rebound,Sedang,Normal,Dekat Support (Low Risk),< 1 Miliar,Persis di VWAP,Distribusi Pro (Guyuran),Gorengan Sepi (< 5M),Sepi (< 50%),Distribution (Fase Jualan),Spesialis Tiang Jemuran (Banting Pucuk),Normal,Naik 2 Hari Beruntun,TP: 153 | CL: 136,Normal,Sangat Menarik (> 1:3),Golden Cross (Awal Bullish),Sentimen Positif 📰,Normal / Sedang Transisi,Mendekati Fibo 50.0%,3,WAIT & SEE,TIDAK ADA,2026-08-19 16:40:03,Biasa / Mengikuti Pasar
16:40,ERAL,Token Mati (Perlu Update),Mid Cap (Lapis 2),Undervalued (Murah),8.986035,0.8479869,296.0,301,276,320,0.0,4865700,Tembus MA20,50,Negatif,Downtrend,Bearish,Bearish MACD,Konsolidasi / Transisi,Normal,Distribusi (Turun),Normal,Dominan Jual (Guyur),Normal,Sedang,Normal,Area Tengah,> 1 Miliar,Di Bawah VWAP (Lemah),Distribusi Pro (Guyuran),Gorengan Sepi (< 5M),Normal (50-150%),Distribution (Fase Jualan),Normal,Normal,Sideways / Stagnan,TP: 311 | CL: 285,Normal,Menengah (1:1),Oversold (Jenuh Jual - Peluang),Sentimen Positif 📰,Normal / Sedang Transisi,Golden Rebound Fibo 23.6% 🎯,2,WAIT & SEE,TIDAK ADA,2026-08-19 16:40:03,Biasa / Mengikuti Pasar
16:40,CYBR,Token Mati (Perlu Update),Mid Cap (Lapis 2),Overvalued (Mahal),616.6667,29.32009,560.0,564,535,605,0.0,31142200,Tembus MA20,43,Negatif,Downtrend,Bullish,Bullish MACD,Awal Reversal (5>20),Normal,Distribusi (Turun),Normal,Seimbang / Adu Mekanik,Normal,Sedang,Normal,Area Tengah,> 1 Miliar,Persis di VWAP,Akumulasi Pro (Smart Money),Ritel Aktif (5M - 50M),Normal (50-150%),Mark-Down (Fase Runtuh),Normal,Normal,Sideways / Stagnan,TP: 594 | CL: 536,Open = Low (Bullish Kuat),Ideal (1:2),Netral / Sideways,Sentimen Positif 📰,Normal / Sedang Transisi,Dekat Support Fibo 61.8% (Golden Ratio),4,WAIT & SEE,TIDAK ADA,2026-08-19 16:40:03,Biasa / Mengikuti Pasar
16:40,MUTU,Token Mati (Perlu Update),Small Cap (Lapis 3),Fair Value (Wajar),0.0,1.4694607,115.0,110,104,119,0.0,4693800,Tembus MA20,59,Negatif,Uptrend,Bullish,Strong Bullish,Awal Reversal (5>20),Normal,Akumulasi (Naik),Normal,Seimbang / Adu Mekanik,Normal,Sedang,Doji (Ragu-ragu),Rawan Pucuk (High Risk),< 1 Miliar,Persis di VWAP,Akumulasi Pro (Smart Money),Gorengan Sepi (< 5M),Normal (50-150%),Accumulation (Kumpul Barang),Normal,Normal,Sideways / Stagnan,TP: 121 | CL: 110,Normal,Tidak Ideal (< 1:1),Netral / Sideways,Sentimen Positif 📰,Normal / Sedang Transisi,Mendekati Fibo 38.2%,7,BELI,TIDAK ADA,2026-08-19 16:40:03,Biasa / Mengikuti Pasar
16:40,LMAX,Token Mati (Perlu Update),Small Cap (Lapis 3),Fair Value (Wajar),0.0,1.4210492,112.0,113,108,124,-1.7543859649122806,83000,Normal,52,Negatif,Downtrend,Bearish,Bearish MACD,Konsolidasi / Transisi,Normal,Distribusi (Turun),Normal,Seimbang / Adu Mekanik,Normal,Sedang,Normal,Area Tengah,< 1 Miliar,Persis di VWAP,Akumulasi Pro (Smart Money),Gorengan Sepi (< 5M),Sepi (< 50%),Distribution (Fase Jualan),Normal,Normal,Turun 1 Hari Beruntun,TP: 122 | CL: 105,Open = High (Tekanan Jual),Sangat Menarik (> 1:3),Netral / Sideways,Netral / Sepi Berita,Normal / Sedang Transisi,Dekat Support Fibo 50.0%,1,WAIT & SEE,TIDAK ADA,2026-08-19 16:40:03,Biasa / Mengikuti Pasar
16:40,HUMI,Token Mati (Perlu Update),Mid Cap (Lapis 2),Overvalued (Mahal),283.3333,19125.0,152.0,142,124,161,-0.6535947712418301,52026600,Normal,62,Negatif,Uptrend,Bullish,Strong Bullish,Perfect Uptrend (5>20>50),Normal,Akumulasi (Naik),Normal,Seimbang / Adu Mekanik,Normal,Tinggi,Normal,Rawan Pucuk (High Risk),> 1 Miliar,Di Atas VWAP (Kuat),Akumulasi Pro (Smart Money),Ritel Aktif (5M - 50M),Normal (50-150%),Mark-Up (Fase Pesta),Spesialis Tiang Jemuran (Banting Pucuk),Normal,Turun 1 Hari Beruntun,TP: 166 | CL: 142,Normal,Tidak Ideal (< 1:1),Netral / Sideways,Sentimen Positif 📰,Normal / Sedang Transisi,Mengambang (Jauh dari Fibo),6,WAIT & SEE,TIDAK ADA,2026-08-19 16:40:03,Biasa / Mengikuti Pasar
16:40,MSIE,Token Mati (Perlu Update),Small Cap (Lapis 3),Fair Value (Wajar),0.0,1.234314,96.0,93,76,106,-1.0309278350515463,1500500,Normal,53,Negatif,Uptrend,Bullish,Strong Bullish,Perfect Uptrend (5>20>50),Normal,Akumulasi (Naik),Normal,Seimbang / Adu Mekanik,Normal,Tinggi,Normal,Rawan Pucuk (High Risk),< 1 Miliar,Di Bawah VWAP (Lemah),Distribusi Pro (Guyuran),Gorengan Sepi (< 5M),Sepi (< 50%),Mark-Up (Fase Pesta),Normal,Normal,Turun 2 Hari Beruntun,TP: 105 | CL: 89,Normal,Tidak Ideal (< 1:1),Netral / Sideways,Sentimen Negatif ⚠️,Normal / Sedang Transisi,Mengambang (Jauh dari Fibo),5,WAIT & SEE,TIDAK ADA,2026-08-19 16:40:03,Biasa / Mengikuti Pasar
16:40,RSCH,Token Mati (Perlu Update),Small Cap (Lapis 3),Overvalued (Mahal),0.0,6.5423894,314.0,306,262,342,0.641025641025641,20637000,Normal,56,Positif,Uptrend,Bullish,Bearish MACD,Perfect Uptrend (5>20>50),Normal,Akumulasi (Naik),Normal,Dominan Beli (Hajar Kanan),Normal,Tinggi,Normal,Rawan Pucuk (High Risk),> 1 Miliar,Di Atas VWAP (Kuat),Akumulasi Pro (Smart Money),Ritel Aktif (5M - 50M),Normal (50-150%),Mark-Up (Fase Pesta),Normal,Jarum Bawah (Sinyal Pantulan Kuat),Naik 1 Hari Beruntun,TP: 336 | CL: 299,Normal,Tidak Ideal (< 1:1),Netral / Sideways,Netral / Sepi Berita,Normal / Sedang Transisi,Mendekati Fibo 61.8% (Golden Ratio),6,WAIT & SEE,TIDAK ADA,2026-08-19 16:40:03,Biasa / Mengikuti Pasar
16:40,BABY,Token Mati (Perlu Update),Small Cap (Lapis 3),Fair Value (Wajar),0.0,1.0134351,214.0,199,181,284,0.0,6314700,Normal,55,Negatif,Uptrend,Bullish,Strong Bullish,Perfect Uptrend (5>20>50),Normal,Akumulasi (Naik),Normal,Seimbang / Adu Mekanik,Normal,Tinggi,Doji (Ragu-ragu),Rawan Pucuk (High Risk),> 1 Miliar,Di Bawah VWAP (Lemah),Akumulasi Pro (Smart Money),Ritel Aktif (5M - 50M),Sepi (< 50%),Mark-Up (Fase Pesta),Spesialis Tiang Jemuran (Banting Pucuk),Normal,Sideways / Stagnan,TP: 245 | CL: 193,Normal,Ideal (1:2),Netral / Sideways,Sentimen Positif 📰,Normal / Sedang Transisi,Mengambang (Jauh dari Fibo),6,WAIT & SEE,TIDAK ADA,2026-08-19 16:40:03,Biasa / Mengikuti Pasar
16:40,AEGS,Token Mati (Perlu Update),Small Cap (Lapis 3),Fair Value (Wajar),0.0,0.60908407,42.0,42,40,49,0.0,277800,Normal,51,Negatif,Downtrend,Bearish,Bearish MACD,Konsolidasi / Transisi,Normal,Akumulasi (Naik),Normal,Dominan Beli (Hajar Kanan),Normal,Sedang,Doji (Ragu-ragu),Area Tengah,< 1 Miliar,Di Atas VWAP (Kuat),Akumulasi Pro (Smart Money),Gorengan Sepi (< 5M),Sepi (< 50%),Distribution (Fase Jualan),Normal,Jarum Bawah (Sinyal Pantulan Kuat),Sideways / Stagnan,TP: 44 | CL: 40,Normal,Sangat Menarik (> 1:3),Netral / Sideways,Netral / Sepi Berita,Normal / Sedang Transisi,Mendekati Fibo 61.8% (Golden Ratio),3,WAIT & SEE,TIDAK ADA,2026-08-19 16:40:03,Biasa / Mengikuti Pasar
16:40,IOTF,Token Mati (Perlu Update),Small Cap (Lapis 3),Fair Value (Wajar),0.0,2.1929085,65.0,58,50,79,-5.797101449275362,53066700,Normal,61,Negatif,Uptrend,Bullish,Strong Bullish,Perfect Uptrend (5>20>50),Normal,Distribusi (Turun),Normal,Dominan Jual (Guyur),Normal,Tinggi,Normal,Rawan Pucuk (High Risk),> 1 Miliar,Di Bawah VWAP (Lemah),Distribusi Pro (Guyuran),Ritel Aktif (5M - 50M),Sepi (< 50%),Mark-Up (Fase Pesta),Normal,Normal,Turun 4 Hari Beruntun,TP: 74 | CL: 58,Normal,Tidak Ideal (< 1:1),Netral / Sideways,Sentimen Positif 📰,Normal / Sedang Transisi,Dekat Support Fibo 50.0%,5,WAIT & SEE,TIDAK ADA,2026-08-19 16:40:03,Biasa / Mengikuti Pasar
16:40,KOCI,Token Mati (Perlu Update),Small Cap (Lapis 3),Overvalued (Mahal),0.0,3.5541935,110.0,105,95,134,0.9174311926605505,21038200,Normal,58,Positif,Uptrend,Bullish,Strong Bullish,Perfect Uptrend (5>20>50),Normal,Akumulasi (Naik),Normal,Dominan Jual (Guyur),Normal,Tinggi,Normal,Rawan Pucuk (High Risk),> 1 Miliar,Persis di VWAP,Distribusi Pro (Guyuran),Gorengan Sepi (< 5M),Anomali Tinggi (150-300%),Mark-Up (Fase Pesta),Normal,Normal,Naik 2 Hari Beruntun,TP: 120 | CL: 103,Normal,Ideal (1:2),Golden Cross (Awal Bullish),Sentimen Positif 📰,Normal / Sedang Transisi,Dekat Support Fibo 38.2%,7,BELI,TIDAK ADA,2026-08-19 16:40:03,Biasa / Mengikuti Pasar
16:40,PTPS,Token Mati (Perlu Update),Small Cap (Lapis 3),Fair Value (Wajar),0.0,1.7744274,152.0,147,130,163,-1.2987012987012987,1637500,Normal,61,Negatif,Uptrend,Bullish,Bearish MACD,Perfect Uptrend (5>20>50),Normal,Distribusi (Turun),Normal,Seimbang / Adu Mekanik,Normal,Tinggi,Normal,Rawan Pucuk (High Risk),< 1 Miliar,Persis di VWAP,Akumulasi Pro (Smart Money),Gorengan Sepi (< 5M),Normal (50-150%),Mark-Up (Fase Pesta),Normal,Normal,Turun 1 Hari Beruntun,TP: 162 | CL: 145,Normal,Tidak Ideal (< 1:1),Death Cross (Awal Bearish),Sentimen Positif 📰,Normal / Sedang Transisi,Mendekati Fibo 23.6%,4,WAIT & SEE,TIDAK ADA,2026-08-19 16:40:03,Biasa / Mengikuti Pasar
16:40,BREN,Token Mati (Perlu Update),Big Cap (Lapis 1),Overvalued (Mahal),170.42116,696000.0,3480.0,3455,3210,3940,-1.1363636363636365,26967900,Normal,51,Negatif,Uptrend,Bullish,Strong Bullish,Awal Reversal (5>20),Normal,Distribusi (Turun),Normal,Seimbang / Adu Mekanik,Normal,Tinggi,Normal,Area Tengah,> 1 Miliar,Di Bawah VWAP (Lemah),Distribusi Pro (Guyuran),Sultan (> 50M/hari),Sepi (< 50%),Accumulation (Kumpul Barang),Spesialis Tiang Jemuran (Banting Pucuk),Normal,Turun 4 Hari Beruntun,TP: 3745 | CL: 3302,Normal,Ideal (1:2),Netral / Sideways,Netral / Sepi Berita,Normal / Sedang Transisi,Mendekati Fibo 50.0%,4,WAIT & SEE,TIDAK ADA,2026-08-19 16:40:03,Biasa / Mengikuti Pasar
16:40,STRK,Token Mati (Perlu Update),Small Cap (Lapis 3),Overvalued (Mahal),0.0,5.652965,59.0,63,57,71,-1.6666666666666667,5708500,Normal,36,Negatif,Downtrend,Bearish,Strong Bearish,Strong Downtrend (5<20<50),Normal,Akumulasi (Naik),Normal,Seimbang / Adu Mekanik,Normal,Tinggi,Normal,Area Tengah,< 1 Miliar,Di Bawah VWAP (Lemah),Distribusi Pro (Guyuran),Gorengan Sepi (< 5M),Sepi (< 50%),Mark-Down (Fase Runtuh),Normal,Normal,Turun 1 Hari Beruntun,TP: 64 | CL: 55,Open = High (Tekanan Jual),Sangat Menarik (> 1:3),Netral / Sideways,Sentimen Negatif ⚠️,Normal / Sedang Transisi,Mendekati Fibo Bottom / 100%,1,WAIT & SEE,TIDAK ADA,2026-08-19 16:40:03,Biasa / Mengikuti Pasar
16:40,KOKA,Token Mati (Perlu Update),Small Cap (Lapis 3),Overvalued (Mahal),0.0,3.4245908,177.0,196,172,240,0.0,7078700,Normal,46,Negatif,Downtrend,Bearish,Bearish MACD,Konsolidasi / Transisi,Normal,Distribusi (Turun),Normal,Seimbang / Adu Mekanik,Normal,Tinggi,Doji (Ragu-ragu),Dekat Support (Low Risk),> 1 Miliar,Di Bawah VWAP (Lemah),Distribusi Pro (Guyuran),Gorengan Sepi (< 5M),Sepi (< 50%),Distribution (Fase Jualan),Spesialis Tiang Jemuran (Banting Pucuk),Normal,Sideways / Stagnan,TP: 199 | CL: 162,Normal,Sangat Menarik (> 1:3),Oversold (Jenuh Jual - Peluang),Sentimen Negatif ⚠️,Normal / Sedang Transisi,Mengambang (Jauh dari Fibo),0,WAIT & SEE,TIDAK ADA,2026-08-19 16:40:03,Biasa / Mengikuti Pasar
16:40,LOPI,Token Mati (Perlu Update),Small Cap (Lapis 3),Fair Value (Wajar),0.0,1.404975,77.0,69,54,92,-1.282051282051282,2100200,Normal,61,Negatif,Uptrend,Bullish,Strong Bullish,Perfect Uptrend (5>20>50),Normal,Akumulasi (Naik),Gap Down (-2.6%),Seimbang / Adu Mekanik,Normal,Tinggi,Normal,Rawan Pucuk (High Risk),< 1 Miliar,Di Atas VWAP (Kuat),Akumulasi Pro (Smart Money),Gorengan Sepi (< 5M),Sepi (< 50%),Mark-Up (Fase Pesta),Normal,Normal,Turun 1 Hari Beruntun,TP: 87 | CL: 70,Normal,Tidak Ideal (< 1:1),Death Cross (Awal Bearish),Sentimen Positif 📰,Normal / Sedang Transisi,Mengambang (Jauh dari Fibo),6,WAIT & SEE,TIDAK ADA,2026-08-19 16:40:03,Biasa / Mengikuti Pasar
16:40,RGAS,Token Mati (Perlu Update),Small Cap (Lapis 3),Fair Value (Wajar),0.0,2.604023,189.0,221,178,256,-0.5263157894736842,2115100,Normal,34,Negatif,Downtrend,Bearish,Strong Bearish,Konsolidasi / Transisi,Normal,Distribusi (Turun),Normal,Dominan Jual (Guyur),Normal,Tinggi,Normal,Area Tengah,< 1 Miliar,Persis di VWAP,Akumulasi Pro (Smart Money),Gorengan Sepi (< 5M),Normal (50-150%),Distribution (Fase Jualan),Normal,Normal,Turun 1 Hari Beruntun,TP: 196 | CL: 184,Open = High (Tekanan Jual),Sangat Menarik (> 1:3),Oversold (Jenuh Jual - Peluang),Sentimen Positif 📰,Normal / Sedang Transisi,Mengambang (Jauh dari Fibo),1,WAIT & SEE,TIDAK ADA,2026-08-19 16:40:03,Biasa / Mengikuti Pasar
16:40,MSTI,Token Mati (Perlu Update),Mid Cap (Lapis 2),Fair Value (Wajar),7.4576464,1.9174887,1325.0,1323,1255,1370,0.3787878787878788,4468800,Tembus MA20,54,Positif,Uptrend,Bearish,Bearish MACD,Konsolidasi / Transisi,Akumulasi Kuat,Akumulasi (Naik),Normal,Dominan Jual (Guyur),Squeeze,Rendah,Doji (Ragu-ragu),Area Tengah,> 1 Miliar,Persis di VWAP,Distribusi Pro (Guyuran),Gorengan Sepi (< 5M),Ledakan Ekstrem (> 300%),Mark-Up (Fase Pesta),Spesialis Tiang Jemuran (Banting Pucuk),Normal,Naik 1 Hari Beruntun,TP: 1363 | CL: 1299,Normal,Tidak Ideal (< 1:1),Netral / Sideways,Sentimen Positif 📰,Normal / Sedang Transisi,Dekat Support Fibo 23.6%,7,BELI,TIDAK ADA,2026-08-19 16:40:03,Biasa / Mengikuti Pasar
16:40,IKPM,Token Mati (Perlu Update),Small Cap (Lapis 3),Fair Value (Wajar),0.0,1.4214588,192.0,190,174,220,-2.0408163265306123,134900,Normal,52,Negatif,Uptrend,Bullish,Strong Bullish,Perfect Uptrend (5>20>50),Normal,Distribusi (Turun),Normal,Seimbang / Adu Mekanik,Normal,Sedang,Normal,Rawan Pucuk (High Risk),< 1 Miliar,Di Bawah VWAP (Lemah),Akumulasi Pro (Smart Money),Gorengan Sepi (< 5M),Sepi (< 50%),Mark-Up (Fase Pesta),Spesialis Tiang Jemuran (Banting Pucuk),Jarum Bawah (Sinyal Pantulan Kuat),Turun 2 Hari Beruntun,TP: 206 | CL: 182,Normal,Ideal (1:2),Netral / Sideways,Sentimen Negatif ⚠️,Normal / Sedang Transisi,Mendekati Fibo 61.8% (Golden Ratio),4,WAIT & SEE,TIDAK ADA,2026-08-19 16:40:03,Biasa / Mengikuti Pasar
16:40,AYAM,Token Mati (Perlu Update),Mid Cap (Lapis 2),Overvalued (Mahal),1180.4878,9.154877,482.0,434,382,484,5.240174672489083,27821900,Normal,78,Positif,Uptrend,Bullish,Strong Bullish,Perfect Uptrend (5>20>50),Normal,Akumulasi (Naik),Normal,Dominan Beli (Hajar Kanan),Normal,Tinggi,Normal,Rawan Pucuk (High Risk),> 1 Miliar,Di Atas VWAP (Kuat),Akumulasi Pro (Smart Money),Ritel Aktif (5M - 50M),Normal (50-150%),Mark-Up (Fase Pesta),Spesialis Tiang Jemuran (Banting Pucuk),Normal,Naik 3 Hari Beruntun,TP: 508 | CL: 464,Normal,Tidak Ideal (< 1:1),Overbought (Jenuh Beli - Rawan),Sentimen Positif 📰,Normal / Sedang Transisi,Mengambang (Jauh dari Fibo),8,BELI,TIDAK ADA,2026-08-19 16:40:03,Biasa / Mengikuti Pasar
16:40,SURI,Token Mati (Perlu Update),Small Cap (Lapis 3),Overvalued (Mahal),520.0,1.4359616,78.0,72,67,88,0.0,5052500,Normal,74,Negatif,Uptrend,Bullish,Strong Bullish,Perfect Uptrend (5>20>50),Normal,Akumulasi (Naik),Normal,Seimbang / Adu Mekanik,Normal,Tinggi,Doji (Ragu-ragu),Rawan Pucuk (High Risk),< 1 Miliar,Di Bawah VWAP (Lemah),Distribusi Pro (Guyuran),Gorengan Sepi (< 5M),Sepi (< 50%),Mark-Up (Fase Pesta),Normal,Jarum Bawah (Sinyal Pantulan Kuat),Sideways / Stagnan,TP: 84 | CL: 73,Normal,Tidak Ideal (< 1:1),Netral / Sideways,Netral / Sepi Berita,Normal / Sedang Transisi,Mengambang (Jauh dari Fibo),5,WAIT & SEE,TIDAK ADA,2026-08-19 16:40:03,Biasa / Mengikuti Pasar
16:40,ASLI,Token Mati (Perlu Update),Mid Cap (Lapis 2),Overvalued (Mahal),0.0,3.9491673,238.0,204,185,270,-9.16030534351145,55493900,Tembus MA20,62,Negatif,Uptrend,Bullish,Strong Bullish,Awal Reversal (5>20),Akumulasi Kuat,Akumulasi (Naik),Gap Down (-11.5%),Dominan Jual (Guyur),Normal,Tinggi,Normal,Rawan Pucuk (High Risk),> 1 Miliar,Di Bawah VWAP (Lemah),Akumulasi Pro (Smart Money),Ritel Aktif (5M - 50M),Anomali Tinggi (150-300%),Accumulation (Kumpul Barang),Spesialis Tiang Jemuran (Banting Pucuk),Normal,Turun 1 Hari Beruntun,TP: 261 | CL: 222,Normal,Tidak Ideal (< 1:1),Death Cross (Awal Bearish),Sentimen Positif 📰,Normal / Sedang Transisi,Mengambang (Jauh dari Fibo),8,BELI,TIDAK ADA,2026-08-19 16:40:03,Biasa / Mengikuti Pasar
16:40,GRPH,Token Mati (Perlu Update),Small Cap (Lapis 3),Fair Value (Wajar),0.0,0.88879853,70.0,61,58,81,-7.894736842105263,39437700,Tembus MA20,65,Negatif,Uptrend,Bullish,Strong Bullish,Perfect Uptrend (5>20>50),Distribusi Kuat,Akumulasi (Naik),Gap Down (-2.6%),Dominan Jual (Guyur),Normal,Tinggi,Normal,Rawan Pucuk (High Risk),> 1 Miliar,Di Bawah VWAP (Lemah),Akumulasi Pro (Smart Money),Gorengan Sepi (< 5M),Normal (50-150%),Mark-Up (Fase Pesta),Spesialis Tiang Jemuran (Banting Pucuk),Normal,Turun 1 Hari Beruntun,TP: 75 | CL: 66,Normal,Tidak Ideal (< 1:1),Death Cross (Awal Bearish),Sentimen Positif 📰,Supply Banjir (Distribusi) 🌊,Dekat Support Fibo 38.2%,7,BELI,TIDAK ADA,2026-08-19 16:40:03,Biasa / Mengikuti Pasar
16:40,SMGA,Token Mati (Perlu Update),Small Cap (Lapis 3),Fair Value (Wajar),0.0,1.6174273,79.0,73,65,89,-3.6585365853658534,28258000,Tembus MA20,62,Negatif,Uptrend,Bullish,Strong Bullish,Perfect Uptrend (5>20>50),Normal,Akumulasi (Naik),Normal,Seimbang / Adu Mekanik,Normal,Tinggi,Normal,Rawan Pucuk (High Risk),> 1 Miliar,Di Bawah VWAP (Lemah),Distribusi Pro (Guyuran),Gorengan Sepi (< 5M),Normal (50-150%),Mark-Up (Fase Pesta),Normal,Normal,Turun 1 Hari Beruntun,TP: 85 | CL: 74,Normal,Tidak Ideal (< 1:1),Death Cross (Awal Bearish),Netral / Sepi Berita,Supply Banjir (Distribusi) 🌊,Mengambang (Jauh dari Fibo),6,WAIT & SEE,TIDAK ADA,2026-08-19 16:40:03,Biasa / Mengikuti Pasar
16:40,UNTD,Token Mati (Perlu Update),Small Cap (Lapis 3),Fair Value (Wajar),0.0,1.0056096,84.0,81,77,92,1.2048192771084338,15334400,Normal,60,Positif,Uptrend,Bullish,Strong Bullish,Perfect Uptrend (5>20>50),Normal,Akumulasi (Naik),Normal,Seimbang / Adu Mekanik,Normal,Sedang,Normal,Area Tengah,> 1 Miliar,Di Bawah VWAP (Lemah),Distribusi Pro (Guyuran),Gorengan Sepi (< 5M),Normal (50-150%),Mark-Up (Fase Pesta),Spesialis Tiang Jemuran (Banting Pucuk),Normal,Naik 1 Hari Beruntun,TP: 90 | CL: 79,Normal,Menengah (1:1),Netral / Sideways,Netral / Sepi Berita,Normal / Sedang Transisi,Dekat Support Fibo 23.6%,6,WAIT & SEE,TIDAK ADA,2026-08-19 16:40:03,Biasa / Mengikuti Pasar
16:40,TOSK,Token Mati (Perlu Update),Small Cap (Lapis 3),Fair Value (Wajar),0.0,2.0679057,74.0,69,65,76,1.36986301369863,19539800,Tembus MA20,75,Positif,Uptrend,Bullish,Strong Bullish,Perfect Uptrend (5>20>50),Normal,Akumulasi (Naik),Normal,Seimbang / Adu Mekanik,Breakout Upper,Sedang,Normal,Rawan Pucuk (High Risk),> 1 Miliar,Di Atas VWAP (Kuat),Distribusi Pro (Guyuran),Gorengan Sepi (< 5M),Normal (50-150%),Mark-Up (Fase Pesta),Spesialis Tiang Jemuran (Banting Pucuk),Normal,Naik 2 Hari Beruntun,TP: 78 | CL: 71,Open = Low (Bullish Kuat),Tidak Ideal (< 1:1),Netral / Sideways,Sentimen Positif 📰,Normal / Sedang Transisi,Mendekati Fibo 23.6%,8,BELI,TIDAK ADA,2026-08-19 16:40:03,Biasa / Mengikuti Pasar
16:40,MPIX,Token Mati (Perlu Update),Small Cap (Lapis 3),Fair Value (Wajar),0.0,0.9577779,96.0,95,87,105,-1.0309278350515463,7246300,Tembus MA20,52,Negatif,Uptrend,Bullish,Bearish MACD,Perfect Uptrend (5>20>50),Normal,Distribusi (Turun),Normal,Dominan Jual (Guyur),Normal,Sedang,Normal,Rawan Pucuk (High Risk),< 1 Miliar,Persis di VWAP,Distribusi Pro (Guyuran),Gorengan Sepi (< 5M),Anomali Tinggi (150-300%),Mark-Up (Fase Pesta),Normal,Normal,Turun 1 Hari Beruntun,TP: 102 | CL: 91,Normal,Menengah (1:1),Netral / Sideways,Sentimen Positif 📰,Normal / Sedang Transisi,Mendekati Fibo 38.2%,5,WAIT & SEE,TIDAK ADA,2026-08-19 16:40:03,Biasa / Mengikuti Pasar
16:40,ALII,Token Mati (Perlu Update),Big Cap (Lapis 1),Overvalued (Mahal),29.853481,6.020981,815.0,771,705,855,0.6172839506172839,397000,Normal,61,Positif,Uptrend,Bullish,Strong Bullish,Perfect Uptrend (5>20>50),Normal,Akumulasi (Naik),Normal,Dominan Beli (Hajar Kanan),Normal,Tinggi,Hammer (Potensi Reversal),Rawan Pucuk (High Risk),< 1 Miliar,Di Atas VWAP (Kuat),Akumulasi Pro (Smart Money),Gorengan Sepi (< 5M),Sepi (< 50%),Mark-Up (Fase Pesta),Spesialis Tiang Jemuran (Banting Pucuk),Jarum Bawah (Sinyal Pantulan Kuat),Naik 1 Hari Beruntun,TP: 877 | CL: 773,Open = High (Tekanan Jual),Tidak Ideal (< 1:1),Netral / Sideways,Netral / Sepi Berita,Normal / Sedang Transisi,Golden Rebound Fibo 50.0% 🎯,7,BELI,TIDAK ADA,2026-08-19 16:40:03,Biasa / Mengikuti Pasar
16:40,MKAP,Token Mati (Perlu Update),Mid Cap (Lapis 2),Overvalued (Mahal),131.04611,11.139265,1165.0,1165,1160,1170,-0.4273504273504274,600,Normal,52,Negatif,Downtrend,Bullish,Bearish MACD,Perfect Uptrend (5>20>50),Normal,Distribusi (Turun),Normal,Dominan Jual (Guyur),Squeeze,Rendah,Normal,Dekat Support (Low Risk),< 1 Miliar,Persis di VWAP,Distribusi Pro (Guyuran),Gorengan Sepi (< 5M),Sepi (< 50%),Distribution (Fase Jualan),Normal,Normal,Turun 1 Hari Beruntun,TP: 1172 | CL: 1160,Open = High (Tekanan Jual),Menengah (1:1),Netral / Sideways,Netral / Sepi Berita,Supply Kering (Siap Pump) 🏜️,Golden Rebound Fibo 50.0% 🎯,2,WAIT & SEE,TIDAK ADA,2026-08-19 16:40:03,Biasa / Mengikuti Pasar
16:40,MEJA,Token Mati (Perlu Update),Small Cap (Lapis 3),Overvalued (Mahal),0.0,4.4680552,127.0,103,80,131,0.0,40092900,Normal,73,Negatif,Uptrend,Bullish,Strong Bullish,Perfect Uptrend (5>20>50),Normal,Akumulasi (Naik),Normal,Seimbang / Adu Mekanik,Breakout Upper,Tinggi,Doji (Ragu-ragu),Rawan Pucuk (High Risk),> 1 Miliar,Di Atas VWAP (Kuat),Akumulasi Pro (Smart Money),Ritel Aktif (5M - 50M),Normal (50-150%),Mark-Up (Fase Pesta),Normal,Jarum Bawah (Sinyal Pantulan Kuat),Sideways / Stagnan,TP: 139 | CL: 118,Normal,Tidak Ideal (< 1:1),Overbought (Jenuh Beli - Rawan),Sentimen Positif 📰,Normal / Sedang Transisi,Mengambang (Jauh dari Fibo),6,WAIT & SEE,TIDAK ADA,2026-08-19 16:40:03,Biasa / Mengikuti Pasar
16:40,LIVE,Token Mati (Perlu Update),Small Cap (Lapis 3),Fair Value (Wajar),0.0,2.7225962,199.0,206,193,248,-0.5,13678100,Tembus MA20,41,Negatif,Downtrend,Bearish,Strong Bearish,Strong Downtrend (5<20<50),Distribusi Kuat,Distribusi (Turun),Normal,Dominan Beli (Hajar Kanan),Normal,Sedang,Hammer (Potensi Reversal),Area Tengah,> 1 Miliar,Di Bawah VWAP (Lemah),Akumulasi Pro (Smart Money),Gorengan Sepi (< 5M),Normal (50-150%),Mark-Down (Fase Runtuh),Normal,Jarum Bawah (Sinyal Pantulan Kuat),Turun 2 Hari Beruntun,TP: 220 | CL: 184,Open = High (Tekanan Jual),Sangat Menarik (> 1:3),Oversold (Jenuh Jual - Peluang),Netral / Sepi Berita,Normal / Sedang Transisi,Golden Rebound Fibo 78.6% 🎯,2,WAIT & SEE,TIDAK ADA,2026-08-19 16:40:03,Biasa / Mengikuti Pasar
16:40,HYGN,Token Mati (Perlu Update),Small Cap (Lapis 3),Fair Value (Wajar),0.0,2.5441508,171.0,166,157,178,0.0,2899000,Tembus MA20,67,Negatif,Uptrend,Bullish,Bearish MACD,Perfect Uptrend (5>20>50),Normal,Akumulasi (Naik),Normal,Dominan Jual (Guyur),Normal,Sedang,Doji (Ragu-ragu),Area Tengah,< 1 Miliar,Persis di VWAP,Akumulasi Pro (Smart Money),Gorengan Sepi (< 5M),Anomali Tinggi (150-300%),Mark-Up (Fase Pesta),Normal,Normal,Sideways / Stagnan,TP: 179 | CL: 165,Normal,Tidak Ideal (< 1:1),Netral / Sideways,Sentimen Positif 📰,Normal / Sedang Transisi,Mendekati Fibo 23.6%,6,WAIT & SEE,TIDAK ADA,2026-08-19 16:40:03,Biasa / Mengikuti Pasar
16:40,BAIK,Token Mati (Perlu Update),Small Cap (Lapis 3),Fair Value (Wajar),0.0,2.8705528,346.0,646,284,785,4.216867469879518,582418800,Tembus MA20,19,Positif,Downtrend,Bearish,Strong Bearish,Konsolidasi / Transisi,Akumulasi Kuat,Akumulasi (Naik),Gap Down (-14.5%),Seimbang / Adu Mekanik,Normal,Tinggi,Normal,Rawan Pucuk (High Risk),> 1 Miliar,Di Bawah VWAP (Lemah),Distribusi Pro (Guyuran),Sultan (> 50M/hari),Ledakan Ekstrem (> 300%),Distribution (Fase Jualan),Normal,Normal,Naik 1 Hari Beruntun,TP: 433 | CL: 287,Open = Low (Bullish Kuat),Sangat Menarik (> 1:3),Oversold (Jenuh Jual - Peluang),Sentimen Positif 📰,Normal / Sedang Transisi,Mengambang (Jauh dari Fibo),5,WAIT & SEE,TIDAK ADA,2026-08-19 16:40:03,🔥 ANOMALI BANDAR (Siap Ledakan)
16:40,VISI,Token Mati (Perlu Update),Mid Cap (Lapis 2),Overvalued (Mahal),0.0,15.166325,895.0,910,800,1020,-4.787234042553192,1042400,Tembus MA20,45,Negatif,Downtrend,Bullish,Strong Bullish,Awal Reversal (5>20),Normal,Distribusi (Turun),Normal,Dominan Jual (Guyur),Normal,Tinggi,Normal,Rawan Pucuk (High Risk),< 1 Miliar,Di Bawah VWAP (Lemah),Distribusi Pro (Guyuran),Gorengan Sepi (< 5M),Normal (50-150%),Mark-Down (Fase Runtuh),Spesialis Tiang Jemuran (Banting Pucuk),Normal,Turun 2 Hari Beruntun,TP: 982 | CL: 836,Open = High (Tekanan Jual),Menengah (1:1),Netral / Sideways,Sentimen Positif 📰,Normal / Sedang Transisi,Dekat Support Fibo 61.8% (Golden Ratio),4,WAIT & SEE,TIDAK ADA,2026-08-19 16:40:03,Biasa / Mengikuti Pasar
16:40,AREA,Token Mati (Perlu Update),Small Cap (Lapis 3),Fair Value (Wajar),0.0,2.849388,274.0,280,246,314,2.2388059701492535,945400,Tembus MA20,52,Positif,Downtrend,Bearish,Bearish MACD,Konsolidasi / Transisi,Normal,Akumulasi (Naik),Gap Up (+2.2%),Seimbang / Adu Mekanik,Normal,Tinggi,Doji (Ragu-ragu),Rawan Pucuk (High Risk),< 1 Miliar,Di Bawah VWAP (Lemah),Distribusi Pro (Guyuran),Gorengan Sepi (< 5M),Normal (50-150%),Distribution (Fase Jualan),Normal,Normal,Naik 1 Hari Beruntun,TP: 301 | CL: 255,Normal,Menengah (1:1),Golden Cross (Awal Bullish),Sentimen Positif 📰,Normal / Sedang Transisi,Mendekati Fibo 50.0%,6,WAIT & SEE,TIDAK ADA,2026-08-19 16:40:03,Biasa / Mengikuti Pasar
16:40,MHKI,Token Mati (Perlu Update),Small Cap (Lapis 3),Fair Value (Wajar),20.121029,1.023195,133.0,135,123,148,-0.7462686567164178,985100,Normal,49,Negatif,Downtrend,Bearish,Bearish MACD,Konsolidasi / Transisi,Normal,Akumulasi (Naik),Normal,Seimbang / Adu Mekanik,Normal,Sedang,Normal,Area Tengah,< 1 Miliar,Persis di VWAP,Akumulasi Pro (Smart Money),Gorengan Sepi (< 5M),Sepi (< 50%),Distribution (Fase Jualan),Normal,Normal,Turun 1 Hari Beruntun,TP: 141 | CL: 127,Normal,Ideal (1:2),Netral / Sideways,Sentimen Positif 📰,Normal / Sedang Transisi,Mendekati Fibo 50.0%,2,WAIT & SEE,TIDAK ADA,2026-08-19 16:40:03,Biasa / Mengikuti Pasar
16:40,ATLA,Token Mati (Perlu Update),Small Cap (Lapis 3),Overvalued (Mahal),166.66666,1.8630301,50.0,50,50,56,0.0,784100,Normal,48,Negatif,Downtrend,Bearish,Strong Bearish,Konsolidasi / Transisi,Normal,Netral,Normal,Tidak Ada Transaksi,Squeeze,Rendah,Doji (Ragu-ragu),Dekat Support (Low Risk),< 1 Miliar,Persis di VWAP,Distribusi Pro (Guyuran),Gorengan Sepi (< 5M),Sepi (< 50%),Distribution (Fase Jualan),Spesialis Tiang Jemuran (Banting Pucuk),Normal,Sideways / Stagnan,TP: 50 | CL: 49,Normal,Di Area Support,Oversold (Jenuh Jual - Peluang),Netral / Sepi Berita,Supply Kering (Siap Pump) 🏜️,Golden Rebound Fibo Bottom / 100% 🎯,0,WAIT & SEE,TIDAK ADA,2026-08-19 16:40:03,Biasa / Mengikuti Pasar
16:40,DATA,Token Mati (Perlu Update),Mid Cap (Lapis 2),Overvalued (Mahal),20.969143,6.4039817,1925.0,1966,1800,2150,-1.282051282051282,1036800,Normal,46,Negatif,Downtrend,Bearish,Strong Bearish,Strong Downtrend (5<20<50),Normal,Akumulasi (Naik),Normal,Seimbang / Adu Mekanik,Normal,Sedang,Normal,Area Tengah,> 1 Miliar,Persis di VWAP,Akumulasi Pro (Smart Money),Gorengan Sepi (< 5M),Normal (50-150%),Mark-Down (Fase Runtuh),Normal,Normal,Turun 1 Hari Beruntun,TP: 2028 | CL: 1856,Normal,Ideal (1:2),Golden Cross (Awal Bullish),Netral / Sepi Berita,Normal / Sedang Transisi,Mendekati Fibo 50.0%,1,WAIT & SEE,TIDAK ADA,2026-08-19 16:40:03,Biasa / Mengikuti Pasar
16:40,SOLA,Token Mati (Perlu Update),Small Cap (Lapis 3),Fair Value (Wajar),0.0,1.5745307,90.0,96,87,113,0.0,26032100,Tembus MA20,38,Negatif,Downtrend,Bearish,Strong Bearish,Strong Downtrend (5<20<50),Normal,Distribusi (Turun),Normal,Dominan Jual (Guyur),Normal,Tinggi,Doji (Ragu-ragu),Area Tengah,> 1 Miliar,Persis di VWAP,Distribusi Pro (Guyuran),Gorengan Sepi (< 5M),Normal (50-150%),Mark-Down (Fase Runtuh),Normal,Normal,Sideways / Stagnan,TP: 98 | CL: 84,Normal,Sangat Menarik (> 1:3),Oversold (Jenuh Jual - Peluang),Sentimen Positif 📰,Normal / Sedang Transisi,Mendekati Fibo 78.6%,2,WAIT & SEE,TIDAK ADA,2026-08-19 16:40:03,Biasa / Mengikuti Pasar
16:40,BATR,Token Mati (Perlu Update),Small Cap (Lapis 3),Fair Value (Wajar),0.0,1.8109246,98.0,93,86,103,-1.0101010101010102,1775400,Normal,66,Negatif,Uptrend,Bullish,Strong Bullish,Perfect Uptrend (5>20>50),Normal,Akumulasi (Naik),Normal,Seimbang / Adu Mekanik,Breakout Upper,Sedang,Normal,Rawan Pucuk (High Risk),< 1 Miliar,Persis di VWAP,Akumulasi Pro (Smart Money),Gorengan Sepi (< 5M),Normal (50-150%),Mark-Up (Fase Pesta),Spesialis Tiang Jemuran (Banting Pucuk),Normal,Turun 1 Hari Beruntun,TP: 105 | CL: 93,Open = High (Tekanan Jual),Tidak Ideal (< 1:1),Netral / Sideways,Sentimen Positif 📰,Supply Banjir (Distribusi) 🌊,Dekat Support Fibo 23.6%,6,WAIT & SEE,TIDAK ADA,2026-08-19 16:40:03,Biasa / Mengikuti Pasar
16:40,SPRE,Token Mati (Perlu Update),Small Cap (Lapis 3),Fair Value (Wajar),0.0,1.4581463,91.0,88,77,99,-2.1505376344086025,866800,Normal,56,Negatif,Uptrend,Golden Cross,Bearish MACD,Perfect Uptrend (5>20>50),Normal,Akumulasi (Naik),Normal,Seimbang / Adu Mekanik,Normal,Sedang,Normal,Rawan Pucuk (High Risk),< 1 Miliar,Di Atas VWAP (Kuat),Akumulasi Pro (Smart Money),Gorengan Sepi (< 5M),Normal (50-150%),Mark-Up (Fase Pesta),Normal,Normal,Turun 1 Hari Beruntun,TP: 101 | CL: 83,Normal,Tidak Ideal (< 1:1),Netral / Sideways,Sentimen Positif 📰,Normal / Sedang Transisi,Dekat Support Fibo 23.6%,5,WAIT & SEE,TIDAK ADA,2026-08-19 16:40:03,Biasa / Mengikuti Pasar
16:40,PART,Token Mati (Perlu Update),Small Cap (Lapis 3),Fair Value (Wajar),0.0,1.3925577,98.0,101,95,109,1.0309278350515463,1110300,Normal,43,Positif,Downtrend,Bearish,Strong Bearish,Konsolidasi / Transisi,Normal,Distribusi (Turun),Normal,Dominan Beli (Hajar Kanan),Normal,Sedang,Doji (Ragu-ragu),Area Tengah,< 1 Miliar,Persis di VWAP,Akumulasi Pro (Smart Money),Gorengan Sepi (< 5M),Sepi (< 50%),Distribution (Fase Jualan),Spesialis Tiang Jemuran (Banting Pucuk),Jarum Bawah (Sinyal Pantulan Kuat),Naik 1 Hari Beruntun,TP: 103 | CL: 94,Normal,Sangat Menarik (> 1:3),Golden Cross (Awal Bullish),Sentimen Positif 📰,Normal / Sedang Transisi,Golden Rebound Fibo 38.2% 🎯,3,WAIT & SEE,TIDAK ADA,2026-08-19 16:40:03,Biasa / Mengikuti Pasar
16:40,GOLF,Token Mati (Perlu Update),Mid Cap (Lapis 2),Overvalued (Mahal),58.60806,0.3887477,159.0,161,154,177,0.0,1334000,Normal,43,Negatif,Downtrend,Bearish,Strong Bearish,Strong Downtrend (5<20<50),Normal,Distribusi (Turun),Normal,Seimbang / Adu Mekanik,Normal,Sedang,Doji (Ragu-ragu),Area Tengah,< 1 Miliar,Di Bawah VWAP (Lemah),Distribusi Pro (Guyuran),Gorengan Sepi (< 5M),Sepi (< 50%),Mark-Down (Fase Runtuh),Spesialis Tiang Jemuran (Banting Pucuk),Normal,Sideways / Stagnan,TP: 171 | CL: 150,Normal,Sangat Menarik (> 1:3),Netral / Sideways,Sentimen Negatif ⚠️,Normal / Sedang Transisi,Mendekati Fibo 50.0%,0,WAIT & SEE,TIDAK ADA,2026-08-19 16:40:03,Biasa / Mengikuti Pasar
16:40,ISEA,Token Mati (Perlu Update),Small Cap (Lapis 3),Fair Value (Wajar),0.0,0.6082458,83.0,81,76,96,-3.488372093023256,25308200,Tembus MA20,56,Negatif,Uptrend,Bullish,Bearish MACD,Perfect Uptrend (5>20>50),Normal,Akumulasi (Naik),Normal,Seimbang / Adu Mekanik,Normal,Sedang,Normal,Area Tengah,> 1 Miliar,Di Bawah VWAP (Lemah),Distribusi Pro (Guyuran),Gorengan Sepi (< 5M),Normal (50-150%),Mark-Up (Fase Pesta),Spesialis Tiang Jemuran (Banting Pucuk),Normal,Turun 1 Hari Beruntun,TP: 92 | CL: 76,Open = High (Tekanan Jual),Ideal (1:2),Netral / Sideways,Sentimen Positif 📰,Normal / Sedang Transisi,Mendekati Fibo 38.2%,6,WAIT & SEE,TIDAK ADA,2026-08-19 16:40:03,Biasa / Mengikuti Pasar
16:40,BLES,Token Mati (Perlu Update),Mid Cap (Lapis 2),Fair Value (Wajar),8.536099,1.5213017,214.0,194,147,230,5.9405940594059405,16674500,Normal,70,Positif,Uptrend,Bullish,Bearish MACD,Perfect Uptrend (5>20>50),Normal,Akumulasi (Naik),Normal,Seimbang / Adu Mekanik,Normal,Tinggi,Normal,Rawan Pucuk (High Risk),> 1 Miliar,Di Atas VWAP (Kuat),Distribusi Pro (Guyuran),Gorengan Sepi (< 5M),Normal (50-150%),Mark-Up (Fase Pesta),Normal,Normal,Naik 1 Hari Beruntun,TP: 236 | CL: 199,Normal,Tidak Ideal (< 1:1),Netral / Sideways,Sentimen Positif 📰,Normal / Sedang Transisi,Mendekati Fibo 23.6%,6,WAIT & SEE,TIDAK ADA,2026-08-19 16:40:03,Biasa / Mengikuti Pasar
16:40,GUNA,Token Mati (Perlu Update),Small Cap (Lapis 3),Fair Value (Wajar),0.0,0.87067944,212.0,203,192,236,1.9230769230769231,490500,Tembus MA20,65,Positif,Uptrend,Bullish,Bearish MACD,Perfect Uptrend (5>20>50),Normal,Akumulasi (Naik),Normal,Seimbang / Adu Mekanik,Normal,Sedang,Normal,Rawan Pucuk (High Risk),< 1 Miliar,Di Bawah VWAP (Lemah),Distribusi Pro (Guyuran),Gorengan Sepi (< 5M),Normal (50-150%),Mark-Up (Fase Pesta),Spesialis Tiang Jemuran (Banting Pucuk),Normal,Naik 1 Hari Beruntun,TP: 226 | CL: 202,Normal,Menengah (1:1),Netral / Sideways,Sentimen Positif 📰,Normal / Sedang Transisi,Dekat Support Fibo 23.6%,7,BELI,TIDAK ADA,2026-08-19 16:40:03,Biasa / Mengikuti Pasar
16:40,LABS,Token Mati (Perlu Update),Small Cap (Lapis 3),Overvalued (Mahal),0.0,4.4111714,179.0,157,139,204,-0.5555555555555556,2963700,Tembus MA20,83,Negatif,Uptrend,Bullish,Strong Bullish,Perfect Uptrend (5>20>50),Normal,Akumulasi (Naik),Normal,Dominan Beli (Hajar Kanan),Breakout Upper,Tinggi,Normal,Rawan Pucuk (High Risk),< 1 Miliar,Di Bawah VWAP (Lemah),Distribusi Pro (Guyuran),Gorengan Sepi (< 5M),Normal (50-150%),Mark-Up (Fase Pesta),Normal,Jarum Bawah (Sinyal Pantulan Kuat),Turun 1 Hari Beruntun,TP: 188 | CL: 172,Normal,Tidak Ideal (< 1:1),Death Cross (Awal Bearish),Sentimen Positif 📰,Supply Banjir (Distribusi) 🌊,Golden Rebound Fibo 38.2% 🎯,8,BELI,TIDAK ADA,2026-08-19 16:40:03,Biasa / Mengikuti Pasar
16:40,DOSS,Token Mati (Perlu Update),Small Cap (Lapis 3),Fair Value (Wajar),0.0,1.3252286,168.0,159,133,191,-0.591715976331361,2723100,Normal,62,Negatif,Uptrend,Bullish,Bearish MACD,Perfect Uptrend (5>20>50),Normal,Distribusi (Turun),Normal,Dominan Jual (Guyur),Normal,Tinggi,Normal,Rawan Pucuk (High Risk),< 1 Miliar,Di Bawah VWAP (Lemah),Distribusi Pro (Guyuran),Gorengan Sepi (< 5M),Sepi (< 50%),Mark-Up (Fase Pesta),Spesialis Tiang Jemuran (Banting Pucuk),Normal,Turun 2 Hari Beruntun,TP: 193 | CL: 151,Normal,Tidak Ideal (< 1:1),Death Cross (Awal Bearish),Sentimen Positif 📰,Normal / Sedang Transisi,Mendekati Fibo 38.2%,4,WAIT & SEE,TIDAK ADA,2026-08-19 16:40:03,Biasa / Mengikuti Pasar
16:40,NEST,Token Mati (Perlu Update),Small Cap (Lapis 3),Overvalued (Mahal),115.77181,7.465109,690.0,681,585,775,0.7299270072992701,2148200,Normal,56,Positif,Uptrend,Bullish,Bearish MACD,Perfect Uptrend (5>20>50),Normal,Akumulasi (Naik),Normal,Seimbang / Adu Mekanik,Normal,Tinggi,Normal,Rawan Pucuk (High Risk),> 1 Miliar,Persis di VWAP,Akumulasi Pro (Smart Money),Gorengan Sepi (< 5M),Normal (50-150%),Mark-Up (Fase Pesta),Solid (Jarang Dibanting),Normal,Naik 1 Hari Beruntun,TP: 732 | CL: 661,Open = Low (Bullish Kuat),Tidak Ideal (< 1:1),Netral / Sideways,Sentimen Positif 📰,Normal / Sedang Transisi,Mendekati Fibo 38.2%,6,WAIT & SEE,TIDAK ADA,2026-08-19 16:40:03,Biasa / Mengikuti Pasar
16:40,PTMR,Token Mati (Perlu Update),Small Cap (Lapis 3),Overvalued (Mahal),0.0,9.058322,374.0,374,374,374,0.0,0,Normal,0,Negatif,Downtrend,Bearish,Bearish MACD,Konsolidasi / Transisi,Normal,Netral,Normal,Tidak Ada Transaksi,Squeeze,Rendah,Doji (Ragu-ragu),Dekat Support (Low Risk),< 1 Miliar,Di Atas VWAP (Kuat),Netral,Gorengan Sepi (< 5M),Normal (50-150%),Sideways,Solid (Jarang Dibanting),Normal,Sideways / Stagnan,TP: 375 | CL: 373,Normal,Di Area Support,Oversold (Jenuh Jual - Peluang),Netral / Sepi Berita,Normal / Sedang Transisi,Normal / Sideways,0,WAIT & SEE,TIDAK ADA,2026-08-19 16:40:03,Biasa / Mengikuti Pasar
16:40,VERN,Token Mati (Perlu Update),Mid Cap (Lapis 2),Fair Value (Wajar),0.0,2.08819,230.0,207,193,246,-3.361344537815126,9202500,Normal,68,Negatif,Uptrend,Bullish,Strong Bullish,Perfect Uptrend (5>20>50),Normal,Akumulasi (Naik),Normal,Dominan Jual (Guyur),Normal,Tinggi,Normal,Rawan Pucuk (High Risk),> 1 Miliar,Di Atas VWAP (Kuat),Akumulasi Pro (Smart Money),Gorengan Sepi (< 5M),Normal (50-150%),Mark-Up (Fase Pesta),Normal,Normal,Turun 1 Hari Beruntun,TP: 248 | CL: 217,Normal,Tidak Ideal (< 1:1),Death Cross (Awal Bearish),Netral / Sepi Berita,Supply Banjir (Distribusi) 🌊,Mengambang (Jauh dari Fibo),5,WAIT & SEE,TIDAK ADA,2026-08-19 16:40:03,Biasa / Mengikuti Pasar
16:40,DAAZ,Token Mati (Perlu Update),Mid Cap (Lapis 2),Fair Value (Wajar),12.511854,2.0400345,1740.0,1612,1485,1940,-0.8547008547008548,445200,Normal,60,Negatif,Uptrend,Bullish,Strong Bullish,Awal Reversal (5>20),Normal,Distribusi (Turun),Normal,Seimbang / Adu Mekanik,Normal,Tinggi,Normal,Rawan Pucuk (High Risk),< 1 Miliar,Persis di VWAP,Akumulasi Pro (Smart Money),Gorengan Sepi (< 5M),Normal (50-150%),Accumulation (Kumpul Barang),Spesialis Tiang Jemuran (Banting Pucuk),Normal,Turun 2 Hari Beruntun,TP: 1919 | CL: 1620,Normal,Tidak Ideal (< 1:1),Death Cross (Awal Bearish),Sentimen Positif 📰,Normal / Sedang Transisi,Dekat Support Fibo 50.0%,5,WAIT & SEE,TIDAK ADA,2026-08-19 16:40:03,Biasa / Mengikuti Pasar
16:40,BOAT,Token Mati (Perlu Update),Small Cap (Lapis 3),Overvalued (Mahal),0.0,20142.857,141.0,134,116,157,-0.7042253521126761,2294900,Normal,65,Negatif,Uptrend,Bullish,Strong Bullish,Perfect Uptrend (5>20>50),Normal,Akumulasi (Naik),Normal,Dominan Jual (Guyur),Normal,Tinggi,Normal,Rawan Pucuk (High Risk),< 1 Miliar,Persis di VWAP,Distribusi Pro (Guyuran),Gorengan Sepi (< 5M),Normal (50-150%),Mark-Up (Fase Pesta),Spesialis Tiang Jemuran (Banting Pucuk),Normal,Turun 1 Hari Beruntun,TP: 153 | CL: 132,Normal,Tidak Ideal (< 1:1),Netral / Sideways,Sentimen Positif 📰,Normal / Sedang Transisi,Dekat Support Fibo 23.6%,6,WAIT & SEE,TIDAK ADA,2026-08-19 16:40:03,Biasa / Mengikuti Pasar
16:40,NAIK,Token Mati (Perlu Update),Small Cap (Lapis 3),Undervalued (Murah),9.777778,1.3745489,88.0,87,85,93,-1.1235955056179776,10824100,Tembus MA20,52,Negatif,Uptrend,Bullish,Bearish MACD,Perfect Uptrend (5>20>50),Normal,Distribusi (Turun),Normal,Dominan Jual (Guyur),Squeeze,Rendah,Doji (Ragu-ragu),Area Tengah,< 1 Miliar,Persis di VWAP,Akumulasi Pro (Smart Money),Gorengan Sepi (< 5M),Anomali Tinggi (150-300%),Mark-Up (Fase Pesta),Normal,Normal,Turun 1 Hari Beruntun,TP: 92 | CL: 85,Normal,Ideal (1:2),Netral / Sideways,Netral / Sepi Berita,Normal / Sedang Transisi,Dekat Support Fibo 38.2%,4,WAIT & SEE,TIDAK ADA,2026-08-19 16:40:03,Biasa / Mengikuti Pasar
16:40,AADI,Token Mati (Perlu Update),Big Cap (Lapis 1),Overvalued (Mahal),6.0178127,21860.986,9725.0,9161,8750,9900,0.0,14234600,Tembus MA20,69,Negatif,Uptrend,Bullish,Strong Bullish,Perfect Uptrend (5>20>50),Normal,Akumulasi (Naik),Normal,Seimbang / Adu Mekanik,Breakout Upper,Sedang,Doji (Ragu-ragu),Rawan Pucuk (High Risk),> 1 Miliar,Di Atas VWAP (Kuat),Akumulasi Pro (Smart Money),Sultan (> 50M/hari),Normal (50-150%),Mark-Up (Fase Pesta),Normal,Jarum Bawah (Sinyal Pantulan Kuat),Sideways / Stagnan,TP: 10161 | CL: 9433,Normal,Tidak Ideal (< 1:1),Overbought (Jenuh Beli - Rawan),Netral / Sepi Berita,Normal / Sedang Transisi,Mendekati Fibo 23.6%,6,WAIT & SEE,TIDAK ADA,2026-08-19 16:40:03,Biasa / Mengikuti Pasar
16:40,MDIY,Token Mati (Perlu Update),Big Cap (Lapis 1),Overvalued (Mahal),20.177477,5.5768704,950.0,930,895,1000,-1.0416666666666665,693000,Tembus MA20,59,Negatif,Uptrend,Bullish,Strong Bullish,Perfect Uptrend (5>20>50),Normal,Distribusi (Turun),Normal,Dominan Jual (Guyur),Squeeze,Rendah,Normal,Area Tengah,< 1 Miliar,Persis di VWAP,Distribusi Pro (Guyuran),Gorengan Sepi (< 5M),Anomali Tinggi (150-300%),Mark-Up (Fase Pesta),Normal,Normal,Turun 1 Hari Beruntun,TP: 972 | CL: 935,Normal,Tidak Ideal (< 1:1),Death Cross (Awal Bearish),Sentimen Positif 📰,Normal / Sedang Transisi,Mendekati Fibo 38.2%,6,WAIT & SEE,TIDAK ADA,2026-08-19 16:40:03,Biasa / Mengikuti Pasar
16:40,KSIX,Token Mati (Perlu Update),Small Cap (Lapis 3),Fair Value (Wajar),0.0,0.7062614,412.0,345,270,500,3.0,7135900,Tembus MA20,75,Positif,Uptrend,Bullish,Strong Bullish,Perfect Uptrend (5>20>50),Akumulasi Kuat,Akumulasi (Naik),Normal,Dominan Jual (Guyur),Normal,Tinggi,Normal,Rawan Pucuk (High Risk),> 1 Miliar,Di Bawah VWAP (Lemah),Distribusi Pro (Guyuran),Gorengan Sepi (< 5M),Ledakan Ekstrem (> 300%),Mark-Up (Fase Pesta),Spesialis Tiang Jemuran (Banting Pucuk),Normal,Naik 1 Hari Beruntun,TP: 470 | CL: 373,Open = Low (Bullish Kuat),Tidak Ideal (< 1:1),Death Cross (Awal Bearish),Sentimen Positif 📰,Normal / Sedang Transisi,Dekat Support Fibo 38.2%,9,BELI,TIDAK ADA,2026-08-19 16:40:03,Biasa / Mengikuti Pasar
16:40,RATU,Token Mati (Perlu Update),Big Cap (Lapis 1),Overvalued (Mahal),28.503075,198571.44,4160.0,4898,4110,5300,-5.88235294117647,12256400,Tembus MA20,31,Negatif,Downtrend,Bearish,Strong Bearish,Strong Downtrend (5<20<50),Normal,Distribusi (Turun),Normal,Dominan Jual (Guyur),Normal,Tinggi,Normal,Dekat Support (Low Risk),> 1 Miliar,Di Bawah VWAP (Lemah),Distribusi Pro (Guyuran),Ritel Aktif (5M - 50M),Anomali Tinggi (150-300%),Mark-Down (Fase Runtuh),Spesialis Tiang Jemuran (Banting Pucuk),Normal,Turun 4 Hari Beruntun,TP: 4482 | CL: 3945,Open = High (Tekanan Jual),Sangat Menarik (> 1:3),Oversold (Jenuh Jual - Peluang),Sentimen Negatif ⚠️,Normal / Sedang Transisi,Golden Rebound Fibo 78.6% 🎯,1,WAIT & SEE,TIDAK ADA,2026-08-19 16:40:03,Biasa / Mengikuti Pasar
16:40,YOII,Token Mati (Perlu Update),Small Cap (Lapis 3),Fair Value (Wajar),0.0,1.2970371,83.0,84,80,88,-2.3529411764705883,3083000,Normal,46,Negatif,Downtrend,Bearish,Bullish MACD,Strong Downtrend (5<20<50),Normal,Akumulasi (Naik),Normal,Seimbang / Adu Mekanik,Squeeze,Rendah,Normal,Area Tengah,< 1 Miliar,Persis di VWAP,Akumulasi Pro (Smart Money),Gorengan Sepi (< 5M),Normal (50-150%),Mark-Down (Fase Runtuh),Normal,Normal,Turun 1 Hari Beruntun,TP: 88 | CL: 79,Open = High (Tekanan Jual),Ideal (1:2),Netral / Sideways,Netral / Sepi Berita,Normal / Sedang Transisi,Mendekati Fibo 50.0%,2,WAIT & SEE,TIDAK ADA,2026-08-19 16:40:03,Biasa / Mengikuti Pasar
16:40,HGII,Token Mati (Perlu Update),Small Cap (Lapis 3),Fair Value (Wajar),0.0,1.0575187,123.0,121,118,143,0.819672131147541,1223700,Normal,51,Positif,Uptrend,Golden Cross,Bullish MACD,Awal Reversal (5>20),Normal,Akumulasi (Naik),Normal,Seimbang / Adu Mekanik,Normal,Sedang,Normal,Area Tengah,< 1 Miliar,Persis di VWAP,Distribusi Pro (Guyuran),Gorengan Sepi (< 5M),Sepi (< 50%),Accumulation (Kumpul Barang),Spesialis Tiang Jemuran (Banting Pucuk),Normal,Naik 1 Hari Beruntun,TP: 132 | CL: 116,Normal,Sangat Menarik (> 1:3),Golden Cross (Awal Bullish),Sentimen Positif 📰,Normal / Sedang Transisi,Dekat Support Fibo 61.8% (Golden Ratio),7,BELI,TIDAK ADA,2026-08-19 16:40:03,Biasa / Mengikuti Pasar
16:40,BRRC,Token Mati (Perlu Update),Small Cap (Lapis 3),Fair Value (Wajar),0.0,0.75502384,64.0,59,54,74,-4.477611940298507,43007700,Tembus MA20,59,Negatif,Uptrend,Bullish,Strong Bullish,Perfect Uptrend (5>20>50),Normal,Akumulasi (Naik),Normal,Dominan Jual (Guyur),Normal,Tinggi,Normal,Rawan Pucuk (High Risk),> 1 Miliar,Di Bawah VWAP (Lemah),Distribusi Pro (Guyuran),Ritel Aktif (5M - 50M),Normal (50-150%),Mark-Up (Fase Pesta),Normal,Normal,Turun 1 Hari Beruntun,TP: 70 | CL: 59,Normal,Menengah (1:1),Netral / Sideways,Netral / Sepi Berita,Supply Banjir (Distribusi) 🌊,Mendekati Fibo 50.0%,6,WAIT & SEE,TIDAK ADA,2026-08-19 16:40:03,Biasa / Mengikuti Pasar
16:40,DGWG,Token Mati (Perlu Update),Mid Cap (Lapis 2),Fair Value (Wajar),7.0869565,1.7176065,326.0,302,272,332,0.0,4970500,Normal,67,Negatif,Uptrend,Bullish,Strong Bullish,Perfect Uptrend (5>20>50),Normal,Akumulasi (Naik),Normal,Seimbang / Adu Mekanik,Normal,Tinggi,Doji (Ragu-ragu),Rawan Pucuk (High Risk),> 1 Miliar,Persis di VWAP,Akumulasi Pro (Smart Money),Gorengan Sepi (< 5M),Sepi (< 50%),Mark-Up (Fase Pesta),Normal,Normal,Sideways / Stagnan,TP: 342 | CL: 314,Normal,Tidak Ideal (< 1:1),Overbought (Jenuh Beli - Rawan),Sentimen Positif 📰,Normal / Sedang Transisi,Dekat Support Fibo 23.6%,6,WAIT & SEE,TIDAK ADA,2026-08-19 16:40:03,Biasa / Mengikuti Pasar
16:40,CBDK,Token Mati (Perlu Update),Big Cap (Lapis 1),Fair Value (Wajar),8.454106,2.018792,3790.0,3707,3360,4100,0.5305039787798408,2049800,Normal,56,Positif,Uptrend,Bearish,Bearish MACD,Konsolidasi / Transisi,Normal,Akumulasi (Naik),Normal,Seimbang / Adu Mekanik,Normal,Sedang,Normal,Rawan Pucuk (High Risk),> 1 Miliar,Di Atas VWAP (Kuat),Akumulasi Pro (Smart Money),Ritel Aktif (5M - 50M),Normal (50-150%),Mark-Up (Fase Pesta),Normal,Normal,Naik 3 Hari Beruntun,TP: 4018 | CL: 3637,Normal,Tidak Ideal (< 1:1),Netral / Sideways,Sentimen Positif 📰,Normal / Sedang Transisi,Mendekati Fibo 50.0%,5,WAIT & SEE,TIDAK ADA,2026-08-19 16:40:03,Biasa / Mengikuti Pasar
16:40,OBAT,Token Mati (Perlu Update),Small Cap (Lapis 3),Fair Value (Wajar),0.0,1.1898034,240.0,244,232,260,0.0,223800,Normal,45,Negatif,Downtrend,Bearish,Strong Bearish,Konsolidasi / Transisi,Normal,Akumulasi (Naik),Normal,Dominan Beli (Hajar Kanan),Squeeze,Rendah,Hammer (Potensi Reversal),Area Tengah,< 1 Miliar,Persis di VWAP,Akumulasi Pro (Smart Money),Gorengan Sepi (< 5M),Normal (50-150%),Distribution (Fase Jualan),Normal,Jarum Bawah (Sinyal Pantulan Kuat),Sideways / Stagnan,TP: 251 | CL: 232,Open = High (Tekanan Jual),Ideal (1:2),Golden Cross (Awal Bullish),Sentimen Positif 📰,Normal / Sedang Transisi,Mendekati Fibo 61.8% (Golden Ratio),3,WAIT & SEE,TIDAK ADA,2026-08-19 16:40:03,Biasa / Mengikuti Pasar
16:40,MINE,Token Mati (Perlu Update),Small Cap (Lapis 3),Undervalued (Murah),5.486518,0.98014987,234.0,227,206,258,-0.847457627118644,1714300,Normal,57,Negatif,Uptrend,Bullish,Strong Bullish,Perfect Uptrend (5>20>50),Normal,Akumulasi (Naik),Normal,Seimbang / Adu Mekanik,Normal,Sedang,Doji (Ragu-ragu),Rawan Pucuk (High Risk),< 1 Miliar,Persis di VWAP,Akumulasi Pro (Smart Money),Gorengan Sepi (< 5M),Normal (50-150%),Mark-Up (Fase Pesta),Normal,Jarum Bawah (Sinyal Pantulan Kuat),Turun 1 Hari Beruntun,TP: 251 | CL: 222,Normal,Tidak Ideal (< 1:1),Golden Cross (Awal Bullish),Sentimen Positif 📰,Normal / Sedang Transisi,Golden Rebound Fibo 61.8% (Golden Ratio) 🎯,6,WAIT & SEE,TIDAK ADA,2026-08-19 16:40:03,Biasa / Mengikuti Pasar
16:40,ASPR,Token Mati (Perlu Update),Small Cap (Lapis 3),Fair Value (Wajar),0.0,2.4327178,160.0,151,126,168,0.628930817610063,17060000,Normal,53,Positif,Uptrend,Bullish,Bullish MACD,Awal Reversal (5>20),Normal,Akumulasi (Naik),Normal,Seimbang / Adu Mekanik,Normal,Sedang,Normal,Rawan Pucuk (High Risk),> 1 Miliar,Di Atas VWAP (Kuat),Akumulasi Pro (Smart Money),Ritel Aktif (5M - 50M),Sepi (< 50%),Accumulation (Kumpul Barang),Normal,Normal,Naik 2 Hari Beruntun,TP: 173 | CL: 150,Normal,Tidak Ideal (< 1:1),Netral / Sideways,Netral / Sepi Berita,Normal / Sedang Transisi,Mengambang (Jauh dari Fibo),6,WAIT & SEE,TIDAK ADA,2026-08-19 16:40:03,Biasa / Mengikuti Pasar
16:40,PSAT,Token Mati (Perlu Update),Mid Cap (Lapis 2),Fair Value (Wajar),0.0,1.0040503,890.0,874,815,945,0.0,40300,Normal,60,Negatif,Uptrend,Bullish,Bearish MACD,Perfect Uptrend (5>20>50),Normal,Akumulasi (Naik),Normal,Seimbang / Adu Mekanik,Normal,Sedang,Normal,Area Tengah,< 1 Miliar,Persis di VWAP,Akumulasi Pro (Smart Money),Gorengan Sepi (< 5M),Sepi (< 50%),Mark-Up (Fase Pesta),Normal,Normal,Sideways / Stagnan,TP: 948 | CL: 851,Normal,Tidak Ideal (< 1:1),Death Cross (Awal Bearish),Sentimen Positif 📰,Normal / Sedang Transisi,Dekat Support Fibo 23.6%,5,WAIT & SEE,TIDAK ADA,2026-08-19 16:40:03,Biasa / Mengikuti Pasar
16:40,COIN,Token Mati (Perlu Update),Big Cap (Lapis 1),Overvalued (Mahal),0.0,6.9091687,705.0,699,620,905,-1.3986013986013985,24286000,Tembus MA20,51,Negatif,Uptrend,Golden Cross,Bullish MACD,Awal Reversal (5>20),Normal,Distribusi (Turun),Gap Up (+4.9%),Dominan Jual (Guyur),Normal,Tinggi,Normal,Rawan Pucuk (High Risk),> 1 Miliar,Persis di VWAP,Distribusi Pro (Guyuran),Ritel Aktif (5M - 50M),Anomali Tinggi (150-300%),Accumulation (Kumpul Barang),Normal,Normal,Turun 1 Hari Beruntun,TP: 773 | CL: 659,Normal,Ideal (1:2),Death Cross (Awal Bearish),Netral / Sepi Berita,Normal / Sedang Transisi,Mengambang (Jauh dari Fibo),6,WAIT & SEE,TIDAK ADA,2026-08-19 16:40:03,Biasa / Mengikuti Pasar
16:40,CDIA,Token Mati (Perlu Update),Big Cap (Lapis 1),Overvalued (Mahal),68.94841,86874.99,695.0,686,630,790,-0.7142857142857143,18440200,Normal,53,Negatif,Uptrend,Bullish,Strong Bullish,Perfect Uptrend (5>20>50),Normal,Distribusi (Turun),Normal,Seimbang / Adu Mekanik,Normal,Tinggi,Normal,Rawan Pucuk (High Risk),> 1 Miliar,Di Bawah VWAP (Lemah),Akumulasi Pro (Smart Money),Ritel Aktif (5M - 50M),Sepi (< 50%),Mark-Up (Fase Pesta),Spesialis Tiang Jemuran (Banting Pucuk),Normal,Turun 2 Hari Beruntun,TP: 736 | CL: 667,Open = High (Tekanan Jual),Menengah (1:1),Death Cross (Awal Bearish),Netral / Sepi Berita,Normal / Sedang Transisi,Mengambang (Jauh dari Fibo),4,WAIT & SEE,TIDAK ADA,2026-08-19 16:40:03,Biasa / Mengikuti Pasar
16:40,BLOG,Token Mati (Perlu Update),Mid Cap (Lapis 2),Fair Value (Wajar),8.553515,2.0583339,382.0,371,340,396,0.0,286400,Normal,60,Negatif,Uptrend,Bullish,Strong Bullish,Perfect Uptrend (5>20>50),Normal,Akumulasi (Naik),Normal,Dominan Beli (Hajar Kanan),Normal,Sedang,Doji (Ragu-ragu),Rawan Pucuk (High Risk),< 1 Miliar,Persis di VWAP,Akumulasi Pro (Smart Money),Gorengan Sepi (< 5M),Normal (50-150%),Mark-Up (Fase Pesta),Normal,Jarum Bawah (Sinyal Pantulan Kuat),Sideways / Stagnan,TP: 398 | CL: 371,Normal,Tidak Ideal (< 1:1),Overbought (Jenuh Beli - Rawan),Sentimen Positif 📰,Normal / Sedang Transisi,Golden Rebound Fibo 23.6% 🎯,7,BELI,TIDAK ADA,2026-08-19 16:40:03,Biasa / Mengikuti Pasar
16:40,MERI,Token Mati (Perlu Update),Small Cap (Lapis 3),Fair Value (Wajar),0.0,2.791265,119.0,110,99,140,0.847457627118644,52957400,Tembus MA20,60,Positif,Uptrend,Bullish,Strong Bullish,Perfect Uptrend (5>20>50),Distribusi Kuat,Akumulasi (Naik),Gap Up (+2.5%),Dominan Jual (Guyur),Normal,Tinggi,Doji (Ragu-ragu),Rawan Pucuk (High Risk),> 1 Miliar,Di Bawah VWAP (Lemah),Distribusi Pro (Guyuran),Gorengan Sepi (< 5M),Anomali Tinggi (150-300%),Mark-Up (Fase Pesta),Spesialis Tiang Jemuran (Banting Pucuk),Normal,Naik 1 Hari Beruntun,TP: 135 | CL: 108,Normal,Menengah (1:1),Netral / Sideways,Sentimen Positif 📰,Normal / Sedang Transisi,Mendekati Fibo 50.0%,9,BELI,TIDAK ADA,2026-08-19 16:40:03,Biasa / Mengikuti Pasar
16:40,KAQI,Token Mati (Perlu Update),Small Cap (Lapis 3),Fair Value (Wajar),0.0,1.5719193,97.0,93,86,106,2.1052631578947367,17823000,Normal,58,Positif,Uptrend,Bullish,Strong Bullish,Perfect Uptrend (5>20>50),Normal,Akumulasi (Naik),Gap Up (+2.1%),Seimbang / Adu Mekanik,Normal,Sedang,Doji (Ragu-ragu),Rawan Pucuk (High Risk),> 1 Miliar,Di Atas VWAP (Kuat),Akumulasi Pro (Smart Money),Gorengan Sepi (< 5M),Normal (50-150%),Mark-Up (Fase Pesta),Normal,Jarum Bawah (Sinyal Pantulan Kuat),Naik 3 Hari Beruntun,TP: 104 | CL: 92,Normal,Tidak Ideal (< 1:1),Golden Cross (Awal Bullish),Netral / Sepi Berita,Normal / Sedang Transisi,Golden Rebound Fibo 50.0% 🎯,7,BELI,TIDAK ADA,2026-08-19 16:40:03,Biasa / Mengikuti Pasar
16:40,YUPI,Token Mati (Perlu Update),Big Cap (Lapis 1),Overvalued (Mahal),17.53665,6.2989955,1280.0,1301,1265,1345,-0.38910505836575876,8200,Normal,43,Negatif,Downtrend,Bearish,Bullish MACD,Strong Downtrend (5<20<50),Normal,Distribusi (Turun),Normal,Dominan Jual (Guyur),Squeeze,Rendah,Normal,Dekat Support (Low Risk),< 1 Miliar,Persis di VWAP,Akumulasi Pro (Smart Money),Gorengan Sepi (< 5M),Sepi (< 50%),Mark-Down (Fase Runtuh),Spesialis Tiang Jemuran (Banting Pucuk),Normal,Turun 2 Hari Beruntun,TP: 1316 | CL: 1255,Normal,Sangat Menarik (> 1:3),Netral / Sideways,Sentimen Positif 📰,Supply Kering (Siap Pump) 🏜️,Golden Rebound Fibo 78.6% 🎯,2,WAIT & SEE,TIDAK ADA,2026-08-19 16:40:03,Biasa / Mengikuti Pasar
16:40,FORE,Token Mati (Perlu Update),Mid Cap (Lapis 2),Overvalued (Mahal),69.230774,9.792542,810.0,732,610,875,3.1847133757961785,8476000,Normal,63,Positif,Uptrend,Bullish,Strong Bullish,Perfect Uptrend (5>20>50),Normal,Distribusi (Turun),Normal,Dominan Beli (Hajar Kanan),Normal,Tinggi,Normal,Rawan Pucuk (High Risk),> 1 Miliar,Di Bawah VWAP (Lemah),Distribusi Pro (Guyuran),Ritel Aktif (5M - 50M),Normal (50-150%),Mark-Up (Fase Pesta),Normal,Normal,Naik 1 Hari Beruntun,TP: 879 | CL: 763,Normal,Tidak Ideal (< 1:1),Netral / Sideways,Sentimen Positif 📰,Normal / Sedang Transisi,Dekat Support Fibo 50.0%,7,BELI,TIDAK ADA,2026-08-19 16:40:03,Biasa / Mengikuti Pasar
16:40,MDLA,Token Mati (Perlu Update),Mid Cap (Lapis 2),Undervalued (Murah),7.07483,0.94785005,206.0,209,200,214,-1.9047619047619049,2260500,Tembus MA20,45,Negatif,Downtrend,Death Cross,Bearish MACD,Konsolidasi / Transisi,Distribusi Kuat,Distribusi (Turun),Normal,Seimbang / Adu Mekanik,Squeeze,Rendah,Normal,Dekat Support (Low Risk),< 1 Miliar,Di Bawah VWAP (Lemah),Distribusi Pro (Guyuran),Gorengan Sepi (< 5M),Anomali Tinggi (150-300%),Distribution (Fase Jualan),Normal,Normal,Turun 1 Hari Beruntun,TP: 213 | CL: 201,Normal,Menengah (1:1),Netral / Sideways,Sentimen Positif 📰,Normal / Sedang Transisi,Dekat Support Fibo 38.2%,2,WAIT & SEE,TIDAK ADA,2026-08-19 16:40:03,Biasa / Mengikuti Pasar
16:40,DKHH,Token Mati (Perlu Update),Small Cap (Lapis 3),Fair Value (Wajar),0.0,0.7903284,64.0,63,60,69,0.0,3929000,Normal,54,Negatif,Uptrend,Bullish,Bearish MACD,Perfect Uptrend (5>20>50),Normal,Akumulasi (Naik),Normal,Seimbang / Adu Mekanik,Squeeze,Rendah,Normal,Area Tengah,< 1 Miliar,Persis di VWAP,Akumulasi Pro (Smart Money),Gorengan Sepi (< 5M),Sepi (< 50%),Mark-Up (Fase Pesta),Spesialis Tiang Jemuran (Banting Pucuk),Normal,Sideways / Stagnan,TP: 68 | CL: 61,Open = High (Tekanan Jual),Menengah (1:1),Netral / Sideways,Sentimen Positif 📰,Supply Kering (Siap Pump) 🏜️,Mendekati Fibo 61.8% (Golden Ratio),5,WAIT & SEE,TIDAK ADA,2026-08-19 16:40:03,Biasa / Mengikuti Pasar
16:40,AYLS,Token Mati (Perlu Update),Small Cap (Lapis 3),Overvalued (Mahal),0.0,4.126002,156.0,156,145,190,-0.6369426751592357,728200,Normal,52,Negatif,Downtrend,Bullish,Bearish MACD,Perfect Uptrend (5>20>50),Normal,Akumulasi (Naik),Normal,Seimbang / Adu Mekanik,Normal,Sedang,Normal,Area Tengah,< 1 Miliar,Persis di VWAP,Akumulasi Pro (Smart Money),Gorengan Sepi (< 5M),Normal (50-150%),Sideways,Normal,Normal,Turun 1 Hari Beruntun,TP: 168 | CL: 147,Normal,Sangat Menarik (> 1:3),Netral / Sideways,Sentimen Positif 📰,Normal / Sedang Transisi,Mendekati Fibo 50.0%,4,WAIT & SEE,TIDAK ADA,2026-08-19 16:40:03,Biasa / Mengikuti Pasar
16:40,DADA,Token Mati (Perlu Update),Small Cap (Lapis 3),Undervalued (Murah),14.947683,1.0235415,50.0,50,50,50,0.0,77300,Normal,0,Negatif,Downtrend,Bearish,Bearish MACD,Konsolidasi / Transisi,Normal,Netral,Normal,Tidak Ada Transaksi,Squeeze,Rendah,Doji (Ragu-ragu),Dekat Support (Low Risk),< 1 Miliar,Persis di VWAP,Netral,Gorengan Sepi (< 5M),Sepi (< 50%),Sideways,Solid (Jarang Dibanting),Normal,Sideways / Stagnan,TP: 51 | CL: 49,Normal,Di Area Support,Oversold (Jenuh Jual - Peluang),Sentimen Positif 📰,Supply Kering (Siap Pump) 🏜️,Normal / Sideways,1,WAIT & SEE,TIDAK ADA,2026-08-19 16:40:03,Biasa / Mengikuti Pasar
16:40,ASPI,Token Mati (Perlu Update),Small Cap (Lapis 3),Overvalued (Mahal),0.0,5.431341,386.0,409,358,446,0.0,1440200,Tembus MA20,40,Negatif,Downtrend,Bearish,Strong Bearish,Konsolidasi / Transisi,Normal,Distribusi (Turun),Normal,Dominan Beli (Hajar Kanan),Bottom Rebound,Sedang,Doji (Ragu-ragu),Area Tengah,< 1 Miliar,Di Bawah VWAP (Lemah),Distribusi Pro (Guyuran),Gorengan Sepi (< 5M),Anomali Tinggi (150-300%),Distribution (Fase Jualan),Spesialis Tiang Jemuran (Banting Pucuk),Jarum Bawah (Sinyal Pantulan Kuat),Sideways / Stagnan,TP: 414 | CL: 367,Normal,Ideal (1:2),Golden Cross (Awal Bullish),Sentimen Positif 📰,Normal / Sedang Transisi,Mengambang (Jauh dari Fibo),3,WAIT & SEE,TIDAK ADA,2026-08-19 16:40:03,Biasa / Mengikuti Pasar
16:40,ESTA,Token Mati (Perlu Update),Small Cap (Lapis 3),Fair Value (Wajar),0.0,2.364944,171.0,181,165,200,0.0,200000,Normal,41,Negatif,Downtrend,Bearish,Strong Bearish,Konsolidasi / Transisi,Normal,Akumulasi (Naik),Normal,Dominan Jual (Guyur),Normal,Sedang,Normal,Area Tengah,< 1 Miliar,Di Bawah VWAP (Lemah),Distribusi Pro (Guyuran),Gorengan Sepi (< 5M),Sepi (< 50%),Distribution (Fase Jualan),Spesialis Tiang Jemuran (Banting Pucuk),Normal,Sideways / Stagnan,TP: 185 | CL: 161,Normal,Sangat Menarik (> 1:3),Netral / Sideways,Sentimen Positif 📰,Normal / Sedang Transisi,Mengambang (Jauh dari Fibo),2,WAIT & SEE,TIDAK ADA,2026-08-19 16:40:03,Biasa / Mengikuti Pasar
16:40,BESS,Token Mati (Perlu Update),Mid Cap (Lapis 2),Overvalued (Mahal),282.6087,4.895816,910.0,897,760,965,-1.0869565217391304,462800,Tembus MA20,51,Negatif,Uptrend,Bullish,Bullish MACD,Awal Reversal (5>20),Distribusi Kuat,Distribusi (Turun),Normal,Dominan Beli (Hajar Kanan),Squeeze,Rendah,Hammer (Potensi Reversal),Rawan Pucuk (High Risk),< 1 Miliar,Di Atas VWAP (Kuat),Akumulasi Pro (Smart Money),Gorengan Sepi (< 5M),Ledakan Ekstrem (> 300%),Accumulation (Kumpul Barang),Spesialis Tiang Jemuran (Banting Pucuk),Jarum Bawah (Sinyal Pantulan Kuat),Turun 1 Hari Beruntun,TP: 995 | CL: 853,Open = High (Tekanan Jual),Tidak Ideal (< 1:1),Netral / Sideways,Sentimen Positif 📰,Normal / Sedang Transisi,Mengambang (Jauh dari Fibo),7,BELI,TIDAK ADA,2026-08-19 16:40:03,Biasa / Mengikuti Pasar
16:40,AMAN,Token Mati (Perlu Update),Small Cap (Lapis 3),Fair Value (Wajar),19.96672,1.0939971,240.0,250,232,266,0.0,165200,Normal,36,Negatif,Downtrend,Bearish,Strong Bearish,Strong Downtrend (5<20<50),Normal,Distribusi (Turun),Normal,Dominan Beli (Hajar Kanan),Normal,Sedang,Normal,Area Tengah,< 1 Miliar,Persis di VWAP,Akumulasi Pro (Smart Money),Gorengan Sepi (< 5M),Normal (50-150%),Mark-Down (Fase Runtuh),Normal,Jarum Bawah (Sinyal Pantulan Kuat),Sideways / Stagnan,TP: 253 | CL: 231,Normal,Sangat Menarik (> 1:3),Golden Cross (Awal Bullish),Netral / Sepi Berita,Normal / Sedang Transisi,Golden Rebound Fibo 50.0% 🎯,1,WAIT & SEE,TIDAK ADA,2026-08-19 16:40:03,Biasa / Mengikuti Pasar
16:40,CARE,Token Mati (Perlu Update),Big Cap (Lapis 1),Overvalued (Mahal),2482.353,4.639504,428.0,423,412,434,0.0,29400,Normal,61,Negatif,Uptrend,Bullish,Strong Bullish,Perfect Uptrend (5>20>50),Normal,Akumulasi (Naik),Normal,Seimbang / Adu Mekanik,Squeeze,Rendah,Normal,Area Tengah,< 1 Miliar,Persis di VWAP,Akumulasi Pro (Smart Money),Gorengan Sepi (< 5M),Sepi (< 50%),Mark-Up (Fase Pesta),Normal,Normal,Sideways / Stagnan,TP: 440 | CL: 419,Open = High (Tekanan Jual),Tidak Ideal (< 1:1),Netral / Sideways,Sentimen Negatif ⚠️,Normal / Sedang Transisi,Dekat Support Fibo 38.2%,5,WAIT & SEE,TIDAK ADA,2026-08-19 16:40:03,Biasa / Mengikuti Pasar
16:40,PIPA,Token Mati (Perlu Update),Small Cap (Lapis 3),Overvalued (Mahal),0.0,7.47105,139.0,121,111,167,12.096774193548388,851514200,Tembus MA20,68,Positif,Uptrend,Bullish,Strong Bullish,Perfect Uptrend (5>20>50),Akumulasi Kuat,Akumulasi (Naik),Normal,Seimbang / Adu Mekanik,Breakout Upper,Tinggi,Normal,Rawan Pucuk (High Risk),> 1 Miliar,Persis di VWAP,Distribusi Pro (Guyuran),Ritel Aktif (5M - 50M),Ledakan Ekstrem (> 300%),Mark-Up (Fase Pesta),Normal,Normal,Naik 1 Hari Beruntun,TP: 152 | CL: 130,Normal,Menengah (1:1),Golden Cross (Awal Bullish),Sentimen Positif 📰,Normal / Sedang Transisi,Mengambang (Jauh dari Fibo),9,BELI,TIDAK ADA,2026-08-19 16:40:03,⚠️ Anomali (Sudah Terbang)
16:40,NCKL,Token Mati (Perlu Update),Big Cap (Lapis 1),Undervalued (Murah),5.4659343,1.3280289,925.0,905,830,965,-1.06951871657754,24925300,Normal,57,Negatif,Uptrend,Bullish,Bearish MACD,Perfect Uptrend (5>20>50),Normal,Akumulasi (Naik),Normal,Dominan Jual (Guyur),Normal,Tinggi,Normal,Rawan Pucuk (High Risk),> 1 Miliar,Persis di VWAP,Akumulasi Pro (Smart Money),Ritel Aktif (5M - 50M),Normal (50-150%),Mark-Up (Fase Pesta),Normal,Normal,Turun 1 Hari Beruntun,TP: 974 | CL: 891,Normal,Tidak Ideal (< 1:1),Death Cross (Awal Bearish),Sentimen Positif 📰,Normal / Sedang Transisi,Mendekati Fibo 23.6%,5,WAIT & SEE,TIDAK ADA,2026-08-19 16:40:03,Biasa / Mengikuti Pasar
16:40,MENN,Token Mati (Perlu Update),Small Cap (Lapis 3),Fair Value (Wajar),0.0,1.9389771,53.0,53,53,53,0.0,0,Normal,0,Negatif,Downtrend,Bearish,Bearish MACD,Konsolidasi / Transisi,Normal,Netral,Normal,Tidak Ada Transaksi,Squeeze,Rendah,Doji (Ragu-ragu),Dekat Support (Low Risk),< 1 Miliar,Di Atas VWAP (Kuat),Netral,Gorengan Sepi (< 5M),Normal (50-150%),Sideways,Solid (Jarang Dibanting),Normal,Sideways / Stagnan,TP: 54 | CL: 52,Normal,Di Area Support,Oversold (Jenuh Jual - Peluang),Netral / Sepi Berita,Normal / Sedang Transisi,Normal / Sideways,0,WAIT & SEE,TIDAK ADA,2026-08-19 16:40:03,Biasa / Mengikuti Pasar
16:40,AWAN,Token Mati (Perlu Update),Small Cap (Lapis 3),Overvalued (Mahal),0.0,7.6220946,162.0,157,141,183,-0.6134969325153374,244500,Normal,59,Negatif,Uptrend,Bullish,Strong Bullish,Perfect Uptrend (5>20>50),Normal,Akumulasi (Naik),Normal,Seimbang / Adu Mekanik,Normal,Sedang,Normal,Rawan Pucuk (High Risk),< 1 Miliar,Di Atas VWAP (Kuat),Akumulasi Pro (Smart Money),Gorengan Sepi (< 5M),Sepi (< 50%),Mark-Up (Fase Pesta),Spesialis Tiang Jemuran (Banting Pucuk),Normal,Turun 1 Hari Beruntun,TP: 176 | CL: 152,Normal,Menengah (1:1),Netral / Sideways,Netral / Sepi Berita,Normal / Sedang Transisi,Dekat Support Fibo 38.2%,5,WAIT & SEE,TIDAK ADA,2026-08-19 16:40:03,Biasa / Mengikuti Pasar
16:40,MBMA,Token Mati (Perlu Update),Big Cap (Lapis 1),Overvalued (Mahal),49.758453,34333.336,510.0,521,474,565,-0.9708737864077669,45861300,Normal,48,Negatif,Downtrend,Bullish,Bearish MACD,Perfect Uptrend (5>20>50),Normal,Distribusi (Turun),Normal,Dominan Jual (Guyur),Normal,Tinggi,Normal,Area Tengah,> 1 Miliar,Di Bawah VWAP (Lemah),Distribusi Pro (Guyuran),Ritel Aktif (5M - 50M),Sepi (< 50%),Distribution (Fase Jualan),Spesialis Tiang Jemuran (Banting Pucuk),Normal,Turun 2 Hari Beruntun,TP: 551 | CL: 482,Normal,Ideal (1:2),Netral / Sideways,Netral / Sepi Berita,Normal / Sedang Transisi,Dekat Support Fibo 38.2%,1,WAIT & SEE,TIDAK ADA,2026-08-19 16:40:03,Biasa / Mengikuti Pasar
16:40,RAAM,Token Mati (Perlu Update),Mid Cap (Lapis 2),Fair Value (Wajar),0.0,1.0234792,185.0,200,183,240,-2.1164021164021163,1142500,Normal,35,Negatif,Downtrend,Bearish,Strong Bearish,Strong Downtrend (5<20<50),Normal,Distribusi (Turun),Normal,Dominan Jual (Guyur),Normal,Tinggi,Normal,Dekat Support (Low Risk),< 1 Miliar,Di Bawah VWAP (Lemah),Distribusi Pro (Guyuran),Gorengan Sepi (< 5M),Normal (50-150%),Mark-Down (Fase Runtuh),Normal,Normal,Turun 1 Hari Beruntun,TP: 194 | CL: 178,Open = High (Tekanan Jual),Sangat Menarik (> 1:3),Oversold (Jenuh Jual - Peluang),Netral / Sepi Berita,Normal / Sedang Transisi,Mengambang (Jauh dari Fibo),0,WAIT & SEE,TIDAK ADA,2026-08-19 16:40:03,Biasa / Mengikuti Pasar
16:40,DOOH,Token Mati (Perlu Update),Mid Cap (Lapis 2),Overvalued (Mahal),97.8979,10.144071,326.0,240,142,356,10.884353741496598,741208100,Tembus MA20,76,Positif,Uptrend,Bullish,Strong Bullish,Perfect Uptrend (5>20>50),Akumulasi Kuat,Akumulasi (Naik),Gap Up (+3.4%),Seimbang / Adu Mekanik,Normal,Tinggi,Normal,Rawan Pucuk (High Risk),> 1 Miliar,Di Atas VWAP (Kuat),Akumulasi Pro (Smart Money),Sultan (> 50M/hari),Ledakan Ekstrem (> 300%),Mark-Up (Fase Pesta),Spesialis Tiang Jemuran (Banting Pucuk),Normal,Naik 2 Hari Beruntun,TP: 375 | CL: 293,Normal,Tidak Ideal (< 1:1),Overbought (Jenuh Beli - Rawan),Sentimen Positif 📰,Normal / Sedang Transisi,Mengambang (Jauh dari Fibo),10,BELI,TIDAK ADA,2026-08-19 16:40:03,⚠️ Anomali (Sudah Terbang)
16:40,CGAS,Token Mati (Perlu Update),Small Cap (Lapis 3),Undervalued (Murah),11.535523,0.9973053,151.0,152,147,162,0.0,2157100,Normal,48,Negatif,Downtrend,Bearish,Strong Bearish,Konsolidasi / Transisi,Normal,Distribusi (Turun),Normal,Seimbang / Adu Mekanik,Squeeze,Rendah,Normal,Dekat Support (Low Risk),< 1 Miliar,Persis di VWAP,Distribusi Pro (Guyuran),Gorengan Sepi (< 5M),Normal (50-150%),Distribution (Fase Jualan),Spesialis Tiang Jemuran (Banting Pucuk),Normal,Sideways / Stagnan,TP: 157 | CL: 146,Open = High (Tekanan Jual),Ideal (1:2),Netral / Sideways,Netral / Sepi Berita,Normal / Sedang Transisi,Dekat Support Fibo 61.8% (Golden Ratio),0,WAIT & SEE,TIDAK ADA,2026-08-19 16:40:03,Biasa / Mengikuti Pasar
16:40,NICE,Token Mati (Perlu Update),Mid Cap (Lapis 2),Overvalued (Mahal),0.0,7.572889,260.0,254,240,280,-0.7633587786259541,496800,Normal,52,Negatif,Uptrend,Bullish,Strong Bullish,Awal Reversal (5>20),Normal,Akumulasi (Naik),Normal,Dominan Beli (Hajar Kanan),Normal,Sedang,Hammer (Potensi Reversal),Area Tengah,< 1 Miliar,Di Atas VWAP (Kuat),Akumulasi Pro (Smart Money),Gorengan Sepi (< 5M),Sepi (< 50%),Accumulation (Kumpul Barang),Normal,Jarum Bawah (Sinyal Pantulan Kuat),Turun 1 Hari Beruntun,TP: 276 | CL: 248,Open = High (Tekanan Jual),Menengah (1:1),Netral / Sideways,Sentimen Positif 📰,Normal / Sedang Transisi,Golden Rebound Fibo 61.8% (Golden Ratio) 🎯,7,BELI,TIDAK ADA,2026-08-19 16:40:03,Biasa / Mengikuti Pasar
16:40,MSJA,Token Mati (Perlu Update),Mid Cap (Lapis 2),Overvalued (Mahal),27.380213,31428.57,442.0,413,390,450,0.91324200913242,17622200,Normal,65,Positif,Uptrend,Bullish,Strong Bullish,Perfect Uptrend (5>20>50),Normal,Akumulasi (Naik),Gap Up (+2.3%),Seimbang / Adu Mekanik,Breakout Upper,Sedang,Normal,Rawan Pucuk (High Risk),> 1 Miliar,Di Atas VWAP (Kuat),Akumulasi Pro (Smart Money),Ritel Aktif (5M - 50M),Normal (50-150%),Mark-Up (Fase Pesta),Normal,Normal,Naik 3 Hari Beruntun,TP: 466 | CL: 425,Normal,Tidak Ideal (< 1:1),Overbought (Jenuh Beli - Rawan),Sentimen Positif 📰,Normal / Sedang Transisi,Mendekati Fibo 23.6%,8,BELI,TIDAK ADA,2026-08-19 16:40:03,Biasa / Mengikuti Pasar
16:40,SMLE,Token Mati (Perlu Update),Small Cap (Lapis 3),Overvalued (Mahal),0.0,3.6574967,163.0,162,137,184,-5.232558139534884,22876400,Tembus MA20,56,Negatif,Uptrend,Bullish,Bearish MACD,Perfect Uptrend (5>20>50),Normal,Distribusi (Turun),Gap Down (-2.9%),Dominan Beli (Hajar Kanan),Normal,Tinggi,Hammer (Potensi Reversal),Rawan Pucuk (High Risk),> 1 Miliar,Di Bawah VWAP (Lemah),Akumulasi Pro (Smart Money),Gorengan Sepi (< 5M),Normal (50-150%),Mark-Up (Fase Pesta),Normal,Jarum Bawah (Sinyal Pantulan Kuat),Turun 1 Hari Beruntun,TP: 181 | CL: 151,Open = High (Tekanan Jual),Tidak Ideal (< 1:1),Netral / Sideways,Netral / Sepi Berita,Normal / Sedang Transisi,Mendekati Fibo 23.6%,5,WAIT & SEE,TIDAK ADA,2026-08-19 16:40:03,Biasa / Mengikuti Pasar
16:40,ACRO,Token Mati (Perlu Update),Small Cap (Lapis 3),Fair Value (Wajar),0.0,1.1832061,62.0,61,59,66,-1.5873015873015872,4630800,Normal,53,Negatif,Uptrend,Bullish,Strong Bullish,Perfect Uptrend (5>20>50),Normal,Akumulasi (Naik),Normal,Seimbang / Adu Mekanik,Squeeze,Rendah,Normal,Area Tengah,< 1 Miliar,Di Bawah VWAP (Lemah),Distribusi Pro (Guyuran),Gorengan Sepi (< 5M),Sepi (< 50%),Mark-Up (Fase Pesta),Spesialis Tiang Jemuran (Banting Pucuk),Normal,Turun 1 Hari Beruntun,TP: 65 | CL: 59,Normal,Menengah (1:1),Netral / Sideways,Sentimen Positif 📰,Normal / Sedang Transisi,Mendekati Fibo 50.0%,6,WAIT & SEE,TIDAK ADA,2026-08-19 16:40:03,Biasa / Mengikuti Pasar
16:40,MANG,Token Mati (Perlu Update),Small Cap (Lapis 3),Fair Value (Wajar),0.0,1.1084534,38.0,39,37,45,0.0,1261400,Normal,39,Negatif,Downtrend,Bearish,Strong Bearish,Strong Downtrend (5<20<50),Normal,Netral,Normal,Dominan Beli (Hajar Kanan),Normal,Tinggi,Doji (Ragu-ragu),Dekat Support (Low Risk),< 1 Miliar,Persis di VWAP,Akumulasi Pro (Smart Money),Gorengan Sepi (< 5M),Sepi (< 50%),Mark-Down (Fase Runtuh),Solid (Jarang Dibanting),Jarum Bawah (Sinyal Pantulan Kuat),Sideways / Stagnan,TP: 40 | CL: 36,Normal,Sangat Menarik (> 1:3),Golden Cross (Awal Bullish),Netral / Sepi Berita,Normal / Sedang Transisi,Mendekati Fibo Bottom / 100%,1,WAIT & SEE,TIDAK ADA,2026-08-19 16:40:03,Biasa / Mengikuti Pasar
16:40,WIFI,Token Mati (Perlu Update),Big Cap (Lapis 1),Fair Value (Wajar),20.34198,1.4722365,2060.0,1984,1885,2170,-2.8301886792452833,60103400,Tembus MA20,58,Negatif,Uptrend,Golden Cross,Strong Bullish,Perfect Uptrend (5>20>50),Distribusi Kuat,Akumulasi (Naik),Normal,Seimbang / Adu Mekanik,Normal,Sedang,Normal,Area Tengah,> 1 Miliar,Persis di VWAP,Akumulasi Pro (Smart Money),Sultan (> 50M/hari),Anomali Tinggi (150-300%),Mark-Up (Fase Pesta),Normal,Normal,Turun 1 Hari Beruntun,TP: 2186 | CL: 1975,Normal,Tidak Ideal (< 1:1),Netral / Sideways,Sentimen Negatif ⚠️,Supply Banjir (Distribusi) 🌊,Mendekati Fibo 23.6%,6,WAIT & SEE,TIDAK ADA,2026-08-19 16:40:03,Biasa / Mengikuti Pasar
16:40,FAPA,Token Mati (Perlu Update),Big Cap (Lapis 1),Overvalued (Mahal),20.504211,6.250897,7425.0,7350,7250,7425,0.33783783783783783,300,Normal,63,Positif,Uptrend,Bullish,Strong Bullish,Perfect Uptrend (5>20>50),Normal,Akumulasi (Naik),Normal,Dominan Beli (Hajar Kanan),Squeeze,Rendah,Marubozu (Strong Bullish),Dekat Support (Low Risk),< 1 Miliar,Persis di VWAP,Distribusi Pro (Guyuran),Gorengan Sepi (< 5M),Sepi (< 50%),Mark-Up (Fase Pesta),Normal,Normal,Naik 1 Hari Beruntun,TP: 7470 | CL: 7394,Open = Low (Bullish Kuat),Tidak Ideal (< 1:1),Overbought (Jenuh Beli - Rawan),Sentimen Positif 📰,Supply Kering (Siap Pump) 🏜️,Golden Rebound Fibo 38.2% 🎯,8,BELI,TIDAK ADA,2026-08-19 16:40:03,Biasa / Mengikuti Pasar
16:40,DCII,Token Mati (Perlu Update),Big Cap (Lapis 1),Overvalued (Mahal),434.7849,105.801895,205475.0,196273,182025,207500,-0.25485436893203883,400,Normal,61,Negatif,Uptrend,Bullish,Strong Bullish,Perfect Uptrend (5>20>50),Normal,Distribusi (Turun),Normal,Dominan Jual (Guyur),Normal,Tinggi,Normal,Rawan Pucuk (High Risk),< 1 Miliar,Di Atas VWAP (Kuat),Distribusi Pro (Guyuran),Gorengan Sepi (< 5M),Sepi (< 50%),Mark-Up (Fase Pesta),Normal,Normal,Turun 1 Hari Beruntun,TP: 210931 | CL: 201837,Open = High (Tekanan Jual),Tidak Ideal (< 1:1),Overbought (Jenuh Beli - Rawan),Sentimen Positif 📰,Normal / Sedang Transisi,Mendekati Fibo 23.6%,5,WAIT & SEE,TIDAK ADA,2026-08-19 16:40:03,Biasa / Mengikuti Pasar
16:40,KETR,Token Mati (Perlu Update),Mid Cap (Lapis 2),Fair Value (Wajar),23.781677,1.4122398,610.0,572,530,645,0.8264462809917356,26092000,Tembus MA20,60,Positif,Uptrend,Golden Cross,Strong Bullish,Perfect Uptrend (5>20>50),Normal,Akumulasi (Naik),Normal,Seimbang / Adu Mekanik,Normal,Tinggi,Normal,Rawan Pucuk (High Risk),> 1 Miliar,Di Atas VWAP (Kuat),Akumulasi Pro (Smart Money),Ritel Aktif (5M - 50M),Normal (50-150%),Mark-Up (Fase Pesta),Normal,Normal,Naik 3 Hari Beruntun,TP: 666 | CL: 572,Normal,Tidak Ideal (< 1:1),Netral / Sideways,Netral / Sepi Berita,Normal / Sedang Transisi,Mendekati Fibo 38.2%,7,BELI,TIDAK ADA,2026-08-19 16:40:03,Biasa / Mengikuti Pasar
16:40,DGNS,Token Mati (Perlu Update),Small Cap (Lapis 3),Undervalued (Murah),4.397979,1.3971273,228.0,234,218,252,0.8849557522123894,582700,Tembus MA20,46,Positif,Downtrend,Bearish,Strong Bearish,Konsolidasi / Transisi,Normal,Distribusi (Turun),Normal,Seimbang / Adu Mekanik,Normal,Sedang,Normal,Area Tengah,< 1 Miliar,Persis di VWAP,Akumulasi Pro (Smart Money),Gorengan Sepi (< 5M),Anomali Tinggi (150-300%),Distribution (Fase Jualan),Normal,Normal,Naik 1 Hari Beruntun,TP: 245 | CL: 216,Normal,Ideal (1:2),Golden Cross (Awal Bullish),Sentimen Positif 📰,Normal / Sedang Transisi,Dekat Support Fibo 50.0%,3,WAIT & SEE,TIDAK ADA,2026-08-19 16:40:03,Biasa / Mengikuti Pasar
16:40,UFOE,Token Mati (Perlu Update),Small Cap (Lapis 3),Overvalued (Mahal),26.631659,1.6680764,142.0,138,130,149,-0.6993006993006993,79500,Normal,58,Negatif,Uptrend,Bullish,Strong Bullish,Perfect Uptrend (5>20>50),Normal,Akumulasi (Naik),Normal,Seimbang / Adu Mekanik,Normal,Sedang,Normal,Area Tengah,< 1 Miliar,Persis di VWAP,Akumulasi Pro (Smart Money),Gorengan Sepi (< 5M),Sepi (< 50%),Mark-Up (Fase Pesta),Spesialis Tiang Jemuran (Banting Pucuk),Normal,Turun 2 Hari Beruntun,TP: 150 | CL: 136,Normal,Tidak Ideal (< 1:1),Death Cross (Awal Bearish),Sentimen Positif 📰,Normal / Sedang Transisi,Dekat Support Fibo 61.8% (Golden Ratio),6,WAIT & SEE,TIDAK ADA,2026-08-19 16:40:03,Biasa / Mengikuti Pasar
16:40,CHEK,Token Mati (Perlu Update),Small Cap (Lapis 3),Fair Value (Wajar),0.0,2.7274537,136.0,132,128,142,0.0,520500,Normal,60,Negatif,Uptrend,Bullish,Bearish MACD,Perfect Uptrend (5>20>50),Normal,Akumulasi (Naik),Normal,Seimbang / Adu Mekanik,Squeeze,Rendah,Doji (Ragu-ragu),Area Tengah,< 1 Miliar,Persis di VWAP,Distribusi Pro (Guyuran),Gorengan Sepi (< 5M),Normal (50-150%),Mark-Up (Fase Pesta),Normal,Normal,Sideways / Stagnan,TP: 141 | CL: 132,Normal,Tidak Ideal (< 1:1),Death Cross (Awal Bearish),Netral / Sepi Berita,Normal / Sedang Transisi,Mendekati Fibo 50.0%,4,WAIT & SEE,TIDAK ADA,2026-08-19 16:40:03,Biasa / Mengikuti Pasar
16:40,PMUI,Token Mati (Perlu Update),Small Cap (Lapis 3),Fair Value (Wajar),0.0,1.378011,97.0,92,82,111,-2.0202020202020203,3745400,Normal,61,Negatif,Uptrend,Bullish,Bearish MACD,Perfect Uptrend (5>20>50),Normal,Distribusi (Turun),Normal,Dominan Jual (Guyur),Normal,Tinggi,Normal,Rawan Pucuk (High Risk),< 1 Miliar,Di Bawah VWAP (Lemah),Distribusi Pro (Guyuran),Gorengan Sepi (< 5M),Normal (50-150%),Mark-Up (Fase Pesta),Spesialis Tiang Jemuran (Banting Pucuk),Normal,Turun 1 Hari Beruntun,TP: 108 | CL: 89,Normal,Tidak Ideal (< 1:1),Death Cross (Awal Bearish),Sentimen Positif 📰,Normal / Sedang Transisi,Mendekati Fibo 38.2%,4,WAIT & SEE,TIDAK ADA,2026-08-19 16:40:03,Biasa / Mengikuti Pasar
16:40,EMAS,Token Mati (Perlu Update),Big Cap (Lapis 1),Overvalued (Mahal),0.0,305000.0,7625.0,6951,5725,8000,-2.2435897435897436,7895900,Normal,69,Negatif,Uptrend,Bullish,Strong Bullish,Perfect Uptrend (5>20>50),Normal,Akumulasi (Naik),Normal,Seimbang / Adu Mekanik,Normal,Tinggi,Normal,Rawan Pucuk (High Risk),> 1 Miliar,Persis di VWAP,Akumulasi Pro (Smart Money),Sultan (> 50M/hari),Sepi (< 50%),Mark-Up (Fase Pesta),Spesialis Tiang Jemuran (Banting Pucuk),Normal,Turun 1 Hari Beruntun,TP: 8104 | CL: 7305,Open = High (Tekanan Jual),Tidak Ideal (< 1:1),Death Cross (Awal Bearish),Netral / Sepi Berita,Normal / Sedang Transisi,Mendekati Fibo 23.6%,5,WAIT & SEE,TIDAK ADA,2026-08-19 16:40:03,Biasa / Mengikuti Pasar
16:40,PJHB,Token Mati (Perlu Update),Small Cap (Lapis 3),Fair Value (Wajar),0.0,0.7677661,175.0,171,161,190,0.5747126436781609,3811400,Tembus MA20,56,Positif,Uptrend,Bullish,Strong Bullish,Perfect Uptrend (5>20>50),Normal,Akumulasi (Naik),Normal,Seimbang / Adu Mekanik,Normal,Sedang,Normal,Area Tengah,< 1 Miliar,Persis di VWAP,Akumulasi Pro (Smart Money),Gorengan Sepi (< 5M),Anomali Tinggi (150-300%),Mark-Up (Fase Pesta),Spesialis Tiang Jemuran (Banting Pucuk),Normal,Naik 3 Hari Beruntun,TP: 184 | CL: 168,Normal,Menengah (1:1),Netral / Sideways,Sentimen Positif 📰,Normal / Sedang Transisi,Dekat Support Fibo 50.0%,8,BELI,TIDAK ADA,2026-08-19 16:40:03,Biasa / Mengikuti Pasar
16:40,RLCO,Token Mati (Perlu Update),Big Cap (Lapis 1),Overvalued (Mahal),317.63025,42.786407,4450.0,4808,3650,5675,-1.5486725663716814,267900,Normal,51,Negatif,Downtrend,Bearish,Bearish MACD,Konsolidasi / Transisi,Normal,Akumulasi (Naik),Normal,Dominan Jual (Guyur),Normal,Tinggi,Normal,Rawan Pucuk (High Risk),> 1 Miliar,Di Bawah VWAP (Lemah),Distribusi Pro (Guyuran),Gorengan Sepi (< 5M),Sepi (< 50%),Distribution (Fase Jualan),Normal,Normal,Turun 1 Hari Beruntun,TP: 4818 | CL: 4204,Normal,Ideal (1:2),Oversold (Jenuh Jual - Peluang),Netral / Sepi Berita,Normal / Sedang Transisi,Mendekati Fibo 38.2%,2,WAIT & SEE,TIDAK ADA,2026-08-19 16:40:03,Biasa / Mengikuti Pasar
16:40,SUPA,Token Mati (Perlu Update),Big Cap (Lapis 1),Overvalued (Mahal),68.652855,2.2170815,530.0,583,515,625,0.9523809523809524,10746300,Normal,31,Positif,Downtrend,Bearish,Strong Bearish,Konsolidasi / Transisi,Normal,Distribusi (Turun),Normal,Dominan Beli (Hajar Kanan),Bottom Rebound,Tinggi,Normal,Dekat Support (Low Risk),> 1 Miliar,Di Bawah VWAP (Lemah),Distribusi Pro (Guyuran),Ritel Aktif (5M - 50M),Sepi (< 50%),Distribution (Fase Jualan),Solid (Jarang Dibanting),Normal,Naik 1 Hari Beruntun,TP: 563 | CL: 507,Normal,Sangat Menarik (> 1:3),Oversold (Jenuh Jual - Peluang),Netral / Sepi Berita,Normal / Sedang Transisi,Mengambang (Jauh dari Fibo),2,WAIT & SEE,TIDAK ADA,2026-08-19 16:40:03,Biasa / Mengikuti Pasar
16:40,WBSA,Token Mati (Perlu Update),Mid Cap (Lapis 2),Overvalued (Mahal),0.0,12.05579,655.0,636,580,695,1.550387596899225,7410900,Normal,52,Positif,Uptrend,Bullish,Bullish MACD,Awal Reversal (5>20),Normal,Akumulasi (Naik),Normal,Dominan Beli (Hajar Kanan),Normal,Tinggi,Normal,Rawan Pucuk (High Risk),> 1 Miliar,Di Atas VWAP (Kuat),Akumulasi Pro (Smart Money),Ritel Aktif (5M - 50M),Normal (50-150%),Accumulation (Kumpul Barang),Normal,Normal,Naik 2 Hari Beruntun,TP: 700 | CL: 625,Normal,Tidak Ideal (< 1:1),Netral / Sideways,Sentimen Positif 📰,Normal / Sedang Transisi,Mengambang (Jauh dari Fibo),8,BELI,TIDAK ADA,2026-08-19 16:40:03,Biasa / Mengikuti Pasar
16:40,WMPP,Token Mati (Perlu Update),Mid Cap (Lapis 2),Overvalued (Mahal),26.618706,4.274492,37.0,29,19,41,-2.631578947368421,16332100,Normal,67,Negatif,Uptrend,Bullish,Strong Bullish,Perfect Uptrend (5>20>50),Normal,Akumulasi (Naik),Gap Down (-5.3%),Dominan Beli (Hajar Kanan),Normal,Tinggi,Marubozu (Strong Bullish),Rawan Pucuk (High Risk),< 1 Miliar,Di Bawah VWAP (Lemah),Akumulasi Pro (Smart Money),Gorengan Sepi (< 5M),Sepi (< 50%),Mark-Up (Fase Pesta),Normal,Normal,Turun 3 Hari Beruntun,TP: 40 | CL: 34,Open = Low (Bullish Kuat),Tidak Ideal (< 1:1),Death Cross (Awal Bearish),Netral / Sepi Berita,Normal / Sedang Transisi,Mengambang (Jauh dari Fibo),6,WAIT & SEE,TIDAK ADA,2026-08-19 16:40:03,Biasa / Mengikuti Pasar
16:40,RMKE,Token Mati (Perlu Update),Mid Cap (Lapis 2),Overvalued (Mahal),29.979467,4.9418936,438.0,411,388,446,5.797101449275362,212594700,Tembus MA20,56,Positif,Uptrend,Bearish,Bullish MACD,Strong Downtrend (5<20<50),Akumulasi Kuat,Akumulasi (Naik),Normal,Dominan Beli (Hajar Kanan),Breakout Upper,Sedang,Normal,Rawan Pucuk (High Risk),> 1 Miliar,Di Atas VWAP (Kuat),Akumulasi Pro (Smart Money),Ritel Aktif (5M - 50M),Anomali Tinggi (150-300%),Accumulation (Kumpul Barang),Normal,Normal,Naik 3 Hari Beruntun,TP: 464 | CL: 420,Normal,Tidak Ideal (< 1:1),Netral / Sideways,Netral / Sepi Berita,Normal / Sedang Transisi,Mendekati Fibo 78.6%,8,BELI,TIDAK ADA,2026-08-19 16:40:03,Biasa / Mengikuti Pasar
16:40,OBMD,Token Mati (Perlu Update),Small Cap (Lapis 3),Fair Value (Wajar),0.0,0.7424161,194.0,193,170,220,0.5181347150259068,746500,Normal,54,Positif,Uptrend,Bearish,Bearish MACD,Konsolidasi / Transisi,Normal,Akumulasi (Naik),Normal,Seimbang / Adu Mekanik,Normal,Tinggi,Doji (Ragu-ragu),Rawan Pucuk (High Risk),< 1 Miliar,Di Atas VWAP (Kuat),Akumulasi Pro (Smart Money),Gorengan Sepi (< 5M),Normal (50-150%),Mark-Up (Fase Pesta),Normal,Normal,Naik 2 Hari Beruntun,TP: 211 | CL: 182,Normal,Menengah (1:1),Netral / Sideways,Sentimen Negatif ⚠️,Normal / Sedang Transisi,Mendekati Fibo 61.8% (Golden Ratio),4,WAIT & SEE,TIDAK ADA,2026-08-19 16:40:03,Biasa / Mengikuti Pasar
16:40,AVIA,Token Mati (Perlu Update),Big Cap (Lapis 1),Fair Value (Wajar),11.706349,2.1115673,352.0,329,310,364,2.3255813953488373,43281900,Tembus MA20,71,Positif,Uptrend,Bullish,Strong Bullish,Perfect Uptrend (5>20>50),Akumulasi Kuat,Akumulasi (Naik),Normal,Seimbang / Adu Mekanik,Breakout Upper,Sedang,Normal,Rawan Pucuk (High Risk),> 1 Miliar,Di Atas VWAP (Kuat),Akumulasi Pro (Smart Money),Ritel Aktif (5M - 50M),Ledakan Ekstrem (> 300%),Mark-Up (Fase Pesta),Normal,Normal,Naik 6 Hari Beruntun,TP: 364 | CL: 343,Open = Low (Bullish Kuat),Tidak Ideal (< 1:1),Death Cross (Awal Bearish),Sentimen Positif 📰,Normal / Sedang Transisi,Dekat Support Fibo 23.6%,9,BELI,TIDAK ADA,2026-08-19 16:40:03,Biasa / Mengikuti Pasar
16:40,IPPE,Token Mati (Perlu Update),Small Cap (Lapis 3),Fair Value (Wajar),16.548464,0.22426194,14.0,14,14,14,0.0,0,Normal,0,Negatif,Downtrend,Bearish,Bearish MACD,Konsolidasi / Transisi,Normal,Netral,Normal,Tidak Ada Transaksi,Squeeze,Rendah,Doji (Ragu-ragu),Dekat Support (Low Risk),< 1 Miliar,Di Atas VWAP (Kuat),Netral,Gorengan Sepi (< 5M),Normal (50-150%),Sideways,Solid (Jarang Dibanting),Normal,Sideways / Stagnan,TP: 15 | CL: 13,Normal,Di Area Support,Oversold (Jenuh Jual - Peluang),Netral / Sepi Berita,Normal / Sedang Transisi,Normal / Sideways,0,WAIT & SEE,TIDAK ADA,2026-08-19 16:40:03,Biasa / Mengikuti Pasar
16:40,NASI,Token Mati (Perlu Update),Small Cap (Lapis 3),Overvalued (Mahal),26.226902,1.8880608,132.0,130,119,144,-0.7518796992481203,444800,Normal,57,Negatif,Uptrend,Bullish,Bearish MACD,Perfect Uptrend (5>20>50),Normal,Distribusi (Turun),Normal,Dominan Jual (Guyur),Normal,Tinggi,Normal,Rawan Pucuk (High Risk),< 1 Miliar,Persis di VWAP,Distribusi Pro (Guyuran),Gorengan Sepi (< 5M),Sepi (< 50%),Mark-Up (Fase Pesta),Spesialis Tiang Jemuran (Banting Pucuk),Normal,Turun 1 Hari Beruntun,TP: 141 | CL: 125,Normal,Tidak Ideal (< 1:1),Netral / Sideways,Sentimen Negatif ⚠️,Normal / Sedang Transisi,Mendekati Fibo 38.2%,3,WAIT & SEE,TIDAK ADA,2026-08-19 16:40:03,Biasa / Mengikuti Pasar
16:40,BSML,Token Mati (Perlu Update),Small Cap (Lapis 3),Overvalued (Mahal),156.01332,7.1766,515.0,517,505,545,-0.9615384615384616,12951300,Normal,51,Negatif,Downtrend,Bullish,Bearish MACD,Perfect Uptrend (5>20>50),Normal,Distribusi (Turun),Normal,Seimbang / Adu Mekanik,Squeeze,Rendah,Doji (Ragu-ragu),Dekat Support (Low Risk),> 1 Miliar,Di Bawah VWAP (Lemah),Akumulasi Pro (Smart Money),Ritel Aktif (5M - 50M),Normal (50-150%),Distribution (Fase Jualan),Normal,Normal,Turun 1 Hari Beruntun,TP: 540 | CL: 498,Normal,Sangat Menarik (> 1:3),Netral / Sideways,Sentimen Positif 📰,Normal / Sedang Transisi,Mendekati Fibo 23.6%,3,WAIT & SEE,TIDAK ADA,2026-08-19 16:40:03,Biasa / Mengikuti Pasar
16:40,DRMA,Token Mati (Perlu Update),Mid Cap (Lapis 2),Fair Value (Wajar),6.792376,1.7328035,1000.0,954,900,1005,0.5025125628140703,1058500,Tembus MA20,75,Positif,Uptrend,Bullish,Strong Bullish,Perfect Uptrend (5>20>50),Normal,Akumulasi (Naik),Normal,Seimbang / Adu Mekanik,Normal,Sedang,Normal,Rawan Pucuk (High Risk),> 1 Miliar,Di Atas VWAP (Kuat),Akumulasi Pro (Smart Money),Gorengan Sepi (< 5M),Normal (50-150%),Mark-Up (Fase Pesta),Spesialis Tiang Jemuran (Banting Pucuk),Normal,Naik 3 Hari Beruntun,TP: 1023 | CL: 984,Open = Low (Bullish Kuat),Tidak Ideal (< 1:1),Overbought (Jenuh Beli - Rawan),Sentimen Positif 📰,Normal / Sedang Transisi,Mendekati Fibo 23.6%,8,BELI,TIDAK ADA,2026-08-19 16:40:03,Biasa / Mengikuti Pasar
16:40,ADMF,Token Mati (Perlu Update),Big Cap (Lapis 1),Undervalued (Murah),5.7503448,0.6834599,8625.0,8541,8125,8875,-0.5763688760806917,18700,Normal,58,Negatif,Uptrend,Bullish,Bearish MACD,Perfect Uptrend (5>20>50),Normal,Akumulasi (Naik),Normal,Seimbang / Adu Mekanik,Normal,Sedang,Normal,Area Tengah,< 1 Miliar,Persis di VWAP,Akumulasi Pro (Smart Money),Gorengan Sepi (< 5M),Sepi (< 50%),Mark-Up (Fase Pesta),Spesialis Tiang Jemuran (Banting Pucuk),Normal,Turun 2 Hari Beruntun,TP: 8876 | CL: 8457,Open = High (Tekanan Jual),Tidak Ideal (< 1:1),Death Cross (Awal Bearish),Sentimen Positif 📰,Normal / Sedang Transisi,Dekat Support Fibo 23.6%,5,WAIT & SEE,TIDAK ADA,2026-08-19 16:40:03,Biasa / Mengikuti Pasar
16:40,ADMG,Token Mati (Perlu Update),Small Cap (Lapis 3),Overvalued (Mahal),17.655172,8533.334,258.0,235,204,276,0.0,570100,Normal,71,Negatif,Uptrend,Bullish,Strong Bullish,Perfect Uptrend (5>20>50),Normal,Akumulasi (Naik),Normal,Dominan Jual (Guyur),Normal,Tinggi,Normal,Rawan Pucuk (High Risk),< 1 Miliar,Persis di VWAP,Distribusi Pro (Guyuran),Gorengan Sepi (< 5M),Sepi (< 50%),Mark-Up (Fase Pesta),Normal,Normal,Sideways / Stagnan,TP: 279 | CL: 243,Normal,Tidak Ideal (< 1:1),Death Cross (Awal Bearish),Netral / Sepi Berita,Normal / Sedang Transisi,Dekat Support Fibo 23.6%,5,WAIT & SEE,TIDAK ADA,2026-08-19 16:40:03,Biasa / Mengikuti Pasar
16:40,ADRO,Token Mati (Perlu Update),Big Cap (Lapis 1),Overvalued (Mahal),8.298213,14941.177,2560.0,2517,2390,2590,-0.38910505836575876,26141400,Normal,58,Negatif,Uptrend,Bullish,Bearish MACD,Perfect Uptrend (5>20>50),Normal,Distribusi (Turun),Normal,Seimbang / Adu Mekanik,Squeeze,Rendah,Normal,Area Tengah,> 1 Miliar,Di Atas VWAP (Kuat),Akumulasi Pro (Smart Money),Sultan (> 50M/hari),Normal (50-150%),Mark-Up (Fase Pesta),Normal,Normal,Turun 1 Hari Beruntun,TP: 2646 | CL: 2502,Normal,Tidak Ideal (< 1:1),Overbought (Jenuh Beli - Rawan),Sentimen Positif 📰,Normal / Sedang Transisi,Mendekati Fibo 23.6%,4,WAIT & SEE,TIDAK ADA,2026-08-19 16:40:03,Biasa / Mengikuti Pasar
16:40,AGII,Token Mati (Perlu Update),Mid Cap (Lapis 2),Overvalued (Mahal),88.48485,2.3651097,2920.0,2932,2760,3220,0.0,20100,Normal,50,Negatif,Downtrend,Bearish,Bearish MACD,Konsolidasi / Transisi,Normal,Akumulasi (Naik),Normal,Seimbang / Adu Mekanik,Normal,Sedang,Normal,Area Tengah,< 1 Miliar,Persis di VWAP,Akumulasi Pro (Smart Money),Gorengan Sepi (< 5M),Sepi (< 50%),Distribution (Fase Jualan),Normal,Normal,Sideways / Stagnan,TP: 3072 | CL: 2818,Normal,Ideal (1:2),Netral / Sideways,Sentimen Positif 📰,Supply Kering (Siap Pump) 🏜️,Mendekati Fibo 61.8% (Golden Ratio),2,WAIT & SEE,TIDAK ADA,2026-08-19 16:40:03,Biasa / Mengikuti Pasar
16:40,AGRO,Token Mati (Perlu Update),Mid Cap (Lapis 2),Fair Value (Wajar),0.0,1.2690463,150.0,147,141,156,-0.6622516556291391,2255400,Normal,54,Negatif,Uptrend,Bullish,Strong Bullish,Perfect Uptrend (5>20>50),Normal,Distribusi (Turun),Normal,Seimbang / Adu Mekanik,Normal,Sedang,Normal,Area Tengah,< 1 Miliar,Persis di VWAP,Akumulasi Pro (Smart Money),Gorengan Sepi (< 5M),Normal (50-150%),Mark-Up (Fase Pesta),Normal,Normal,Turun 1 Hari Beruntun,TP: 155 | CL: 146,Normal,Tidak Ideal (< 1:1),Netral / Sideways,Netral / Sepi Berita,Normal / Sedang Transisi,Dekat Support Fibo 50.0%,4,WAIT & SEE,TIDAK ADA,2026-08-19 16:40:03,Biasa / Mengikuti Pasar
16:40,AGRS,Token Mati (Perlu Update),Mid Cap (Lapis 2),Undervalued (Murah),11.012433,0.5013261,62.0,61,59,67,1.639344262295082,2095300,Normal,54,Positif,Uptrend,Bearish,Bullish MACD,Konsolidasi / Transisi,Normal,Akumulasi (Naik),Normal,Dominan Beli (Hajar Kanan),Squeeze,Rendah,Normal,Area Tengah,< 1 Miliar,Di Atas VWAP (Kuat),Distribusi Pro (Guyuran),Gorengan Sepi (< 5M),Normal (50-150%),Mark-Up (Fase Pesta),Normal,Normal,Naik 2 Hari Beruntun,TP: 65 | CL: 59,Normal,Ideal (1:2),Golden Cross (Awal Bullish),Sentimen Positif 📰,Normal / Sedang Transisi,Dekat Support Fibo 38.2%,7,BELI,TIDAK ADA,2026-08-19 16:40:03,Biasa / Mengikuti Pasar
16:40,AHAP,Token Mati (Perlu Update),Small Cap (Lapis 3),Fair Value (Wajar),0.0,2.9857538,106.0,95,88,110,-1.8518518518518516,31794800,Tembus MA20,67,Negatif,Uptrend,Bullish,Strong Bullish,Perfect Uptrend (5>20>50),Normal,Akumulasi (Naik),Normal,Seimbang / Adu Mekanik,Breakout Upper,Tinggi,Normal,Rawan Pucuk (High Risk),> 1 Miliar,Di Atas VWAP (Kuat),Akumulasi Pro (Smart Money),Gorengan Sepi (< 5M),Normal (50-150%),Mark-Up (Fase Pesta),Normal,Normal,Turun 1 Hari Beruntun,TP: 113 | CL: 101,Normal,Tidak Ideal (< 1:1),Overbought (Jenuh Beli - Rawan),Netral / Sepi Berita,Supply Banjir (Distribusi) 🌊,Mendekati Fibo 23.6%,6,WAIT & SEE,TIDAK ADA,2026-08-19 16:40:03,Biasa / Mengikuti Pasar
16:40,AIMS,Token Mati (Perlu Update),Small Cap (Lapis 3),Overvalued (Mahal),20.908165,301.15833,390.0,385,332,440,0.5154639175257731,420500,Normal,50,Positif,Uptrend,Bullish,Bullish MACD,Awal Reversal (5>20),Normal,Akumulasi (Naik),Normal,Dominan Beli (Hajar Kanan),Normal,Sedang,Normal,Rawan Pucuk (High Risk),< 1 Miliar,Persis di VWAP,Distribusi Pro (Guyuran),Gorengan Sepi (< 5M),Normal (50-150%),Accumulation (Kumpul Barang),Spesialis Tiang Jemuran (Banting Pucuk),Jarum Bawah (Sinyal Pantulan Kuat),Naik 3 Hari Beruntun,TP: 418 | CL: 370,Normal,Tidak Ideal (< 1:1),Golden Cross (Awal Bullish),Netral / Sepi Berita,Normal / Sedang Transisi,Golden Rebound Fibo 50.0% 🎯,6,WAIT & SEE,TIDAK ADA,2026-08-19 16:40:03,Biasa / Mengikuti Pasar
16:40,PNSE,Token Mati (Perlu Update),Small Cap (Lapis 3),Overvalued (Mahal),0.0,3.3241072,490.0,490,466,550,0.4098360655737705,700,Normal,46,Positif,Downtrend,Bearish,Bullish MACD,Strong Downtrend (5<20<50),Normal,Akumulasi (Naik),Normal,Seimbang / Adu Mekanik,Squeeze,Rendah,Normal,Area Tengah,< 1 Miliar,Persis di VWAP,Distribusi Pro (Guyuran),Gorengan Sepi (< 5M),Sepi (< 50%),Mark-Down (Fase Runtuh),Spesialis Tiang Jemuran (Banting Pucuk),Normal,Naik 1 Hari Beruntun,TP: 518 | CL: 470,Open = High (Tekanan Jual),Ideal (1:2),Netral / Sideways,Netral / Sepi Berita,Supply Kering (Siap Pump) 🏜️,Mengambang (Jauh dari Fibo),3,WAIT & SEE,TIDAK ADA,2026-08-19 16:40:03,Biasa / Mengikuti Pasar
16:40,POLY,Token Mati (Perlu Update),Small Cap (Lapis 3),Overvalued (Mahal),31999.998,-78.23961,32.0,32,32,32,0.0,0,Normal,0,Negatif,Downtrend,Bearish,Bearish MACD,Konsolidasi / Transisi,Normal,Netral,Normal,Tidak Ada Transaksi,Squeeze,Rendah,Doji (Ragu-ragu),Dekat Support (Low Risk),< 1 Miliar,Di Atas VWAP (Kuat),Netral,Gorengan Sepi (< 5M),Normal (50-150%),Sideways,Solid (Jarang Dibanting),Normal,Sideways / Stagnan,TP: 33 | CL: 31,Normal,Di Area Support,Oversold (Jenuh Jual - Peluang),Netral / Sepi Berita,Normal / Sedang Transisi,Normal / Sideways,0,WAIT & SEE,TIDAK ADA,2026-08-19 16:40:03,Biasa / Mengikuti Pasar
16:40,PPRO,Token Mati (Perlu Update),Mid Cap (Lapis 2),Fair Value (Wajar),0.0,-0.24590994,17.0,16,15,18,-5.555555555555555,22078600,Tembus MA20,51,Negatif,Uptrend,Bullish,Strong Bullish,Perfect Uptrend (5>20>50),Normal,Distribusi (Turun),Gap Down (-5.6%),Tidak Ada Transaksi,Normal,Tinggi,Doji (Ragu-ragu),Rawan Pucuk (High Risk),< 1 Miliar,Persis di VWAP,Akumulasi Pro (Smart Money),Gorengan Sepi (< 5M),Normal (50-150%),Mark-Up (Fase Pesta),Solid (Jarang Dibanting),Normal,Turun 1 Hari Beruntun,TP: 18 | CL: 16,Normal,Tidak Ideal (< 1:1),Death Cross (Awal Bearish),Netral / Sepi Berita,Normal / Sedang Transisi,Mendekati Fibo 38.2%,5,WAIT & SEE,TIDAK ADA,2026-08-19 16:40:03,Biasa / Mengikuti Pasar
